version,3.0
numOfCh,1
type,point
parent_name,c1204_0dot069-1dot0
ch_type,1_1
kcount,1
numberNandB,1
brightnessNandB,1
carpet pos,0
pc,0
Time (ms),CH1 Auto-Correlation
1.0,0.07552219927310944
2.0,0.07465691864490509
3.0,0.07390593737363815
4.0,0.0731850191950798
5.0,0.07257711887359619
6.0,0.07203470170497894
7.0,0.071464404463768
8.0,0.07089860737323761
9.0,0.07034381479024887
10.0,0.06979143619537354
11.0,0.06924623250961304
12.0,0.06874073296785355
13.0,0.06826101243495941
14.0,0.0677843913435936
15.0,0.06728409230709076
16.0,0.06684965640306473
18.0,0.06591016054153442
20.0,0.06502443552017212
22.0,0.06425285339355469
24.0,0.06348997354507446
26.0,0.06273439526557922
28.0,0.061999011784791946
30.0,0.061212923377752304
32.0,0.0603816844522953
36.0,0.058784183114767075
40.0,0.0572408065199852
44.0,0.05586807057261467
48.0,0.05454399064183235
52.0,0.05327966809272766
56.0,0.05205963924527168
60.0,0.05083741992712021
64.0,0.049724139273166656
72.0,0.047407977283000946
80.0,0.04513045400381088
88.0,0.042898911982774734
96.0,0.041012026369571686
104.0,0.039287019520998
112.0,0.03740425780415535
120.0,0.035447217524051666
128.0,0.03374115377664566
144.0,0.031420785933732986
160.0,0.029383791610598564
176.0,0.02701142244040966
192.0,0.02505326457321644
208.0,0.02363395132124424
224.0,0.022471318021416664
240.0,0.02119208127260208
256.0,0.0203761775046587
288.0,0.018963700160384178
320.0,0.01857115514576435
352.0,0.02003064565360546
384.0,0.02024850994348526
416.0,0.020438430830836296
448.0,0.01914943940937519
480.0,0.017658744007349014
512.0,0.016794869676232338
576.0,0.013278850354254246
640.0,0.011553197167813778
704.0,0.01073308102786541
768.0,0.013792194426059723
832.0,0.01572827808558941
896.0,0.013623754493892193
960.0,0.011834174394607544
1024.0,0.00852199923247099
1152.0,0.008092017844319344
1280.0,0.007311024237424135
1408.0,0.0034409314393997192
1536.0,0.003014490008354187
1664.0,0.0065300664864480495
1792.0,0.00433908449485898
1920.0,0.000667074229568243
2048.0,0.002182004740461707
2304.0,0.007593688555061817
2560.0,-0.00747186504304409
2816.0,-0.012028821744024754
3072.0,-0.01769194006919861
3328.0,-0.019213929772377014
3584.0,-0.020055994391441345
3840.0,-0.015622731298208237
4096.0,-0.016832314431667328
4608.0,-0.016197502613067627
5120.0,-0.01609151065349579
5632.0,-0.010197725147008896
6144.0,-0.0069793653674423695
6656.0,-0.001632210216484964
7168.0,0.013804148882627487
7680.0,0.02149447798728943
8192.0,0.019010068848729134
end
