version,3.0
numOfCh,1
type,point
parent_name,c1204_0dot069-1dot0
ch_type,1_1
kcount,1
numberNandB,1
brightnessNandB,1
carpet pos,0
pc,0
Time (ms),CH1 Auto-Correlation
1.0,0.10884349793195724
2.0,0.10776804387569427
3.0,0.10684562474489212
4.0,0.10596534609794617
5.0,0.10526765882968903
6.0,0.1046007052063942
7.0,0.1039450466632843
8.0,0.10327329486608505
9.0,0.10259506851434708
10.0,0.10194554179906845
11.0,0.10139643400907516
12.0,0.10083949565887451
13.0,0.10023532062768936
14.0,0.09965257346630096
15.0,0.09902410209178925
16.0,0.09841537475585938
18.0,0.0973140299320221
20.0,0.09634903818368912
22.0,0.09542730450630188
24.0,0.09453298151493073
26.0,0.09369484335184097
28.0,0.09277871996164322
30.0,0.0918886736035347
32.0,0.09108731895685196
36.0,0.08954962342977524
40.0,0.08782562613487244
44.0,0.08610518276691437
48.0,0.08452169597148895
52.0,0.0829886794090271
56.0,0.08157425373792648
60.0,0.08031340688467026
64.0,0.07915899902582169
72.0,0.07695767283439636
80.0,0.07496605068445206
88.0,0.07338540256023407
96.0,0.07150396704673767
104.0,0.06948352605104446
112.0,0.06754127144813538
120.0,0.06541150063276291
128.0,0.0632437989115715
144.0,0.05933372303843498
160.0,0.05598542094230652
176.0,0.05359899252653122
192.0,0.051065899431705475
208.0,0.04860424995422363
224.0,0.045967284590005875
240.0,0.042926397174596786
256.0,0.04030407592654228
288.0,0.03647300973534584
320.0,0.03415467217564583
352.0,0.03467950597405434
384.0,0.03394835442304611
416.0,0.03154035657644272
448.0,0.027830205857753754
480.0,0.024072593078017235
512.0,0.020521515980362892
576.0,0.017645858228206635
640.0,0.015205251052975655
704.0,0.015068245120346546
768.0,0.016842994838953018
832.0,0.021286847069859505
896.0,0.02513745054602623
960.0,0.026774650439620018
1024.0,0.027320299297571182
1152.0,0.022224728018045425
1280.0,0.02213210240006447
1408.0,0.01852332428097725
1536.0,0.014106164686381817
1664.0,0.011788202449679375
1792.0,0.01100163348019123
1920.0,0.018022550269961357
2048.0,0.020778454840183258
2304.0,0.02929631806910038
2560.0,0.023452529683709145
2816.0,0.015654684975743294
3072.0,0.016549251973628998
3328.0,0.01372437085956335
3584.0,-0.0007218964165076613
3840.0,-0.0026029490400105715
4096.0,-0.004605552181601524
4608.0,-0.0028335582464933395
5120.0,0.005987928248941898
5632.0,-0.011808536015450954
6144.0,-0.02989082597196102
6656.0,-0.025764433667063713
7168.0,-0.02384490892291069
7680.0,-0.0034133940935134888
8192.0,-0.02364015020430088
end
