version,3.0
numOfCh,1
type,point
parent_name,c1204_0dot069-1dot0
ch_type,1_1
kcount,1
numberNandB,1
brightnessNandB,1
carpet pos,0
pc,0
Time (ms),CH1 Auto-Correlation
1.0,0.08296064287424088
2.0,0.081733837723732
3.0,0.08060751110315323
4.0,0.07962311059236526
5.0,0.07873093336820602
6.0,0.07794007658958435
7.0,0.07713839411735535
8.0,0.07642699778079987
9.0,0.075716033577919
10.0,0.07505534589290619
11.0,0.07442741841077805
12.0,0.07391581684350967
13.0,0.07344093918800354
14.0,0.07296973466873169
15.0,0.07257075607776642
16.0,0.07212000340223312
18.0,0.07126528024673462
20.0,0.07040073722600937
22.0,0.06957858055830002
24.0,0.06871950626373291
26.0,0.06777314096689224
28.0,0.06695114076137543
30.0,0.06617230921983719
32.0,0.06538623571395874
36.0,0.0641225129365921
40.0,0.06296058744192123
44.0,0.06201356649398804
48.0,0.061086930334568024
52.0,0.05998909845948219
56.0,0.058584604412317276
60.0,0.057340409606695175
64.0,0.05649416148662567
72.0,0.055030304938554764
80.0,0.05324948579072952
88.0,0.05134043097496033
96.0,0.04977050796151161
104.0,0.04790731146931648
112.0,0.04629121720790863
120.0,0.04460049793124199
128.0,0.04292704910039902
144.0,0.03956318274140358
160.0,0.035560883581638336
176.0,0.03201168775558472
192.0,0.029234839603304863
208.0,0.026967303827404976
224.0,0.024703536182641983
240.0,0.022485341876745224
256.0,0.019949017092585564
288.0,0.016942566260695457
320.0,0.013689227402210236
352.0,0.011222642846405506
384.0,0.01001300010830164
416.0,0.009984667412936687
448.0,0.009901133365929127
480.0,0.009435680694878101
512.0,0.008734233677387238
576.0,0.008039907552301884
640.0,0.0068113841116428375
704.0,0.006804151926189661
768.0,0.00614897208288312
832.0,0.004813806153833866
896.0,0.0040687862783670425
960.0,-6.76441632094793e-05
1024.0,-0.003559367498382926
1152.0,4.919500133837573e-05
1280.0,0.005906241480261087
1408.0,0.011351674795150757
1536.0,0.01535094901919365
1664.0,0.010430373251438141
1792.0,0.004098768811672926
1920.0,0.0014628340722993016
2048.0,0.0017952638445422053
2304.0,-0.0003472427779342979
2560.0,-0.009313630871474743
2816.0,-0.012425178661942482
3072.0,-0.002295082900673151
3328.0,-0.008090350776910782
3584.0,-0.006644603796303272
3840.0,-0.003412307007238269
4096.0,-0.01636364869773388
4608.0,0.003148558782413602
5120.0,0.00904085673391819
5632.0,0.002608804265037179
6144.0,0.011680586263537407
6656.0,0.008502584882080555
7168.0,0.003933747299015522
7680.0,0.0027300019282847643
8192.0,-0.006398470606654882
end
