version,3.0
numOfCh,1
type,point
parent_name,c1204_0dot069-1dot0
ch_type,1_1
kcount,1
numberNandB,1
brightnessNandB,1
carpet pos,0
pc,0
Time (ms),CH1 Auto-Correlation
1.0,0.08659175038337708
2.0,0.08594438433647156
3.0,0.08536525815725327
4.0,0.0847998559474945
5.0,0.08426219969987869
6.0,0.08374403417110443
7.0,0.08323552459478378
8.0,0.08272536844015121
9.0,0.08220262080430984
10.0,0.08171990513801575
11.0,0.08122296631336212
12.0,0.08071482926607132
13.0,0.08024529367685318
14.0,0.07975821942090988
15.0,0.07930349558591843
16.0,0.07886112481355667
18.0,0.0779753178358078
20.0,0.07713876664638519
22.0,0.07631289958953857
24.0,0.07549215853214264
26.0,0.07467468827962875
28.0,0.07392101734876633
30.0,0.07319024950265884
32.0,0.0724719911813736
36.0,0.07102634757757187
40.0,0.06965592503547668
44.0,0.06832796335220337
48.0,0.06693586707115173
52.0,0.06551782786846161
56.0,0.0641762986779213
60.0,0.06293119490146637
64.0,0.06171462684869766
72.0,0.05939774215221405
80.0,0.05736715719103813
88.0,0.055354177951812744
96.0,0.0533904992043972
104.0,0.051658980548381805
112.0,0.04978099465370178
120.0,0.04764844849705696
128.0,0.04552694410085678
144.0,0.04193960502743721
160.0,0.038988832384347916
176.0,0.03624379262328148
192.0,0.033876933157444
208.0,0.03279580548405647
224.0,0.03237049654126167
240.0,0.032176874577999115
256.0,0.032056622207164764
288.0,0.03140028193593025
320.0,0.031248359009623528
352.0,0.030347326770424843
384.0,0.029158035293221474
416.0,0.029290178790688515
448.0,0.028574852272868156
480.0,0.02702929824590683
512.0,0.025335906073451042
576.0,0.024641558527946472
640.0,0.023940622806549072
704.0,0.024102691560983658
768.0,0.02328520081937313
832.0,0.022380301728844643
896.0,0.023792371153831482
960.0,0.022999802604317665
1024.0,0.01854686066508293
1152.0,0.014563201926648617
1280.0,0.014092709869146347
1408.0,0.009085745550692081
1536.0,0.007067494094371796
1664.0,0.008400820195674896
1792.0,0.008184119127690792
1920.0,0.005522388964891434
2048.0,0.0004912548465654254
2304.0,0.000141934520797804
2560.0,-0.002603293163701892
2816.0,0.0023354387376457453
3072.0,0.0015896697295829654
3328.0,-0.0041773971170187
3584.0,-0.009025447070598602
3840.0,-0.009143130853772163
4096.0,-0.008553161285817623
4608.0,-0.010964911431074142
5120.0,-0.01511444989591837
5632.0,-0.008762456476688385
6144.0,-0.0006632788572460413
6656.0,0.00375589937902987
7168.0,0.017704909667372704
7680.0,0.015035190619528294
8192.0,0.014349565841257572
end
