version,3.0
numOfCh,1
type,point
parent_name,c1204_0dot069-1dot0
ch_type,1_1
kcount,1
numberNandB,1
brightnessNandB,1
carpet pos,0
pc,0
Time (ms),CH1 Auto-Correlation
1.0,0.10572102665901184
2.0,0.10500948131084442
3.0,0.10434477776288986
4.0,0.1037433072924614
5.0,0.10315242409706116
6.0,0.1025540754199028
7.0,0.10201028734445572
8.0,0.10148544609546661
9.0,0.10096118599176407
10.0,0.10045568645000458
11.0,0.09993039816617966
12.0,0.0994560718536377
13.0,0.09897611290216446
14.0,0.09855349361896515
15.0,0.09812392294406891
16.0,0.09769528359174728
18.0,0.09682933986186981
20.0,0.09604387730360031
22.0,0.09530246257781982
24.0,0.09456025809049606
26.0,0.09385375678539276
28.0,0.09318993985652924
30.0,0.09257727861404419
32.0,0.09200218319892883
36.0,0.09084372967481613
40.0,0.08960655331611633
44.0,0.08843088895082474
48.0,0.0873250961303711
52.0,0.08636033535003662
56.0,0.08538177609443665
60.0,0.08431431651115417
64.0,0.08329745382070541
72.0,0.08135073632001877
80.0,0.07956856489181519
88.0,0.07796204835176468
96.0,0.07659702003002167
104.0,0.07496169954538345
112.0,0.07327809929847717
120.0,0.07167273759841919
128.0,0.07010489702224731
144.0,0.06734868884086609
160.0,0.06459838151931763
176.0,0.06104542315006256
192.0,0.057208310812711716
208.0,0.05402328819036484
224.0,0.05151263251900673
240.0,0.04928290471434593
256.0,0.0470631942152977
288.0,0.04260841757059097
320.0,0.037536006420850754
352.0,0.0344361774623394
384.0,0.03227011114358902
416.0,0.030520860105752945
448.0,0.029242882505059242
480.0,0.028975358232855797
512.0,0.029059654101729393
576.0,0.029270119965076447
640.0,0.029401017352938652
704.0,0.027770662680268288
768.0,0.025319965556263924
832.0,0.024042021483182907
896.0,0.020609525963664055
960.0,0.017256446182727814
1024.0,0.01499391533434391
1152.0,0.008276666514575481
1280.0,1.8673972590477206e-05
1408.0,-0.007459479849785566
1536.0,-0.009124567732214928
1664.0,-0.011254170909523964
1792.0,-0.013375876471400261
1920.0,-0.018176820129156113
2048.0,-0.024027040228247643
2304.0,-0.022255083546042442
2560.0,-0.010397354140877724
2816.0,-0.012021603062748909
3072.0,-0.003016106551513076
3328.0,0.008449718356132507
3584.0,-0.0001531999878352508
3840.0,0.0005884229321964085
4096.0,0.003022689837962389
4608.0,-0.013520079664885998
5120.0,-0.00575591903179884
5632.0,-0.011792155914008617
6144.0,-0.00901920534670353
6656.0,0.0020930883474648
7168.0,-0.004717470612376928
7680.0,-0.001183691550977528
8192.0,-4.3316751543898135e-05
end
