version,3.0
numOfCh,1
type,point
parent_name,ff67b_0dot4-1dot0
ch_type,1_1
kcount,1
numberNandB,1
brightnessNandB,1
carpet pos,0
pc,0
Time (ms),CH1 Auto-Correlation
1.0,0.10849110037088394
2.0,0.10437417775392532
3.0,0.10063288360834122
4.0,0.0973181277513504
5.0,0.09405940026044846
6.0,0.09112751483917236
7.0,0.0884905681014061
8.0,0.08586737513542175
9.0,0.08338545262813568
10.0,0.08104699105024338
11.0,0.07895225286483765
12.0,0.07687783241271973
13.0,0.07503403723239899
14.0,0.07330156117677689
15.0,0.0717073455452919
16.0,0.07014118134975433
18.0,0.06726186722517014
20.0,0.0644652247428894
22.0,0.06195767968893051
24.0,0.05960700660943985
26.0,0.05738931894302368
28.0,0.0555599071085453
30.0,0.05370808392763138
32.0,0.05184958875179291
36.0,0.04823056980967522
40.0,0.04498807713389397
44.0,0.04261535406112671
48.0,0.04041694104671478
52.0,0.03801429644227028
56.0,0.03593158721923828
60.0,0.03407149389386177
64.0,0.03262898325920105
72.0,0.028879830613732338
80.0,0.02528436668217182
88.0,0.023598816245794296
96.0,0.022982394322752953
104.0,0.023177169263362885
112.0,0.022806940600275993
120.0,0.022269336506724358
128.0,0.02029895782470703
144.0,0.017690088599920273
160.0,0.01778288744390011
176.0,0.019669676199555397
192.0,0.022516658529639244
208.0,0.02257668226957321
224.0,0.020429233089089394
240.0,0.01831166446208954
256.0,0.015748776495456696
288.0,0.012908542528748512
320.0,0.01500797737389803
352.0,0.017938662320375443
384.0,0.01744912564754486
416.0,0.014497154392302036
448.0,0.01422454509884119
480.0,0.011997134424746037
512.0,0.009295348078012466
576.0,0.009966608136892319
640.0,0.017861826345324516
704.0,0.016379820182919502
768.0,0.014925825409591198
832.0,0.013773322105407715
896.0,0.012356432154774666
960.0,0.012781537137925625
1024.0,0.011766199953854084
1152.0,0.013655023649334908
1280.0,0.012349309399724007
1408.0,0.010801042430102825
1536.0,0.010197749361395836
1664.0,0.004571978934109211
1792.0,0.00411632563918829
1920.0,0.0035625353921204805
2048.0,0.0011752743739634752
2304.0,0.004519569221884012
2560.0,0.0034529766999185085
2816.0,-9.954724373528734e-05
3072.0,-0.005821548867970705
3328.0,-0.0037148932460695505
3584.0,-0.003284225007519126
3840.0,-0.008371921256184578
4096.0,-0.005820078309625387
4608.0,-0.0035276757553219795
5120.0,-0.0054285102523863316
5632.0,-0.011775173246860504
6144.0,-0.01182609610259533
6656.0,-0.01819818653166294
7168.0,-0.016143927350640297
7680.0,-0.0153105603531003
8192.0,-0.013472401537001133
end
