version,3.0
numOfCh,1
type,point
parent_name,labthresh-0dot04_avgcorrs
ch_type,1_1
kcount,1
numberNandB,1
brightnessNandB,1
carpet pos,0
pc,0
Time (ms),CH1 Auto-Correlation
1.0,0.02858421765267849
2.0,0.027475230395793915
3.0,0.026458634063601494
4.0,0.025475559756159782
5.0,0.024612804874777794
6.0,0.02384761907160282
7.0,0.02309527061879635
8.0,0.02239266410470009
9.0,0.02172233536839485
10.0,0.02097545750439167
11.0,0.020341219380497932
12.0,0.0198171716183424
13.0,0.019286293536424637
14.0,0.01880844682455063
15.0,0.018297452479600906
16.0,0.017801403999328613
18.0,0.01684546284377575
20.0,0.01588504947721958
22.0,0.014948352240025997
24.0,0.014131498523056507
26.0,0.01343691349029541
28.0,0.012875553220510483
30.0,0.012455770745873451
32.0,0.012373317964375019
36.0,0.01428984882455257
40.0,0.013207079860581577
44.0,0.012373474231493231
48.0,0.011649798230398635
52.0,0.01094190583082948
56.0,0.01025532015341309
60.0,0.00985332645197761
64.0,0.008767635268466419
72.0,0.00697062964145853
80.0,0.0042826188401468915
88.0,0.001710204347209246
96.0,-0.00025074394135218527
104.0,-0.0014000031730608531
112.0,-0.0023693302215111478
120.0,-0.0010476096761592019
128.0,-0.0020328306619865964
144.0,0.003683544530455644
160.0,0.002150619911844842
176.0,0.0020948659835590255
192.0,0.001301662107936055
208.0,0.0006152532405394595
224.0,-0.001129753396121992
240.0,-0.0033714472468572613
256.0,-0.007138035156779498
288.0,0.006557522408132043
320.0,0.0005567141342908144
352.0,-0.007135479893934514
384.0,-0.012803334609738417
416.0,-0.015992856118828058
448.0,-0.014805891758961869
480.0,-0.018225770643247024
512.0,-0.02128925214388541
576.0,-0.007780165023480852
640.0,-0.013117532750281194
704.0,-0.028719996412595112
768.0,-0.046192581532523036
832.0,-0.0577672878280282
896.0,-0.05738969847637539
960.0,-0.05014483149473866
1024.0,-0.05441304498041669
1152.0,-0.038883209228515625
1280.0,-0.033298663794994354
1408.0,-0.029533348977565765
1536.0,-0.01248306967318058
1664.0,-0.004035515245050192
1792.0,0.008453783579170704
1920.0,0.021958930417895317
2048.0,0.023543542250990868
end
