version,3.0
numOfCh,1
type,point
parent_name,labthresh-0dot04_avgcorrs
ch_type,1_1
kcount,1
numberNandB,1
brightnessNandB,1
carpet pos,0
pc,0
Time (ms),CH1 Auto-Correlation
1.0,0.04275278374552727
2.0,0.04070911929011345
3.0,0.03886085003614426
4.0,0.03701214864850044
5.0,0.03531534597277641
6.0,0.03377237543463707
7.0,0.03236411511898041
8.0,0.03105754591524601
9.0,0.02958269603550434
10.0,0.028221379965543747
11.0,0.026984311640262604
12.0,0.025626977905631065
13.0,0.024659600108861923
14.0,0.023877570405602455
15.0,0.02304862067103386
16.0,0.022204294800758362
18.0,0.020468926057219505
20.0,0.01880861259996891
22.0,0.016650954261422157
24.0,0.014449868351221085
26.0,0.012465850450098515
28.0,0.010617868043482304
30.0,0.008856361731886864
32.0,0.007052411325275898
36.0,0.010167714461070917
40.0,0.007960092006591944
44.0,0.006008927249573256
48.0,0.0038277611809728737
52.0,0.0013405857533188082
56.0,-0.0005952292583349002
60.0,-0.0021142399397676187
64.0,-0.003589460926155969
72.0,0.0053695218003122136
80.0,-0.00044507169393909863
88.0,-0.0058658851168002
96.0,-0.010654220390424598
104.0,-0.014089768963167444
112.0,-0.01798216450959444
120.0,-0.020788336446639733
128.0,-0.023723647077276838
144.0,-0.028567093845595082
160.0,-0.03229008277526191
176.0,-0.03708838543025195
192.0,-0.04214945368767076
208.0,-0.04304416811282863
224.0,-0.04354120232437708
240.0,-0.04948792401319224
256.0,-0.05727136345467443
288.0,-0.0074710779461181825
320.0,-0.0050778506055293195
352.0,-0.005635358431997399
384.0,-0.005567258942189963
416.0,-0.007857101736590266
448.0,-0.014114431687630713
480.0,-0.020931677921907976
512.0,-0.01938512601191178
576.0,-0.0032755029921342307
640.0,0.00035721744219093426
704.0,0.00259291531983763
768.0,0.0030139821271101632
832.0,0.002356967470404925
896.0,-0.0006444886482010285
960.0,0.0021568756007278958
1024.0,-0.005325430245041692
end
