version,3.0
numOfCh,1
type,point
parent_name,labthresh-0dot04_avgcorrs
ch_type,1_1
kcount,1
numberNandB,1
brightnessNandB,1
carpet pos,0
pc,0
Time (ms),CH1 Auto-Correlation
1.0,0.014945493079721928
2.0,0.013807632960379124
3.0,0.012805101461708546
4.0,0.011801258660852909
5.0,0.010980486869812012
6.0,0.010273413732647896
7.0,0.009629396721720695
8.0,0.008990433998405933
9.0,0.008492491208016872
10.0,0.008031295612454414
11.0,0.007606104016304016
12.0,0.0071740527637302876
13.0,0.00675547169521451
14.0,0.006424132734537125
15.0,0.006059861741960049
16.0,0.00570642901584506
18.0,0.005063808523118496
20.0,0.00448407419025898
22.0,0.003947298042476177
24.0,0.0036080230493098497
26.0,0.0032473152969032526
28.0,0.00280045997351408
30.0,0.002203332493081689
32.0,0.0017528284806758165
36.0,0.0014482946471953593
40.0,0.0010102999525164098
44.0,0.0007644578883493388
48.0,0.00027391724897488193
52.0,-0.00013280897595298788
56.0,-0.00013817226836518212
60.0,-0.0001380778862598904
64.0,-0.00024113333280116354
72.0,0.00016664278494069797
80.0,0.00012449476740915668
88.0,0.00018936205411922526
96.0,0.00016834482878700575
104.0,4.9933715093753896e-05
112.0,-7.735564105876785e-06
120.0,-0.00011342831403453602
128.0,8.090872870525346e-06
144.0,-0.00022832226823084057
160.0,-0.0015175524455116828
176.0,-0.0019570206408388914
192.0,-0.0014217166411981453
208.0,-0.0007923498157955085
224.0,-0.0004223055671900511
240.0,-0.0006816224153486214
256.0,-0.000903853088467648
288.0,-0.0013069676526356489
320.0,-0.001814246957655996
352.0,-0.0018220354941149708
384.0,-0.0025494581161183303
416.0,-0.0026021528286946705
448.0,0.00088074003579095
480.0,0.00037100310437381266
512.0,-0.002796429942827672
576.0,-0.0030682884328901614
640.0,-0.00358578526841787
704.0,-0.0002133145802266275
768.0,3.543067335461577e-05
832.0,-0.0022255491154889264
896.0,-0.002608556222791473
960.0,-0.0006931802490726113
1024.0,-0.002099523553624749
1152.0,0.0035164072178304195
1280.0,-0.0007476683240383863
1408.0,0.0031335290987044573
1536.0,0.004167394712567329
1664.0,0.0006553647108376026
1792.0,-0.005833664443343878
1920.0,0.0003359573020134121
2048.0,0.0020080753602087498
end
