version,3.0
numOfCh,1
type,point
parent_name,labthresh-0dot04_avgcorrs
ch_type,1_1
kcount,1
numberNandB,1
brightnessNandB,1
carpet pos,0
pc,0
Time (ms),CH1 Auto-Correlation
1.0,0.05793866887688637
2.0,0.055940937250852585
3.0,0.054240237921476364
4.0,0.052633136510849
5.0,0.05111074447631836
6.0,0.049597788602113724
7.0,0.04809107258915901
8.0,0.046593133360147476
9.0,0.04501229524612427
10.0,0.04351285099983215
11.0,0.04208819940686226
12.0,0.04066511616110802
13.0,0.03931279852986336
14.0,0.037779342383146286
15.0,0.03614158555865288
16.0,0.034562792629003525
18.0,0.031760700047016144
20.0,0.029333824291825294
22.0,0.026850586757063866
24.0,0.024594746530056
26.0,0.022368719801306725
28.0,0.020034825429320335
30.0,0.017642516642808914
32.0,0.015706967562437057
36.0,0.0142582798965604
40.0,0.009635107274602085
44.0,0.005579651715379441
48.0,0.0021186336701194864
52.0,0.00022336722309666905
56.0,-0.0001942518447054574
60.0,0.003901603000031173
64.0,0.0016688440578036534
72.0,0.0025380252741540417
80.0,-0.0006301815159452457
88.0,-0.0038680007893835073
96.0,-0.0064324907953446
104.0,-0.007289267994169874
112.0,-0.006856670816808258
120.0,-0.005824709169127859
128.0,-0.005972734420894361
144.0,-0.01189918139607471
160.0,-0.015154483248352335
176.0,-0.02137856079843914
192.0,-0.026331898313401325
208.0,-0.029859351267077727
224.0,-0.03583677414280828
240.0,-0.04436968216487003
256.0,-0.04908224808968953
288.0,-0.009892915292376918
320.0,-0.004438404975059841
352.0,-0.0063626376379813466
384.0,-0.011226021418614047
416.0,-0.014269089496727767
448.0,-0.01621128781698644
480.0,-0.019399890403812087
512.0,-0.02484000583353918
576.0,-0.036805886620034776
640.0,-0.03941031184513122
704.0,-0.025085533047482993
768.0,0.008289073516304294
832.0,0.012665886199101806
896.0,0.01567266639904119
960.0,0.01763883758879577
1024.0,0.015138256053129831
1152.0,0.0018191434210166335
1280.0,0.001649349695071578
1408.0,-0.002715414622798562
1536.0,-0.004028173163533211
1664.0,-0.0009779228130355477
1792.0,-0.002704168437048793
1920.0,0.0016740205464884639
2048.0,-5.603498357231729e-05
end
