version,3.0
numOfCh,1
type,point
parent_name,labthresh-0dot04_avgcorrs
ch_type,1_1
kcount,1
numberNandB,1
brightnessNandB,1
carpet pos,0
pc,0
Time (ms),CH1 Auto-Correlation
1.0,0.1310788244009018
2.0,0.1164259985089302
3.0,0.10496921837329865
4.0,0.09505420178174973
5.0,0.08501898497343063
6.0,0.07576163113117218
7.0,0.0669453963637352
8.0,0.05901049077510834
9.0,0.05170035734772682
10.0,0.0454571470618248
11.0,0.03926149383187294
12.0,0.033864978700876236
13.0,0.02921978197991848
14.0,0.025500483810901642
15.0,0.022346390411257744
16.0,0.020215341821312904
18.0,0.017860405147075653
20.0,0.0163614172488451
22.0,0.01538132131099701
24.0,0.013998035341501236
26.0,0.013691207394003868
28.0,0.01364555861800909
30.0,0.0131943728774786
32.0,0.011927518993616104
36.0,0.00943345122676484
40.0,0.008178251265781
44.0,0.003627577142157991
48.0,-0.0018000841701775374
52.0,-0.005657765975774965
56.0,-0.002323364151067965
60.0,-0.0037839677757541984
64.0,-0.0021090435886955156
72.0,0.0007792783838410217
80.0,-0.007198586728638754
88.0,-0.017537287383814916
96.0,-0.01910109061897786
104.0,-0.018705305222493526
112.0,-0.01562077430739569
120.0,-0.011532758194953203
128.0,-0.011019048892194405
144.0,-0.006095533792783196
160.0,-0.005455104727298021
176.0,-0.011481808444174627
192.0,-0.014235880679916591
208.0,-0.013194832458005597
224.0,-0.012870858535946657
240.0,-0.019076271347391108
256.0,-0.02645154884424604
288.0,-0.023031317605637015
320.0,-0.026630536001175643
352.0,-0.023383296327665448
384.0,-0.019874810148030518
416.0,-0.02140020332299173
448.0,-0.01793634219793603
480.0,-0.010686059715226293
512.0,-0.0025280882546212524
576.0,0.0037059506867080927
640.0,0.006474974371182422
704.0,-0.005435427417978644
768.0,-0.006425365436977397
832.0,-0.011092596415740749
896.0,-0.002731169884403547
960.0,-0.005812987685203552
1024.0,0.004550907644443214
end
