version,3.0
numOfCh,1
type,point
parent_name,labthresh-0dot04_avgcorrs
ch_type,1_1
kcount,1
numberNandB,1
brightnessNandB,1
carpet pos,0
pc,0
Time (ms),CH1 Auto-Correlation
1.0,0.03330073133111
2.0,0.03220134228467941
3.0,0.031153440475463867
4.0,0.030160682275891304
5.0,0.029202233999967575
6.0,0.02825899049639702
7.0,0.02743682451546192
8.0,0.02668079361319542
9.0,0.025947704911231995
10.0,0.02526433765888214
11.0,0.024623533710837364
12.0,0.02403446100652218
13.0,0.023449499160051346
14.0,0.022869745269417763
15.0,0.022282179445028305
16.0,0.021749351173639297
18.0,0.020837360993027687
20.0,0.020101068541407585
22.0,0.019545625895261765
24.0,0.01909153163433075
26.0,0.018629614263772964
28.0,0.018073303624987602
30.0,0.018173818878006762
32.0,0.017296583728993273
36.0,0.019501830506695635
40.0,0.018353494918639107
44.0,0.01720918529068253
48.0,0.016269317749746343
52.0,0.015256482952931296
56.0,0.014127698178136987
60.0,0.013399995042538434
64.0,0.012439630190783646
72.0,0.01572834247391646
80.0,0.014212745524803592
88.0,0.012776385951188527
96.0,0.0122032378442652
104.0,0.011597651585361746
112.0,0.010724649878414181
120.0,0.010149545887812835
128.0,0.008170233748926505
144.0,0.007441935207073887
160.0,0.00434307367097409
176.0,0.002756708507409452
192.0,0.0005550797352389921
208.0,-0.0015585472305940044
224.0,-0.003825761116569906
240.0,-0.007567913282209223
256.0,-0.01158735336656192
288.0,-0.013776070014241018
320.0,-0.01726344039239588
352.0,-0.02391818803620741
384.0,-0.028052435429084914
416.0,-0.032835253802269496
448.0,-0.03906313138681331
480.0,-0.05235578038264066
512.0,-0.058447098121784315
576.0,-0.0076835015788674355
640.0,-0.004592369310557842
704.0,0.0006417818949557841
768.0,0.007286739069968462
832.0,0.003129233606159687
896.0,0.005646619480103254
960.0,-0.01366419717669487
1024.0,-0.0022982012014836073
end
