version,3.0
numOfCh,1
type,point
parent_name,labthresh-0dot04_avgcorrs
ch_type,1_1
kcount,1
numberNandB,1
brightnessNandB,1
carpet pos,0
pc,0
Time (ms),CH1 Auto-Correlation
1.0,0.022470343858003616
2.0,0.02150637097656727
3.0,0.020618513226509094
4.0,0.019842272624373436
5.0,0.019141998142004013
6.0,0.018485145643353462
7.0,0.01790071278810501
8.0,0.017354264855384827
9.0,0.016832590103149414
10.0,0.016321377828717232
11.0,0.015825726091861725
12.0,0.015436523593962193
13.0,0.015069626271724701
14.0,0.014702660031616688
15.0,0.014354580081999302
16.0,0.014037549495697021
18.0,0.013322744518518448
20.0,0.012577435001730919
22.0,0.011782767251133919
24.0,0.011042474769055843
26.0,0.010380055755376816
28.0,0.009692675434052944
30.0,0.008859500288963318
32.0,0.008175715804100037
36.0,0.007618520804338486
40.0,0.006201242804630002
44.0,0.00477672103785581
48.0,0.0034747756730854128
52.0,0.0026079355328179456
56.0,0.0021454277949113235
60.0,0.001485999234732431
64.0,0.0006889293912205507
72.0,0.002852125884205832
80.0,0.002485913586418104
88.0,0.002001421012328533
96.0,0.0014086537146637136
104.0,0.0007615052315446993
112.0,0.0003746852630486145
120.0,0.00044517528579529863
128.0,-0.000705275328389531
144.0,0.00042503165766700276
160.0,-0.002090565859867234
176.0,-0.0035759322894995827
192.0,-0.006145980015086631
208.0,-0.008942862076865923
224.0,-0.01087571970290608
240.0,-0.004069791253035267
256.0,-0.004764733016296911
288.0,-0.004824188300214398
320.0,-0.004576981201050027
352.0,-0.005518227476083363
384.0,-0.004679648506529095
416.0,-0.0047626515054920064
448.0,-0.006211717899229067
480.0,-0.004634573729708791
512.0,-0.003544705035164952
576.0,-0.010107966105351807
640.0,-0.011189569893758744
704.0,-0.013217612053267658
768.0,-0.01064191764453426
832.0,-0.014975830126786605
896.0,-0.010955055840895511
960.0,-0.017132396654536326
1024.0,-0.03269027859399406
end
