version,3.0
numOfCh,1
type,point
parent_name,labthresh-0dot04_avgcorrs
ch_type,1_1
kcount,1
numberNandB,1
brightnessNandB,1
carpet pos,0
pc,0
Time (ms),CH1 Auto-Correlation
1.0,0.0825616642832756
2.0,0.07435310631990433
3.0,0.06812048703432083
4.0,0.061059027910232544
5.0,0.05502565577626228
6.0,0.04998477175831795
7.0,0.046082351356744766
8.0,0.04209006577730179
9.0,0.03699592873454094
10.0,0.03438791632652283
11.0,0.03205004334449768
12.0,0.028801657259464264
13.0,0.026084838435053825
14.0,0.024062272161245346
15.0,0.022637203335762024
16.0,0.02006787247955799
18.0,0.017430849373340607
20.0,0.01549507211893797
22.0,0.015255735255777836
24.0,0.016179781407117844
26.0,0.016692716628313065
28.0,0.013383309356868267
30.0,0.01116268916386896
32.0,0.008172833699343475
36.0,0.010672139186984472
40.0,0.008044317800492232
44.0,0.0062409888929929975
48.0,0.004927890171529725
52.0,0.004875453596469015
56.0,0.005493357641777645
60.0,0.004395528465465759
64.0,0.002598282836136908
72.0,0.000534292046462984
80.0,0.0007571757998361829
88.0,0.0004972055931353853
96.0,0.0021878520326156703
104.0,0.004247619976965888
112.0,0.001682819521409415
120.0,-0.0034048786938434376
128.0,-0.0049495399760503675
144.0,-0.004712049837347449
160.0,-0.0053807708763462655
176.0,-0.007909210073515116
192.0,-0.010591926327084793
208.0,-0.012415808827534099
224.0,-0.013840753165662618
240.0,-0.015295644231681602
256.0,-0.017073764000943972
288.0,-0.011941163874739274
320.0,-0.010880181682296097
352.0,-0.005268021224765107
384.0,-0.0028155693170529876
416.0,-0.0022912487937984142
448.0,-0.004255987936630845
480.0,-0.01414319130126387
512.0,-0.003059835353633389
576.0,-0.003442061133682728
640.0,-0.005588398780673742
704.0,-0.0006596471066586673
768.0,-0.005979145131883949
832.0,-0.004948598662546526
896.0,-0.008059248599844674
960.0,-0.01340317721478641
1024.0,0.000885866186581552
1152.0,0.003972575534135103
1280.0,0.010001895017921925
1408.0,0.0066079567186534405
1536.0,-0.0057126437313854694
1664.0,-0.005186607129871845
1792.0,-0.017625251784920692
end
