version,3.0
numOfCh,1
type,point
parent_name,labthresh-0dot04_avgcorrs
ch_type,1_1
kcount,1
numberNandB,1
brightnessNandB,1
carpet pos,0
pc,0
Time (ms),CH1 Auto-Correlation
1.0,0.04891769215464592
2.0,0.04736151546239853
3.0,0.045871198177337646
4.0,0.044461484998464584
5.0,0.04308049753308296
6.0,0.04182351008057594
7.0,0.040562454611063004
8.0,0.03929077461361885
9.0,0.037994541227817535
10.0,0.03677934408187866
11.0,0.03551321104168892
12.0,0.03429397568106651
13.0,0.03315017744898796
14.0,0.032204676419496536
15.0,0.031257741153240204
16.0,0.030320357531309128
18.0,0.028505809605121613
20.0,0.02696922980248928
22.0,0.02537234127521515
24.0,0.02391001582145691
26.0,0.022384019568562508
28.0,0.020762832835316658
30.0,0.019396277144551277
32.0,0.018284110352396965
36.0,0.018325323929950114
40.0,0.015593928876232014
44.0,0.01373796368246868
48.0,0.011929991924496848
52.0,0.009418257529813996
56.0,0.0065212517999292865
60.0,0.0028364927202346735
64.0,5.933658879560729e-06
72.0,0.008797936385841846
80.0,0.0064225642806074274
88.0,0.004398233952694379
96.0,0.0014327277846556778
104.0,-0.002677456043481167
112.0,-0.007654386065648093
120.0,-0.0078182199618111
128.0,-0.00952047174122645
144.0,-0.0008203411610641828
160.0,-0.002520552937251826
176.0,-0.0014325408070969086
192.0,-7.841780316084624e-05
208.0,-0.0009133007765437166
224.0,-0.0027449200229360334
240.0,-0.004030352024468205
256.0,-0.005675228309276766
288.0,-0.0045215830368061476
320.0,-0.009693971510457162
352.0,-0.01357634685253008
384.0,-0.014856446229924377
416.0,-0.016324639186048165
448.0,-0.018271984867169522
480.0,-0.02204888834179049
512.0,-0.025376978679560125
576.0,-0.05409614245096842
640.0,-0.05093745722357804
704.0,-0.03850483091082424
768.0,-0.01598910645407159
832.0,-0.0022734104034801326
896.0,0.0077952208230271935
960.0,0.02317684857795636
1024.0,0.022530459333211184
end
