version,3.0
numOfCh,1
type,point
parent_name,labthresh-0dot04_avgcorrs
ch_type,1_1
kcount,1
numberNandB,1
brightnessNandB,1
carpet pos,0
pc,0
Time (ms),CH1 Auto-Correlation
1.0,0.03330899029970169
2.0,0.032356273382902145
3.0,0.0314444899559021
4.0,0.03057665191590786
5.0,0.029730821028351784
6.0,0.028970636427402496
7.0,0.02832605317234993
8.0,0.02772451937198639
9.0,0.02711653523147106
10.0,0.026617757976055145
11.0,0.026186522096395493
12.0,0.025761280208826065
13.0,0.02536153607070446
14.0,0.024943454191088676
15.0,0.024566447362303734
16.0,0.024140799418091774
18.0,0.023220278322696686
20.0,0.02240135334432125
22.0,0.021532703191041946
24.0,0.020707987248897552
26.0,0.01988830417394638
28.0,0.019222544506192207
30.0,0.0199602524895194
32.0,0.019109084807236547
36.0,0.022068917169235647
40.0,0.020629610994270162
44.0,0.01922352367736217
48.0,0.017835195950718353
52.0,0.016527271312003468
56.0,0.015080460213104507
60.0,0.013701479742809644
64.0,0.012491039286428333
72.0,0.011248554836492985
80.0,0.008904526467813412
88.0,0.007136874969728524
96.0,0.00547504446003586
104.0,0.0036634195363149046
112.0,0.0013913709961343556
120.0,-0.00108540324359446
128.0,-0.003368189203013715
144.0,-0.00022298850280304367
160.0,-0.002208263281947718
176.0,-0.004829754426072423
192.0,-0.006773517358222027
208.0,-0.007644062933440392
224.0,-0.006971319931415984
240.0,-0.00651422689238993
256.0,-0.006909168452973693
288.0,-0.011886918329400942
320.0,-0.018433319311589
352.0,-0.025653860982856713
384.0,-0.03341929678572342
416.0,-0.038121917087119074
448.0,-0.043755549247725865
480.0,-0.023741658884318895
512.0,-0.015062841831422702
576.0,-0.00756808697769884
640.0,-0.008272395189123927
704.0,-0.012265057652257383
768.0,-0.013581146995420568
832.0,-0.007347392092924565
896.0,-0.0020111266640014946
960.0,-0.0006451840745285153
1024.0,-0.002000279608182609
1152.0,-1.383642666041851e-05
1280.0,0.0044228495098650455
1408.0,0.005216613644734025
1536.0,0.0016719298873795196
1664.0,-0.0027233352011535317
1792.0,-0.002237260341644287
1920.0,0.0011065890939789824
2048.0,-0.004985853913240135
end
