version,3.0
numOfCh,1
type,point
parent_name,labthresh-0dot04_avgcorrs
ch_type,1_1
kcount,1
numberNandB,1
brightnessNandB,1
carpet pos,0
pc,0
Time (ms),CH1 Auto-Correlation
1.0,0.02616863325238228
2.0,0.024743370711803436
3.0,0.023440930992364883
4.0,0.022266075015068054
5.0,0.021144453436136246
6.0,0.02008512243628502
7.0,0.01906859129667282
8.0,0.018123909831047058
9.0,0.017349669709801674
10.0,0.016593579202890396
11.0,0.01577180251479149
12.0,0.01505458727478981
13.0,0.014433629810810089
14.0,0.013822661712765694
15.0,0.013163378462195396
16.0,0.012540347874164581
18.0,0.011458523571491241
20.0,0.01066492311656475
22.0,0.009843884035944939
24.0,0.009264799766242504
26.0,0.008823120966553688
28.0,0.008258244954049587
30.0,0.007876215502619743
32.0,0.007161866873502731
36.0,0.008371064643142745
40.0,0.007180560460104364
44.0,0.006496058290698177
48.0,0.006004929873294411
52.0,0.005793050874975354
56.0,0.005607821308027876
60.0,0.005418154591704176
64.0,0.004991165433239075
72.0,0.005619291325274389
80.0,0.003911184369644616
88.0,0.0013362602185225114
96.0,-0.0012609882840479258
104.0,-0.003003125683437702
112.0,-0.003550394335616147
120.0,-0.0028491871332670072
128.0,-0.0020282319440555418
144.0,-0.002872688908003814
160.0,-0.006340380889014341
176.0,-0.010952072430275924
192.0,-0.013765575615252601
208.0,-0.014430669563201567
224.0,-0.016811274089074384
240.0,-0.020011251617688686
256.0,-0.023514964967034757
288.0,-0.004581079865602078
320.0,-0.004837096457777079
352.0,-0.00562163889844669
384.0,-0.005125404584759963
416.0,-0.0064749060929898405
448.0,-0.007287598855327815
480.0,-0.008371369447559118
512.0,-0.0066185417817905545
576.0,-0.0029133315256331116
640.0,-0.0006690006703138351
704.0,-0.0025104490778176114
768.0,-0.0030310216825455427
832.0,-0.0035395961022004485
896.0,0.0001312184613198042
960.0,-0.002379936631768942
1024.0,-0.0018931448285002261
1152.0,-0.0003557149466359988
1280.0,0.0008740826160646975
1408.0,0.002315331599675119
1536.0,0.003847591608064249
1664.0,0.006173425819724798
1792.0,0.0018465833272784948
1920.0,0.0006550014368258417
2048.0,-0.005772130098193884
end
