version,3.0
numOfCh,1
type,point
parent_name,labthresh-0dot04_avgcorrs
ch_type,1_1
kcount,1
numberNandB,1
brightnessNandB,1
carpet pos,0
pc,0
Time (ms),CH1 Auto-Correlation
1.0,0.07275216281414032
2.0,0.07065549492835999
3.0,0.06861495971679688
4.0,0.06671693176031113
5.0,0.0647815465927124
6.0,0.06283164024353027
7.0,0.06112700700759888
8.0,0.05939951539039612
9.0,0.05779480189085007
10.0,0.056387778371572495
11.0,0.05484525114297867
12.0,0.053374938666820526
13.0,0.05181369185447693
14.0,0.05044744536280632
15.0,0.0493076890707016
16.0,0.04813259840011597
18.0,0.0458710677921772
20.0,0.04387839883565903
22.0,0.041955459862947464
24.0,0.040193308144807816
26.0,0.03849633038043976
28.0,0.03643602132797241
30.0,0.03586739114518209
32.0,0.03418477903880343
36.0,0.05156640653275763
40.0,0.04762416198070202
44.0,0.0437382978169531
48.0,0.039907680100599384
52.0,0.03651109414488968
56.0,0.03319292404162495
60.0,0.029963399197541825
64.0,0.027331735098572528
72.0,0.032590028768601384
80.0,0.028220274818809947
88.0,0.024268390944742254
96.0,0.022272018192636193
104.0,0.02019092981400287
112.0,0.01748662744304104
120.0,0.01592394938137766
128.0,0.01410713339539464
144.0,0.006955585471587256
160.0,0.0039369512621002896
176.0,0.0036304937209934
192.0,0.003023195582985257
208.0,0.003046285454183817
224.0,0.004966844649364551
240.0,0.006088745213734607
256.0,0.0014812045769455533
288.0,0.018795801037211075
320.0,0.015285071114906006
352.0,0.007441827013584164
384.0,0.006777535774745047
416.0,-0.00026952835550117824
448.0,-0.011827766636593474
480.0,-0.023970945738255978
512.0,-0.05446550990745891
576.0,-0.030352496169507505
640.0,-0.0397823772393167
704.0,-0.03937422027811408
768.0,-0.045094719901680944
832.0,-0.05412095785140991
896.0,-0.06835501044988632
960.0,-0.08777148723602295
1024.0,-0.09164707697927951
1152.0,-0.161637082695961
1280.0,-0.1438758224248886
1408.0,-0.1260661780834198
1536.0,-0.07400376349687576
1664.0,-0.005597924347966909
1792.0,0.027577407658100128
1920.0,0.08314725011587143
2048.0,0.11070740222930908
end
