version,3.0
numOfCh,1
type,point
parent_name,labthresh-0dot04_avgcorrs
ch_type,1_1
kcount,1
numberNandB,1
brightnessNandB,1
carpet pos,0
pc,0
Time (ms),CH1 Auto-Correlation
1.0,0.04499044641852379
2.0,0.04272362217307091
3.0,0.040570735931396484
4.0,0.03854380548000336
5.0,0.03676972910761833
6.0,0.03513152524828911
7.0,0.03359705209732056
8.0,0.03223966062068939
9.0,0.030988378450274467
10.0,0.02973487414419651
11.0,0.028629105538129807
12.0,0.02758188545703888
13.0,0.02656812220811844
14.0,0.025704819709062576
15.0,0.02486376278102398
16.0,0.024096043780446053
18.0,0.022270968183875084
20.0,0.020802728831768036
22.0,0.01952498033642769
24.0,0.018200064077973366
26.0,0.017063068225979805
28.0,0.016102692112326622
30.0,0.015239625237882137
32.0,0.013919117860496044
36.0,0.01193375401077598
40.0,0.009258809666304539
44.0,0.007031216672233617
48.0,0.0048852594615406515
52.0,0.0026245884442081054
56.0,0.0008188820211216807
60.0,-0.0012705973690728947
64.0,-0.003021675768179883
72.0,-0.005639978692925069
80.0,-0.00830128392088227
88.0,-0.009884667943697422
96.0,-0.00883230249164626
104.0,-0.011531918915497954
112.0,-0.014014566456899047
120.0,-0.015028184323455207
128.0,-0.017083607592212502
144.0,-0.0059058494977459
160.0,-0.0074565874860531445
176.0,-0.007725126879651927
192.0,-0.009574321384813326
208.0,-0.008806049817798743
224.0,-0.008333447893771032
240.0,-0.008357309098595151
256.0,-0.00871385244981331
288.0,-0.008015274852975077
320.0,-0.001514614074646185
352.0,-0.002696775181296592
384.0,-0.00347667975195994
416.0,-0.006609453055716585
448.0,-0.008782078686635941
480.0,-0.0005171519102683911
512.0,-0.0019943830848205835
576.0,-0.002280725612460325
640.0,-0.0007118358723043153
704.0,-0.0033562557073310018
768.0,-0.002925827441989289
832.0,-0.003839646582491696
896.0,-0.003526239190250635
960.0,0.0032053672863791385
1024.0,0.0022022716778640947
end
