version,3.0
numOfCh,1
type,point
parent_name,labthresh-0dot04_avgcorrs
ch_type,1_1
kcount,1
numberNandB,1
brightnessNandB,1
carpet pos,0
pc,0
Time (ms),CH1 Auto-Correlation
1.0,0.0569700263440609
2.0,0.05443217232823372
3.0,0.051883380860090256
4.0,0.04966115951538086
5.0,0.047641366720199585
6.0,0.04552335664629936
7.0,0.043498724699020386
8.0,0.04167844355106354
9.0,0.040192220360040665
10.0,0.03865397348999977
11.0,0.03714630380272865
12.0,0.035334452986717224
13.0,0.0335959866642952
14.0,0.031922582536935806
15.0,0.03053213655948639
16.0,0.02905689738690853
18.0,0.026102852076292038
20.0,0.023782379925251007
22.0,0.021591074764728546
24.0,0.01901293359696865
26.0,0.016405584290623665
28.0,0.013370487838983536
30.0,0.011081382763988682
32.0,0.008065271282822849
36.0,0.010068247994422564
40.0,0.0062762628723703525
44.0,0.003953058237675578
48.0,0.0009029376507290484
52.0,-0.003614547183678951
56.0,-0.00803334546944825
60.0,-0.012001883889024612
64.0,-0.017263304547426136
72.0,-0.001942377931922429
80.0,-0.005159286545485405
88.0,-0.007879531614506911
96.0,-0.010770575198540954
104.0,-0.013143570087298653
112.0,-0.013848415410489236
120.0,-0.013541560451956588
128.0,-0.012767173558179485
144.0,-0.020150877516910744
160.0,-0.02354288858671983
176.0,-0.025909154256805778
192.0,-0.027013090322725475
208.0,-0.02679815700588127
224.0,-0.02644203194261839
240.0,-0.02777439389222612
256.0,-0.02363598929368891
288.0,0.013906214260108149
320.0,0.012904697185149416
352.0,-0.002837579076488813
384.0,-0.016546537485232368
416.0,-0.012145754127737341
448.0,-0.0023908000827456513
480.0,-5.1503186114132404e-05
512.0,0.011562167249697572
576.0,-0.001312481986436372
640.0,-0.004064809011955124
704.0,-0.004552829360666995
768.0,0.0021822994652514658
832.0,-0.0013956716866232455
896.0,-0.007482669160405446
960.0,-0.005372271970069657
1024.0,-0.00657559228905787
1152.0,-0.0006871812511235476
1280.0,-0.0005409966106526554
1408.0,0.0003391378268133849
1536.0,0.0019138675415888429
1664.0,0.0014098131796345115
1792.0,-0.0010699775302782655
1920.0,-0.0026580910198390484
2048.0,-0.0014959925319999456
end
