version,3.0
numOfCh,1
type,point
parent_name,labthresh-0dot04_avgcorrs
ch_type,1_1
kcount,1
numberNandB,1
brightnessNandB,1
carpet pos,0
pc,0
Time (ms),CH1 Auto-Correlation
1.0,0.031325019896030426
2.0,0.030613036826252937
3.0,0.029917629435658455
4.0,0.029255209490656853
5.0,0.028601478785276413
6.0,0.02796890027821064
7.0,0.02738734520971775
8.0,0.02685869298875332
9.0,0.026351284235715866
10.0,0.025861404836177826
11.0,0.025411713868379593
12.0,0.02499120868742466
13.0,0.024568380787968636
14.0,0.024198150262236595
15.0,0.023816026747226715
16.0,0.023422205820679665
18.0,0.022651420906186104
20.0,0.021992290392518044
22.0,0.021364187821745872
24.0,0.02078193612396717
26.0,0.020224878564476967
28.0,0.019689418375492096
30.0,0.019334828778461766
32.0,0.018863770264731503
36.0,0.024456962846064318
40.0,0.023103527586720178
44.0,0.021802715516197637
48.0,0.020725413990228182
52.0,0.019775979329786038
56.0,0.018862584465805965
60.0,0.017909274738706175
64.0,0.017039995513517748
72.0,0.022553040661478008
80.0,0.02056708006178572
88.0,0.01837121232923285
96.0,0.016332108112540784
104.0,0.014188266373821534
112.0,0.011753802235640856
120.0,0.009119118476519361
128.0,0.006836318371521581
144.0,0.0103726117995393
160.0,0.0069071969846845604
176.0,0.004415021219756454
192.0,0.0004166498256381601
208.0,-0.003831910784356296
224.0,-0.005700456109480001
240.0,-0.00685307946211348
256.0,-0.009138616446095208
288.0,0.003688636759761721
320.0,-0.003077046887483448
352.0,-0.010039298125775531
384.0,-0.016978989442577586
416.0,-0.025756225644727238
448.0,-0.03259008651366457
480.0,-0.03577708709053695
512.0,-0.04078511905390769
576.0,0.014636327396146953
640.0,0.021516273729503155
704.0,0.01791839493671432
768.0,-0.002317660255357623
832.0,-0.034906563349068165
896.0,-0.06049847602844238
960.0,-0.0927940160036087
1024.0,-0.11416935175657272
1152.0,-0.14706476032733917
1280.0,-0.18757210671901703
1408.0,-0.21744924783706665
1536.0,-0.23737385869026184
1664.0,-0.21572737395763397
1792.0,-0.14556242525577545
1920.0,-0.01664966344833374
2048.0,0.030257362872362137
end
