version,3.0
numOfCh,1
type,point
parent_name,labthresh-0dot04_avgcorrs
ch_type,1_1
kcount,1
numberNandB,1
brightnessNandB,1
carpet pos,0
pc,0
Time (ms),CH1 Auto-Correlation
1.0,0.255497008562088
2.0,0.22734178602695465
3.0,0.20352698862552643
4.0,0.18353870511054993
5.0,0.1668558567762375
6.0,0.15050312876701355
7.0,0.13583476841449738
8.0,0.12078247964382172
9.0,0.1077815368771553
10.0,0.09662075340747833
11.0,0.0862022265791893
12.0,0.07963218539953232
13.0,0.0730607658624649
14.0,0.06602612882852554
15.0,0.06245170533657074
16.0,0.05635422468185425
18.0,0.04853760078549385
20.0,0.042806223034858704
22.0,0.0366339236497879
24.0,0.030458729714155197
26.0,0.02810303494334221
28.0,0.028503241017460823
30.0,0.02310447208583355
32.0,0.017947519198060036
36.0,0.01914290162949328
40.0,0.010197061600933921
44.0,0.001083631899291504
48.0,-0.008258418645709753
52.0,-0.017902500454511028
56.0,-0.023486774516015885
60.0,-0.02562462137080246
64.0,-0.026898995776718948
72.0,-0.015207483872169783
80.0,-0.01483084459323436
88.0,-0.021912959865100372
96.0,-0.017019626119387492
104.0,-0.013546376238082303
112.0,-0.01846906457406779
120.0,-0.023525041396446202
128.0,-0.026754573221652485
144.0,-0.03487561116173096
160.0,-0.04281729096820688
176.0,-0.052439786873840016
192.0,-0.05350024491267772
208.0,-0.029245204624363825
224.0,-0.02481335851446013
240.0,-0.03834865599706331
256.0,-0.028274815488497123
288.0,-0.01163895649369806
320.0,-0.030490440796711482
352.0,-0.04425394331337884
384.0,-0.02301101610646583
416.0,-0.018359583904384635
448.0,-0.009073844325030223
480.0,-0.016635681822663173
512.0,-0.021172475200728513
576.0,-0.0274516319623217
640.0,-0.021825172647368163
704.0,0.019333115313202143
768.0,-0.05407889295020141
832.0,0.005256310862023383
896.0,0.016471510054543614
960.0,-0.03170765936374664
1024.0,-0.0725532490760088
end
