version,3.0
numOfCh,1
type,point
parent_name,labthresh-0dot04_avgcorrs
ch_type,1_1
kcount,1
numberNandB,1
brightnessNandB,1
carpet pos,0
pc,0
Time (ms),CH1 Auto-Correlation
1.0,0.027958232909440994
2.0,0.02642679400742054
3.0,0.02505684643983841
4.0,0.02373908832669258
5.0,0.022578125819563866
6.0,0.021521614864468575
7.0,0.020478490740060806
8.0,0.01956019550561905
9.0,0.0187681894749403
10.0,0.018029430881142616
11.0,0.017310749739408493
12.0,0.016674906015396118
13.0,0.01603514328598976
14.0,0.015449476428329945
15.0,0.01490264292806387
16.0,0.014447245746850967
18.0,0.013819243758916855
20.0,0.013118811883032322
22.0,0.012422609142959118
24.0,0.011615357361733913
26.0,0.010848592966794968
28.0,0.0103895403444767
30.0,0.010041410103440285
32.0,0.009446810930967331
36.0,0.010456668819201046
40.0,0.008970985097507114
44.0,0.007360673680003467
48.0,0.005747184914071113
52.0,0.003775372931392797
56.0,0.0023732912676808025
60.0,0.001407007495124292
64.0,0.0005566493416803756
72.0,0.0014365597610146953
80.0,-0.0001396892503880036
88.0,-0.0011204785506169384
96.0,-0.0018583603254788055
104.0,-0.0028456194326841235
112.0,-0.0025951068069284353
120.0,-0.00258291500271298
128.0,-0.00323428584119938
144.0,-0.0011892324197106062
160.0,-0.003979728231206537
176.0,-0.007144067403108541
192.0,-0.00912888663103028
208.0,-0.010607319845197102
224.0,-0.010326338791249631
240.0,-0.008784070222948989
256.0,-0.007603452859135966
288.0,-0.006863792816875503
320.0,-0.008421923406422139
352.0,-0.01020239154167939
384.0,-0.010290311780408956
416.0,-0.010936599929118529
448.0,-0.012373179115820676
480.0,-0.010538204656040762
512.0,-0.007608278765110299
576.0,-0.0011332926029960315
640.0,0.008074705838225782
704.0,0.008638979595464965
768.0,0.013671647446850935
832.0,0.020702209168424208
896.0,0.017157167778350413
960.0,-0.0028469865501392633
1024.0,0.002612875250633806
end
