version,3.0
numOfCh,1
type,point
parent_name,labthresh-0dot04_avgcorrs
ch_type,1_1
kcount,1
numberNandB,1
brightnessNandB,1
carpet pos,0
pc,0
Time (ms),CH1 Auto-Correlation
1.0,0.01785469241440296
2.0,0.016711117699742317
3.0,0.015658406540751457
4.0,0.01467978022992611
5.0,0.01370161771774292
6.0,0.012726620770990849
7.0,0.011767099611461163
8.0,0.010846645571291447
9.0,0.00999124813824892
10.0,0.009233111515641212
11.0,0.008499746210873127
12.0,0.007889140397310257
13.0,0.007237284444272518
14.0,0.0066054812632501125
15.0,0.006010901648551226
16.0,0.005450922530144453
18.0,0.004454991314560175
20.0,0.0036408237647265196
22.0,0.0030682808719575405
24.0,0.0027169205714017153
26.0,0.0024952234234660864
28.0,0.00238184561021626
30.0,0.002233955543488264
32.0,0.0021851735655218363
36.0,0.0022637757457022625
40.0,0.0018768072589479673
44.0,0.0013582223322233544
48.0,0.0007241349107621667
52.0,-0.00028516532396539475
56.0,-0.0013526200063307232
60.0,-0.0016557788252472305
64.0,-0.0016090582223394169
72.0,-0.000940320261923427
80.0,-0.0010597762282652018
88.0,-0.0013811835802202536
96.0,-0.0017110984917962924
104.0,-0.0012805254203633674
112.0,-0.0008965568572007628
120.0,-0.000978521592298334
128.0,-0.001548907630855129
144.0,-0.0014599755134743948
160.0,-0.0014366996409888896
176.0,-0.0006710763684370451
192.0,-0.00105456255369063
208.0,-0.0009627417231159699
224.0,-0.0007125214680046258
240.0,-0.0006273752194829285
256.0,-0.001067366411492306
288.0,-0.0016669660043488774
320.0,0.00011140224523842335
352.0,-0.00036288569228620164
384.0,-0.0004848915357595413
416.0,-0.0003966618613857362
448.0,-0.0017707282095216215
480.0,-0.0008127245689845748
512.0,-0.0017113699189697702
576.0,-0.00016307473561028019
640.0,-0.0012213655172672588
704.0,-0.0007087431731633842
768.0,-0.0011468775337561965
832.0,-0.002726977712882217
896.0,-0.0016898951871553436
960.0,-0.0007961982337292284
1024.0,-0.0008785111858742312
1152.0,-0.0009563245694153011
1280.0,-0.000978304073214531
1408.0,0.0024423557333648205
1536.0,0.0011927274754270911
1664.0,0.0006063455948606133
1792.0,-0.0005765378009527922
1920.0,-0.0025666318833827972
2048.0,-0.0009879524586722255
end
