version,3.0
numOfCh,1
type,point
parent_name,labthresh-0dot04_avgcorrs
ch_type,1_1
kcount,1
numberNandB,1
brightnessNandB,1
carpet pos,0
pc,0
Time (ms),CH1 Auto-Correlation
1.0,0.0696939006447792
2.0,0.06761294603347778
3.0,0.06563463807106018
4.0,0.06379209458827972
5.0,0.06216338276863098
6.0,0.060647252947092056
7.0,0.05921832472085953
8.0,0.057809408754110336
9.0,0.05647828429937363
10.0,0.05515953525900841
11.0,0.05373845249414444
12.0,0.0525435246527195
13.0,0.0513630285859108
14.0,0.050238654017448425
15.0,0.049077730625867844
16.0,0.04786454513669014
18.0,0.045630261301994324
20.0,0.04346916079521179
22.0,0.041612833738327026
24.0,0.03975792974233627
26.0,0.03811780363321304
28.0,0.03670770302414894
30.0,0.0356023795902729
32.0,0.034551944583654404
36.0,0.03715656431582333
40.0,0.03516804430992951
44.0,0.033579105482203886
48.0,0.031805796972714066
52.0,0.029177309687259945
56.0,0.026409254834024152
60.0,0.023036841850295208
64.0,0.020023107872310156
72.0,0.021416736883111298
80.0,0.017353454610736875
88.0,0.015363577494152944
96.0,0.014541722966789487
104.0,0.012274255919264225
112.0,0.0071763326550888665
120.0,0.0024902707826935083
128.0,-0.0006184974550064106
144.0,-0.0033595910168845544
160.0,-0.00983478949108923
176.0,-0.012995938855138693
192.0,-0.012719274911267514
208.0,-0.007772753460316876
224.0,-0.004656585256188092
240.0,-0.008093215556899932
256.0,-0.012165168522518467
288.0,-0.029461086810832576
320.0,-0.0204233837180904
352.0,-0.011791849569687787
384.0,0.00296104938856193
416.0,0.005778500361235014
448.0,-0.009513278458533543
480.0,0.008763751201331615
512.0,-0.0148293012753129
576.0,-0.04133913910482079
640.0,-0.05014536192175001
704.0,-0.03783235140144825
768.0,-0.02368130791001022
832.0,-0.02771541685797274
896.0,-0.03846431360580027
960.0,-0.038141046767123044
1024.0,-0.02208054034781526
1152.0,-0.01169600896537304
1280.0,-0.0303721334785223
1408.0,-0.05521523021161556
1536.0,-0.056109171360731125
1664.0,-0.05549852177500725
1792.0,-0.018945973366498947
1920.0,-0.027723987586796284
2048.0,-0.020037471316754818
end
