version,3.0
numOfCh,1
type,point
parent_name,labthresh-0dot04_avgcorrs
ch_type,1_1
kcount,1
numberNandB,1
brightnessNandB,1
carpet pos,0
pc,0
Time (ms),CH1 Auto-Correlation
1.0,0.13109831511974335
2.0,0.11673330515623093
3.0,0.10448828339576721
4.0,0.09288609772920609
5.0,0.08343786001205444
6.0,0.07624106854200363
7.0,0.06905277073383331
8.0,0.06242794543504715
9.0,0.05764478072524071
10.0,0.0537601113319397
11.0,0.049636974930763245
12.0,0.04543367773294449
13.0,0.0406864732503891
14.0,0.037351202219724655
15.0,0.034701019525527954
16.0,0.0324530228972435
18.0,0.02983875572681427
20.0,0.02724742516875267
22.0,0.02494007907807827
24.0,0.021840356290340424
26.0,0.018566902726888657
28.0,0.016272228211164474
30.0,0.012829896993935108
32.0,0.00989468488842249
36.0,0.006103761915309245
40.0,0.001029678735529374
44.0,-0.0016197539147576796
48.0,-0.0019629253665163346
52.0,-0.0005012742067800205
56.0,-7.000898082932348e-05
60.0,-0.0014299610735509884
64.0,-0.0010325691828532426
72.0,-0.0047594574963390505
80.0,-0.011423053117418338
88.0,-0.008452527863957348
96.0,-0.013926213933028403
104.0,-0.022284437806102567
112.0,-0.01784216320020673
120.0,-0.014199540299950573
128.0,-0.014578227171390925
144.0,-0.013226022552569501
160.0,-0.010430626202529917
176.0,-0.005244703963398933
192.0,0.004314135763302652
208.0,0.006178725355615218
224.0,0.0004769444025845991
240.0,-0.011329514781634013
256.0,-0.019961204240098597
288.0,-0.03112762910798968
320.0,-0.03727361065102741
352.0,-0.03867439264043545
384.0,-0.02882483526385234
416.0,-0.018813883992455278
448.0,-0.005318073778956507
480.0,-0.0031731076771393417
512.0,0.006708744168281555
576.0,-0.0008662357577122748
640.0,0.007789856870658696
704.0,-0.025658687809482217
768.0,0.006118931341916323
832.0,0.01900216164358426
896.0,-0.007710121013019489
960.0,-0.019066772734125454
1024.0,-0.027330218348652124
end
