version,3.0
numOfCh,1
type,point
parent_name,labthresh-0dot04_avgcorrs
ch_type,1_1
kcount,1
numberNandB,1
brightnessNandB,1
carpet pos,0
pc,0
Time (ms),CH1 Auto-Correlation
1.0,0.015123290941119194
2.0,0.013948701322078705
3.0,0.012941555120050907
4.0,0.012047152034938335
5.0,0.011255960911512375
6.0,0.010546965524554253
7.0,0.00985921174287796
8.0,0.009241268038749695
9.0,0.008681119419634342
10.0,0.008093653246760368
11.0,0.007538614794611931
12.0,0.007084319368004799
13.0,0.0066165318712592125
14.0,0.00613482715561986
15.0,0.005707798525691032
16.0,0.005369869060814381
18.0,0.004711892455816269
20.0,0.0040244306437671185
22.0,0.0033315294422209263
24.0,0.0027001812122762203
26.0,0.002311431337147951
28.0,0.0017691347748041153
30.0,0.001491344766691327
32.0,0.0014394144527614117
36.0,0.0022609146554745606
40.0,0.0020390524070284426
44.0,0.0016577188482564263
48.0,0.0010934182320287901
52.0,0.0006366375129236358
56.0,0.0002466989296000724
60.0,-0.00041758625317517474
64.0,-0.001013399654139307
72.0,0.00048815856886600767
80.0,3.337097910439802e-05
88.0,-0.0005713315460727446
96.0,-0.001147528036704494
104.0,-0.001171548569497342
112.0,-0.0006868928830954246
120.0,-0.0006143255870685809
128.0,0.0011477714894378248
144.0,-0.002225377914458347
160.0,-0.0030812038728202295
176.0,-0.002923386105976533
192.0,-0.00338738285375127
208.0,-0.002161009224697149
224.0,-0.0023053677183010484
240.0,-0.002580179213379909
256.0,-0.0021593853432152954
288.0,-0.0015983633771115406
320.0,-0.0023480862510041334
352.0,-0.003276528494263237
384.0,-0.0031275542833927
416.0,-0.0019210096639157696
448.0,0.00019648303912783211
480.0,0.0005446592345833779
512.0,0.0017836326267570257
576.0,-0.0008760003838688135
640.0,-0.0026207353366771713
704.0,-0.0021456530084833503
768.0,-0.0013115842739352956
832.0,-0.00018346756132814335
896.0,-0.003003223569066904
960.0,-0.0025088445150426458
1024.0,-0.0024166070839523207
end
