version,3.0
numOfCh,1
type,point
parent_name,labthresh-0dot04_avgcorrs
ch_type,1_1
kcount,1
numberNandB,1
brightnessNandB,1
carpet pos,0
pc,0
Time (ms),CH1 Auto-Correlation
1.0,0.0350424088537693
2.0,0.03411019220948219
3.0,0.03325440734624863
4.0,0.032416634261608124
5.0,0.03157103434205055
6.0,0.03082866221666336
7.0,0.030055923387408257
8.0,0.029324036091566086
9.0,0.028631605207920074
10.0,0.027970056980848312
11.0,0.027346650138497353
12.0,0.026765093207359314
13.0,0.026194525882601738
14.0,0.025685202330350876
15.0,0.025211026892066002
16.0,0.024711359292268753
18.0,0.023784508928656578
20.0,0.022877926006913185
22.0,0.022042009979486465
24.0,0.021340882405638695
26.0,0.020803585648536682
28.0,0.020466966554522514
30.0,0.020961036553489975
32.0,0.020584147888682007
36.0,0.02230766435017218
40.0,0.0208009286417599
44.0,0.019686054494321488
48.0,0.018817881115515214
52.0,0.018040458011315562
56.0,0.017462405128753744
60.0,0.01883141402261875
64.0,0.018408697458653478
72.0,0.02202098552661482
80.0,0.020336472824965313
88.0,0.018430647081549976
96.0,0.01710713461143314
104.0,0.016147441575594713
112.0,0.015358983930491376
120.0,0.015517603675681656
128.0,0.014680336848629705
144.0,0.01822757379613904
160.0,0.016737522731332888
176.0,0.014764148132599075
192.0,0.011901897625648417
208.0,0.009399704738825676
224.0,0.0072951718593685655
240.0,0.0068143331242026765
256.0,0.00582029956082503
288.0,0.006389523154211929
320.0,0.0018616501009091734
352.0,-0.004319346882402897
384.0,-0.00919330027536489
416.0,-0.01235104100778699
448.0,-0.013256906085007358
480.0,-0.025275014766521053
512.0,-0.030136409419355914
576.0,-0.039263880042459016
640.0,-0.04580216066512678
704.0,-0.04904950501596821
768.0,-0.03985731911130382
832.0,-0.032822496307614656
896.0,-0.02627136087643781
960.0,-0.022494394032816802
1024.0,-0.023026701927717243
1152.0,-0.07783365994691849
1280.0,-0.07740379124879837
1408.0,-0.08850569278001785
1536.0,-0.06454671174287796
1664.0,-0.01894703321158886
1792.0,0.0670941174030304
1920.0,0.1532468944787979
2048.0,0.2213139533996582
end
