version,3.0
numOfCh,1
type,point
parent_name,labthresh-0dot04_avgcorrs
ch_type,1_1
kcount,1
numberNandB,1
brightnessNandB,1
carpet pos,0
pc,0
Time (ms),CH1 Auto-Correlation
1.0,0.01705642230808735
2.0,0.015834424644708633
3.0,0.014694237150251865
4.0,0.013747879303991795
5.0,0.012889913283288479
6.0,0.012154929339885712
7.0,0.011460172943770885
8.0,0.010889090597629547
9.0,0.0102838184684515
10.0,0.009736506268382072
11.0,0.009239302016794682
12.0,0.008746775798499584
13.0,0.008289127610623837
14.0,0.007949838414788246
15.0,0.00766703812405467
16.0,0.007400848902761936
18.0,0.006795062683522701
20.0,0.006231437437236309
22.0,0.005675912369042635
24.0,0.005111432634294033
26.0,0.004737127106636763
28.0,0.004538140259683132
30.0,0.004398449861431193
32.0,0.0040093924203574716
36.0,0.006733909296385451
40.0,0.006191302215002532
44.0,0.005191595820446417
48.0,0.00414569181499674
52.0,0.003385250849693394
56.0,0.0027147818071652555
60.0,0.0030752785559426147
64.0,0.002777395582101731
72.0,0.005345490219800316
80.0,0.00476788972673603
88.0,0.004163853684985952
96.0,0.00341484152401487
104.0,0.0025018740275299933
112.0,0.0024564042605561554
120.0,0.0028502755626307235
128.0,0.0017644471644535256
144.0,0.002205050412840137
160.0,0.0016282249295045403
176.0,0.0014338270618736715
192.0,0.0003374662238684323
208.0,5.689274621545337e-05
224.0,0.00044734160701409564
240.0,0.00010310418604473983
256.0,0.00010472950712677889
288.0,0.0007553146133432165
320.0,-0.0035927895951317623
352.0,-0.006725294661009684
384.0,-0.00939697645344495
416.0,-0.010600979236187413
448.0,-0.009439493180252612
480.0,-0.00979719709539495
512.0,-0.01212386608676752
576.0,-0.011192204605322331
640.0,-0.009045674683875404
704.0,-0.009267837973311543
768.0,-0.004261693160515279
832.0,0.0005228789523243904
896.0,-0.004246858297847211
960.0,-0.007701842347159982
1024.0,0.004728280357085168
end
