version,3.0
numOfCh,1
type,point
parent_name,labthresh-0dot04_avgcorrs
ch_type,1_1
kcount,1
numberNandB,1
brightnessNandB,1
carpet pos,0
pc,0
Time (ms),CH1 Auto-Correlation
1.0,0.04700888693332672
2.0,0.04505680873990059
3.0,0.043173953890800476
4.0,0.04145462065935135
5.0,0.039955634623765945
6.0,0.038581572473049164
7.0,0.03727855160832405
8.0,0.03599109500646591
9.0,0.03483666479587555
10.0,0.033644191920757294
11.0,0.032591599971055984
12.0,0.031646937131881714
13.0,0.030642986297607422
14.0,0.02971905842423439
15.0,0.028849516063928604
16.0,0.02792043797671795
18.0,0.02625458687543869
20.0,0.025227682664990425
22.0,0.024446973577141762
24.0,0.023699184879660606
26.0,0.022946160286664963
28.0,0.02208866737782955
30.0,0.02130400575697422
32.0,0.02073102816939354
36.0,0.025081119446050643
40.0,0.022322119364356956
44.0,0.019002372766928084
48.0,0.016076051630079746
52.0,0.013586974916506733
56.0,0.011672919914417434
60.0,0.010496913433468893
64.0,0.009164805886289937
72.0,0.00947753929982095
80.0,0.005392440985555628
88.0,0.0013256494137403067
96.0,-0.00044890568963074616
104.0,-0.00353267624381087
112.0,-0.006869026862183264
120.0,-0.010211969912190744
128.0,-0.013900881300547294
144.0,-0.003225670192932739
160.0,-0.005235068892943673
176.0,-0.005213321258906944
192.0,-0.005743115010773181
208.0,-0.008603732989286073
224.0,-0.007158083317335695
240.0,-0.010458769909261416
256.0,-0.007710186339681968
288.0,0.010751406269264407
320.0,0.0056045057301941726
352.0,-0.0016048706103382365
384.0,-0.003303867282478937
416.0,-0.008570141400144036
448.0,-0.010611402719015521
480.0,-0.009461424080654979
512.0,-0.011877069948241115
576.0,-0.034622915380168706
640.0,-0.04116224852805317
704.0,-0.04845294286496937
768.0,-0.05298574818880297
832.0,-0.05588050349433615
896.0,-0.052782014914555475
960.0,-0.07872416212921962
1024.0,-0.09882783374632709
1152.0,-0.019216479500755668
1280.0,-0.015930379391647875
1408.0,0.008547198376618326
1536.0,-0.002298983745276928
1664.0,-0.01123273535631597
1792.0,0.0196788574103266
end
