version,3.0
numOfCh,1
type,point
parent_name,labthresh-0dot04_avgcorrs
ch_type,1_1
kcount,1
numberNandB,1
brightnessNandB,1
carpet pos,0
pc,0
Time (ms),CH1 Auto-Correlation
1.0,0.16477367281913757
2.0,0.14378301799297333
3.0,0.128748819231987
4.0,0.11633893102407455
5.0,0.10429980605840683
6.0,0.0955994501709938
7.0,0.08665940910577774
8.0,0.07896219193935394
9.0,0.07048144936561584
10.0,0.06380540132522583
11.0,0.058247048407793045
12.0,0.05238332599401474
13.0,0.04902898147702217
14.0,0.047220297157764435
15.0,0.045511484146118164
16.0,0.03991132974624634
18.0,0.034445613622665405
20.0,0.029171619564294815
22.0,0.02730129100382328
24.0,0.02180406078696251
26.0,0.016482768580317497
28.0,0.011576319113373756
30.0,0.009027952701705167
32.0,0.01031377433484034
36.0,0.020750823791090892
40.0,0.013919254277425352
44.0,0.0032084376852093126
48.0,-0.0053852514144690595
52.0,-0.009117858525876406
56.0,-0.012224225417305527
60.0,-0.013370058052259992
64.0,-0.014524780224746792
72.0,-0.014515476056355206
80.0,-0.015319389704624578
88.0,-0.01425685896416932
96.0,-0.01745327113409682
104.0,-0.022169282298515707
112.0,-0.016084058977867244
120.0,-0.012826202360884054
128.0,-0.014104010340209546
144.0,-0.01570758905533391
160.0,-0.006481752446335223
176.0,-0.0019934358812558153
192.0,-0.012363198200344212
208.0,-0.02032602461177804
224.0,-0.023544753009142976
240.0,-0.030046328902244568
256.0,-0.022113105883666623
288.0,-0.03693535192062634
320.0,-0.06497812062926558
352.0,-0.06538585034749386
384.0,-0.03437280742747879
416.0,0.04399253834377636
448.0,0.029507571725513448
480.0,-0.029392566753085703
512.0,-0.009355495480122045
576.0,-0.014383007461826006
640.0,-0.0068075992166996
704.0,-0.0159022716494898
768.0,-0.017238822765648365
832.0,0.023236359586007893
896.0,0.020671306236181408
960.0,0.006046263268217444
1024.0,-0.006127014406956732
end
