version,3.0
numOfCh,1
type,point
parent_name,labthresh-0dot04_avgcorrs
ch_type,1_1
kcount,1
numberNandB,1
brightnessNandB,1
carpet pos,0
pc,0
Time (ms),CH1 Auto-Correlation
1.0,0.08271466195583344
2.0,0.08024197816848755
3.0,0.07775643467903137
4.0,0.07513988763093948
5.0,0.07270611822605133
6.0,0.07016779482364655
7.0,0.06791867315769196
8.0,0.06591522693634033
9.0,0.06384037435054779
10.0,0.0621284618973732
11.0,0.06045135483145714
12.0,0.05880805850028992
13.0,0.05739929527044296
14.0,0.056160636246204376
15.0,0.05480305105447769
16.0,0.05345392972230911
18.0,0.051560625433921814
20.0,0.049543049186468124
22.0,0.046965353190898895
24.0,0.043954961001873016
26.0,0.04127497971057892
28.0,0.03851579129695892
30.0,0.03622233122587204
32.0,0.03398878127336502
36.0,0.050793969593739705
40.0,0.04631941100461003
44.0,0.04255901163686877
48.0,0.03950525665245748
52.0,0.036942973029078494
56.0,0.03493361291586315
60.0,0.032841867555955265
64.0,0.030556263870929124
72.0,0.03382919037463389
80.0,0.03210477878976809
88.0,0.030778100119756634
96.0,0.028110597055944566
104.0,0.025042203484764814
112.0,0.021371499159661318
120.0,0.01845200987544989
128.0,0.017044747440530427
144.0,0.017770773446553742
160.0,0.015114425238126013
176.0,0.0129535547354916
192.0,0.010971203391604564
208.0,0.005720293291447246
224.0,0.0020934802339658796
240.0,-0.0009914971648386733
256.0,-0.004221934897085542
288.0,0.007039331119611031
320.0,0.008185410419375531
352.0,0.006309315058590275
384.0,0.003510580326999641
416.0,-0.001612465789852043
448.0,-0.009449449597418101
480.0,-0.021941692034791533
512.0,-0.028500808399662167
576.0,-0.0714122117885078
640.0,-0.0839124627915832
704.0,-0.08108257029137651
768.0,-0.07313183665003938
832.0,-0.06445978805519796
896.0,-0.05807988356294421
960.0,-0.04879487183643505
1024.0,-0.04828833982658883
end
