version,3.0
numOfCh,1
type,point
parent_name,labthresh-0dot04_avgcorrs
ch_type,1_1
kcount,1
numberNandB,1
brightnessNandB,1
carpet pos,0
pc,0
Time (ms),CH1 Auto-Correlation
1.0,0.09986498206853867
2.0,0.08973748981952667
3.0,0.08176342397928238
4.0,0.07452459633350372
5.0,0.06870260089635849
6.0,0.06211266294121742
7.0,0.05535925179719925
8.0,0.04946136474609375
9.0,0.04405711963772774
10.0,0.03877122327685356
11.0,0.03580921143293381
12.0,0.03261587768793106
13.0,0.029724016785621643
14.0,0.027665361762046814
15.0,0.0256930161267519
16.0,0.025340525433421135
18.0,0.02350134588778019
20.0,0.019695639610290527
22.0,0.015681665390729904
24.0,0.011596678756177425
26.0,0.0050183190032839775
28.0,-0.001273435540497303
30.0,-0.0068068187683820724
32.0,-0.012230881489813328
36.0,0.0027970996331229494
40.0,-0.0013096551604879398
44.0,-0.003996286575177995
48.0,-0.004669693279235314
52.0,-0.004935088877876599
56.0,-0.00450611537420779
60.0,-0.005265548788884189
64.0,-0.004607653512721299
72.0,-0.001277469460183056
80.0,-0.0028589875379111617
88.0,-0.004168238234706223
96.0,-0.005299404511606554
104.0,-0.008724720778991469
112.0,-0.014463641645852477
120.0,-0.017151565209994595
128.0,-0.014752169409276624
144.0,-0.018235745762164395
160.0,-0.02087586922183012
176.0,-0.023226477050532896
192.0,-0.022439389654512826
208.0,-0.016195729452495772
224.0,-0.013849720931223905
240.0,-0.009347999022187045
256.0,-0.0015260919850940506
288.0,-0.011156312510138378
320.0,-0.011098738061264157
352.0,-0.0054535750387003645
384.0,0.00043389554775785655
416.0,0.0013373331021284685
448.0,0.0006347300368361175
480.0,-0.0005722921341657639
512.0,-0.001696535376443838
576.0,-0.008041421417146921
640.0,-0.008327005663886666
704.0,-0.014678471023216844
768.0,-0.008154030772857368
832.0,0.0023665393237024546
896.0,-0.010972092000884004
960.0,0.006053879507817328
1024.0,0.00940274482127279
1152.0,-0.010499706026166677
1280.0,-0.011265687178820372
1408.0,-0.011564025189727545
1536.0,-0.0036736358888447285
1664.0,0.011862176936119795
1792.0,0.0389668510761112
1920.0,0.05453161150217056
2048.0,-0.019439512863755226
end
