version,3.0
numOfCh,1
type,point
parent_name,labthresh-0dot04_avgcorrs
ch_type,1_1
kcount,1
numberNandB,1
brightnessNandB,1
carpet pos,0
pc,0
Time (ms),CH1 Auto-Correlation
1.0,0.06122400611639023
2.0,0.05900155380368233
3.0,0.05701033025979996
4.0,0.054934144020080566
5.0,0.052843980491161346
6.0,0.05084308981895447
7.0,0.04906991869211197
8.0,0.047192804515361786
9.0,0.04532741755247116
10.0,0.04352027177810669
11.0,0.04162665456533432
12.0,0.03991984203457832
13.0,0.03821760043501854
14.0,0.03653474524617195
15.0,0.03491433337330818
16.0,0.03341307491064072
18.0,0.030170196667313576
20.0,0.027384987100958824
22.0,0.024394920095801353
24.0,0.02137855999171734
26.0,0.01878082938492298
28.0,0.01676773838698864
30.0,0.01570127695837679
32.0,0.013752547407654138
36.0,0.030025631349807163
40.0,0.026862806276767515
44.0,0.02431357033700416
48.0,0.021797153550453783
52.0,0.018431139941510213
56.0,0.015535899306996725
60.0,0.015122395034672486
64.0,0.013664432690280524
72.0,0.01346751994374658
80.0,0.009612182288864542
88.0,0.006032036195723445
96.0,0.002934558448652586
104.0,0.0008515731659082866
112.0,-0.0007870674453442916
120.0,-0.0024012538355732845
128.0,-0.0036039263570935213
144.0,0.00981985079900672
160.0,0.010408947213242451
176.0,0.01155559141576911
192.0,0.010141216226232548
208.0,0.008541589255522316
224.0,0.006452553793011854
240.0,0.0031601993667815503
256.0,0.0014288997978534705
288.0,-0.008475934508169303
320.0,-0.026004524013842456
352.0,-0.03538886790192919
384.0,-0.03922186950148898
416.0,-0.042096361070434796
448.0,-0.045223492532386445
480.0,-0.045084085111739114
512.0,-0.039846691899583675
576.0,-0.03852798172738403
640.0,-0.042201845077215694
704.0,-0.026763919042423368
768.0,-0.0002032832708209753
832.0,-0.023009078082395718
896.0,-0.026847954373806715
960.0,-0.03927796136122197
1024.0,-0.027052656863816082
end
