version,3.0
numOfCh,1
type,point
parent_name,labthresh-0dot04_avgcorrs
ch_type,1_1
kcount,1
numberNandB,1
brightnessNandB,1
carpet pos,0
pc,0
Time (ms),CH1 Auto-Correlation
1.0,0.1732366383075714
2.0,0.1542791724205017
3.0,0.13878671824932098
4.0,0.1267622709274292
5.0,0.11748609691858292
6.0,0.10891243070363998
7.0,0.10264591127634048
8.0,0.09691998362541199
9.0,0.0916171669960022
10.0,0.08641790598630905
11.0,0.08167906105518341
12.0,0.07809360325336456
13.0,0.07461177557706833
14.0,0.07185100018978119
15.0,0.06956800818443298
16.0,0.06966439634561539
18.0,0.06277278065681458
20.0,0.055030763149261475
22.0,0.04427546262741089
24.0,0.03554572910070419
26.0,0.030880389735102654
28.0,0.027492448687553406
30.0,0.02335029067542178
32.0,0.019415131364384608
36.0,0.04158934973999679
40.0,0.03263781374950598
44.0,0.025529386693960987
48.0,0.020496757678651754
52.0,0.01731740442650894
56.0,0.011728364431222032
60.0,0.00672239010544637
64.0,0.003855033039984007
72.0,0.015729341143742203
80.0,0.011469381983624771
88.0,0.004163704543316271
96.0,0.004074726955150254
104.0,0.0033293768297880887
112.0,0.0023599389543960568
120.0,0.005060451764802565
128.0,0.005017136983224191
144.0,0.0006561904899879462
160.0,-0.008384126141512146
176.0,-0.012819988653670103
192.0,-0.012075798928789381
208.0,-0.021264741792240076
224.0,-0.03225790803682887
240.0,-0.042692077784415555
256.0,-0.04826265317430679
288.0,-0.08230276120593771
320.0,-0.06626769690774381
352.0,-0.07394227729037084
384.0,-0.06602230979478918
416.0,-0.06733758994960226
448.0,-0.05366674909600988
480.0,-0.049767392134526744
512.0,-0.02279750694287941
576.0,-0.023808320052921772
640.0,-0.011703406926244497
704.0,-0.02855188585817814
768.0,-0.02186973439529538
832.0,-0.049826803617179394
896.0,-0.06913026375696063
960.0,0.016917217057198286
1024.0,-0.0022805891931056976
1152.0,0.0067312829196453094
1280.0,-0.006016864441335201
1408.0,-0.013432679697871208
1536.0,-0.014418358914554119
1664.0,-0.031665049493312836
1792.0,-0.02305285446345806
1920.0,-0.028064090758562088
2048.0,-0.009695873595774174
end
