version,3.0
numOfCh,1
type,point
parent_name,labthresh-0dot04_avgcorrs
ch_type,1_1
kcount,1
numberNandB,1
brightnessNandB,1
carpet pos,0
pc,0
Time (ms),CH1 Auto-Correlation
1.0,0.10065094381570816
2.0,0.09789379686117172
3.0,0.09549086540937424
4.0,0.09325550496578217
5.0,0.0913139060139656
6.0,0.08918986469507217
7.0,0.08727418631315231
8.0,0.0855114534497261
9.0,0.08382720500230789
10.0,0.08211523294448853
11.0,0.0802982971072197
12.0,0.07865294069051743
13.0,0.07712298631668091
14.0,0.07567740231752396
15.0,0.07402122765779495
16.0,0.07261894643306732
18.0,0.07016152143478394
20.0,0.06778788566589355
22.0,0.06564561277627945
24.0,0.06377345323562622
26.0,0.061457559466362
28.0,0.05909231677651405
30.0,0.0591381382322512
32.0,0.05756342798458018
36.0,0.06208393793591919
40.0,0.05885471148697737
44.0,0.05581752488797065
48.0,0.053154849294211694
52.0,0.05026350611099891
56.0,0.04693206250400787
60.0,0.044357766113535035
64.0,0.04314825111578102
72.0,0.04506197544660175
80.0,0.04173710914689027
88.0,0.0380335628176995
96.0,0.03205318883660117
104.0,0.027280430252652706
112.0,0.02313295265360336
120.0,0.02072693769531768
128.0,0.01632760222405306
144.0,0.011765889324391644
160.0,0.011996649572050528
176.0,0.014579609330907902
192.0,0.016451010733897632
208.0,0.021540137899779332
224.0,0.027328589155598926
240.0,0.029583029633880976
256.0,0.03316101708504207
288.0,0.011289400662380185
320.0,-0.000927254763982174
352.0,-0.012088056217180565
384.0,-0.023660975233228368
416.0,-0.03349375046408651
448.0,-0.03879377577686682
480.0,-0.04923775435891002
512.0,-0.04978288947895635
576.0,-0.03614215964140991
640.0,-0.039067927903185286
704.0,-0.03769712857168391
768.0,-0.030456417783473928
832.0,-0.025142433199410636
896.0,-0.01390343033320581
960.0,-0.03235104195773601
1024.0,-0.04258013335056603
1152.0,-0.008193071000277996
1280.0,-0.03555317595601082
1408.0,-0.06394392251968384
1536.0,-0.1559804528951645
1664.0,-0.3003543019294739
1792.0,-0.4347361922264099
end
