version,3.0
numOfCh,1
type,point
parent_name,labthresh-0dot04_avgcorrs
ch_type,1_1
kcount,1
numberNandB,1
brightnessNandB,1
carpet pos,0
pc,0
Time (ms),CH1 Auto-Correlation
1.0,0.015079932287335396
2.0,0.01386281568557024
3.0,0.012784820981323719
4.0,0.011878551915287971
5.0,0.011046197265386581
6.0,0.010214809328317642
7.0,0.009451146237552166
8.0,0.008728726767003536
9.0,0.008081595413386822
10.0,0.007524637505412102
11.0,0.0070055327378213406
12.0,0.006504855118691921
13.0,0.006026368588209152
14.0,0.005475035402923822
15.0,0.00495999027043581
16.0,0.004495495930314064
18.0,0.0037791416980326176
20.0,0.0029212860390543938
22.0,0.002186227822676301
24.0,0.0016545538092032075
26.0,0.001042093033902347
28.0,0.0005718932370655239
30.0,0.00022272269416134804
32.0,-7.450829434674233e-05
36.0,0.0002640643016514709
40.0,-0.000629959354338963
44.0,-0.0012566120620737442
48.0,-0.0017647686350179223
52.0,-0.002545415155842287
56.0,-0.00339558996223254
60.0,-0.0038693557404125075
64.0,-0.0037867113662409017
72.0,-0.003474328953307122
80.0,-0.0036695142940152436
88.0,-0.004017044557258487
96.0,-0.003970895753009245
104.0,-0.003227416911831824
112.0,-0.00116810726292897
120.0,0.0006418906740054809
128.0,0.0011434269603341819
144.0,0.00010911909794231178
160.0,-0.00026483523470233195
176.0,-0.0015390703075013334
192.0,-0.0023676015516684856
208.0,-0.0032104633892231504
224.0,-0.004423780989782244
240.0,-0.0039800342437956715
256.0,-0.0027956664853263646
288.0,-0.00409309342083159
320.0,-0.0029775806279859454
352.0,-0.0023374476651143697
384.0,-0.0017720632766011274
416.0,0.00037185367869420186
448.0,0.0004640967704795508
480.0,-0.0004267577787686605
512.0,0.0022136667857921566
576.0,0.0007727288951476415
640.0,0.00044023245573043823
704.0,0.0010184852872043848
768.0,0.0004168979648966342
832.0,0.002017883351072669
896.0,0.0031452809538071356
960.0,-0.00019496640500923
1024.0,-0.002338636200875044
end
