version,3.0
numOfCh,1
type,point
parent_name,labthresh-0dot04_avgcorrs
ch_type,1_1
kcount,1
numberNandB,1
brightnessNandB,1
carpet pos,0
pc,0
Time (ms),CH1 Auto-Correlation
1.0,0.04868839308619499
2.0,0.0468047633767128
3.0,0.0450279638171196
4.0,0.04334148019552231
5.0,0.04172389581799507
6.0,0.040194448083639145
7.0,0.038627445697784424
8.0,0.03714141249656677
9.0,0.03581463545560837
10.0,0.03449007868766785
11.0,0.03322635218501091
12.0,0.03201189264655113
13.0,0.030652135610580444
14.0,0.0294437725096941
15.0,0.02838478982448578
16.0,0.02739872597157955
18.0,0.02531074546277523
20.0,0.023397644981741905
22.0,0.02154548279941082
24.0,0.019739028066396713
26.0,0.0181488785892725
28.0,0.016641540452837944
30.0,0.015182748436927795
32.0,0.01401334349066019
36.0,0.01285332978295628
40.0,0.010263780908784471
44.0,0.0079575120415449
48.0,0.005494757076611187
52.0,0.0027208747801173907
56.0,0.001140064668456594
60.0,0.0002506800692572142
64.0,-0.00026979770336765796
72.0,-0.003795487507886719
80.0,-0.007803612421742979
88.0,-0.0117219192278836
96.0,-0.014039927380178018
104.0,-0.011879259878531395
112.0,-0.008117972218315117
120.0,-0.007638083495077721
128.0,-0.007274791319754773
144.0,-0.004347174124430037
160.0,-0.003286265997404472
176.0,-0.0030971860679629673
192.0,-0.002650653157616034
208.0,-0.0014193041909796496
224.0,-0.00295486879218111
240.0,-0.005002239649184048
256.0,-0.004854666503767173
288.0,-0.0017028747857289596
320.0,-0.0029505815020658905
352.0,-0.004483372272160422
384.0,-0.003851396937130226
416.0,-0.0037908538684455883
448.0,-0.00483600720326649
480.0,-0.00843445220703466
512.0,-0.011192597882149534
576.0,0.0018021575233433396
640.0,-0.0022935407469049096
704.0,-0.0037177177946432494
768.0,-0.0013911840505897999
832.0,0.0022517346660606563
896.0,0.0005386163174989633
960.0,-0.003555521398084238
1024.0,-0.0026030797307612374
1152.0,-0.0007499685743823647
1280.0,0.002625969937071204
1408.0,-0.001751544768922031
1536.0,-0.005940064322203398
1664.0,-0.003240741090849042
1792.0,-0.0014620872680097818
1920.0,0.002431098837405443
2048.0,0.0037664950359612703
end
