version,3.0
numOfCh,1
type,point
parent_name,labthresh-0dot04_avgcorrs
ch_type,1_1
kcount,1
numberNandB,1
brightnessNandB,1
carpet pos,0
pc,0
Time (ms),CH1 Auto-Correlation
1.0,0.17242470383644104
2.0,0.15022419393062592
3.0,0.1343567669391632
4.0,0.12131152302026749
5.0,0.10826375335454941
6.0,0.09918492287397385
7.0,0.09120751917362213
8.0,0.08346451073884964
9.0,0.07660958915948868
10.0,0.07202980667352676
11.0,0.06638408452272415
12.0,0.06527385860681534
13.0,0.06417351216077805
14.0,0.06450667232275009
15.0,0.06325395405292511
16.0,0.0631144717335701
18.0,0.05484968051314354
20.0,0.0468110516667366
22.0,0.0350491963326931
24.0,0.023514993488788605
26.0,0.016208909451961517
28.0,0.012453063391149044
30.0,0.010287871584296227
32.0,0.0062270802445709705
36.0,0.005940675614207673
40.0,-0.00018273917121405247
44.0,5.00583400328954e-05
48.0,-0.00045046170028702665
52.0,-0.0023540863097878174
56.0,-0.009233215113636107
60.0,-0.00035552484593514736
64.0,-0.0004991831667901916
72.0,-0.009895243281498552
80.0,-0.008715503874700516
88.0,-0.011659752474515698
96.0,-0.014289328889281023
104.0,-0.023495705170789735
112.0,-0.028680594372563064
120.0,-0.021270850532649394
128.0,-0.02084706009979224
144.0,-0.02926904826502626
160.0,-0.023566902781668533
176.0,-0.02162378541349123
192.0,-0.02235513724857204
208.0,-0.02087041759983145
224.0,-0.01707189823112761
240.0,-0.0066837415754836165
256.0,-0.0031683837775798407
288.0,-0.013561311633869385
320.0,-0.01288045917560036
352.0,-0.012043252718285657
384.0,-0.0008016107991958658
416.0,0.0053501041838899255
448.0,0.0009824062193123002
480.0,-0.0075423861999297515
512.0,-0.011108237014317032
576.0,-0.021810965961776674
640.0,-0.03239959850907326
704.0,-0.03039192532499631
768.0,-0.02772810806830724
832.0,-0.005714160196172695
896.0,0.009191882486144701
960.0,0.02810610303034385
1024.0,0.035060552724947534
end
