version,3.0
numOfCh,1
type,point
parent_name,labthresh-0dot04_avgcorrs
ch_type,1_1
kcount,1
numberNandB,1
brightnessNandB,1
carpet pos,0
pc,0
Time (ms),CH1 Auto-Correlation
1.0,0.09341096132993698
2.0,0.09088069200515747
3.0,0.08832747489213943
4.0,0.08599309623241425
5.0,0.08393919467926025
6.0,0.08183704316616058
7.0,0.07981396466493607
8.0,0.07804899662733078
9.0,0.07607550919055939
10.0,0.07435357570648193
11.0,0.07268442213535309
12.0,0.07106366753578186
13.0,0.06943442672491074
14.0,0.06739643216133118
15.0,0.06547445058822632
16.0,0.0639016255736351
18.0,0.061359476298093796
20.0,0.05891318619251251
22.0,0.05612754076719284
24.0,0.05285726487636566
26.0,0.04954729974269867
28.0,0.04722851142287254
30.0,0.04765509203312949
32.0,0.04678728050390829
36.0,0.06884481427993666
40.0,0.06557375436291889
44.0,0.06131970980316945
48.0,0.05600837645444857
52.0,0.051329243128471404
56.0,0.04650432338593933
60.0,0.04136298929243703
64.0,0.03805785102462244
72.0,0.06709997713101877
80.0,0.06413012149577672
88.0,0.06158978055635303
96.0,0.0585831186720444
104.0,0.05552743966622716
112.0,0.05214189996203298
120.0,0.048257337480797156
128.0,0.044945028833407216
144.0,0.04440064506294827
160.0,0.03979209549919081
176.0,0.037775130626202254
192.0,0.03511186056566658
208.0,0.03205512795248069
224.0,0.02634707179046624
240.0,0.02266391526375498
256.0,0.01752562986387472
288.0,0.01704850204458291
320.0,0.019414864416996188
352.0,0.007469551172107458
384.0,-0.008906996004622091
416.0,-0.02023772834879558
448.0,-0.015186849918047135
480.0,-0.0040187376487830825
512.0,0.01146367093315348
576.0,-0.0030770913290325552
640.0,-0.0347769950676593
704.0,-0.0740793643053621
768.0,-0.09735645458567888
832.0,-0.12006633105920628
896.0,-0.1233406811952591
960.0,-0.1415159327443689
1024.0,-0.17001870990497991
1152.0,-0.12121231853961945
1280.0,-0.18200378119945526
1408.0,-0.23452165722846985
1536.0,-0.2998713254928589
1664.0,-0.3805578649044037
1792.0,-0.451082706451416
1920.0,-0.4594554901123047
2048.0,-0.4495827555656433
end
