version,3.0
numOfCh,1
type,point
parent_name,labthresh-0dot04_avgcorrs
ch_type,1_1
kcount,1
numberNandB,1
brightnessNandB,1
carpet pos,0
pc,0
Time (ms),CH1 Auto-Correlation
1.0,0.1907496154308319
2.0,0.17501989006996155
3.0,0.15888521075248718
4.0,0.14713512361049652
5.0,0.1369355022907257
6.0,0.12972284853458405
7.0,0.12218843400478363
8.0,0.11502981185913086
9.0,0.10853561013936996
10.0,0.10285545885562897
11.0,0.09818623960018158
12.0,0.09516742825508118
13.0,0.09077498316764832
14.0,0.08604460954666138
15.0,0.08003581315279007
16.0,0.07430054247379303
18.0,0.06443379819393158
20.0,0.05919237434864044
22.0,0.057023487985134125
24.0,0.05335765331983566
26.0,0.05055636167526245
28.0,0.045708976686000824
30.0,0.038798936103816115
32.0,0.037850847464992954
36.0,0.03929778277873993
40.0,0.03116422870400129
44.0,0.019989051604643465
48.0,0.007369033333379776
52.0,-0.004939632882596925
56.0,-0.012297597327269615
60.0,-0.012743726610400094
64.0,-0.014342218567132173
72.0,0.009424342387567529
80.0,0.0025250945522698616
88.0,-0.0032750091949393127
96.0,-0.009330369328381494
104.0,-0.0038887763988565316
112.0,-0.010451479423367842
120.0,-0.010561511423227123
128.0,-0.011859910213388503
144.0,-0.020495832348907634
160.0,-0.031028137941445624
176.0,-0.04181685503239611
192.0,-0.040009286953136325
208.0,-0.04051716954979513
224.0,-0.035141505051537285
240.0,-0.02819163240824959
256.0,-0.02754054605195831
288.0,-0.03833465926679006
320.0,-0.03994180644319082
352.0,-0.03965541365808652
384.0,-0.037883912436276056
416.0,-0.029658677457822098
448.0,-0.013308997401812425
480.0,-0.006172122268859918
512.0,0.011001630206010304
576.0,-0.01583535608369857
640.0,-0.015727392805274576
704.0,-0.018955585081130266
768.0,0.010115312252310105
832.0,-0.0016381426248699427
896.0,-0.004594391924911179
960.0,-0.009918419265886769
1024.0,-0.006092163268476725
end
