version,3.0
numOfCh,1
type,point
parent_name,labthresh-0dot04_avgcorrs
ch_type,1_1
kcount,1
numberNandB,1
brightnessNandB,1
carpet pos,0
pc,0
Time (ms),CH1 Auto-Correlation
1.0,0.01910438947379589
2.0,0.01803453266620636
3.0,0.01700691506266594
4.0,0.0160191860049963
5.0,0.015144281089305878
6.0,0.014330809004604816
7.0,0.01362836454063654
8.0,0.012941702269017696
9.0,0.012348242104053497
10.0,0.011798994615674019
11.0,0.011343187652528286
12.0,0.010860725305974483
13.0,0.01038945559412241
14.0,0.009957662783563137
15.0,0.009561257436871529
16.0,0.009154921397566795
18.0,0.008507288992404938
20.0,0.007971012964844704
22.0,0.007517712656408548
24.0,0.0073836189694702625
26.0,0.007193826604634523
28.0,0.007058678660541773
30.0,0.006849061697721481
32.0,0.006740101147443056
36.0,0.008869060296395522
40.0,0.008237308681903718
44.0,0.006858091655885801
48.0,0.0052055031113316845
52.0,0.003939465406195571
56.0,0.0026734328663830333
60.0,0.002930768334904728
64.0,0.0023788249474653803
72.0,0.0055230868488757145
80.0,0.004644540091653148
88.0,0.0038197781218008865
96.0,0.003171259978747306
104.0,0.00228252429385773
112.0,0.0020057036217622226
120.0,0.0011614287402206922
128.0,0.0008290381126297528
144.0,0.0004866752725709895
160.0,-0.0001615066160281588
176.0,-0.0009050578924611077
192.0,0.00018627052278523997
208.0,0.0004738710402827045
224.0,0.000914603223334
240.0,-0.004712834993066887
256.0,-0.004581425132831403
288.0,-0.01156074739784734
320.0,-0.013850157172003361
352.0,-0.015656914578617682
384.0,-0.015721764636899543
416.0,-0.018541927964958762
448.0,-0.021190522924631035
480.0,-0.0185478220144952
512.0,-0.020595014785482948
576.0,0.0006688106805086136
640.0,0.0013681597774848342
704.0,-0.0008237810034188442
768.0,-0.0008724356448510662
832.0,-0.0012162865023128688
896.0,-0.0014063463895581663
960.0,-0.00021522725000977516
1024.0,0.00018275942420586944
1152.0,-0.0005646739446092397
1280.0,-0.0023591929930262268
1408.0,-0.003546829102560878
1536.0,-0.002267434843815863
1664.0,0.0009164398506982252
1792.0,0.0010430531692691147
1920.0,0.0003403862938284874
2048.0,-0.00023702677572146058
end
