version,3.0
numOfCh,1
type,point
parent_name,labthresh-0dot04_avgcorrs
ch_type,1_1
kcount,1
numberNandB,1
brightnessNandB,1
carpet pos,0
pc,0
Time (ms),CH1 Auto-Correlation
1.0,0.1381784826517105
2.0,0.13468921184539795
3.0,0.13133575022220612
4.0,0.1277758628129959
5.0,0.12466417253017426
6.0,0.12148156017065048
7.0,0.11817353963851929
8.0,0.1155080571770668
9.0,0.11314784735441208
10.0,0.1110648661851883
11.0,0.10892689973115921
12.0,0.10709995031356812
13.0,0.10513253509998322
14.0,0.10294806212186813
15.0,0.10085728764533997
16.0,0.09874128550291061
18.0,0.09487873315811157
20.0,0.0915265902876854
22.0,0.08888056874275208
24.0,0.08690816164016724
26.0,0.08538582175970078
28.0,0.08394783735275269
30.0,0.08191046863794327
32.0,0.07910075783729553
36.0,0.08319770760426763
40.0,0.07502826503332471
44.0,0.06798520537558943
48.0,0.0625209953286685
52.0,0.05692610169644467
56.0,0.05266853682405781
60.0,0.05438485089383137
64.0,0.049777775812943126
72.0,0.05436145645411064
80.0,0.04372728334662194
88.0,0.03506901010211247
96.0,0.02960787625828137
104.0,0.02778434178326279
112.0,0.02222376087338489
120.0,0.01587474636423091
128.0,0.012708885098497073
144.0,0.011388030756885806
160.0,0.0007986872903226564
176.0,-0.007713649109064136
192.0,-0.01825531399056975
208.0,-0.029160986120890204
224.0,-0.035282824532866165
240.0,-0.024419551704671572
256.0,-0.01934616377746517
288.0,-0.02246127126070658
320.0,-0.024649491688857477
352.0,-0.026241113962088194
384.0,-0.01379029031118585
416.0,-0.00024232661558522118
448.0,0.0230964839251505
480.0,0.03306315065775481
512.0,0.025735082479918167
576.0,-0.017038294856320135
640.0,-0.03676966577768326
704.0,-0.04203251551371068
768.0,-0.04820929607376456
832.0,-0.047921850928105414
896.0,-0.0587970323394984
960.0,-0.06315174498013221
1024.0,-0.06352126992715057
1152.0,-0.0664017666131258
1280.0,-0.08648160317291816
1408.0,-0.09022058825939894
1536.0,-0.08910107201275726
1664.0,-0.08822488047493
1792.0,-0.03442179326278468
1920.0,0.014104489237070084
2048.0,-0.050006963312625885
end
