version,3.0
numOfCh,1
type,point
parent_name,labthresh-0dot04_avgcorrs
ch_type,1_1
kcount,1
numberNandB,1
brightnessNandB,1
carpet pos,0
pc,0
Time (ms),CH1 Auto-Correlation
1.0,0.028339777141809464
2.0,0.027090169489383698
3.0,0.025930708274245262
4.0,0.024795418605208397
5.0,0.023752499371767044
6.0,0.02285829372704029
7.0,0.022123422473669052
8.0,0.021383382380008698
9.0,0.02076362632215023
10.0,0.02019781805574894
11.0,0.01952212117612362
12.0,0.0188008900731802
13.0,0.01812639646232128
14.0,0.01745426654815674
15.0,0.01671324297785759
16.0,0.016087565571069717
18.0,0.015118802897632122
20.0,0.014505122788250446
22.0,0.013823875226080418
24.0,0.013242984190583229
26.0,0.012259120121598244
28.0,0.011384615674614906
30.0,0.010590159334242344
32.0,0.009769482538104057
36.0,0.015728096914244816
40.0,0.015034714804642135
44.0,0.014403916140054207
48.0,0.013646024738591223
52.0,0.0127608727734696
56.0,0.012162227691078442
60.0,0.01161601418061764
64.0,0.010797001894388814
72.0,0.01034508301693547
80.0,0.008479515683120553
88.0,0.007922177766366596
96.0,0.007273837107017503
104.0,0.006355592838579989
112.0,0.006991041368954549
120.0,0.007581937876498809
128.0,0.0066263591018339086
144.0,0.004759764671854844
160.0,0.002340110985890285
176.0,0.00016043098069282925
192.0,-0.0013370530768125636
208.0,-0.0017642760517033325
224.0,-0.0017865317429161885
240.0,-0.001541018475439738
256.0,-0.0013466111109168692
288.0,-0.0017898156333507763
320.0,-0.0037644797056499454
352.0,-0.005897997049841151
384.0,-0.0050791994164885385
416.0,-0.0048968291957862675
448.0,-0.004541524634179141
480.0,-0.0061277437424804605
512.0,-0.006704187221152501
576.0,-0.008504415955394506
640.0,-0.010004515032778726
704.0,-0.011400589282857254
768.0,-0.012142811040394007
832.0,-0.006203596753402962
896.0,-0.0105446589528583
960.0,-0.020315500965807587
1024.0,-0.018095305800670758
1152.0,-0.032023027539253235
1280.0,-0.05658668652176857
1408.0,-0.02004854567348957
1536.0,0.04616556689143181
1664.0,0.12415239214897156
1792.0,0.10928081721067429
1920.0,0.044633325189352036
2048.0,0.016099128872156143
2304.0,-0.025489671155810356
2560.0,-0.048484425991773605
2816.0,-0.034101832658052444
3072.0,0.0066513135097920895
3328.0,0.0588848777115345
3584.0,0.02058635838329792
3840.0,-0.05044204369187355
4096.0,-0.030948737636208534
end
