version,3.0
numOfCh,1
type,point
parent_name,labthresh-0dot04_avgcorrs
ch_type,1_1
kcount,1
numberNandB,1
brightnessNandB,1
carpet pos,0
pc,0
Time (ms),CH1 Auto-Correlation
1.0,0.09130129963159561
2.0,0.08809599280357361
3.0,0.08482788503170013
4.0,0.08156974613666534
5.0,0.07851336151361465
6.0,0.0757003054022789
7.0,0.07314260303974152
8.0,0.07041683793067932
9.0,0.06768719851970673
10.0,0.06516115367412567
11.0,0.06290634721517563
12.0,0.06081533059477806
13.0,0.05879158526659012
14.0,0.056979045271873474
15.0,0.055332258343696594
16.0,0.053865112364292145
18.0,0.05136694759130478
20.0,0.049066610634326935
22.0,0.04620078206062317
24.0,0.04278872162103653
26.0,0.039632875472307205
28.0,0.03645170480012894
30.0,0.03303736820816994
32.0,0.029567576944828033
36.0,0.029356510836052997
40.0,0.02776436681521992
44.0,0.027376251026249396
48.0,0.026337563645311406
52.0,0.025266412748194477
56.0,0.02386401681303988
60.0,0.021621230964605085
64.0,0.01994371958677095
72.0,0.04774157993556906
80.0,0.047724577955604114
88.0,0.04181967177646584
96.0,0.031881694506511044
104.0,0.021144105558050796
112.0,0.012274508299823437
120.0,0.0012308226141612977
128.0,-0.004608678612081955
144.0,0.011492683485682522
160.0,0.0066928780932877475
176.0,0.004442132507782455
192.0,0.0006030492474695036
208.0,-0.004902244788744221
224.0,-0.006986001153044137
240.0,-0.0077866732608526945
256.0,-0.009512366835094457
288.0,0.0003883469087833708
320.0,0.004285674214109101
352.0,0.00033508944960141724
384.0,-0.007713379899293862
416.0,-0.014025243184402247
448.0,-0.011666587215255608
480.0,-0.0187061587581411
512.0,-0.028983455919660627
576.0,-0.045705175696639344
640.0,-0.059185997510212474
704.0,-0.0775118486417341
768.0,-0.08674428615631768
832.0,-0.09732988575706258
896.0,-0.08770558778451232
960.0,-0.023096305284915224
1024.0,-0.028646614773606416
end
