version,3.0
numOfCh,1
type,point
parent_name,c1204_0dot069-0dot01
ch_type,1_1
kcount,1
numberNandB,1
brightnessNandB,1
carpet pos,0
pc,0
Time (ms),CH1 Auto-Correlation
1.0,0.39683809876441956
2.0,0.3958463966846466
3.0,0.39486703276634216
4.0,0.39389705657958984
5.0,0.39299553632736206
6.0,0.39208361506462097
7.0,0.3911839425563812
8.0,0.3902810513973236
9.0,0.3894042670726776
10.0,0.38860923051834106
11.0,0.38784757256507874
12.0,0.38707318902015686
13.0,0.3863522410392761
14.0,0.3856225311756134
15.0,0.3848249316215515
16.0,0.3839872479438782
18.0,0.38224539160728455
20.0,0.38035666942596436
22.0,0.37849119305610657
24.0,0.3767067492008209
26.0,0.37499040365219116
28.0,0.373353511095047
30.0,0.37185630202293396
32.0,0.3704565465450287
36.0,0.3673834204673767
40.0,0.3643321990966797
44.0,0.3616158664226532
48.0,0.35908833146095276
52.0,0.3563109040260315
56.0,0.3536193370819092
60.0,0.35114848613739014
64.0,0.3488604426383972
72.0,0.34449395537376404
80.0,0.33919402956962585
88.0,0.33314675092697144
96.0,0.3267085552215576
104.0,0.32047349214553833
112.0,0.313596248626709
120.0,0.3065860867500305
128.0,0.29951801896095276
144.0,0.2866289019584656
160.0,0.27484357357025146
176.0,0.26301297545433044
192.0,0.25183597207069397
208.0,0.2429416924715042
224.0,0.2361314445734024
240.0,0.23014101386070251
256.0,0.22511547803878784
288.0,0.21775174140930176
320.0,0.2117127925157547
352.0,0.20506413280963898
384.0,0.19597618281841278
416.0,0.183671236038208
448.0,0.17096497118473053
480.0,0.15558326244354248
512.0,0.13788658380508423
576.0,0.10671494901180267
640.0,0.08119509369134903
704.0,0.06230226159095764
768.0,0.040376149117946625
832.0,0.019780145958065987
896.0,0.006996255833655596
960.0,-0.0007516790647059679
1024.0,-0.005461377091705799
1152.0,-0.019046999514102936
1280.0,-0.021779000759124756
1408.0,-0.016987206414341927
1536.0,-0.023739440366625786
1664.0,-0.031266212463378906
1792.0,-0.031844787299633026
1920.0,-0.03023896925151348
2048.0,-0.024049893021583557
2304.0,-0.022921878844499588
2560.0,-0.02721262350678444
2816.0,-0.02907148189842701
3072.0,-0.02118607424199581
3328.0,-0.026495980098843575
3584.0,-0.02777472883462906
3840.0,-0.01732526905834675
4096.0,-0.013522510416805744
4608.0,-0.009904471226036549
5120.0,-0.02287324145436287
5632.0,-0.046172741800546646
6144.0,-0.10516183078289032
6656.0,-0.16525276005268097
7168.0,-0.21092180907726288
7680.0,-0.1313433051109314
8192.0,-0.01277814619243145
end
