version,3.0
numOfCh,1
type,point
parent_name,c1204_0dot069-0dot01
ch_type,1_1
kcount,1
numberNandB,1
brightnessNandB,1
carpet pos,0
pc,0
Time (ms),CH1 Auto-Correlation
1.0,0.12289571017026901
2.0,0.12250906974077225
3.0,0.12212923169136047
4.0,0.12174605578184128
5.0,0.12134294956922531
6.0,0.12093418091535568
7.0,0.12053285539150238
8.0,0.12010393291711807
9.0,0.1196795105934143
10.0,0.11926636099815369
11.0,0.11888451874256134
12.0,0.11847016960382462
13.0,0.11807601153850555
14.0,0.11769673228263855
15.0,0.11731064319610596
16.0,0.11692578345537186
18.0,0.11620278656482697
20.0,0.1153913363814354
22.0,0.11460552364587784
24.0,0.11373042315244675
26.0,0.11286704987287521
28.0,0.11200129985809326
30.0,0.11111035943031311
32.0,0.11018320918083191
36.0,0.1084103062748909
40.0,0.10668999701738358
44.0,0.10508378595113754
48.0,0.1035441905260086
52.0,0.10216493904590607
56.0,0.10093400627374649
60.0,0.09978477656841278
64.0,0.09857538342475891
72.0,0.09600434452295303
80.0,0.09369774162769318
88.0,0.09165968000888824
96.0,0.08974675834178925
104.0,0.08798757195472717
112.0,0.08656822890043259
120.0,0.0853276252746582
128.0,0.08410132676362991
144.0,0.08116621524095535
160.0,0.07735668122768402
176.0,0.0721205472946167
192.0,0.06566239148378372
208.0,0.058441001921892166
224.0,0.05182477831840515
240.0,0.046436112374067307
256.0,0.042626455426216125
288.0,0.036667175590991974
320.0,0.03060501627624035
352.0,0.022012757137417793
384.0,0.014263993129134178
416.0,0.008584732189774513
448.0,0.0064854403026402
480.0,0.005193193443119526
512.0,0.002821440575644374
576.0,-0.0005959390546195209
640.0,-0.0023601013235747814
704.0,-0.004249197896569967
768.0,-0.003680679714307189
832.0,-0.003960979171097279
896.0,-0.002701922319829464
960.0,-0.0010789395309984684
1024.0,-0.00010557600762695074
1152.0,0.0018643337534740567
1280.0,0.004403308965265751
1408.0,0.009242544881999493
1536.0,0.012984130531549454
1664.0,0.013654228299856186
1792.0,0.010258214548230171
1920.0,0.00881983432918787
2048.0,0.006840075831860304
2304.0,-0.004097230266779661
2560.0,-0.014176303520798683
2816.0,-0.012348952703177929
3072.0,0.0022012158297002316
3328.0,0.0024758451618254185
3584.0,-0.011410446837544441
3840.0,-0.022313058376312256
4096.0,-0.01588309369981289
4608.0,-0.006728364620357752
5120.0,-0.025338249281048775
5632.0,-0.0166605394333601
6144.0,0.03225141763687134
6656.0,0.010949390940368176
7168.0,-0.03789033368229866
7680.0,-0.0038477363996207714
8192.0,0.0026368219405412674
end
