version,3.0
numOfCh,1
type,point
parent_name,34766_0dot2-0dot1
ch_type,1_1
kcount,1
numberNandB,1
brightnessNandB,1
carpet pos,0
pc,0
Time (ms),CH1 Auto-Correlation
1.0,0.0953872799873352
2.0,0.09389130771160126
3.0,0.09247341752052307
4.0,0.09112382680177689
5.0,0.09001787006855011
6.0,0.08893255889415741
7.0,0.08788793534040451
8.0,0.08687300980091095
9.0,0.08580697327852249
10.0,0.08476853370666504
11.0,0.08374697715044022
12.0,0.0828021988272667
13.0,0.08193939179182053
14.0,0.08108679950237274
15.0,0.08026430755853653
16.0,0.07945328205823898
18.0,0.07794881612062454
20.0,0.07646647095680237
22.0,0.07493238896131516
24.0,0.07348636537790298
26.0,0.072154201567173
28.0,0.07087362557649612
30.0,0.06957251578569412
32.0,0.0683213472366333
36.0,0.06561911851167679
40.0,0.06342632323503494
44.0,0.06128240376710892
48.0,0.059245601296424866
52.0,0.05738382041454315
56.0,0.055954210460186005
60.0,0.05502824857831001
64.0,0.054631393402814865
72.0,0.05400285869836807
80.0,0.053015608340501785
88.0,0.05173032358288765
96.0,0.05010879784822464
104.0,0.048751674592494965
112.0,0.047237467020750046
120.0,0.045397043228149414
128.0,0.043311189860105515
144.0,0.04119057208299637
160.0,0.03905738890171051
176.0,0.03768836706876755
192.0,0.03700776770710945
208.0,0.03465907275676727
224.0,0.0312613844871521
240.0,0.028485704213380814
256.0,0.02732968144118786
288.0,0.028498440980911255
320.0,0.028640827164053917
352.0,0.028234973549842834
384.0,0.02695404551923275
416.0,0.02590593509376049
448.0,0.02725985273718834
480.0,0.02910279855132103
512.0,0.029276536777615547
576.0,0.033024437725543976
640.0,0.032514140009880066
704.0,0.02534468285739422
768.0,0.021717803552746773
832.0,0.019326353445649147
896.0,0.01964058168232441
960.0,0.021575048565864563
1024.0,0.024659981951117516
1152.0,0.026948994025588036
1280.0,0.025284267961978912
1408.0,0.02454892173409462
1536.0,0.02491440810263157
1664.0,0.022405995056033134
1792.0,0.020546535030007362
1920.0,0.01838950626552105
2048.0,0.016458021476864815
2304.0,0.012751195579767227
2560.0,0.01492810994386673
2816.0,0.005541940685361624
3072.0,0.0082857059314847
3328.0,0.000687996216583997
3584.0,-0.003062282921746373
3840.0,-0.014101358130574226
4096.0,-0.00883285142481327
4608.0,-0.014035427942872047
5120.0,-0.024799365550279617
5632.0,-0.023000556975603104
6144.0,-0.020322617143392563
6656.0,-0.021988842636346817
7168.0,-0.017423326149582863
7680.0,-0.012133040465414524
8192.0,-0.02141193114221096
end
