version,3.0
numOfCh,1
type,point
parent_name,c1204_0dot08-0dot01
ch_type,1_1
kcount,1
numberNandB,1
brightnessNandB,1
carpet pos,0
pc,0
Time (ms),CH1 Auto-Correlation
1.0,0.8480921387672424
2.0,0.8470432162284851
3.0,0.8459597229957581
4.0,0.844846785068512
5.0,0.8437619209289551
6.0,0.8426767587661743
7.0,0.8415905833244324
8.0,0.8405559062957764
9.0,0.8395294547080994
10.0,0.8385180830955505
11.0,0.8374444246292114
12.0,0.8363835215568542
13.0,0.8353266716003418
14.0,0.8342859745025635
15.0,0.8332481980323792
16.0,0.8321808576583862
18.0,0.8300246000289917
20.0,0.827971875667572
22.0,0.825944185256958
24.0,0.8239583373069763
26.0,0.8220399618148804
28.0,0.8200505375862122
30.0,0.818199098110199
32.0,0.8164079189300537
36.0,0.8129338622093201
40.0,0.8096455335617065
44.0,0.8068662881851196
48.0,0.8042792081832886
52.0,0.8014941811561584
56.0,0.7985323667526245
60.0,0.7961265444755554
64.0,0.7940333485603333
72.0,0.79043048620224
80.0,0.7871905565261841
88.0,0.7838879227638245
96.0,0.7803089022636414
104.0,0.7770583629608154
112.0,0.7735914587974548
120.0,0.7692891359329224
128.0,0.7640644311904907
144.0,0.7543193101882935
160.0,0.7441213130950928
176.0,0.7361562848091125
192.0,0.7301708459854126
208.0,0.7244349718093872
224.0,0.7202634811401367
240.0,0.7152196764945984
256.0,0.7091493010520935
288.0,0.7017718553543091
320.0,0.6974611282348633
352.0,0.6900076270103455
384.0,0.6833497285842896
416.0,0.6782306432723999
448.0,0.670360267162323
480.0,0.660315752029419
512.0,0.651803731918335
576.0,0.6320191621780396
640.0,0.6114949584007263
704.0,0.5906932353973389
768.0,0.5645241737365723
832.0,0.5384795665740967
896.0,0.511296808719635
960.0,0.49611762166023254
1024.0,0.46854597330093384
1152.0,0.40355953574180603
1280.0,0.35147759318351746
1408.0,0.29515647888183594
1536.0,0.23810648918151855
1664.0,0.18481679260730743
1792.0,0.1288653016090393
1920.0,0.09132249653339386
2048.0,0.06688843667507172
2304.0,-0.04932619258761406
2560.0,-0.03911619633436203
2816.0,-0.03975490853190422
3072.0,-0.030907513573765755
3328.0,-0.018267501145601273
3584.0,-0.0036853968631476164
3840.0,-0.00799383781850338
4096.0,0.0020702744368463755
4608.0,-0.01356346532702446
5120.0,-0.056207459419965744
5632.0,-0.10409466177225113
6144.0,-0.14603665471076965
6656.0,-0.16403788328170776
7168.0,-0.19530504941940308
7680.0,-0.21563297510147095
8192.0,-0.21179047226905823
end
