version,3.0
numOfCh,1
type,point
parent_name,c1204_0dot08-0dot01
ch_type,1_1
kcount,1
numberNandB,1
brightnessNandB,1
carpet pos,0
pc,0
Time (ms),CH1 Auto-Correlation
1.0,0.8123520612716675
2.0,0.8113754987716675
3.0,0.8104420900344849
4.0,0.8095076680183411
5.0,0.8086456656455994
6.0,0.807827353477478
7.0,0.80695641040802
8.0,0.8060216903686523
9.0,0.8050322532653809
10.0,0.8040961623191833
11.0,0.8030756711959839
12.0,0.8021403551101685
13.0,0.8012573719024658
14.0,0.8004680871963501
15.0,0.7997111082077026
16.0,0.7990090250968933
18.0,0.7974169850349426
20.0,0.7958545684814453
22.0,0.794487714767456
24.0,0.7931973934173584
26.0,0.791825532913208
28.0,0.7903746366500854
30.0,0.7888799905776978
32.0,0.787295401096344
36.0,0.7836222052574158
40.0,0.780424177646637
44.0,0.7774805426597595
48.0,0.774526834487915
52.0,0.7715559601783752
56.0,0.7685946226119995
60.0,0.7652567028999329
64.0,0.7618019580841064
72.0,0.7533268332481384
80.0,0.7463546395301819
88.0,0.7400494813919067
96.0,0.7323599457740784
104.0,0.7235273718833923
112.0,0.7142344117164612
120.0,0.7044841051101685
128.0,0.6942618489265442
144.0,0.6732788681983948
160.0,0.6531049013137817
176.0,0.6331141591072083
192.0,0.6116973161697388
208.0,0.5892799496650696
224.0,0.5672917366027832
240.0,0.5450614094734192
256.0,0.5224687457084656
288.0,0.48336100578308105
320.0,0.4501022696495056
352.0,0.42315229773521423
384.0,0.4006020128726959
416.0,0.3814143240451813
448.0,0.3674754500389099
480.0,0.3627457618713379
512.0,0.3659934103488922
576.0,0.3844801187515259
640.0,0.40574967861175537
704.0,0.4206942021846771
768.0,0.4182964265346527
832.0,0.3945115804672241
896.0,0.36025190353393555
960.0,0.31894052028656006
1024.0,0.27911102771759033
1152.0,0.22946730256080627
1280.0,0.18631969392299652
1408.0,0.14703643321990967
1536.0,0.08762109279632568
1664.0,0.016440656036138535
1792.0,-0.016288824379444122
1920.0,-0.027559751644730568
2048.0,-0.020631473511457443
2304.0,-0.014780365861952305
2560.0,-0.02374842017889023
2816.0,-0.0019633141346275806
3072.0,0.004663453903049231
3328.0,-0.008919311687350273
3584.0,-0.00953172892332077
3840.0,-0.01000927109271288
4096.0,-0.013514642603695393
4608.0,-0.00021445119637064636
5120.0,-0.018186993896961212
5632.0,-0.022127976641058922
6144.0,-0.05909872427582741
6656.0,-0.1378452032804489
7168.0,-0.18182522058486938
7680.0,-0.23764140903949738
8192.0,-0.3081163167953491
end
