version,3.0
numOfCh,1
type,point
parent_name,0cd20_3dot0-0dot01
ch_type,1_1
kcount,1
numberNandB,1
brightnessNandB,1
carpet pos,0
pc,0
Time (ms),CH1 Auto-Correlation
1.0,0.15287533402442932
2.0,0.14907322824001312
3.0,0.14631108939647675
4.0,0.14419850707054138
5.0,0.14249113202095032
6.0,0.14108458161354065
7.0,0.13988326489925385
8.0,0.13872693479061127
9.0,0.13761578500270844
10.0,0.13657483458518982
11.0,0.13559702038764954
12.0,0.13479772210121155
13.0,0.13409341871738434
14.0,0.13314716517925262
15.0,0.13240745663642883
16.0,0.131894052028656
18.0,0.13112658262252808
20.0,0.13037636876106262
22.0,0.12973786890506744
24.0,0.12942641973495483
26.0,0.1292807161808014
28.0,0.12881360948085785
30.0,0.128439798951149
32.0,0.12810920178890228
36.0,0.1272527426481247
40.0,0.12629497051239014
44.0,0.12562768161296844
48.0,0.12446536868810654
52.0,0.12409120798110962
56.0,0.12360306084156036
60.0,0.12228824943304062
64.0,0.12139520794153214
72.0,0.11883798241615295
80.0,0.1172889694571495
88.0,0.11652535945177078
96.0,0.11655379831790924
104.0,0.11572279781103134
112.0,0.11452241986989975
120.0,0.11375167220830917
128.0,0.11267928779125214
144.0,0.11067135632038116
160.0,0.10854919254779816
176.0,0.10537780821323395
192.0,0.10139710456132889
208.0,0.09832360595464706
224.0,0.09514352679252625
240.0,0.09181609004735947
256.0,0.08851303905248642
288.0,0.080790676176548
320.0,0.07353401929140091
352.0,0.06566404551267624
384.0,0.05851084366440773
416.0,0.050564032047986984
448.0,0.04274187609553337
480.0,0.03863054886460304
512.0,0.03462454676628113
576.0,0.023826424032449722
640.0,0.016959942877292633
704.0,0.013586421497166157
768.0,0.013595838099718094
832.0,0.015393114648759365
896.0,0.015781180933117867
960.0,0.01609647460281849
1024.0,0.02117634378373623
1152.0,0.01724763959646225
1280.0,0.011009166948497295
1408.0,0.005620352923870087
1536.0,-0.0015292614698410034
1664.0,-0.00038446157122962177
1792.0,0.0005871455068700016
1920.0,0.0005244910134933889
2048.0,-0.0023807876277714968
2304.0,-0.006241010036319494
2560.0,-0.007924040779471397
2816.0,-0.007935713976621628
3072.0,-0.00797482393682003
3328.0,-0.008333135396242142
3584.0,-0.012494010850787163
3840.0,-0.02155887708067894
4096.0,-0.02230779081583023
4608.0,-0.02215319313108921
5120.0,-0.030508847907185555
5632.0,-0.0208267979323864
6144.0,-0.030446158722043037
6656.0,-0.04139726236462593
7168.0,-0.04727041721343994
7680.0,-0.058584172278642654
8192.0,-0.00028153264429420233
end
