version,3.0
numOfCh,1
type,point
parent_name,0cd20_3dot0-0dot01
ch_type,1_1
kcount,1
numberNandB,1
brightnessNandB,1
carpet pos,0
pc,0
Time (ms),CH1 Auto-Correlation
1.0,0.10827967524528503
2.0,0.10395073890686035
3.0,0.10060098767280579
4.0,0.09822996705770493
5.0,0.09651719033718109
6.0,0.09507622569799423
7.0,0.09375915676355362
8.0,0.09291308373212814
9.0,0.09209784865379333
10.0,0.09140464663505554
11.0,0.09072107821702957
12.0,0.08980381488800049
13.0,0.08911971002817154
14.0,0.08838620036840439
15.0,0.08774740248918533
16.0,0.08715757727622986
18.0,0.0861155241727829
20.0,0.08506821095943451
22.0,0.08423717319965363
24.0,0.08329795300960541
26.0,0.08254370838403702
28.0,0.08159400522708893
30.0,0.08075539022684097
32.0,0.08012624830007553
36.0,0.07931424677371979
40.0,0.0781400203704834
44.0,0.07718836516141891
48.0,0.07639993727207184
52.0,0.07533951848745346
56.0,0.07424242049455643
60.0,0.07319656759500504
64.0,0.07248629629611969
72.0,0.0711391419172287
80.0,0.06903499364852905
88.0,0.06754691898822784
96.0,0.06666389852762222
104.0,0.06685283035039902
112.0,0.06610897183418274
120.0,0.06498882174491882
128.0,0.06378961354494095
144.0,0.061324719339609146
160.0,0.05856071412563324
176.0,0.05696632340550423
192.0,0.05522562563419342
208.0,0.053097039461135864
224.0,0.0502883717417717
240.0,0.04811759293079376
256.0,0.04613592475652695
288.0,0.03558770567178726
320.0,0.03474797308444977
352.0,0.0326019749045372
384.0,0.02980632707476616
416.0,0.02484075538814068
448.0,0.02355588600039482
480.0,0.021288247779011726
512.0,0.02068072371184826
576.0,0.01651274412870407
640.0,0.013297472149133682
704.0,0.006601113360375166
768.0,0.005063261836767197
832.0,0.006513618864119053
896.0,0.006360586266964674
960.0,0.007816351018846035
1024.0,0.009588813409209251
1152.0,0.012628832831978798
1280.0,0.006388168781995773
1408.0,0.0020671577658504248
1536.0,0.0001456559111829847
1664.0,-3.8706806662958115e-05
1792.0,-0.0021674339659512043
1920.0,-0.004581896588206291
2048.0,-0.001023201970383525
2304.0,0.0025200117379426956
2560.0,-0.0008380507933907211
2816.0,-0.008318459615111351
3072.0,-0.009688782505691051
3328.0,-0.008806051686406136
3584.0,-0.005359208211302757
3840.0,-0.008513274602591991
4096.0,-0.005827573128044605
4608.0,-0.01563270203769207
5120.0,-0.004633082542568445
5632.0,-0.009264511056244373
6144.0,-0.012599427253007889
6656.0,-0.014842002652585506
7168.0,-0.02090403623878956
7680.0,-0.03360001742839813
8192.0,-0.05185619369149208
end
