version,3.0
numOfCh,1
type,point
parent_name,0cd20_3dot0-0dot01
ch_type,1_1
kcount,1
numberNandB,1
brightnessNandB,1
carpet pos,0
pc,0
Time (ms),CH1 Auto-Correlation
1.0,0.15939925611019135
2.0,0.15541043877601624
3.0,0.15248340368270874
4.0,0.1503441482782364
5.0,0.1487065553665161
6.0,0.14715470373630524
7.0,0.14576378464698792
8.0,0.14442937076091766
9.0,0.143332839012146
10.0,0.1422337293624878
11.0,0.1415807008743286
12.0,0.14084070920944214
13.0,0.14005146920681
14.0,0.13916075229644775
15.0,0.13834719359874725
16.0,0.13770098984241486
18.0,0.13646440207958221
20.0,0.13541392982006073
22.0,0.1344870775938034
24.0,0.13373912870883942
26.0,0.1328403651714325
28.0,0.13183176517486572
30.0,0.13116079568862915
32.0,0.13030007481575012
36.0,0.1280801147222519
40.0,0.12630519270896912
44.0,0.12486676871776581
48.0,0.12316881120204926
52.0,0.1214272603392601
56.0,0.119993194937706
60.0,0.11908867210149765
64.0,0.11790350079536438
72.0,0.11588656902313232
80.0,0.11535180360078812
88.0,0.11408483237028122
96.0,0.1119527593255043
104.0,0.11015637218952179
112.0,0.10965748131275177
120.0,0.10882443189620972
128.0,0.10761810839176178
144.0,0.1037147045135498
160.0,0.09894640743732452
176.0,0.09557493031024933
192.0,0.09246498346328735
208.0,0.09136359393596649
224.0,0.09148110449314117
240.0,0.09056779742240906
256.0,0.08851169049739838
288.0,0.08464912325143814
320.0,0.07933278381824493
352.0,0.0756099745631218
384.0,0.06906381994485855
416.0,0.06228943169116974
448.0,0.05604635551571846
480.0,0.051274217665195465
512.0,0.04622991010546684
576.0,0.040579602122306824
640.0,0.036456093192100525
704.0,0.02951662428677082
768.0,0.02229800820350647
832.0,0.0174966212362051
896.0,0.012498565018177032
960.0,0.010285701602697372
1024.0,0.007380313239991665
1152.0,-0.0024486095644533634
1280.0,-0.004865697585046291
1408.0,-0.00787403155118227
1536.0,-0.007378051057457924
1664.0,-0.006955252494663
1792.0,-0.008222612552344799
1920.0,-0.009697561152279377
2048.0,-0.00758490152657032
2304.0,-0.0024206112138926983
2560.0,-0.002231242600828409
2816.0,-0.007170943543314934
3072.0,-0.012370206415653229
3328.0,-0.01925707422196865
3584.0,-0.02458249405026436
3840.0,-0.021655531600117683
4096.0,-0.01474777888506651
4608.0,-0.008287030272185802
5120.0,-0.019898880273103714
5632.0,-0.03690513223409653
6144.0,-0.05196448042988777
6656.0,-0.07200337946414948
7168.0,-0.08788000047206879
end
