version,3.0
numOfCh,1
type,point
parent_name,0cd20_3dot0-0dot01
ch_type,1_1
kcount,1
numberNandB,1
brightnessNandB,1
carpet pos,0
pc,0
Time (ms),CH1 Auto-Correlation
1.0,0.024128267541527748
2.0,0.01986650936305523
3.0,0.01680394820868969
4.0,0.014560424722731113
5.0,0.012836833484470844
6.0,0.011325417086482048
7.0,0.010002883151173592
8.0,0.008981400169432163
9.0,0.008033455349504948
10.0,0.007270477246493101
11.0,0.00677387323230505
12.0,0.006405770778656006
13.0,0.006200747564435005
14.0,0.006009941454976797
15.0,0.005675121210515499
16.0,0.005469675175845623
18.0,0.005243701860308647
20.0,0.004899180494248867
22.0,0.00488361157476902
24.0,0.004526859149336815
26.0,0.004061372950673103
28.0,0.0037267052102833986
30.0,0.003141499822959304
32.0,0.002549944445490837
36.0,0.0013676059897989035
40.0,0.0010144613916054368
44.0,0.0012598603498190641
48.0,0.0006890934891998768
52.0,0.00032597212702967227
56.0,0.0002979161508847028
60.0,2.6814983357326128e-05
64.0,0.0002055635559372604
72.0,0.0008602790767326951
80.0,0.0015110474778339267
88.0,0.0018910439684987068
96.0,0.002223676536232233
104.0,0.0018298509530723095
112.0,0.0008597238338552415
120.0,0.0011187662603333592
128.0,0.0021255475003272295
144.0,0.001829636632464826
160.0,0.0008152002701535821
176.0,0.0004456584865693003
192.0,0.0003313420165795833
208.0,0.0002463167766109109
224.0,0.00024251508875750005
240.0,-0.000853144854772836
256.0,-0.0020110097248107195
288.0,-0.0015607638051733375
320.0,0.0003041701565962285
352.0,0.00010256691894028336
384.0,-0.0004977919743396342
416.0,-0.00010561183444224298
448.0,-0.0009876613039523363
480.0,-0.0003827328037004918
512.0,-0.0005295878509059548
576.0,0.0006386063760146499
640.0,-0.0003483145555946976
704.0,0.00039487352478317916
768.0,-0.00043765915324911475
832.0,-0.0002254140272270888
896.0,-0.0007865315419621766
960.0,-0.0010807155631482601
1024.0,-0.0007960688089951873
1152.0,-0.0003451135999057442
1280.0,-0.0007129083969630301
1408.0,0.00035069079603999853
1536.0,0.00042682222556322813
1664.0,-0.0006627060938626528
1792.0,-0.0011690006358548999
1920.0,0.0004041359352413565
2048.0,-7.594467024318874e-05
2304.0,0.00018461151921655983
2560.0,0.00033295780303888023
2816.0,-0.0011208448559045792
3072.0,3.144526272080839e-05
3328.0,0.0014066644944250584
3584.0,-0.0004939212230965495
3840.0,0.0009771244367584586
4096.0,0.0005234841373749077
end
