version,3.0
numOfCh,1
type,point
parent_name,714af_10dot0-0dot01
ch_type,1_1
kcount,1
numberNandB,1
brightnessNandB,1
carpet pos,0
pc,0
Time (ms),CH1 Auto-Correlation
1.0,0.0636247768998146
2.0,0.056599169969558716
3.0,0.05189366638660431
4.0,0.04910629242658615
5.0,0.046343572437763214
6.0,0.04379981756210327
7.0,0.041571181267499924
8.0,0.0386640802025795
9.0,0.03585444763302803
10.0,0.03466431051492691
11.0,0.032828643918037415
12.0,0.030911346897482872
13.0,0.028820110484957695
14.0,0.02892940491437912
15.0,0.027238870039582253
16.0,0.02625858038663864
18.0,0.021811166778206825
20.0,0.019261928275227547
22.0,0.015585900284349918
24.0,0.010624371469020844
26.0,0.010228791274130344
28.0,0.00985053088515997
30.0,0.009500536136329174
32.0,0.008198230527341366
36.0,0.008059432730078697
40.0,0.006244789343327284
44.0,0.004914514720439911
48.0,0.0057540759444236755
52.0,0.0060259574092924595
56.0,0.00416682381182909
60.0,0.003866995684802532
64.0,0.005253535695374012
72.0,0.005256177857518196
80.0,0.004557033069431782
88.0,0.004260560497641563
96.0,-0.0011236978461965919
104.0,-0.001777369761839509
112.0,-0.0009184771915897727
120.0,-0.0028897051233798265
128.0,-0.004859117325395346
144.0,-0.0011223498731851578
160.0,-0.0013238778337836266
176.0,-0.00289294240064919
192.0,-0.0037312274798750877
208.0,-0.004074620082974434
224.0,-0.002552073448896408
240.0,-0.0033112282399088144
256.0,-0.0024515080731362104
288.0,0.0004141834797337651
320.0,0.0015840562991797924
352.0,0.0004282193840481341
384.0,0.0015012973453849554
416.0,0.0003354272630531341
448.0,0.00017159969138447195
480.0,-0.001866982551291585
512.0,-0.002369646681472659
576.0,0.0014031891478225589
640.0,9.094686538446695e-05
704.0,-0.002856789156794548
768.0,-0.0025226171128451824
832.0,-0.0016371809178963304
896.0,-0.005992691032588482
960.0,-0.0031495755538344383
1024.0,-0.0021511001978069544
1152.0,0.0040879989974200726
1280.0,0.0011330766137689352
1408.0,-0.0020523322746157646
1536.0,0.0007240828708745539
1664.0,0.0037986175157129765
1792.0,-0.000796945474576205
end
