version,3.0
numOfCh,1
type,point
parent_name,34766_0dot2-0dot01
ch_type,1_1
kcount,1
numberNandB,1
brightnessNandB,1
carpet pos,0
pc,0
Time (ms),CH1 Auto-Correlation
1.0,0.1505950540304184
2.0,0.149632066488266
3.0,0.1487119048833847
4.0,0.14776407182216644
5.0,0.1467995047569275
6.0,0.14585299789905548
7.0,0.1449192762374878
8.0,0.14399738609790802
9.0,0.14309890568256378
10.0,0.14219234883785248
11.0,0.1413029432296753
12.0,0.1404084712266922
13.0,0.13950803875923157
14.0,0.13861526548862457
15.0,0.13774868845939636
16.0,0.1368192583322525
18.0,0.13497717678546906
20.0,0.13312377035617828
22.0,0.13128088414669037
24.0,0.12948143482208252
26.0,0.12779070436954498
28.0,0.12619785964488983
30.0,0.12467627227306366
32.0,0.12311305105686188
36.0,0.12016058713197708
40.0,0.11751625686883926
44.0,0.11497151851654053
48.0,0.11235300451517105
52.0,0.10954724252223969
56.0,0.1066378504037857
60.0,0.1035475954413414
64.0,0.10046267509460449
72.0,0.09437724202871323
80.0,0.08793609589338303
88.0,0.08249436318874359
96.0,0.0776444524526596
104.0,0.0734189972281456
112.0,0.06893456727266312
120.0,0.0642562285065651
128.0,0.05918623507022858
144.0,0.04880586266517639
160.0,0.03975430130958557
176.0,0.03250034525990486
192.0,0.02507822774350643
208.0,0.018553398549556732
224.0,0.014307950623333454
240.0,0.010434679687023163
256.0,0.008469540625810623
288.0,0.00442770728841424
320.0,0.0008860733942128718
352.0,-0.0016928332624956965
384.0,-0.0034468702506273985
416.0,-0.0038016564212739468
448.0,-0.0034263660199940205
480.0,3.829808338196017e-05
512.0,0.0039039612747728825
576.0,0.005186441354453564
640.0,-5.3614679927704856e-05
704.0,-0.010178596712648869
768.0,-0.017886292189359665
832.0,-0.011978494934737682
896.0,-0.009174264967441559
960.0,-0.006600326392799616
1024.0,-0.00878338422626257
1152.0,-0.01333956141024828
1280.0,-0.007262895815074444
1408.0,0.002893021097406745
1536.0,0.0074450005777180195
1664.0,0.00833643414080143
1792.0,-0.0058357007801532745
1920.0,-0.018988201394677162
2048.0,-0.022436488419771194
2304.0,-0.007691305596381426
2560.0,-1.483579808336799e-06
2816.0,-0.0025321822613477707
3072.0,-0.009432571940124035
3328.0,-0.01089257188141346
3584.0,-0.0019942785147577524
3840.0,-0.02052518166601658
4096.0,-0.029148772358894348
end
