version,3.0
numOfCh,1
type,point
parent_name,34766_0dot2-0dot01
ch_type,1_1
kcount,1
numberNandB,1
brightnessNandB,1
carpet pos,0
pc,0
Time (ms),CH1 Auto-Correlation
1.0,0.4463652968406677
2.0,0.445478230714798
3.0,0.4446442127227783
4.0,0.44380542635917664
5.0,0.4429388642311096
6.0,0.4421030282974243
7.0,0.441224068403244
8.0,0.44033679366111755
9.0,0.43943557143211365
10.0,0.43851330876350403
11.0,0.43756914138793945
12.0,0.43662789463996887
13.0,0.43567660450935364
14.0,0.43477851152420044
15.0,0.4339546859264374
16.0,0.4331105053424835
18.0,0.4314824044704437
20.0,0.42987558245658875
22.0,0.42831292748451233
24.0,0.42687398195266724
26.0,0.4256034791469574
28.0,0.4243833124637604
30.0,0.4230717718601227
32.0,0.4216780960559845
36.0,0.4185335338115692
40.0,0.4152430295944214
44.0,0.41193443536758423
48.0,0.408716082572937
52.0,0.4055464267730713
56.0,0.40249720215797424
60.0,0.39976808428764343
64.0,0.39712753891944885
72.0,0.39197275042533875
80.0,0.3867425322532654
88.0,0.38204053044319153
96.0,0.3786686658859253
104.0,0.375221848487854
112.0,0.3711256980895996
120.0,0.36666783690452576
128.0,0.36306333541870117
144.0,0.35542669892311096
160.0,0.349286288022995
176.0,0.3470010459423065
192.0,0.3447134494781494
208.0,0.3414894938468933
224.0,0.3383917808532715
240.0,0.333223432302475
256.0,0.3274996876716614
288.0,0.3131043612957001
320.0,0.3026272654533386
352.0,0.28806060552597046
384.0,0.2726307213306427
416.0,0.2612738013267517
448.0,0.24866504967212677
480.0,0.23950576782226562
512.0,0.23766621947288513
576.0,0.2268357276916504
640.0,0.21247248351573944
704.0,0.20706796646118164
768.0,0.20378506183624268
832.0,0.19806663691997528
896.0,0.19198933243751526
960.0,0.18045300245285034
1024.0,0.1598343551158905
1152.0,0.10479286313056946
1280.0,0.05936893820762634
1408.0,0.032522011548280716
1536.0,0.017991796135902405
1664.0,0.01016190741211176
1792.0,0.0028085883241146803
1920.0,-0.0026630444917827845
2048.0,-0.007669685408473015
2304.0,-0.023104503750801086
2560.0,-0.06382793188095093
2816.0,-0.1291402280330658
3072.0,-0.1639929562807083
3328.0,-0.19057562947273254
3584.0,-0.21942652761936188
3840.0,-0.26494133472442627
4096.0,-0.34736019372940063
end
