version,3.0
numOfCh,1
type,point
parent_name,34766_0dot2-0dot01
ch_type,1_1
kcount,1
numberNandB,1
brightnessNandB,1
carpet pos,0
pc,0
Time (ms),CH1 Auto-Correlation
1.0,0.6155746579170227
2.0,0.6137099862098694
3.0,0.611782968044281
4.0,0.6098012328147888
5.0,0.6079115867614746
6.0,0.6060564517974854
7.0,0.6042719483375549
8.0,0.6025055050849915
9.0,0.6008150577545166
10.0,0.5992037057876587
11.0,0.597546398639679
12.0,0.5959131717681885
13.0,0.5942415595054626
14.0,0.5925708413124084
15.0,0.590927004814148
16.0,0.5893967747688293
18.0,0.586459755897522
20.0,0.5837270021438599
22.0,0.5811487436294556
24.0,0.5785579085350037
26.0,0.5757459998130798
28.0,0.5726876258850098
30.0,0.5696383118629456
32.0,0.5665403008460999
36.0,0.5604779720306396
40.0,0.5543021559715271
44.0,0.548076331615448
48.0,0.5423761010169983
52.0,0.5363207459449768
56.0,0.5295096635818481
60.0,0.5233058929443359
64.0,0.5179017782211304
72.0,0.5080588459968567
80.0,0.4996758699417114
88.0,0.49201256036758423
96.0,0.4853653013706207
104.0,0.47887885570526123
112.0,0.4709215462207794
120.0,0.4604646861553192
128.0,0.4493735134601593
144.0,0.4202220141887665
160.0,0.39580780267715454
176.0,0.3694618046283722
192.0,0.3437387943267822
208.0,0.3193584084510803
224.0,0.29221996665000916
240.0,0.2674243152141571
256.0,0.24386894702911377
288.0,0.1760375201702118
320.0,0.13170112669467926
352.0,0.10124910622835159
384.0,0.06781479716300964
416.0,0.029058797284960747
448.0,0.022562511265277863
480.0,0.020030587911605835
512.0,0.01906581223011017
576.0,0.01994221657514572
640.0,0.0208359956741333
704.0,0.022391995415091515
768.0,0.021645674481987953
832.0,0.012736167758703232
896.0,0.0026735528372228146
960.0,-0.003724660724401474
1024.0,-0.010750056244432926
1152.0,-0.017074713483452797
1280.0,-0.011242789216339588
1408.0,-0.0050032055005431175
1536.0,-0.003950924146920443
1664.0,-0.0027523452881723642
1792.0,-0.0011565127642825246
1920.0,0.0023815638851374388
2048.0,0.00976718682795763
2304.0,0.030474165454506874
2560.0,0.017849871888756752
2816.0,0.014274979941546917
3072.0,0.0014701299369335175
3328.0,0.0163231510668993
3584.0,-0.015668710693717003
3840.0,0.01104492787271738
4096.0,-0.011822686530649662
4608.0,0.009359176270663738
5120.0,0.013785294257104397
5632.0,0.011086911894381046
6144.0,0.011437412351369858
6656.0,0.00779899675399065
7168.0,-0.0013077124021947384
7680.0,-0.0007066066027618945
8192.0,0.0006978993187658489
end
