version,3.0
numOfCh,1
type,point
parent_name,34766_0dot2-0dot01
ch_type,1_1
kcount,1
numberNandB,1
brightnessNandB,1
carpet pos,0
pc,0
Time (ms),CH1 Auto-Correlation
1.0,0.2076479196548462
2.0,0.20635518431663513
3.0,0.2050527185201645
4.0,0.203769251704216
5.0,0.20251214504241943
6.0,0.20126985013484955
7.0,0.2000204175710678
8.0,0.19880938529968262
9.0,0.19757042825222015
10.0,0.19636625051498413
11.0,0.19522695243358612
12.0,0.19409964978694916
13.0,0.1930086612701416
14.0,0.19191162288188934
15.0,0.19078893959522247
16.0,0.1896759420633316
18.0,0.18747548758983612
20.0,0.18550211191177368
22.0,0.18349680304527283
24.0,0.18161354959011078
26.0,0.17986616492271423
28.0,0.17818021774291992
30.0,0.1766214817762375
32.0,0.1752701997756958
36.0,0.17268556356430054
40.0,0.17024336755275726
44.0,0.1676434427499771
48.0,0.16513191163539886
52.0,0.16268174350261688
56.0,0.16020481288433075
60.0,0.1575402319431305
64.0,0.15477880835533142
72.0,0.1493067890405655
80.0,0.14407159388065338
88.0,0.13942039012908936
96.0,0.13558650016784668
104.0,0.13251376152038574
112.0,0.12989483773708344
120.0,0.1273711919784546
128.0,0.12495157867670059
144.0,0.11990096420049667
160.0,0.1168261393904686
176.0,0.11463882774114609
192.0,0.11225025355815887
208.0,0.11138654500246048
224.0,0.11031942814588547
240.0,0.10714635998010635
256.0,0.10476531833410263
288.0,0.10772651433944702
320.0,0.10845773667097092
352.0,0.10220900923013687
384.0,0.09269987791776657
416.0,0.08431535959243774
448.0,0.07772380113601685
480.0,0.07703042030334473
512.0,0.07759562134742737
576.0,0.06536729633808136
640.0,0.05118624120950699
704.0,0.030696868896484375
768.0,0.011823789216578007
832.0,0.0076372381299734116
896.0,0.0035246717743575573
960.0,-0.002499721944332123
1024.0,-0.0015197881730273366
1152.0,-0.0013666971353814006
1280.0,-0.005940218456089497
1408.0,-0.007195617072284222
1536.0,-0.007425219751894474
1664.0,-0.004968104884028435
1792.0,-0.00492442399263382
1920.0,-0.006372030824422836
2048.0,-0.0015454742824658751
2304.0,0.006208491045981646
2560.0,0.004298408515751362
2816.0,0.0009720281232148409
3072.0,-0.009631955064833164
3328.0,-0.007035268936306238
3584.0,-0.00446654949337244
3840.0,-0.0017379600321874022
4096.0,-0.007792625576257706
4608.0,0.0004920370993204415
5120.0,-0.013699894770979881
5632.0,-0.07002261281013489
6144.0,-0.08518664538860321
6656.0,-0.06799859553575516
7168.0,-0.03742283210158348
7680.0,-0.027963977307081223
8192.0,-0.042667120695114136
end
