version,3.0
numOfCh,1
type,point
parent_name,c1204_10dot0-0dot01
ch_type,1_1
kcount,1
numberNandB,1
brightnessNandB,1
carpet pos,0
pc,0
Time (ms),CH1 Auto-Correlation
1.0,0.5230461955070496
2.0,0.5178923010826111
3.0,0.5148618817329407
4.0,0.5123674273490906
5.0,0.5109409093856812
6.0,0.5097226500511169
7.0,0.508538544178009
8.0,0.5075198411941528
9.0,0.5063350200653076
10.0,0.5055283904075623
11.0,0.5046133995056152
12.0,0.503792941570282
13.0,0.5028895735740662
14.0,0.5018547773361206
15.0,0.500562846660614
16.0,0.4997783601284027
18.0,0.4984791874885559
20.0,0.4970782995223999
22.0,0.4954983592033386
24.0,0.49324101209640503
26.0,0.49152785539627075
28.0,0.48905977606773376
30.0,0.4871874451637268
32.0,0.4851005971431732
36.0,0.480888307094574
40.0,0.4770248830318451
44.0,0.47305434942245483
48.0,0.4700179696083069
52.0,0.4663173258304596
56.0,0.46195295453071594
60.0,0.4575759172439575
64.0,0.45339807868003845
72.0,0.4459160566329956
80.0,0.4397997260093689
88.0,0.43202799558639526
96.0,0.42409801483154297
104.0,0.4154227077960968
112.0,0.40558600425720215
120.0,0.39581432938575745
128.0,0.3859419524669647
144.0,0.36553239822387695
160.0,0.3472709059715271
176.0,0.32842639088630676
192.0,0.31129783391952515
208.0,0.29580405354499817
224.0,0.28160038590431213
240.0,0.2698900103569031
256.0,0.2599247992038727
288.0,0.24293732643127441
320.0,0.2274010181427002
352.0,0.21123383939266205
384.0,0.1936645358800888
416.0,0.173269584774971
448.0,0.1522279530763626
480.0,0.12991653382778168
512.0,0.10780712962150574
576.0,0.08835335075855255
640.0,0.0856873020529747
704.0,0.07892930507659912
768.0,0.05502434819936752
832.0,0.016944602131843567
896.0,-0.017638711258769035
960.0,-0.043635863810777664
1024.0,-0.05178764462471008
1152.0,-0.04539068043231964
1280.0,-0.035817671567201614
1408.0,-0.0286256056278944
1536.0,-0.01780044101178646
1664.0,-0.013515590690076351
1792.0,-0.013454919680953026
1920.0,-0.010256417095661163
2048.0,-0.009436885826289654
2304.0,-0.018697887659072876
2560.0,-0.025119874626398087
2816.0,-0.03524499386548996
3072.0,-0.030753470957279205
3328.0,-0.021502170711755753
3584.0,-0.012411028146743774
3840.0,0.0013944226084277034
4096.0,-0.03400528430938721
4608.0,-0.04279148206114769
5120.0,-0.02743249572813511
5632.0,-0.02324976958334446
6144.0,-0.07489662617444992
6656.0,-0.11417754739522934
7168.0,-0.09630005806684494
7680.0,-0.18612003326416016
8192.0,-0.21591204404830933
end
