version,3.0
numOfCh,1
type,point
parent_name,19e3e_0dot08-0dot01
ch_type,1_1
kcount,1
numberNandB,1
brightnessNandB,1
carpet pos,0
pc,0
Time (ms),CH1 Auto-Correlation
1.0,0.18127916753292084
2.0,0.17976462841033936
3.0,0.17813239991664886
4.0,0.1764717996120453
5.0,0.17473961412906647
6.0,0.17299549281597137
7.0,0.17119507491588593
8.0,0.1693761795759201
9.0,0.16767050325870514
10.0,0.1658410131931305
11.0,0.16408924758434296
12.0,0.16236969828605652
13.0,0.16066022217273712
14.0,0.159112811088562
15.0,0.1576569378376007
16.0,0.15618687868118286
18.0,0.15193875133991241
20.0,0.14877080917358398
22.0,0.14571982622146606
24.0,0.14274510741233826
26.0,0.13977110385894775
28.0,0.1367170214653015
30.0,0.13373826444149017
32.0,0.13084007799625397
36.0,0.12450531125068665
40.0,0.11881139129400253
44.0,0.11329829692840576
48.0,0.10780204087495804
52.0,0.10221508890390396
56.0,0.09720117598772049
60.0,0.09296329319477081
64.0,0.09004773944616318
72.0,0.0880691185593605
80.0,0.08535704761743546
88.0,0.08329212665557861
96.0,0.08147227764129639
104.0,0.07909337431192398
112.0,0.0761745274066925
120.0,0.07228779792785645
128.0,0.06830228865146637
144.0,0.06126929819583893
160.0,0.0534345805644989
176.0,0.04727528244256973
192.0,0.040901340544223785
208.0,0.03618093207478523
224.0,0.03264142945408821
240.0,0.03032243251800537
256.0,0.028236214071512222
288.0,0.029032409191131592
320.0,0.029609236866235733
352.0,0.03035999834537506
384.0,0.034257128834724426
416.0,0.044432852417230606
448.0,0.04754181206226349
480.0,0.04052841663360596
512.0,0.04096780717372894
576.0,0.037799108773469925
640.0,0.041302088648080826
704.0,0.024474026635289192
768.0,0.016492635011672974
832.0,0.009758277796208858
896.0,0.011339959688484669
960.0,0.019016040489077568
1024.0,0.030632155016064644
1152.0,0.026484260335564613
1280.0,0.010278250090777874
1408.0,-0.0061310953460633755
1536.0,-0.012131376191973686
1664.0,-0.004900698084384203
1792.0,-0.007781225722283125
1920.0,-0.006235337816178799
2048.0,0.0008465160499326885
2304.0,0.009408085606992245
2560.0,0.004506826400756836
2816.0,-0.011657902970910072
3072.0,-0.007769353687763214
3328.0,-0.013305692002177238
3584.0,-0.02115967497229576
3840.0,-0.02475610561668873
4096.0,-0.027279935777187347
end
