version,3.0
numOfCh,1
type,point
parent_name,19e3e_0dot08-0dot01
ch_type,1_1
kcount,1
numberNandB,1
brightnessNandB,1
carpet pos,0
pc,0
Time (ms),CH1 Auto-Correlation
1.0,0.23420017957687378
2.0,0.23296672105789185
3.0,0.2317105084657669
4.0,0.23051226139068604
5.0,0.22935885190963745
6.0,0.22825154662132263
7.0,0.2271212488412857
8.0,0.2260459065437317
9.0,0.2249523550271988
10.0,0.22383493185043335
11.0,0.2226833552122116
12.0,0.22157344222068787
13.0,0.22045426070690155
14.0,0.21931031346321106
15.0,0.2181640863418579
16.0,0.21698640286922455
18.0,0.2147243320941925
20.0,0.21244113147258759
22.0,0.2101159691810608
24.0,0.20782595872879028
26.0,0.20558585226535797
28.0,0.2034860998392105
30.0,0.20152537524700165
32.0,0.19956094026565552
36.0,0.19558881223201752
40.0,0.19148585200309753
44.0,0.18749679625034332
48.0,0.183679461479187
52.0,0.179866224527359
56.0,0.17593954503536224
60.0,0.1720827966928482
64.0,0.16855914890766144
72.0,0.16180337965488434
80.0,0.15565571188926697
88.0,0.15019139647483826
96.0,0.14516307413578033
104.0,0.14107868075370789
112.0,0.1382988542318344
120.0,0.13602741062641144
128.0,0.1335078775882721
144.0,0.12811563909053802
160.0,0.12066911160945892
176.0,0.11161209642887115
192.0,0.10165143758058548
208.0,0.09349845349788666
224.0,0.08965122699737549
240.0,0.08554314821958542
256.0,0.08223650604486465
288.0,0.07890485227108002
320.0,0.07127724587917328
352.0,0.05902859941124916
384.0,0.046513963490724564
416.0,0.03737766668200493
448.0,0.029324233531951904
480.0,0.022780608385801315
512.0,0.018188267946243286
576.0,0.011280015110969543
640.0,0.006040011066943407
704.0,0.0005969472695142031
768.0,-0.00809070747345686
832.0,-0.02134687453508377
896.0,-0.03485812619328499
960.0,-0.03673294559121132
1024.0,-0.029394257813692093
1152.0,-0.0275941863656044
1280.0,-0.038505565375089645
1408.0,-0.017204077914357185
1536.0,-0.023798473179340363
1664.0,-0.02870521880686283
1792.0,-0.04597250372171402
1920.0,-0.06262360513210297
2048.0,-0.07979290187358856
2304.0,-0.09771811962127686
2560.0,-0.058363176882267
2816.0,-0.03134440630674362
3072.0,-0.0027057910338044167
3328.0,0.008931492455303669
3584.0,-0.006293946877121925
3840.0,0.029774628579616547
4096.0,0.14627423882484436
end
