version,3.0
numOfCh,1
type,point
parent_name,19e3e_0dot08-0dot01
ch_type,1_1
kcount,1
numberNandB,1
brightnessNandB,1
carpet pos,0
pc,0
Time (ms),CH1 Auto-Correlation
1.0,0.16589997708797455
2.0,0.16475310921669006
3.0,0.16371303796768188
4.0,0.16265761852264404
5.0,0.16169805824756622
6.0,0.16078253090381622
7.0,0.15980835258960724
8.0,0.15898223221302032
9.0,0.15828654170036316
10.0,0.15756624937057495
11.0,0.1568939983844757
12.0,0.1562347412109375
13.0,0.15561890602111816
14.0,0.15494517982006073
15.0,0.1543363332748413
16.0,0.1536455750465393
18.0,0.15218989551067352
20.0,0.15098124742507935
22.0,0.14993798732757568
24.0,0.14891237020492554
26.0,0.14784349501132965
28.0,0.1467190533876419
30.0,0.14560824632644653
32.0,0.1446041762828827
36.0,0.14266061782836914
40.0,0.14026589691638947
44.0,0.13751432299613953
48.0,0.13503016531467438
52.0,0.13228996098041534
56.0,0.1293993592262268
60.0,0.1260632574558258
64.0,0.1225723996758461
72.0,0.11607397347688675
80.0,0.11019422858953476
88.0,0.10478606075048447
96.0,0.09930577874183655
104.0,0.09375886619091034
112.0,0.08820090442895889
120.0,0.08252944052219391
128.0,0.07710438221693039
144.0,0.06756339967250824
160.0,0.0588945709168911
176.0,0.05145055428147316
192.0,0.04549301788210869
208.0,0.040110111236572266
224.0,0.0357055701315403
240.0,0.031659141182899475
256.0,0.028815705329179764
288.0,0.025841951370239258
320.0,0.023384755477309227
352.0,0.019511032849550247
384.0,0.014578856527805328
416.0,0.010265464894473553
448.0,0.007438859902322292
480.0,0.006451717112213373
512.0,0.006710714194923639
576.0,0.006882602348923683
640.0,-0.0015052182134240866
704.0,-0.012778492644429207
768.0,-0.016072669997811317
832.0,-0.013216458261013031
896.0,-0.00860345084220171
960.0,-0.008400196209549904
1024.0,-0.014356440864503384
1152.0,-0.02664349414408207
1280.0,-0.03215370699763298
1408.0,-0.03226713091135025
1536.0,-0.036668553948402405
1664.0,-0.029049545526504517
1792.0,-0.022300712764263153
1920.0,-0.0033385700080543756
2048.0,0.008057757280766964
2304.0,0.022614283487200737
2560.0,0.035367701202631
2816.0,0.031130976974964142
3072.0,-0.011081092059612274
3328.0,-0.03660476952791214
3584.0,-0.028517303988337517
3840.0,-0.0320558175444603
4096.0,-0.045567285269498825
end
