version,3.0
numOfCh,1
type,point
parent_name,0cd20_0dot08-0dot01
ch_type,1_1
kcount,1
numberNandB,1
brightnessNandB,1
carpet pos,0
pc,0
Time (ms),CH1 Auto-Correlation
1.0,0.10303623229265213
2.0,0.10252735018730164
3.0,0.10205254703760147
4.0,0.10155703127384186
5.0,0.10104908049106598
6.0,0.10057270526885986
7.0,0.10011433064937592
8.0,0.09963228553533554
9.0,0.09918934106826782
10.0,0.09874927997589111
11.0,0.09831514954566956
12.0,0.09786944836378098
13.0,0.09741442650556564
14.0,0.0969567596912384
15.0,0.09647214412689209
16.0,0.09602036327123642
18.0,0.09514577686786652
20.0,0.09431914985179901
22.0,0.0935777872800827
24.0,0.09288018941879272
26.0,0.09225504845380783
28.0,0.09165602177381516
30.0,0.09101344645023346
32.0,0.0903589054942131
36.0,0.0890367403626442
40.0,0.0876493975520134
44.0,0.08620157837867737
48.0,0.08469396084547043
52.0,0.08317912369966507
56.0,0.08172404021024704
60.0,0.08025989681482315
64.0,0.07873670756816864
72.0,0.07606485486030579
80.0,0.07342938333749771
88.0,0.07091272622346878
96.0,0.06883233785629272
104.0,0.06673412770032883
112.0,0.06445026397705078
120.0,0.06205714866518974
128.0,0.05961501598358154
144.0,0.05479996278882027
160.0,0.049731627106666565
176.0,0.046053871512413025
192.0,0.0433964729309082
208.0,0.04176165908575058
224.0,0.040542591363191605
240.0,0.03987717255949974
256.0,0.03892446681857109
288.0,0.03763025626540184
320.0,0.03648451343178749
352.0,0.03388386592268944
384.0,0.02966878190636635
416.0,0.025448929518461227
448.0,0.021822433918714523
480.0,0.017605818808078766
512.0,0.0140077481046319
576.0,0.01098233088850975
640.0,0.010076002217829227
704.0,0.011953662149608135
768.0,0.015367976389825344
832.0,0.020124396309256554
896.0,0.022255070507526398
960.0,0.025752205401659012
1024.0,0.02602098509669304
1152.0,0.02377110719680786
1280.0,0.017942575737833977
1408.0,0.004217702895402908
1536.0,-0.005139064509421587
1664.0,-0.0031644331756979227
1792.0,-0.0034458001609891653
1920.0,-0.003625925863161683
2048.0,0.002641452709212899
2304.0,-0.004749491345137358
2560.0,-0.00018782676488626748
2816.0,0.006267734337598085
3072.0,0.0068067447282373905
3328.0,0.00612166803330183
3584.0,0.006202225107699633
3840.0,-0.00131559232249856
4096.0,-0.00446443073451519
4608.0,-0.013757024891674519
5120.0,-0.01724626123905182
5632.0,-0.022155271843075752
6144.0,0.0003780261904466897
6656.0,-0.02532712183892727
7168.0,-0.049999333918094635
7680.0,-0.08110325038433075
8192.0,-0.1095890998840332
end
