version,3.0
numOfCh,1
type,point
parent_name,0cd20_0dot08-0dot01
ch_type,1_1
kcount,1
numberNandB,1
brightnessNandB,1
carpet pos,0
pc,0
Time (ms),CH1 Auto-Correlation
1.0,0.1318696290254593
2.0,0.1310325413942337
3.0,0.13017216324806213
4.0,0.1292407512664795
5.0,0.12831245362758636
6.0,0.12740813195705414
7.0,0.12661337852478027
8.0,0.12587681412696838
9.0,0.12521503865718842
10.0,0.12456056475639343
11.0,0.12388777732849121
12.0,0.123225636780262
13.0,0.12262631952762604
14.0,0.12205945700407028
15.0,0.1214887723326683
16.0,0.12085694819688797
18.0,0.1197122260928154
20.0,0.11848421394824982
22.0,0.11720946431159973
24.0,0.11591525375843048
26.0,0.1145646795630455
28.0,0.11326289176940918
30.0,0.11211002618074417
32.0,0.11089383810758591
36.0,0.10810787975788116
40.0,0.10648893564939499
44.0,0.10476836562156677
48.0,0.10325796902179718
52.0,0.10171918570995331
56.0,0.10033975541591644
60.0,0.09894050657749176
64.0,0.09763747453689575
72.0,0.093204066157341
80.0,0.09013237059116364
88.0,0.08654609322547913
96.0,0.08315852284431458
104.0,0.08062375336885452
112.0,0.07820096611976624
120.0,0.07596825808286667
128.0,0.07353484630584717
144.0,0.06617479771375656
160.0,0.06068740785121918
176.0,0.05638938769698143
192.0,0.052847616374492645
208.0,0.05029759928584099
224.0,0.04904443770647049
240.0,0.04795434698462486
256.0,0.04851584509015083
288.0,0.05142238363623619
320.0,0.054361920803785324
352.0,0.05510970577597618
384.0,0.05375203862786293
416.0,0.05012885853648186
448.0,0.045536383986473083
480.0,0.03828321024775505
512.0,0.029547950252890587
576.0,0.013954991474747658
640.0,0.01263299211859703
704.0,0.012514684349298477
768.0,0.011287549510598183
832.0,0.009165477938950062
896.0,0.009254561737179756
960.0,0.01284874603152275
1024.0,0.017971202731132507
1152.0,0.018732290714979172
1280.0,0.005105665419250727
1408.0,-0.012443282641470432
1536.0,-0.024648647755384445
1664.0,-0.028901662677526474
1792.0,-0.02434719353914261
1920.0,-0.019397826865315437
2048.0,-0.016821878030896187
2304.0,-0.008582866750657558
2560.0,-0.012586469762027264
2816.0,-0.017052389681339264
3072.0,-0.014829625375568867
3328.0,-0.026957524940371513
3584.0,-0.038047872483730316
3840.0,-0.04628175497055054
4096.0,-0.04270346835255623
end
