version,3.0
numOfCh,1
type,point
parent_name,34766_10dot0-0dot01
ch_type,1_1
kcount,1
numberNandB,1
brightnessNandB,1
carpet pos,0
pc,0
Time (ms),CH1 Auto-Correlation
1.0,0.05241145193576813
2.0,0.046588726341724396
3.0,0.043697528541088104
4.0,0.042076025158166885
5.0,0.04060094431042671
6.0,0.04003937542438507
7.0,0.039909619837999344
8.0,0.039069660007953644
9.0,0.038637105375528336
10.0,0.038101937621831894
11.0,0.03780677914619446
12.0,0.03769136965274811
13.0,0.037206314504146576
14.0,0.03735942766070366
15.0,0.037153713405132294
16.0,0.036589186638593674
18.0,0.03538879379630089
20.0,0.03527933359146118
22.0,0.034270986914634705
24.0,0.033503178507089615
26.0,0.033430472016334534
28.0,0.03265085443854332
30.0,0.032125554978847504
32.0,0.031186481937766075
36.0,0.03053347021341324
40.0,0.029895247891545296
44.0,0.028501035645604134
48.0,0.028041066601872444
52.0,0.02747442200779915
56.0,0.02648346498608589
60.0,0.025446146726608276
64.0,0.024213895201683044
72.0,0.02217218652367592
80.0,0.02106076292693615
88.0,0.020423095673322678
96.0,0.019163042306900024
104.0,0.018041210249066353
112.0,0.01672438532114029
120.0,0.015118544921278954
128.0,0.014269446022808552
144.0,0.010994632728397846
160.0,0.007822228595614433
176.0,0.006435370538383722
192.0,0.005753409117460251
208.0,0.004916608799248934
224.0,0.003806629916653037
240.0,0.0020586750470101833
256.0,0.0010007648961618543
288.0,-0.0021297670900821686
320.0,-0.005053944420069456
352.0,-0.005514150019735098
384.0,-0.00609333161264658
416.0,-0.00575926573947072
448.0,-0.004965027794241905
480.0,-0.004202867858111858
512.0,-0.002319820923730731
576.0,-0.0019723267760127783
640.0,0.0004656006349250674
704.0,0.003036676673218608
768.0,0.005032625049352646
832.0,0.0068650683388113976
896.0,0.010176966898143291
960.0,0.010070307180285454
1024.0,0.007179332431405783
1152.0,0.001100101857446134
1280.0,-0.004500284790992737
1408.0,-0.006345745641738176
1536.0,-0.006931925658136606
1664.0,-0.0035447271075099707
1792.0,-0.003440667875111103
1920.0,-0.003635570639744401
2048.0,-0.005638796370476484
2304.0,-0.007313832640647888
2560.0,-0.006727180909365416
2816.0,-0.008058315142989159
3072.0,-0.005980867426842451
3328.0,-0.0009082750766538084
3584.0,0.004883443005383015
3840.0,0.003090799553319812
4096.0,-0.001814749906770885
end
