version,3.0
numOfCh,1
type,point
parent_name,34766_10dot0-0dot01
ch_type,1_1
kcount,1
numberNandB,1
brightnessNandB,1
carpet pos,0
pc,0
Time (ms),CH1 Auto-Correlation
1.0,0.44973382353782654
2.0,0.4486786425113678
3.0,0.4479421079158783
4.0,0.44720759987831116
5.0,0.44651827216148376
6.0,0.44579383730888367
7.0,0.4451952576637268
8.0,0.44460129737854004
9.0,0.44393646717071533
10.0,0.443254292011261
11.0,0.44257089495658875
12.0,0.4419786036014557
13.0,0.44133585691452026
14.0,0.440712571144104
15.0,0.4400562345981598
16.0,0.43949824571609497
18.0,0.43823617696762085
20.0,0.4368027150630951
22.0,0.4355567395687103
24.0,0.434347003698349
26.0,0.4331837594509125
28.0,0.43194258213043213
30.0,0.43060800433158875
32.0,0.42919474840164185
36.0,0.426368772983551
40.0,0.42371082305908203
44.0,0.4211374819278717
48.0,0.4184521734714508
52.0,0.4162519872188568
56.0,0.4140150547027588
60.0,0.4116169512271881
64.0,0.4094548523426056
72.0,0.4058358371257782
80.0,0.40214163064956665
88.0,0.3987877070903778
96.0,0.39529839158058167
104.0,0.39169877767562866
112.0,0.3876308798789978
120.0,0.38334736227989197
128.0,0.37847498059272766
144.0,0.36889752745628357
160.0,0.35777533054351807
176.0,0.3476794362068176
192.0,0.3380618989467621
208.0,0.3304539918899536
224.0,0.32240498065948486
240.0,0.31540733575820923
256.0,0.30870190262794495
288.0,0.2937168478965759
320.0,0.2802550792694092
352.0,0.27091220021247864
384.0,0.2513534724712372
416.0,0.22984595596790314
448.0,0.2158488929271698
480.0,0.20546436309814453
512.0,0.18958093225955963
576.0,0.16533765196800232
640.0,0.1461300253868103
704.0,0.12177132070064545
768.0,0.09362170100212097
832.0,0.07578244060277939
896.0,0.049649517983198166
960.0,0.02375679276883602
1024.0,-0.001756493584252894
1152.0,-0.10032635182142258
1280.0,-0.1617833375930786
1408.0,-0.20624548196792603
1536.0,-0.22009311616420746
1664.0,-0.22509275376796722
1792.0,-0.24150973558425903
1920.0,-0.23119762539863586
2048.0,-0.23772332072257996
end
