version,3.0
numOfCh,1
type,point
parent_name,fe81d_0dot6-0dot01
ch_type,1_1
kcount,1
numberNandB,1
brightnessNandB,1
carpet pos,0
pc,0
Time (ms),CH1 Auto-Correlation
1.0,0.02402091957628727
2.0,0.023021312430500984
3.0,0.022093189880251884
4.0,0.021225588396191597
5.0,0.02043316513299942
6.0,0.019721923395991325
7.0,0.019053710624575615
8.0,0.018414568156003952
9.0,0.01783406361937523
10.0,0.017301633954048157
11.0,0.01678522489964962
12.0,0.016323277726769447
13.0,0.015896227210760117
14.0,0.015482854098081589
15.0,0.015037300996482372
16.0,0.014618747867643833
18.0,0.013869042508304119
20.0,0.013174260035157204
22.0,0.012430225498974323
24.0,0.011706320568919182
26.0,0.01106206513941288
28.0,0.010544353164732456
30.0,0.010097040794789791
32.0,0.009617184288799763
36.0,0.008633856661617756
40.0,0.00768405944108963
44.0,0.006942471489310265
48.0,0.006223655771464109
52.0,0.0055932248942554
56.0,0.005286685656756163
60.0,0.005272495094686747
64.0,0.005332996137440205
72.0,0.005168646574020386
80.0,0.004806965589523315
88.0,0.004400521982461214
96.0,0.004154480528086424
104.0,0.0036957869306206703
112.0,0.003356104949489236
120.0,0.003028001170605421
128.0,0.002875576727092266
144.0,0.0025588993448764086
160.0,0.002567513380199671
176.0,0.0024701436050236225
192.0,0.002062903717160225
208.0,0.001560537377372384
224.0,0.0007731538498774171
240.0,-0.0005268564564175904
256.0,-0.0006628609844483435
288.0,-0.0005060469848103821
320.0,-0.0010362359462305903
352.0,0.00010892341379076242
384.0,0.0002847570285666734
416.0,0.0012096196878701448
448.0,0.0007867306703701615
480.0,0.0002413773036096245
512.0,0.0009140063775703311
576.0,0.002903594169765711
640.0,0.002732677850872278
704.0,9.314873750554398e-05
768.0,-0.001475812867283821
832.0,-0.0030416431836783886
896.0,-0.0035382395144551992
960.0,-0.003880385309457779
1024.0,-0.0022668971214443445
1152.0,-0.0014937870437279344
1280.0,-0.00015062202874105424
1408.0,-1.984962000278756e-05
1536.0,0.00032395744347013533
1664.0,0.002200365997850895
1792.0,0.0004393563431221992
1920.0,-0.0003837439580820501
2048.0,0.0005353354499675333
2304.0,-0.0001393319107592106
2560.0,-0.003019005758687854
2816.0,-0.0019009202951565385
3072.0,-0.0013950587017461658
3328.0,0.0011029429733753204
3584.0,0.0017004385590553284
3840.0,0.001930404338054359
4096.0,-0.0010557507630437613
end
