version,3.0
numOfCh,1
type,point
parent_name,fe81d_0dot6-0dot01
ch_type,1_1
kcount,1
numberNandB,1
brightnessNandB,1
carpet pos,0
pc,0
Time (ms),CH1 Auto-Correlation
1.0,0.21473954617977142
2.0,0.212343230843544
3.0,0.20996132493019104
4.0,0.20752784609794617
5.0,0.20524193346500397
6.0,0.20300732553005219
7.0,0.20083922147750854
8.0,0.19870875775814056
9.0,0.19657674431800842
10.0,0.1943875104188919
11.0,0.19212298095226288
12.0,0.18989530205726624
13.0,0.18763810396194458
14.0,0.1853571981191635
15.0,0.18304744362831116
16.0,0.1806381642818451
18.0,0.17375405132770538
20.0,0.16855981945991516
22.0,0.16336163878440857
24.0,0.1579752266407013
26.0,0.15258020162582397
28.0,0.14737249910831451
30.0,0.14202602207660675
32.0,0.13668251037597656
36.0,0.126944437623024
40.0,0.1177467405796051
44.0,0.10855888575315475
48.0,0.09896025061607361
52.0,0.0896545872092247
56.0,0.08051196485757828
60.0,0.07221700996160507
64.0,0.06339797377586365
72.0,0.04616469144821167
80.0,0.030040057376027107
88.0,0.015875868499279022
96.0,0.006302326917648315
104.0,0.006933028344064951
112.0,0.007925821468234062
120.0,0.009208736009895802
128.0,0.011300110258162022
144.0,0.014063149690628052
160.0,0.009092453867197037
176.0,0.005554821342229843
192.0,0.0037309087347239256
208.0,0.0026415770407766104
224.0,0.0016621581744402647
240.0,0.0030689651612192392
256.0,0.004847926087677479
288.0,0.004176500253379345
320.0,0.0036939915735274553
352.0,0.009384996257722378
384.0,0.011044447310268879
416.0,0.009818840771913528
448.0,0.002124207792803645
480.0,-0.0001748541253618896
512.0,0.0007108873687684536
576.0,0.0014014319749549031
640.0,-0.013385697267949581
704.0,-0.009462193585932255
768.0,-0.006408424582332373
832.0,0.005242310464382172
896.0,0.001630116836167872
960.0,-0.001995059661567211
1024.0,-7.172605546656996e-05
1152.0,0.011125554330646992
1280.0,0.012242008000612259
1408.0,0.004723505116999149
1536.0,0.0034549885895103216
1664.0,0.006376722361892462
1792.0,-0.005512227304279804
1920.0,-0.0027687379624694586
2048.0,0.010428469628095627
end
