version,3.0
numOfCh,1
type,point
parent_name,c1204_0dot4-1dot0
ch_type,1_1
kcount,1
numberNandB,1
brightnessNandB,1
carpet pos,0
pc,0
Time (ms),CH1 Auto-Correlation
1.0,0.10781415551900864
2.0,0.10388437658548355
3.0,0.10016040503978729
4.0,0.09680800884962082
5.0,0.09362000226974487
6.0,0.0907248705625534
7.0,0.08803729712963104
8.0,0.0854741632938385
9.0,0.08303443342447281
10.0,0.08062820881605148
11.0,0.07852078229188919
12.0,0.07659135013818741
13.0,0.0748075619339943
14.0,0.0730583667755127
15.0,0.07142531126737595
16.0,0.06990405172109604
18.0,0.0669863149523735
20.0,0.06412001699209213
22.0,0.06144317239522934
24.0,0.05900416523218155
26.0,0.056808095425367355
28.0,0.054874617606401443
30.0,0.052925895899534225
32.0,0.05092088505625725
36.0,0.04727973788976669
40.0,0.044344477355480194
44.0,0.04204140603542328
48.0,0.039831772446632385
52.0,0.03749142959713936
56.0,0.03546562045812607
60.0,0.0334467887878418
64.0,0.03186419978737831
72.0,0.0282827690243721
80.0,0.024284029379487038
88.0,0.02249080501496792
96.0,0.02244452014565468
104.0,0.02225300669670105
112.0,0.021450847387313843
120.0,0.02028726227581501
128.0,0.018761109560728073
144.0,0.01751464419066906
160.0,0.01773553341627121
176.0,0.018844719976186752
192.0,0.0213017538189888
208.0,0.02213265188038349
224.0,0.01977069117128849
240.0,0.016775835305452347
256.0,0.01532003004103899
288.0,0.013642669655382633
320.0,0.014167841523885727
352.0,0.017075737938284874
384.0,0.0159363504499197
416.0,0.014581316150724888
448.0,0.01375978160649538
480.0,0.011166563257575035
512.0,0.008104541338980198
576.0,0.011901496909558773
640.0,0.015675678849220276
704.0,0.01803532801568508
768.0,0.01583663374185562
832.0,0.01253697369247675
896.0,0.010950667783617973
960.0,0.012451949529349804
1024.0,0.010449186898767948
1152.0,0.012979641556739807
1280.0,0.015585722401738167
1408.0,0.00940790493041277
1536.0,0.006919597275555134
1664.0,0.00392950139939785
1792.0,0.0010882435599341989
1920.0,0.004425526596605778
2048.0,0.003704697359353304
2304.0,0.003767766524106264
2560.0,0.001102132722735405
2816.0,0.0016399642918258905
3072.0,-0.00734690809622407
3328.0,-0.0018807754386216402
3584.0,-0.0038160812109708786
3840.0,-0.008462240919470787
4096.0,-0.004599616397172213
4608.0,-0.00341381155885756
5120.0,-0.005192319862544537
5632.0,-0.010339617729187012
6144.0,-0.013852166943252087
6656.0,-0.01804948039352894
7168.0,-0.015433946624398232
7680.0,-0.014530729502439499
8192.0,-0.011240016669034958
end
