version,3.0
numOfCh,1
type,point
parent_name,c1204_0dot069-0dot1
ch_type,1_1
kcount,1
numberNandB,1
brightnessNandB,1
carpet pos,0
pc,0
Time (ms),CH1 Auto-Correlation
1.0,0.08170807361602783
2.0,0.08091168105602264
3.0,0.08016043156385422
4.0,0.07938580960035324
5.0,0.07860054820775986
6.0,0.07784886658191681
7.0,0.07714494317770004
8.0,0.07644688338041306
9.0,0.0757991299033165
10.0,0.0751798078417778
11.0,0.07461132109165192
12.0,0.07404188811779022
13.0,0.07350564748048782
14.0,0.07298659533262253
15.0,0.07244297116994858
16.0,0.07191898673772812
18.0,0.070872001349926
20.0,0.06982279568910599
22.0,0.06884642690420151
24.0,0.06793157011270523
26.0,0.0670623928308487
28.0,0.06626622378826141
30.0,0.06549883633852005
32.0,0.06470778584480286
36.0,0.06333985924720764
40.0,0.06227489188313484
44.0,0.061370231211185455
48.0,0.060491979122161865
52.0,0.0596751943230629
56.0,0.058888159692287445
60.0,0.05814281105995178
64.0,0.05743936821818352
72.0,0.056219834834337234
80.0,0.05481753498315811
88.0,0.053396742790937424
96.0,0.05177367106080055
104.0,0.05016665533185005
112.0,0.04887513071298599
120.0,0.04773646220564842
128.0,0.046805888414382935
144.0,0.04501204192638397
160.0,0.04352889582514763
176.0,0.04190491512417793
192.0,0.039528414607048035
208.0,0.03676106780767441
224.0,0.03426027297973633
240.0,0.03199928253889084
256.0,0.029855648055672646
288.0,0.025431957095861435
320.0,0.020828092470765114
352.0,0.0181781817227602
384.0,0.015044464729726315
416.0,0.012474169954657555
448.0,0.011948241852223873
480.0,0.01097309309989214
512.0,0.010888426564633846
576.0,0.01116365659981966
640.0,0.008985956199467182
704.0,0.007625023368746042
768.0,0.006391778122633696
832.0,0.00496531231328845
896.0,0.005074650514870882
960.0,0.004891660064458847
1024.0,0.0033267904072999954
1152.0,-0.0010275732493028045
1280.0,-0.0005563126178458333
1408.0,0.0025299214757978916
1536.0,0.008123299106955528
1664.0,0.009224754758179188
1792.0,0.009114434942603111
1920.0,0.009874818846583366
2048.0,0.01037490926682949
2304.0,0.004272006917744875
2560.0,-0.004734691232442856
2816.0,-0.0031839150469750166
3072.0,0.0006591054843738675
3328.0,0.0073710717260837555
3584.0,-2.5700273909023963e-05
3840.0,-0.010384976863861084
4096.0,-0.012764854356646538
4608.0,-0.01550483051687479
5120.0,-0.019502820447087288
5632.0,-0.005998506676405668
6144.0,-0.0097757363691926
6656.0,-0.013511008583009243
7168.0,-0.0223524309694767
7680.0,-0.00720326229929924
8192.0,0.005587135907262564
end
