version,3.0
numOfCh,1
type,point
parent_name,c1204_0dot069-0dot1
ch_type,1_1
kcount,1
numberNandB,1
brightnessNandB,1
carpet pos,0
pc,0
Time (ms),CH1 Auto-Correlation
1.0,0.08715490996837616
2.0,0.08667027950286865
3.0,0.08618184924125671
4.0,0.085706926882267
5.0,0.08525475114583969
6.0,0.084821417927742
7.0,0.08437532931566238
8.0,0.08394148200750351
9.0,0.0835224911570549
10.0,0.08311047405004501
11.0,0.08270899206399918
12.0,0.08230951428413391
13.0,0.08190920203924179
14.0,0.08151885122060776
15.0,0.08113878965377808
16.0,0.08077193051576614
18.0,0.08001657575368881
20.0,0.07925451546907425
22.0,0.07851263135671616
24.0,0.07778438180685043
26.0,0.07705322653055191
28.0,0.07634833455085754
30.0,0.07567919790744781
32.0,0.07501809298992157
36.0,0.07375235855579376
40.0,0.07251769304275513
44.0,0.07124758511781693
48.0,0.07003802061080933
52.0,0.06892024725675583
56.0,0.06787076592445374
60.0,0.06684193760156631
64.0,0.06586472690105438
72.0,0.06401389092206955
80.0,0.062153156846761703
88.0,0.060453709214925766
96.0,0.05888804420828819
104.0,0.05749092623591423
112.0,0.056322015821933746
120.0,0.055268049240112305
128.0,0.05408608540892601
144.0,0.052041370421648026
160.0,0.05046752095222473
176.0,0.04941612109541893
192.0,0.04837903007864952
208.0,0.04727130010724068
224.0,0.04620930552482605
240.0,0.04518215358257294
256.0,0.04444055259227753
288.0,0.04193022847175598
320.0,0.03894656151533127
352.0,0.03728751838207245
384.0,0.03666028380393982
416.0,0.03659338504076004
448.0,0.035826947540044785
480.0,0.03526008501648903
512.0,0.033849697560071945
576.0,0.032139912247657776
640.0,0.033157240599393845
704.0,0.0338858999311924
768.0,0.03278161585330963
832.0,0.030125692486763
896.0,0.027662357315421104
960.0,0.0259453933686018
1024.0,0.023650331422686577
1152.0,0.015571828000247478
1280.0,0.005989980883896351
1408.0,0.0016710566123947501
1536.0,0.0011903534177690744
1664.0,0.0034921218175441027
1792.0,0.002831278368830681
1920.0,-0.0019512571161612868
2048.0,-0.007431868929415941
2304.0,-0.0015421118587255478
2560.0,-0.0033890369813889265
2816.0,0.0007460746564902365
3072.0,0.0032572795171290636
3328.0,0.008095921017229557
3584.0,0.0030615287832915783
3840.0,-0.0013536944752559066
4096.0,-4.5343338570091873e-05
4608.0,-0.008709350600838661
5120.0,-0.017647122964262962
5632.0,-0.02937675267457962
6144.0,-0.030627069994807243
6656.0,-0.020995844155550003
7168.0,-0.006998592987656593
7680.0,0.013134988956153393
8192.0,0.01583951525390148
end
