version,3.0
numOfCh,1
type,point
parent_name,c1204_0dot069-0dot1
ch_type,1_1
kcount,1
numberNandB,1
brightnessNandB,1
carpet pos,0
pc,0
Time (ms),CH1 Auto-Correlation
1.0,0.07920917123556137
2.0,0.07874614000320435
3.0,0.07830312103033066
4.0,0.07788392901420593
5.0,0.07747386395931244
6.0,0.07707880437374115
7.0,0.07668284326791763
8.0,0.07630005478858948
9.0,0.07591298967599869
10.0,0.07553456723690033
11.0,0.07517620176076889
12.0,0.07481653243303299
13.0,0.07447026669979095
14.0,0.07410907745361328
15.0,0.07375431805849075
16.0,0.07340879738330841
18.0,0.07273006439208984
20.0,0.07209037989377975
22.0,0.07146655023097992
24.0,0.07084742933511734
26.0,0.0702548697590828
28.0,0.06969534605741501
30.0,0.06914137303829193
32.0,0.06858252733945847
36.0,0.06750263273715973
40.0,0.06644539535045624
44.0,0.06537249684333801
48.0,0.06436459720134735
52.0,0.06338068097829819
56.0,0.06245479732751846
60.0,0.06166544184088707
64.0,0.06097370386123657
72.0,0.0595773309469223
80.0,0.05817912518978119
88.0,0.056762807071208954
96.0,0.055388499051332474
104.0,0.05419326201081276
112.0,0.053106702864170074
120.0,0.05200507864356041
128.0,0.050989020615816116
144.0,0.04872483015060425
160.0,0.046398479491472244
176.0,0.04412875697016716
192.0,0.0422113761305809
208.0,0.04070252552628517
224.0,0.039333246648311615
240.0,0.03831595554947853
256.0,0.03742481768131256
288.0,0.036994557827711105
320.0,0.03613796457648277
352.0,0.03459710627794266
384.0,0.034035325050354004
416.0,0.03306632861495018
448.0,0.030614499002695084
480.0,0.02775629237294197
512.0,0.02496861293911934
576.0,0.018140213564038277
640.0,0.014299144968390465
704.0,0.013293324038386345
768.0,0.012235460802912712
832.0,0.012257767841219902
896.0,0.00845901109278202
960.0,0.0023185976315289736
1024.0,-0.0027594149578362703
1152.0,-0.011653877794742584
1280.0,-0.0157330185174942
1408.0,-0.019528454169631004
1536.0,-0.02173645980656147
1664.0,-0.01931576617062092
1792.0,-0.0212953332811594
1920.0,-0.025389831513166428
2048.0,-0.024370085448026657
2304.0,-0.018538201227784157
2560.0,-0.01156255230307579
2816.0,-0.007905092090368271
3072.0,-0.006760019343346357
3328.0,0.00493665924295783
3584.0,0.010258093476295471
3840.0,0.012383664958178997
4096.0,0.012564004398882389
4608.0,0.013905610889196396
5120.0,0.012758448719978333
5632.0,-0.008526982739567757
6144.0,-0.029348211362957954
6656.0,-0.03060939908027649
7168.0,-0.01204307284206152
7680.0,0.01355436909943819
8192.0,0.024243120104074478
end
