version,3.0
numOfCh,1
type,point
parent_name,c1204_0dot069-0dot1
ch_type,1_1
kcount,1
numberNandB,1
brightnessNandB,1
carpet pos,0
pc,0
Time (ms),CH1 Auto-Correlation
1.0,0.08091901242733002
2.0,0.08040556311607361
3.0,0.07990601658821106
4.0,0.07941646128892899
5.0,0.07893945276737213
6.0,0.07847113162279129
7.0,0.07799114286899567
8.0,0.07751133292913437
9.0,0.07702750712633133
10.0,0.0765705481171608
11.0,0.07613009214401245
12.0,0.07568518817424774
13.0,0.07525023072957993
14.0,0.07482566684484482
15.0,0.07440460473299026
16.0,0.07399602234363556
18.0,0.07318215072154999
20.0,0.07234795391559601
22.0,0.0715692788362503
24.0,0.0708259716629982
26.0,0.07008987665176392
28.0,0.06937011331319809
30.0,0.06867317855358124
32.0,0.06797997653484344
36.0,0.06668023765087128
40.0,0.06540516018867493
44.0,0.06421037018299103
48.0,0.06297113746404648
52.0,0.06169941648840904
56.0,0.060537487268447876
60.0,0.05944907292723656
64.0,0.05845413729548454
72.0,0.05659830570220947
80.0,0.05493178963661194
88.0,0.05325940623879433
96.0,0.051683537662029266
104.0,0.05030585825443268
112.0,0.04908164590597153
120.0,0.04796721413731575
128.0,0.046889498829841614
144.0,0.0451851412653923
160.0,0.04373037442564964
176.0,0.042477432638406754
192.0,0.041581518948078156
208.0,0.04061358794569969
224.0,0.039747435599565506
240.0,0.03929221257567406
256.0,0.039074648171663284
288.0,0.0382009781897068
320.0,0.036465562880039215
352.0,0.034957192838191986
384.0,0.033565498888492584
416.0,0.03155786544084549
448.0,0.0279229786247015
480.0,0.025545800104737282
512.0,0.02294118143618107
576.0,0.021464750170707703
640.0,0.020200422033667564
704.0,0.015661073848605156
768.0,0.010626173578202724
832.0,0.009457425214350224
896.0,0.009493486024439335
960.0,0.009433035738766193
1024.0,0.010128446854650974
1152.0,0.005044833291321993
1280.0,0.004213536158204079
1408.0,0.0035047170240432024
1536.0,0.006763781420886517
1664.0,0.005718929693102837
1792.0,0.0037190697621554136
1920.0,0.0049539655447006226
2048.0,0.0029362239874899387
2304.0,0.004535566549748182
2560.0,0.004082385450601578
2816.0,-0.0022079376503825188
3072.0,-0.013493369333446026
3328.0,-0.02358373999595642
3584.0,-0.03075966238975525
3840.0,-0.03520536795258522
4096.0,-0.03512047231197357
4608.0,-0.02519163303077221
5120.0,-0.015726786106824875
5632.0,-0.016179418191313744
6144.0,-0.007771965116262436
6656.0,0.002932225586846471
7168.0,0.009957246482372284
7680.0,0.017674552276730537
8192.0,0.025538375601172447
end
