version,3.0
numOfCh,1
type,point
parent_name,fe81d_0dot2-0dot1
ch_type,1_1
kcount,1
numberNandB,1
brightnessNandB,1
carpet pos,0
pc,0
Time (ms),CH1 Auto-Correlation
1.0,0.07646811008453369
2.0,0.07523982226848602
3.0,0.07405836135149002
4.0,0.07288433611392975
5.0,0.07180408388376236
6.0,0.07075128704309464
7.0,0.06976106762886047
8.0,0.06883547455072403
9.0,0.06793507933616638
10.0,0.06706931442022324
11.0,0.06620872765779495
12.0,0.06538812071084976
13.0,0.06458978354930878
14.0,0.06383202970027924
15.0,0.06311401724815369
16.0,0.06240130960941315
18.0,0.06108153238892555
20.0,0.05984286963939667
22.0,0.05870669707655907
24.0,0.05763964354991913
26.0,0.05655276030302048
28.0,0.055472567677497864
30.0,0.05440232902765274
32.0,0.05336707830429077
36.0,0.0513308010995388
40.0,0.04950473830103874
44.0,0.048020146787166595
48.0,0.04676509648561478
52.0,0.0456874780356884
56.0,0.04461321607232094
60.0,0.04368250072002411
64.0,0.04288863018155098
72.0,0.041021041572093964
80.0,0.03921017423272133
88.0,0.037307024002075195
96.0,0.036056868731975555
104.0,0.03530118614435196
112.0,0.03461969643831253
120.0,0.033625997602939606
128.0,0.032821424305438995
144.0,0.030783189460635185
160.0,0.028294289484620094
176.0,0.026621920987963676
192.0,0.025282027199864388
208.0,0.023674102500081062
224.0,0.021460318937897682
240.0,0.019456250593066216
256.0,0.017589978873729706
288.0,0.016253413632512093
320.0,0.015534637495875359
352.0,0.016051042824983597
384.0,0.01652527041733265
416.0,0.017209522426128387
448.0,0.017194651067256927
480.0,0.01683088392019272
512.0,0.017882995307445526
576.0,0.020030967891216278
640.0,0.017342383041977882
704.0,0.015438727103173733
768.0,0.01550531666725874
832.0,0.01671050488948822
896.0,0.014889895915985107
960.0,0.01840086281299591
1024.0,0.018591558560729027
1152.0,0.011869989335536957
1280.0,0.011708751320838928
1408.0,0.013081143610179424
1536.0,0.0117395780980587
1664.0,0.009065276011824608
1792.0,0.01188994012773037
1920.0,0.022810429334640503
2048.0,0.0227680504322052
2304.0,0.00806993618607521
2560.0,0.007848427630960941
2816.0,0.008729557506740093
3072.0,0.00112437317147851
3328.0,-0.007043761201202869
3584.0,-0.008374013006687164
3840.0,-0.005980990827083588
4096.0,-0.0011775081511586905
4608.0,-0.010640894062817097
5120.0,-0.00580192543566227
5632.0,-0.011884573847055435
6144.0,-0.017550496384501457
6656.0,-0.016025569289922714
7168.0,-0.012203803285956383
7680.0,-0.013388819992542267
8192.0,-0.019644802436232567
end
