version,3.0
numOfCh,1
type,point
parent_name,fe81d_0dot2-0dot1
ch_type,1_1
kcount,1
numberNandB,1
brightnessNandB,1
carpet pos,0
pc,0
Time (ms),CH1 Auto-Correlation
1.0,0.08961378782987595
2.0,0.08714767545461655
3.0,0.08492151647806168
4.0,0.0828242301940918
5.0,0.08083920925855637
6.0,0.07881173491477966
7.0,0.07665188610553741
8.0,0.07430380582809448
9.0,0.07327616959810257
10.0,0.07230019569396973
11.0,0.07143942266702652
12.0,0.07060621678829193
13.0,0.06975776702165604
14.0,0.06899148225784302
15.0,0.06818228214979172
16.0,0.06739641726016998
18.0,0.06596160680055618
20.0,0.06462854146957397
22.0,0.06334399431943893
24.0,0.06201582029461861
26.0,0.06086086854338646
28.0,0.05981386825442314
30.0,0.05880100280046463
32.0,0.057837046682834625
36.0,0.05588148534297943
40.0,0.05394762381911278
44.0,0.05199521780014038
48.0,0.050243426114320755
52.0,0.048973385244607925
56.0,0.04789759963750839
60.0,0.046674955636262894
64.0,0.04549917206168175
72.0,0.04406283050775528
80.0,0.042514313012361526
88.0,0.0409100241959095
96.0,0.039288781583309174
104.0,0.03783382475376129
112.0,0.03680601343512535
120.0,0.035661108791828156
128.0,0.0346641018986702
144.0,0.03302176296710968
160.0,0.031367573887109756
176.0,0.029433341696858406
192.0,0.028686827048659325
208.0,0.028093192726373672
224.0,0.027202889323234558
240.0,0.026299545541405678
256.0,0.025526247918605804
288.0,0.024542443454265594
320.0,0.023838115856051445
352.0,0.023013001307845116
384.0,0.02256312407553196
416.0,0.020645873621106148
448.0,0.020351538434624672
480.0,0.0183534175157547
512.0,0.015006802044808865
576.0,0.008068390190601349
640.0,0.007603996433317661
704.0,0.009554565884172916
768.0,0.00886637531220913
832.0,0.010930807329714298
896.0,0.006933314260095358
960.0,0.0034351646900177
1024.0,0.003611002117395401
1152.0,0.007518497761338949
1280.0,0.004069026093930006
1408.0,0.0016798905562609434
1536.0,0.007628065999597311
1664.0,0.010780190117657185
1792.0,0.01090905349701643
1920.0,0.016977811232209206
2048.0,0.015513093210756779
2304.0,0.004156963899731636
2560.0,9.869964560493827e-05
2816.0,0.005114270839840174
3072.0,0.004940471146255732
3328.0,0.0024429194163531065
3584.0,-0.0013018414610996842
3840.0,0.005737351253628731
4096.0,0.0032923738472163677
4608.0,-0.005408131051808596
5120.0,-0.009581314399838448
5632.0,-0.021396204829216003
6144.0,-0.01469552144408226
6656.0,-0.018253125250339508
7168.0,-0.018426666036248207
7680.0,-0.022447578608989716
8192.0,-0.008562756702303886
end
