version,3.0
numOfCh,1
type,point
parent_name,34a6d_0dot069-0dot1
ch_type,1_1
kcount,1
numberNandB,1
brightnessNandB,1
carpet pos,0
pc,0
Time (ms),CH1 Auto-Correlation
1.0,0.08298217505216599
2.0,0.08243342489004135
3.0,0.08189895004034042
4.0,0.08137758821249008
5.0,0.08087948709726334
6.0,0.08039426803588867
7.0,0.079910509288311
8.0,0.07945363968610764
9.0,0.07902976870536804
10.0,0.07861435413360596
11.0,0.07820265740156174
12.0,0.07777329534292221
13.0,0.07734902948141098
14.0,0.07692619413137436
15.0,0.07651282101869583
16.0,0.07610480487346649
18.0,0.07531535625457764
20.0,0.07450637221336365
22.0,0.0737212523818016
24.0,0.07298947870731354
26.0,0.07231871783733368
28.0,0.0716652199625969
30.0,0.07100927084684372
32.0,0.07036595046520233
36.0,0.06923738121986389
40.0,0.0682385116815567
44.0,0.06725968420505524
48.0,0.0662662535905838
52.0,0.06524793803691864
56.0,0.06428299099206924
60.0,0.06338668614625931
64.0,0.06249908357858658
72.0,0.06070941686630249
80.0,0.058849040418863297
88.0,0.05701085552573204
96.0,0.05530164763331413
104.0,0.05392917990684509
112.0,0.05256614834070206
120.0,0.05112014338374138
128.0,0.04978650435805321
144.0,0.047732945531606674
160.0,0.04552793130278587
176.0,0.04401713237166405
192.0,0.04296744614839554
208.0,0.041512470692396164
224.0,0.03971278294920921
240.0,0.03798341006040573
256.0,0.0361609011888504
288.0,0.03327397257089615
320.0,0.030546093359589577
352.0,0.027908774092793465
384.0,0.02630777284502983
416.0,0.025798626244068146
448.0,0.024112261831760406
480.0,0.02270912192761898
512.0,0.022235600277781487
576.0,0.02230735681951046
640.0,0.01811116188764572
704.0,0.015337620861828327
768.0,0.01596149429678917
832.0,0.016223127022385597
896.0,0.01261569932103157
960.0,0.006425027269870043
1024.0,0.0037440797314047813
1152.0,0.006611476186662912
1280.0,0.008741563186049461
1408.0,0.012076001614332199
1536.0,0.007623419631272554
1664.0,0.0014228996587917209
1792.0,-0.00734101515263319
1920.0,-0.010334262624382973
2048.0,-0.011675160378217697
2304.0,-0.02496100775897503
2560.0,-0.025871336460113525
2816.0,-0.021484434604644775
3072.0,-0.025177042931318283
3328.0,-0.01685342937707901
3584.0,-0.007016459479928017
3840.0,-0.0044502257369458675
4096.0,0.006202701013535261
4608.0,0.008604108355939388
5120.0,0.01539661269634962
5632.0,0.008298653177917004
6144.0,-0.013133848085999489
6656.0,-0.013145976699888706
7168.0,-0.030033033341169357
7680.0,-0.033542450517416
8192.0,-0.019558770582079887
end
