version,3.0
numOfCh,1
type,point
parent_name,34a6d_0dot069-0dot1
ch_type,1_1
kcount,1
numberNandB,1
brightnessNandB,1
carpet pos,0
pc,0
Time (ms),CH1 Auto-Correlation
1.0,0.08642557263374329
2.0,0.0857657939195633
3.0,0.08516909927129745
4.0,0.08463183045387268
5.0,0.08410944789648056
6.0,0.08357682824134827
7.0,0.08309312909841537
8.0,0.08262892067432404
9.0,0.08220736682415009
10.0,0.0817977711558342
11.0,0.08137921988964081
12.0,0.08095429837703705
13.0,0.08053514361381531
14.0,0.08014734834432602
15.0,0.07973853498697281
16.0,0.07931150496006012
18.0,0.07849673181772232
20.0,0.0777081549167633
22.0,0.07690320909023285
24.0,0.07612845301628113
26.0,0.07538297027349472
28.0,0.07468236982822418
30.0,0.0740044116973877
32.0,0.07329952716827393
36.0,0.07194923609495163
40.0,0.07066258043050766
44.0,0.06946244835853577
48.0,0.06834641098976135
52.0,0.06723196804523468
56.0,0.06622909754514694
60.0,0.06538369506597519
64.0,0.0645608976483345
72.0,0.06300521641969681
80.0,0.06155969947576523
88.0,0.0601588636636734
96.0,0.05893479287624359
104.0,0.057735782116651535
112.0,0.0564376600086689
120.0,0.05506497994065285
128.0,0.05392461270093918
144.0,0.05198382958769798
160.0,0.05033901706337929
176.0,0.04889005422592163
192.0,0.04780878871679306
208.0,0.04722827300429344
224.0,0.04644937068223953
240.0,0.045935988426208496
256.0,0.045861754566431046
288.0,0.04494261369109154
320.0,0.04286091774702072
352.0,0.04122987762093544
384.0,0.04041357338428497
416.0,0.03956310823559761
448.0,0.037611089646816254
480.0,0.036320097744464874
512.0,0.03601805120706558
576.0,0.034831758588552475
640.0,0.032631125301122665
704.0,0.030775761231780052
768.0,0.029558708891272545
832.0,0.028380660340189934
896.0,0.02698841318488121
960.0,0.023476339876651764
1024.0,0.020828483626246452
1152.0,0.016792157664895058
1280.0,0.01697097159922123
1408.0,0.018531328067183495
1536.0,0.014675258658826351
1664.0,0.011095749214291573
1792.0,0.009922063909471035
1920.0,0.006174507085233927
2048.0,0.01015374343842268
2304.0,0.01351294107735157
2560.0,0.007124762050807476
2816.0,-0.009365052916109562
3072.0,-0.012485841289162636
3328.0,-0.022500494495034218
3584.0,-0.029947394505143166
3840.0,-0.03169172257184982
4096.0,-0.03960525989532471
4608.0,-0.03044871613383293
5120.0,-0.03246717527508736
5632.0,-0.03563287481665611
6144.0,-0.030300205573439598
6656.0,-0.017158983275294304
7168.0,0.008880103006958961
7680.0,0.014499608427286148
8192.0,0.009318720549345016
end
