version,3.0
numOfCh,1
type,point
parent_name,34a6d_0dot069-0dot1
ch_type,1_1
kcount,1
numberNandB,1
brightnessNandB,1
carpet pos,0
pc,0
Time (ms),CH1 Auto-Correlation
1.0,0.06993262469768524
2.0,0.06928326189517975
3.0,0.06867188960313797
4.0,0.06812259554862976
5.0,0.06759805232286453
6.0,0.06704064458608627
7.0,0.06656058877706528
8.0,0.06610116362571716
9.0,0.06567464768886566
10.0,0.06528829783201218
11.0,0.06490518152713776
12.0,0.06455226987600327
13.0,0.06417526304721832
14.0,0.06380366533994675
15.0,0.06344256550073624
16.0,0.06308206170797348
18.0,0.06232103705406189
20.0,0.06157331168651581
22.0,0.060827627778053284
24.0,0.06008467078208923
26.0,0.059378448873758316
28.0,0.05870163440704346
30.0,0.05802939832210541
32.0,0.05737414211034775
36.0,0.05607223138213158
40.0,0.0548265166580677
44.0,0.05362731218338013
48.0,0.052572716027498245
52.0,0.05153442919254303
56.0,0.05055134743452072
60.0,0.04952503740787506
64.0,0.04843692108988762
72.0,0.04667861387133598
80.0,0.0450964979827404
88.0,0.04377526044845581
96.0,0.042617712169885635
104.0,0.041399866342544556
112.0,0.0402088537812233
120.0,0.03901081159710884
128.0,0.03762681409716606
144.0,0.034733232110738754
160.0,0.032004427164793015
176.0,0.02951958402991295
192.0,0.027176231145858765
208.0,0.025475680828094482
224.0,0.024399062618613243
240.0,0.023304712027311325
256.0,0.021983256563544273
288.0,0.02055969089269638
320.0,0.019938621670007706
352.0,0.020527709275484085
384.0,0.020863424986600876
416.0,0.020399704575538635
448.0,0.019769640639424324
480.0,0.019665777683258057
512.0,0.019551195204257965
576.0,0.015188700519502163
640.0,0.013886158354580402
704.0,0.01550943125039339
768.0,0.016470136120915413
832.0,0.015842299908399582
896.0,0.013636802323162556
960.0,0.010541105642914772
1024.0,0.00819042231887579
1152.0,0.008507490158081055
1280.0,0.012149397283792496
1408.0,0.010098825208842754
1536.0,0.01239725574851036
1664.0,0.009712240658700466
1792.0,0.004156226292252541
1920.0,0.007054117042571306
2048.0,0.01174245122820139
2304.0,0.009088071063160896
2560.0,0.009529540315270424
2816.0,0.0008086048765107989
3072.0,-0.001134247868321836
3328.0,-0.00034740776754915714
3584.0,-0.0054364814423024654
3840.0,-0.009883686900138855
4096.0,-0.005499990191310644
4608.0,-0.007090834900736809
5120.0,-0.007010092958807945
5632.0,-0.01530409138649702
6144.0,-0.0232248455286026
6656.0,-0.02041180059313774
7168.0,-0.0225108303129673
7680.0,-0.010595116764307022
8192.0,-0.0203578919172287
end
