version,3.0
numOfCh,1
type,point
parent_name,34a6d_0dot069-0dot1
ch_type,1_1
kcount,1
numberNandB,1
brightnessNandB,1
carpet pos,0
pc,0
Time (ms),CH1 Auto-Correlation
1.0,0.08673407882452011
2.0,0.08623766899108887
3.0,0.08575017750263214
4.0,0.08527781814336777
5.0,0.08482159674167633
6.0,0.08438161015510559
7.0,0.0839332565665245
8.0,0.08349683880805969
9.0,0.08307067304849625
10.0,0.08265244960784912
11.0,0.08223342895507812
12.0,0.0818352997303009
13.0,0.08143702149391174
14.0,0.08104103803634644
15.0,0.08064991980791092
16.0,0.0802699401974678
18.0,0.07948806881904602
20.0,0.07869645208120346
22.0,0.07790431380271912
24.0,0.07713104039430618
26.0,0.07638232409954071
28.0,0.07567182928323746
30.0,0.07499614357948303
32.0,0.07433004677295685
36.0,0.07301756739616394
40.0,0.0717271938920021
44.0,0.07043947279453278
48.0,0.06922931969165802
52.0,0.06814585626125336
56.0,0.06715509295463562
60.0,0.06617312878370285
64.0,0.06524799019098282
72.0,0.06342867016792297
80.0,0.061682261526584625
88.0,0.06004965677857399
96.0,0.05851130560040474
104.0,0.057164985686540604
112.0,0.05600960552692413
120.0,0.05497441068291664
128.0,0.053924810141325
144.0,0.05200963094830513
160.0,0.050647664815187454
176.0,0.049401696771383286
192.0,0.04820912703871727
208.0,0.04701820760965347
224.0,0.0458594411611557
240.0,0.04494848847389221
256.0,0.04407767578959465
288.0,0.04094013571739197
320.0,0.038304731249809265
352.0,0.03679266571998596
384.0,0.03650224208831787
416.0,0.036423515528440475
448.0,0.03541506454348564
480.0,0.0345471017062664
512.0,0.03346659243106842
576.0,0.03199711814522743
640.0,0.03299320116639137
704.0,0.03419892489910126
768.0,0.031711746007204056
832.0,0.02921813726425171
896.0,0.02766045369207859
960.0,0.026002075523138046
1024.0,0.022596515715122223
1152.0,0.01361219584941864
1280.0,0.005449548363685608
1408.0,0.0014104748843237758
1536.0,0.0010986006818711758
1664.0,0.0035438532941043377
1792.0,0.0008751910645514727
1920.0,-0.005465874448418617
2048.0,-0.007761692628264427
2304.0,-0.0022554867900907993
2560.0,-0.002101004123687744
2816.0,-0.001560403616167605
3072.0,0.006039161700755358
3328.0,0.009458858519792557
3584.0,0.0013191428733989596
3840.0,-0.0011878012446686625
4096.0,0.002545554656535387
4608.0,-0.0070829554460942745
5120.0,-0.01865813322365284
5632.0,-0.03183368220925331
6144.0,-0.03152716904878616
6656.0,-0.021956218406558037
7168.0,-0.006221701856702566
7680.0,0.014459897764027119
8192.0,0.013377975672483444
end
