version,3.0
numOfCh,1
type,point
parent_name,34a6d_0dot069-0dot1
ch_type,1_1
kcount,1
numberNandB,1
brightnessNandB,1
carpet pos,0
pc,0
Time (ms),CH1 Auto-Correlation
1.0,0.0636846199631691
2.0,0.0632399171590805
3.0,0.06278873234987259
4.0,0.06234181672334671
5.0,0.06190378963947296
6.0,0.06147261708974838
7.0,0.06106995791196823
8.0,0.06067611277103424
9.0,0.06028984114527702
10.0,0.05991648882627487
11.0,0.05957581475377083
12.0,0.05924675241112709
13.0,0.058924902230501175
14.0,0.05861617997288704
15.0,0.05830506980419159
16.0,0.0580056831240654
18.0,0.05740032345056534
20.0,0.05682682245969772
22.0,0.05626038834452629
24.0,0.055692918598651886
26.0,0.055127739906311035
28.0,0.054595593363046646
30.0,0.054062750190496445
32.0,0.05355896055698395
36.0,0.052546177059412
40.0,0.05164853483438492
44.0,0.05079836770892143
48.0,0.04998107627034187
52.0,0.04918435588479042
56.0,0.04840623587369919
60.0,0.047643356025218964
64.0,0.04694971442222595
72.0,0.04558321833610535
80.0,0.0442250594496727
88.0,0.04305557534098625
96.0,0.04226801171898842
104.0,0.04173610731959343
112.0,0.04129604995250702
120.0,0.04081142321228981
128.0,0.04032449051737785
144.0,0.03949612006545067
160.0,0.038748957216739655
176.0,0.03746115043759346
192.0,0.03616306930780411
208.0,0.03499898687005043
224.0,0.033846985548734665
240.0,0.0329853780567646
256.0,0.03265507146716118
288.0,0.03132873773574829
320.0,0.0294108334928751
352.0,0.026814036071300507
384.0,0.025014018639922142
416.0,0.024077050387859344
448.0,0.02433246187865734
480.0,0.024910565465688705
512.0,0.025293616577982903
576.0,0.026359863579273224
640.0,0.02577766217291355
704.0,0.025152012705802917
768.0,0.023564809933304787
832.0,0.02233664132654667
896.0,0.01978229731321335
960.0,0.017576463520526886
1024.0,0.015550780110061169
1152.0,0.01247137226164341
1280.0,0.011892857030034065
1408.0,0.011222702451050282
1536.0,0.010508400388062
1664.0,0.009214652702212334
1792.0,0.006752400659024715
1920.0,0.002344874432310462
2048.0,-0.0020041780080646276
2304.0,-0.008600699715316296
2560.0,-0.013273168355226517
2816.0,-0.01437617838382721
3072.0,-0.017405839636921883
3328.0,-0.01439537201076746
3584.0,-0.010555247776210308
3840.0,-0.009668752551078796
4096.0,-0.012296827509999275
4608.0,-0.0016780731966719031
5120.0,0.008650318719446659
5632.0,0.01222156547009945
6144.0,0.013032951392233372
6656.0,0.016605718061327934
7168.0,0.00957760214805603
7680.0,-0.0019609283190220594
8192.0,-0.014978544786572456
end
