version,3.0
numOfCh,1
type,point
parent_name,34a6d_0dot069-0dot1
ch_type,1_1
kcount,1
numberNandB,1
brightnessNandB,1
carpet pos,0
pc,0
Time (ms),CH1 Auto-Correlation
1.0,0.05100666731595993
2.0,0.05048317089676857
3.0,0.04999304935336113
4.0,0.04950758442282677
5.0,0.04904783517122269
6.0,0.048611607402563095
7.0,0.04816018417477608
8.0,0.04772833362221718
9.0,0.04729296639561653
10.0,0.04686842858791351
11.0,0.0464533232152462
12.0,0.04603691026568413
13.0,0.04564116150140762
14.0,0.04524560272693634
15.0,0.044850729405879974
16.0,0.04449167847633362
18.0,0.04380986467003822
20.0,0.04316304996609688
22.0,0.04249976575374603
24.0,0.04183456301689148
26.0,0.04120209068059921
28.0,0.04057612270116806
30.0,0.0399731770157814
32.0,0.03937970846891403
36.0,0.0382489413022995
40.0,0.03714434802532196
44.0,0.03605641424655914
48.0,0.035051897168159485
52.0,0.034118782728910446
56.0,0.03317970409989357
60.0,0.03229373320937157
64.0,0.0313098318874836
72.0,0.029345251619815826
80.0,0.027515554800629616
88.0,0.02569717727601528
96.0,0.024274703115224838
104.0,0.022919926792383194
112.0,0.021534284576773643
120.0,0.0201105996966362
128.0,0.01868637092411518
144.0,0.016319746151566505
160.0,0.014359974302351475
176.0,0.013173277489840984
192.0,0.012328920885920525
208.0,0.011467368341982365
224.0,0.010615739040076733
240.0,0.009867730550467968
256.0,0.009564408101141453
288.0,0.010184436105191708
320.0,0.010459786280989647
352.0,0.010562676936388016
384.0,0.010232925415039062
416.0,0.009532103314995766
448.0,0.00787266343832016
480.0,0.006498023867607117
512.0,0.00514137651771307
576.0,0.005186440423130989
640.0,0.006151450797915459
704.0,0.006631399039179087
768.0,0.005320378579199314
832.0,0.006052239798009396
896.0,0.005357629619538784
960.0,0.004529939964413643
1024.0,0.005108684301376343
1152.0,0.008031792007386684
1280.0,0.00631873169913888
1408.0,0.0068845320492982864
1536.0,0.011065540835261345
1664.0,0.007234123069792986
1792.0,0.003540670732036233
1920.0,0.006390071474015713
2048.0,0.008074043318629265
2304.0,0.014958381652832031
2560.0,0.009311627596616745
2816.0,0.0008784955134615302
3072.0,-0.0014182970626279712
3328.0,0.0024746134877204895
3584.0,0.004514681175351143
3840.0,0.002918816637247801
4096.0,0.002431693486869335
4608.0,0.001029662205837667
5120.0,-0.008044674061238766
5632.0,-0.005818475037813187
6144.0,-0.006084075663238764
6656.0,-0.011891613714396954
7168.0,-0.007574891671538353
7680.0,-0.012233782559633255
8192.0,-0.011625806801021099
end
