version,3.0
numOfCh,1
type,point
parent_name,34a6d_0dot069-0dot1
ch_type,1_1
kcount,1
numberNandB,1
brightnessNandB,1
carpet pos,0
pc,0
Time (ms),CH1 Auto-Correlation
1.0,0.0894710049033165
2.0,0.08892075717449188
3.0,0.0883990153670311
4.0,0.08789017796516418
5.0,0.08740293234586716
6.0,0.08691705018281937
7.0,0.08642856031656265
8.0,0.0859668031334877
9.0,0.08548268675804138
10.0,0.0850151926279068
11.0,0.08454631268978119
12.0,0.0841049924492836
13.0,0.0836859792470932
14.0,0.08329985290765762
15.0,0.08292829990386963
16.0,0.08258083462715149
18.0,0.08186200261116028
20.0,0.08113951981067657
22.0,0.08045860379934311
24.0,0.07980594784021378
26.0,0.07920101284980774
28.0,0.07859008759260178
30.0,0.07799748331308365
32.0,0.07745012640953064
36.0,0.0764090046286583
40.0,0.07538580149412155
44.0,0.07431447505950928
48.0,0.0733184665441513
52.0,0.07233233004808426
56.0,0.07138870656490326
60.0,0.07050585746765137
64.0,0.06975669413805008
72.0,0.06862077862024307
80.0,0.0674588531255722
88.0,0.06623011082410812
96.0,0.06494071334600449
104.0,0.06365998089313507
112.0,0.06271282583475113
120.0,0.06216157600283623
128.0,0.06156264990568161
144.0,0.059978559613227844
160.0,0.05857398360967636
176.0,0.05675922706723213
192.0,0.05531572550535202
208.0,0.05408079922199249
224.0,0.05286287143826485
240.0,0.05200027674436569
256.0,0.050822269171476364
288.0,0.04808400198817253
320.0,0.045441094785928726
352.0,0.042825326323509216
384.0,0.04093314707279205
416.0,0.039442598819732666
448.0,0.036807768046855927
480.0,0.033740513026714325
512.0,0.03184693306684494
576.0,0.03159322962164879
640.0,0.03061223030090332
704.0,0.02902699075639248
768.0,0.026638347655534744
832.0,0.02532598190009594
896.0,0.02390311472117901
960.0,0.02253054641187191
1024.0,0.020739717409014702
1152.0,0.017585130408406258
1280.0,0.01697412133216858
1408.0,0.013411671854555607
1536.0,0.012727688997983932
1664.0,0.01176675409078598
1792.0,0.008386826142668724
1920.0,0.007425209973007441
2048.0,0.0056307436898350716
2304.0,0.005894557572901249
2560.0,0.008072617463767529
2816.0,0.009355751797556877
3072.0,0.005508136469870806
3328.0,0.003025620011612773
3584.0,0.0020413638558238745
3840.0,-0.0013675402151420712
4096.0,-0.004869863856583834
4608.0,-0.00412036431953311
5120.0,-0.01133338175714016
5632.0,-0.019018223509192467
6144.0,-0.03853137791156769
6656.0,-0.03308052942156792
7168.0,-0.03333871811628342
7680.0,-0.021729938685894012
8192.0,-0.01291503757238388
end
