version,3.0
numOfCh,1
type,point
parent_name,ff67b_0dot069-0dot1
ch_type,1_1
kcount,1
numberNandB,1
brightnessNandB,1
carpet pos,0
pc,0
Time (ms),CH1 Auto-Correlation
1.0,0.07636309415102005
2.0,0.07562965899705887
3.0,0.07493600994348526
4.0,0.0742843821644783
5.0,0.07366595417261124
6.0,0.07307448238134384
7.0,0.07248976081609726
8.0,0.0719580128788948
9.0,0.07149115949869156
10.0,0.07099556922912598
11.0,0.07054164260625839
12.0,0.0700969472527504
13.0,0.06967904418706894
14.0,0.06929272413253784
15.0,0.06893429160118103
16.0,0.0685463473200798
18.0,0.06780759245157242
20.0,0.06704401224851608
22.0,0.06637916713953018
24.0,0.06566426903009415
26.0,0.06486643850803375
28.0,0.06401526182889938
30.0,0.06324391067028046
32.0,0.06252922862768173
36.0,0.061146724969148636
40.0,0.0599028617143631
44.0,0.058842722326517105
48.0,0.05764760076999664
52.0,0.05651482939720154
56.0,0.05542325973510742
60.0,0.05430860072374344
64.0,0.05319727957248688
72.0,0.051213111728429794
80.0,0.049600448459386826
88.0,0.048046406358480453
96.0,0.04662075638771057
104.0,0.045160263776779175
112.0,0.04361165687441826
120.0,0.04194212332367897
128.0,0.04028255119919777
144.0,0.03738411143422127
160.0,0.034589946269989014
176.0,0.0322498120367527
192.0,0.03011980652809143
208.0,0.028623905032873154
224.0,0.027547653764486313
240.0,0.026624396443367004
256.0,0.0263549592345953
288.0,0.026395732536911964
320.0,0.027129268273711205
352.0,0.02754255011677742
384.0,0.0282913651317358
416.0,0.02908490039408207
448.0,0.028959782794117928
480.0,0.028422309085726738
512.0,0.027049707248806953
576.0,0.023914888501167297
640.0,0.018479205667972565
704.0,0.01622835360467434
768.0,0.017142504453659058
832.0,0.01790434867143631
896.0,0.02207171730697155
960.0,0.02283146046102047
1024.0,0.02156323380768299
1152.0,0.015002631582319736
1280.0,0.015003344044089317
1408.0,0.01411697268486023
1536.0,0.00875601265579462
1664.0,0.0010011295089498162
1792.0,0.0027321355883032084
1920.0,0.0020318252500146627
2048.0,-0.0027156055439263582
2304.0,-0.007394273765385151
2560.0,-0.011549888178706169
2816.0,-0.010902062058448792
3072.0,-0.016746938228607178
3328.0,-0.016758181154727936
3584.0,-0.02235584706068039
3840.0,-0.017515085637569427
4096.0,-0.010558254085481167
4608.0,-0.0013844697969034314
5120.0,0.0049069719389081
5632.0,0.006588210817426443
6144.0,0.011935118585824966
6656.0,0.02123868465423584
7168.0,0.013854915276169777
7680.0,0.0023775373119860888
8192.0,0.008057172410190105
end
