version,3.0
numOfCh,1
type,point
parent_name,ff67b_0dot069-0dot1
ch_type,1_1
kcount,1
numberNandB,1
brightnessNandB,1
carpet pos,0
pc,0
Time (ms),CH1 Auto-Correlation
1.0,0.08097206056118011
2.0,0.08045483380556107
3.0,0.07995340973138809
4.0,0.07946662604808807
5.0,0.07899110019207001
6.0,0.07851806282997131
7.0,0.07804059982299805
8.0,0.07756201922893524
9.0,0.0770864486694336
10.0,0.07662826776504517
11.0,0.0761801227927208
12.0,0.07572388648986816
13.0,0.07528320699930191
14.0,0.07485176622867584
15.0,0.07442900538444519
16.0,0.07400617748498917
18.0,0.07316035032272339
20.0,0.0723310261964798
22.0,0.07155977934598923
24.0,0.07079751789569855
26.0,0.07004860788583755
28.0,0.06932210177183151
30.0,0.06860972195863724
32.0,0.06791183352470398
36.0,0.06662699580192566
40.0,0.06537023186683655
44.0,0.06418431550264359
48.0,0.06298258900642395
52.0,0.06172389164566994
56.0,0.060562774538993835
60.0,0.05946705490350723
64.0,0.05847107619047165
72.0,0.05654327943921089
80.0,0.05475737899541855
88.0,0.05304236337542534
96.0,0.05147257819771767
104.0,0.050047867000103
112.0,0.04884980618953705
120.0,0.0477428138256073
128.0,0.04672865569591522
144.0,0.045186471194028854
160.0,0.04363943636417389
176.0,0.04245405271649361
192.0,0.0417398065328598
208.0,0.04079906642436981
224.0,0.03989259526133537
240.0,0.039279814809560776
256.0,0.03900324925780296
288.0,0.038217704743146896
320.0,0.03658732399344444
352.0,0.03526953235268593
384.0,0.033866915851831436
416.0,0.03166625648736954
448.0,0.028195397928357124
480.0,0.025724172592163086
512.0,0.023319145664572716
576.0,0.021537821739912033
640.0,0.020143670961260796
704.0,0.01619858667254448
768.0,0.010902633890509605
832.0,0.010062643326818943
896.0,0.009704681113362312
960.0,0.008527693338692188
1024.0,0.00975701492279768
1152.0,0.0053947074338793755
1280.0,0.004448056686669588
1408.0,0.0036375245545059443
1536.0,0.007160332519561052
1664.0,0.006781656760722399
1792.0,0.005027179606258869
1920.0,0.0055006626062095165
2048.0,0.003403974696993828
2304.0,0.004144517704844475
2560.0,0.003281255951151252
2816.0,-0.002430019434541464
3072.0,-0.012905486859381199
3328.0,-0.02362559363245964
3584.0,-0.03073478490114212
3840.0,-0.035251036286354065
4096.0,-0.03552054613828659
4608.0,-0.025701014325022697
5120.0,-0.01564946398139
5632.0,-0.016445796936750412
6144.0,-0.008211858570575714
6656.0,0.0033847519662231207
7168.0,0.010137297213077545
7680.0,0.017922688275575638
8192.0,0.02525850385427475
end
