version,3.0
numOfCh,1
type,point
parent_name,ff67b_0dot069-0dot1
ch_type,1_1
kcount,1
numberNandB,1
brightnessNandB,1
carpet pos,0
pc,0
Time (ms),CH1 Auto-Correlation
1.0,0.08425260335206985
2.0,0.08372828364372253
3.0,0.08321394771337509
4.0,0.0827149748802185
5.0,0.08225908875465393
6.0,0.08181252330541611
7.0,0.08136589825153351
8.0,0.08093956857919693
9.0,0.08052216470241547
10.0,0.08011385798454285
11.0,0.07971350848674774
12.0,0.07932869344949722
13.0,0.07893913984298706
14.0,0.07855574041604996
15.0,0.07816664129495621
16.0,0.07777075469493866
18.0,0.07703150808811188
20.0,0.07631511241197586
22.0,0.07562176883220673
24.0,0.07491698861122131
26.0,0.07425922155380249
28.0,0.07364481687545776
30.0,0.07304515689611435
32.0,0.0724419355392456
36.0,0.07125672698020935
40.0,0.0701131671667099
44.0,0.06898737698793411
48.0,0.06791895627975464
52.0,0.06681588292121887
56.0,0.06561633199453354
60.0,0.06445719301700592
64.0,0.06342478841543198
72.0,0.061583101749420166
80.0,0.05998022109270096
88.0,0.05850137397646904
96.0,0.057019006460905075
104.0,0.055532172322273254
112.0,0.05398395285010338
120.0,0.05240990221500397
128.0,0.05104643478989601
144.0,0.04861735552549362
160.0,0.04603111743927002
176.0,0.043816763907670975
192.0,0.04172252118587494
208.0,0.03964478522539139
224.0,0.037418827414512634
240.0,0.03535200655460358
256.0,0.03348434716463089
288.0,0.029176456853747368
320.0,0.025720912963151932
352.0,0.023602915927767754
384.0,0.02265157178044319
416.0,0.022075992077589035
448.0,0.021211231127381325
480.0,0.020997868850827217
512.0,0.020124191418290138
576.0,0.016100438311696053
640.0,0.01349735353142023
704.0,0.011363193392753601
768.0,0.010023373179137707
832.0,0.0067924321629107
896.0,0.007152289152145386
960.0,0.009255785495042801
1024.0,0.011979646980762482
1152.0,0.016480449587106705
1280.0,0.017115363851189613
1408.0,0.014454358257353306
1536.0,0.01287680771201849
1664.0,0.01354003045707941
1792.0,0.01878209039568901
1920.0,0.015474810265004635
2048.0,0.015472307801246643
2304.0,0.012410500086843967
2560.0,-0.001057034358382225
2816.0,-0.0007387957302853465
3072.0,-0.0022623566910624504
3328.0,-0.0025673559866845608
3584.0,-0.0013906947569921613
3840.0,0.002442701021209359
4096.0,-0.0033851112239062786
4608.0,-0.014322750270366669
5120.0,-0.017720336094498634
5632.0,-0.012306785210967064
6144.0,0.0008562512812204659
6656.0,-0.017093099653720856
7168.0,-0.011576949618756771
7680.0,-0.0022499782498925924
8192.0,0.011662825010716915
end
