version,3.0
numOfCh,1
type,point
parent_name,ff67b_0dot069-0dot1
ch_type,1_1
kcount,1
numberNandB,1
brightnessNandB,1
carpet pos,0
pc,0
Time (ms),CH1 Auto-Correlation
1.0,0.07170211523771286
2.0,0.07123064249753952
3.0,0.07079197466373444
4.0,0.07035037130117416
5.0,0.06991731375455856
6.0,0.069487564265728
7.0,0.06906692683696747
8.0,0.06864889711141586
9.0,0.06823346763849258
10.0,0.06781120598316193
11.0,0.06740619987249374
12.0,0.0670085921883583
13.0,0.06660525500774384
14.0,0.06622187793254852
15.0,0.06584511697292328
16.0,0.06546154618263245
18.0,0.0646730437874794
20.0,0.06391356140375137
22.0,0.06319610029459
24.0,0.0624874085187912
26.0,0.06182919815182686
28.0,0.06117536500096321
30.0,0.060521818697452545
32.0,0.059892699122428894
36.0,0.05864744633436203
40.0,0.05748198926448822
44.0,0.05632326751947403
48.0,0.05518624186515808
52.0,0.05405778810381889
56.0,0.052955545485019684
60.0,0.05186739191412926
64.0,0.050840381532907486
72.0,0.04909253492951393
80.0,0.047662898898124695
88.0,0.04627282917499542
96.0,0.04477900266647339
104.0,0.0431847982108593
112.0,0.04169008880853653
120.0,0.040295686572790146
128.0,0.03888040408492088
144.0,0.036527372896671295
160.0,0.03481065854430199
176.0,0.033530399203300476
192.0,0.032345350831747055
208.0,0.030980519950389862
224.0,0.02953014336526394
240.0,0.028388364240527153
256.0,0.0275704525411129
288.0,0.026186777278780937
320.0,0.024599146097898483
352.0,0.022255146875977516
384.0,0.020257851108908653
416.0,0.01910283975303173
448.0,0.01804644614458084
480.0,0.0161871537566185
512.0,0.015003226697444916
576.0,0.014853095635771751
640.0,0.01428581029176712
704.0,0.015191875398159027
768.0,0.016794634982943535
832.0,0.015908069908618927
896.0,0.014465156011283398
960.0,0.011919054202735424
1024.0,0.010337462648749352
1152.0,0.0119931073859334
1280.0,0.006078015547245741
1408.0,0.002739997347816825
1536.0,-0.0017106832237914205
1664.0,-0.005780635867267847
1792.0,-0.009067069739103317
1920.0,-0.0028435990680009127
2048.0,0.002789692021906376
2304.0,0.0013063475489616394
2560.0,-0.0024284389801323414
2816.0,0.006047878414392471
3072.0,0.0057914783246815205
3328.0,0.0021217302419245243
3584.0,-0.009203221648931503
3840.0,-0.020117241889238358
4096.0,-0.011634732596576214
4608.0,-0.01704021543264389
5120.0,0.001618561684153974
5632.0,0.013226638548076153
6144.0,0.02198735997080803
6656.0,0.01277955062687397
7168.0,0.0020795564632862806
7680.0,-0.004126918967813253
8192.0,-0.003201801562681794
end
