version,3.0
numOfCh,1
type,point
parent_name,c1204_0dot08-0dot1
ch_type,1_1
kcount,1
numberNandB,1
brightnessNandB,1
carpet pos,0
pc,0
Time (ms),CH1 Auto-Correlation
1.0,0.06502413749694824
2.0,0.06433465331792831
3.0,0.06365039944648743
4.0,0.06301010400056839
5.0,0.0624229870736599
6.0,0.06185705587267876
7.0,0.0613267607986927
8.0,0.060811445116996765
9.0,0.06031988933682442
10.0,0.059829387813806534
11.0,0.059374090284109116
12.0,0.0589141808450222
13.0,0.0584423653781414
14.0,0.05796744301915169
15.0,0.05752403289079666
16.0,0.05708294361829758
18.0,0.05619907006621361
20.0,0.055322300642728806
22.0,0.054467521607875824
24.0,0.053626060485839844
26.0,0.05277751758694649
28.0,0.0519876591861248
30.0,0.051214005798101425
32.0,0.05047614499926567
36.0,0.049103572964668274
40.0,0.04785723611712456
44.0,0.046633873134851456
48.0,0.04548534005880356
52.0,0.04436926171183586
56.0,0.043216533958911896
60.0,0.04217716306447983
64.0,0.04112367704510689
72.0,0.03876407817006111
80.0,0.03665744885802269
88.0,0.034857213497161865
96.0,0.03327827900648117
104.0,0.031968455761671066
112.0,0.03090941533446312
120.0,0.029753033071756363
128.0,0.028491677716374397
144.0,0.02601769007742405
160.0,0.023642202839255333
176.0,0.021398192271590233
192.0,0.0193778183311224
208.0,0.01760290563106537
224.0,0.01607789285480976
240.0,0.014348168857395649
256.0,0.012586684897542
288.0,0.00926453247666359
320.0,0.007287738379091024
352.0,0.005698745138943195
384.0,0.004923536442220211
416.0,0.004642427433282137
448.0,0.004793845117092133
480.0,0.0055177584290504456
512.0,0.007625394966453314
576.0,0.010645917616784573
640.0,0.011275784112513065
704.0,0.010076010599732399
768.0,0.009581835009157658
832.0,0.00426847068592906
896.0,0.0016740922583267093
960.0,0.0033160767052322626
1024.0,0.007087648380547762
1152.0,0.01510609220713377
1280.0,0.018671486526727676
1408.0,0.013415813446044922
1536.0,0.007716825697571039
1664.0,0.007961881347000599
1792.0,0.011241888627409935
1920.0,0.015899093821644783
2048.0,0.007982831448316574
2304.0,0.010596422478556633
2560.0,0.012962108477950096
2816.0,-0.005905266385525465
3072.0,-0.0032929005101323128
3328.0,0.000359211815521121
3584.0,0.0042221262119710445
3840.0,0.003795888274908066
4096.0,-0.0023216784466058016
4608.0,-0.015354817733168602
5120.0,-0.009349009953439236
5632.0,-0.009231489151716232
6144.0,-0.01587826758623123
6656.0,-0.019875815138220787
7168.0,-0.012353083118796349
7680.0,-0.007256012875586748
8192.0,-0.017398012802004814
end
