version,3.0
numOfCh,1
type,point
parent_name,c1204_0dot08-0dot1
ch_type,1_1
kcount,1
numberNandB,1
brightnessNandB,1
carpet pos,0
pc,0
Time (ms),CH1 Auto-Correlation
1.0,0.07477520406246185
2.0,0.07411334663629532
3.0,0.0734945759177208
4.0,0.07289454340934753
5.0,0.0722859650850296
6.0,0.0717017725110054
7.0,0.07113481312990189
8.0,0.07058286666870117
9.0,0.07004547864198685
10.0,0.06951665878295898
11.0,0.0690021738409996
12.0,0.0684886947274208
13.0,0.06800562888383865
14.0,0.06753325462341309
15.0,0.06705774366855621
16.0,0.0665573924779892
18.0,0.06557480245828629
20.0,0.0646122395992279
22.0,0.06368625164031982
24.0,0.06287022680044174
26.0,0.06209558621048927
28.0,0.06133753061294556
30.0,0.060572296380996704
32.0,0.059838976711034775
36.0,0.058399930596351624
40.0,0.05703626945614815
44.0,0.05576995760202408
48.0,0.05453541874885559
52.0,0.05329405143857002
56.0,0.0520382896065712
60.0,0.05076761916279793
64.0,0.04940090700984001
72.0,0.047029152512550354
80.0,0.0447801873087883
88.0,0.04297216609120369
96.0,0.04135817289352417
104.0,0.039907123893499374
112.0,0.038618139922618866
120.0,0.03733130916953087
128.0,0.03604196757078171
144.0,0.033860329538583755
160.0,0.03267719969153404
176.0,0.031514137983322144
192.0,0.029842659831047058
208.0,0.028268937021493912
224.0,0.027375442907214165
240.0,0.026530418545007706
256.0,0.025916026905179024
288.0,0.02425994910299778
320.0,0.021854184567928314
352.0,0.019320538267493248
384.0,0.018236538395285606
416.0,0.017864301800727844
448.0,0.018610117956995964
480.0,0.019098805263638496
512.0,0.018790971487760544
576.0,0.01689944602549076
640.0,0.015164993703365326
704.0,0.012958533130586147
768.0,0.01168524008244276
832.0,0.011106658726930618
896.0,0.013138867914676666
960.0,0.012596008367836475
1024.0,0.013024738058447838
1152.0,0.016302455216646194
1280.0,0.016148263588547707
1408.0,0.016818169504404068
1536.0,0.013827965594828129
1664.0,0.013412008062005043
1792.0,0.00883345678448677
1920.0,0.0035227660555392504
2048.0,0.001090306555852294
2304.0,0.0072022657841444016
2560.0,0.009779779240489006
2816.0,0.005654233507812023
3072.0,-0.007605043239891529
3328.0,-0.014599235728383064
3584.0,-0.01859019510447979
3840.0,-0.0077691227197647095
4096.0,-0.0022975087631493807
4608.0,-0.01864679530262947
5120.0,-0.014363722875714302
5632.0,-0.019321028143167496
6144.0,-0.03354883939027786
6656.0,-0.014114233665168285
7168.0,-0.015003424137830734
7680.0,-0.011138015426695347
8192.0,0.005836687050759792
end
