version,3.0
numOfCh,1
type,point
parent_name,c1204_0dot08-0dot1
ch_type,1_1
kcount,1
numberNandB,1
brightnessNandB,1
carpet pos,0
pc,0
Time (ms),CH1 Auto-Correlation
1.0,0.09438016265630722
2.0,0.0938025638461113
3.0,0.09326184540987015
4.0,0.09275404363870621
5.0,0.09225284308195114
6.0,0.09176307916641235
7.0,0.09127724170684814
8.0,0.09081047028303146
9.0,0.09034989029169083
10.0,0.08990940451622009
11.0,0.08946911245584488
12.0,0.08904654532670975
13.0,0.08864211291074753
14.0,0.08823852241039276
15.0,0.08783596754074097
16.0,0.08744001388549805
18.0,0.086658775806427
20.0,0.08593432605266571
22.0,0.08522261679172516
24.0,0.08454272150993347
26.0,0.0838608369231224
28.0,0.0832207128405571
30.0,0.0826108455657959
32.0,0.08207996934652328
36.0,0.08101809024810791
40.0,0.07995566725730896
44.0,0.07890844345092773
48.0,0.07795564830303192
52.0,0.07698807865381241
56.0,0.07599983364343643
60.0,0.07502061128616333
64.0,0.07406865060329437
72.0,0.07226131856441498
80.0,0.07031168043613434
88.0,0.06832655519247055
96.0,0.066334567964077
104.0,0.06451842933893204
112.0,0.06281192600727081
120.0,0.06114545091986656
128.0,0.059675831347703934
144.0,0.056774482131004333
160.0,0.05414766073226929
176.0,0.051592424511909485
192.0,0.04881611838936806
208.0,0.0454774871468544
224.0,0.04231725260615349
240.0,0.038810957223176956
256.0,0.03552804887294769
288.0,0.0306855496019125
320.0,0.02690034732222557
352.0,0.024090051651000977
384.0,0.02245732955634594
416.0,0.021404320374131203
448.0,0.02033177763223648
480.0,0.019555995240807533
512.0,0.019209440797567368
576.0,0.01787889376282692
640.0,0.01886068470776081
704.0,0.019766220822930336
768.0,0.0185671616345644
832.0,0.013232669793069363
896.0,0.005768053699284792
960.0,-0.0015334415948018432
1024.0,-0.008399325422942638
1152.0,-0.017961133271455765
1280.0,-0.015513092279434204
1408.0,-0.009390546940267086
1536.0,-0.006246349774301052
1664.0,-0.007034527603536844
1792.0,-0.006912855431437492
1920.0,-0.00707152159884572
2048.0,-0.0038501224480569363
2304.0,-0.0006930087110958993
2560.0,0.0019358171848580241
2816.0,0.005919668357819319
3072.0,-0.00041162120760418475
3328.0,0.00011085607548011467
3584.0,0.012631375342607498
3840.0,0.009932308457791805
4096.0,0.0007704392774030566
4608.0,-0.013152670115232468
5120.0,-0.030999016016721725
5632.0,-0.020262818783521652
6144.0,-2.9358900064835325e-05
6656.0,-0.0027435014490038157
7168.0,-0.0050363787449896336
7680.0,-6.40495854895562e-05
8192.0,-0.010361699387431145
end
