version,3.0
numOfCh,1
type,point
parent_name,c1204_0dot08-0dot1
ch_type,1_1
kcount,1
numberNandB,1
brightnessNandB,1
carpet pos,0
pc,0
Time (ms),CH1 Auto-Correlation
1.0,0.09558463096618652
2.0,0.09500104933977127
3.0,0.09441723674535751
4.0,0.09385167062282562
5.0,0.09329114109277725
6.0,0.09272811561822891
7.0,0.09218519181013107
8.0,0.09162051230669022
9.0,0.09106431901454926
10.0,0.09051477909088135
11.0,0.08997486531734467
12.0,0.08943995833396912
13.0,0.08891769498586655
14.0,0.08839606493711472
15.0,0.087881900370121
16.0,0.08738245069980621
18.0,0.08638013154268265
20.0,0.08534292876720428
22.0,0.08436837047338486
24.0,0.0834437906742096
26.0,0.08253475278615952
28.0,0.08166971057653427
30.0,0.08080636709928513
32.0,0.07997424155473709
36.0,0.07840981334447861
40.0,0.07693858444690704
44.0,0.0755922794342041
48.0,0.07432307302951813
52.0,0.0730641707777977
56.0,0.07183761149644852
60.0,0.07065166532993317
64.0,0.06943290680646896
72.0,0.06698912382125854
80.0,0.06486280262470245
88.0,0.06321447342634201
96.0,0.06196609511971474
104.0,0.0607108548283577
112.0,0.05950108543038368
120.0,0.05853196233510971
128.0,0.05768237262964249
144.0,0.05566445738077164
160.0,0.05359542742371559
176.0,0.05167728289961815
192.0,0.05062001943588257
208.0,0.04912760853767395
224.0,0.04735978692770004
240.0,0.046104006469249725
256.0,0.04546322673559189
288.0,0.04340672492980957
320.0,0.04024559631943703
352.0,0.036421291530132294
384.0,0.03301943838596344
416.0,0.030081981793045998
448.0,0.02854137308895588
480.0,0.027621883898973465
512.0,0.026642633602023125
576.0,0.025585146620869637
640.0,0.023277120664715767
704.0,0.0227866992354393
768.0,0.024111023172736168
832.0,0.02343958616256714
896.0,0.02242470346391201
960.0,0.02196311205625534
1024.0,0.023120632395148277
1152.0,0.019560234621167183
1280.0,0.02141147293150425
1408.0,0.02252218872308731
1536.0,0.021109936758875847
1664.0,0.02174062281847
1792.0,0.021799247711896896
1920.0,0.020633233711123466
2048.0,0.013507038354873657
2304.0,-0.006643522530794144
2560.0,-0.005884404294192791
2816.0,0.0021016683895140886
3072.0,0.004167525563389063
3328.0,-0.0018883313750848174
3584.0,-0.009409316815435886
3840.0,-0.01199603546410799
4096.0,-0.012533195316791534
4608.0,-0.010348329320549965
5120.0,-0.013859610073268414
5632.0,-0.017535347491502762
6144.0,-0.007909911684691906
6656.0,-0.01810111291706562
7168.0,-0.022938454523682594
7680.0,-0.009661084972321987
8192.0,-0.02073468454182148
end
