version,3.0
numOfCh,1
type,point
parent_name,c1204_0dot08-0dot1
ch_type,1_1
kcount,1
numberNandB,1
brightnessNandB,1
carpet pos,0
pc,0
Time (ms),CH1 Auto-Correlation
1.0,0.21888992190361023
2.0,0.2134396880865097
3.0,0.2080422341823578
4.0,0.20348432660102844
5.0,0.19971218705177307
6.0,0.19670352339744568
7.0,0.19329221546649933
8.0,0.190015509724617
9.0,0.18685093522071838
10.0,0.18422673642635345
11.0,0.18163315951824188
12.0,0.17921370267868042
13.0,0.17678557336330414
14.0,0.1743060201406479
15.0,0.17251700162887573
16.0,0.17097067832946777
18.0,0.16721878945827484
20.0,0.16365572810173035
22.0,0.16055597364902496
24.0,0.1567974090576172
26.0,0.15247990190982819
28.0,0.14930640161037445
30.0,0.14690332114696503
32.0,0.14532166719436646
36.0,0.14242930710315704
40.0,0.142347514629364
44.0,0.14112785458564758
48.0,0.14050054550170898
52.0,0.1399196982383728
56.0,0.13931696116924286
60.0,0.13688699901103973
64.0,0.13438230752944946
72.0,0.1273745596408844
80.0,0.11982031166553497
88.0,0.1166979968547821
96.0,0.11455900967121124
104.0,0.11464331299066544
112.0,0.11415848881006241
120.0,0.10968825221061707
128.0,0.10263602435588837
144.0,0.08927113562822342
160.0,0.08076191693544388
176.0,0.07484191656112671
192.0,0.06993996351957321
208.0,0.06423397362232208
224.0,0.059427082538604736
240.0,0.05774125084280968
256.0,0.055912092328071594
288.0,0.048126786947250366
320.0,0.049153443425893784
352.0,0.045547112822532654
384.0,0.041064295917749405
416.0,0.041074108332395554
448.0,0.041252367198467255
480.0,0.040850259363651276
512.0,0.04076306149363518
576.0,0.041173119097948074
640.0,0.04775054380297661
704.0,0.0485176183283329
768.0,0.06279522180557251
832.0,0.07521038502454758
896.0,0.07695668935775757
960.0,0.07476486265659332
1024.0,0.06796842813491821
1152.0,0.05392313376069069
1280.0,0.02754008211195469
1408.0,0.014793400652706623
1536.0,0.010958931408822536
1664.0,0.020651115104556084
1792.0,0.031064195558428764
1920.0,0.029609061777591705
2048.0,0.026228729635477066
2304.0,-0.004872235935181379
2560.0,-0.024399368092417717
2816.0,-0.017118174582719803
3072.0,-0.024643665179610252
3328.0,-0.034088920801877975
3584.0,-0.03341316804289818
3840.0,-0.02014693059027195
4096.0,-0.03342490270733833
4608.0,-0.032299406826496124
5120.0,-0.030082106590270996
5632.0,-0.03347206860780716
6144.0,-0.01508428156375885
6656.0,-0.04837270826101303
7168.0,-0.01450897753238678
7680.0,-0.04352840036153793
8192.0,-0.034924257546663284
end
