version,3.0
numOfCh,1
type,point
parent_name,c1204_0dot08-0dot1
ch_type,1_1
kcount,1
numberNandB,1
brightnessNandB,1
carpet pos,0
pc,0
Time (ms),CH1 Auto-Correlation
1.0,0.09035392105579376
2.0,0.0880008190870285
3.0,0.08554760366678238
4.0,0.08312008529901505
5.0,0.0808633491396904
6.0,0.07894772291183472
7.0,0.07840359956026077
8.0,0.07776323705911636
9.0,0.07710930705070496
10.0,0.07650179415941238
11.0,0.07589903473854065
12.0,0.07520702481269836
13.0,0.0746116191148758
14.0,0.07409510761499405
15.0,0.07362977415323257
16.0,0.07316266000270844
18.0,0.0724051222205162
20.0,0.07152314484119415
22.0,0.0707082450389862
24.0,0.06990049034357071
26.0,0.06906554847955704
28.0,0.06829502433538437
30.0,0.06751430779695511
32.0,0.06684742122888565
36.0,0.06541498005390167
40.0,0.06396137177944183
44.0,0.06317289173603058
48.0,0.062366437166929245
52.0,0.0620650015771389
56.0,0.06117876619100571
60.0,0.05978996306657791
64.0,0.058828894048929214
72.0,0.05736475810408592
80.0,0.05626184865832329
88.0,0.054583676159381866
96.0,0.053136195987463
104.0,0.05157720297574997
112.0,0.050189822912216187
120.0,0.04873357713222504
128.0,0.04764851555228233
144.0,0.045910272747278214
160.0,0.04414842277765274
176.0,0.04274528846144676
192.0,0.04134703427553177
208.0,0.039673056453466415
224.0,0.03881896659731865
240.0,0.03835976496338844
256.0,0.038277316838502884
288.0,0.037339139729738235
320.0,0.036068812012672424
352.0,0.035620205104351044
384.0,0.03564400598406792
416.0,0.036008644849061966
448.0,0.034381452947854996
480.0,0.032146938145160675
512.0,0.029633084312081337
576.0,0.0260643120855093
640.0,0.026138273999094963
704.0,0.024318089708685875
768.0,0.02379319816827774
832.0,0.0224833395332098
896.0,0.021455980837345123
960.0,0.021200276911258698
1024.0,0.017719650641083717
1152.0,0.011445648036897182
1280.0,0.008105798624455929
1408.0,0.006854065228253603
1536.0,-0.0015908373752608895
1664.0,-0.004272862337529659
1792.0,-0.0015494152903556824
1920.0,-0.001425991882570088
2048.0,-0.0004133510810788721
2304.0,0.0038162614218890667
2560.0,0.0015872449148446321
2816.0,0.00029752578120678663
3072.0,4.97077708132565e-05
3328.0,-0.001203348976559937
3584.0,-0.006819348316639662
3840.0,-0.015572980977594852
4096.0,-0.02123682200908661
4608.0,-0.023922646418213844
5120.0,-0.02026585303246975
5632.0,-0.013060403987765312
6144.0,-0.023961585015058517
6656.0,-0.03178710862994194
7168.0,-0.03752119466662407
7680.0,-0.02230573259294033
8192.0,0.00783267617225647
end
