version,3.0
numOfCh,1
type,point
parent_name,fe81d_0dot069-0dot01
ch_type,1_1
kcount,1
numberNandB,1
brightnessNandB,1
carpet pos,0
pc,0
Time (ms),CH1 Auto-Correlation
1.0,0.1093202754855156
2.0,0.1082887202501297
3.0,0.1072840541601181
4.0,0.10633636265993118
5.0,0.10545902699232101
6.0,0.10459691286087036
7.0,0.10376961529254913
8.0,0.10285583883523941
9.0,0.1018676683306694
10.0,0.10088571906089783
11.0,0.09984534233808517
12.0,0.09884397685527802
13.0,0.09781211614608765
14.0,0.09684161841869354
15.0,0.09590475261211395
16.0,0.09498729556798935
18.0,0.09250763803720474
20.0,0.0905059352517128
22.0,0.08866360038518906
24.0,0.0869399830698967
26.0,0.08523877710103989
28.0,0.08355902135372162
30.0,0.08180581033229828
32.0,0.07980909943580627
36.0,0.0751088559627533
40.0,0.06993552297353745
44.0,0.06494389474391937
48.0,0.0599353201687336
52.0,0.05494736507534981
56.0,0.05056160315871239
60.0,0.04707014933228493
64.0,0.043680690228939056
72.0,0.036719031631946564
80.0,0.03030066192150116
88.0,0.02499004453420639
96.0,0.024573195725679398
104.0,0.02449316531419754
112.0,0.024230850860476494
120.0,0.023724019527435303
128.0,0.023199092596769333
144.0,0.022239260375499725
160.0,0.021005304530262947
176.0,0.019681809470057487
192.0,0.018099525943398476
208.0,0.017212534323334694
224.0,0.016783855855464935
240.0,0.016219059005379677
256.0,0.015835389494895935
288.0,0.01448084507137537
320.0,0.013488708063960075
352.0,0.014512240886688232
384.0,0.017003197222948074
416.0,0.017130685970187187
448.0,0.016259323805570602
480.0,0.015358882956206799
512.0,0.015361707657575607
576.0,0.015258891507983208
640.0,0.007955782115459442
704.0,0.00616095494478941
768.0,0.00872813630849123
832.0,0.008933888748288155
896.0,0.008088991977274418
960.0,0.009879698045551777
1024.0,0.004861884284764528
1152.0,0.0006931460229679942
1280.0,-0.00374756776727736
1408.0,-0.010126104578375816
1536.0,-0.009715106338262558
1664.0,-0.011708071455359459
1792.0,-0.009401554241776466
1920.0,-0.013010213151574135
2048.0,-0.01090592984110117
2304.0,-0.011966312304139137
2560.0,-0.016294488683342934
2816.0,-0.01297728344798088
3072.0,-0.013331487774848938
3328.0,-0.011140883900225163
3584.0,-0.01871984452009201
3840.0,-0.005523304454982281
4096.0,-0.00394787872210145
end
