version,3.0
numOfCh,1
type,point
parent_name,fe81d_0dot069-0dot01
ch_type,1_1
kcount,1
numberNandB,1
brightnessNandB,1
carpet pos,0
pc,0
Time (ms),CH1 Auto-Correlation
1.0,0.032440777868032455
2.0,0.032194145023822784
3.0,0.031945545226335526
4.0,0.03170281648635864
5.0,0.03146998956799507
6.0,0.031225895509123802
7.0,0.03099106065928936
8.0,0.03075931780040264
9.0,0.030529506504535675
10.0,0.03030696138739586
11.0,0.03009204752743244
12.0,0.029873337596654892
13.0,0.029660111293196678
14.0,0.02945822663605213
15.0,0.029262496158480644
16.0,0.029069533571600914
18.0,0.02867453172802925
20.0,0.02828427590429783
22.0,0.02790660597383976
24.0,0.027505606412887573
26.0,0.02710949443280697
28.0,0.02672872692346573
30.0,0.026360465213656425
32.0,0.026026690378785133
36.0,0.025402117520570755
40.0,0.024878308176994324
44.0,0.02448902651667595
48.0,0.0240899957716465
52.0,0.023693816736340523
56.0,0.023335350677371025
60.0,0.02295542135834694
64.0,0.02258322574198246
72.0,0.021905815228819847
80.0,0.02119477279484272
88.0,0.020507818087935448
96.0,0.020006971433758736
104.0,0.019637804478406906
112.0,0.01924891024827957
120.0,0.0186894703656435
128.0,0.017890332266688347
144.0,0.016355497762560844
160.0,0.015158463269472122
176.0,0.014013795182108879
192.0,0.012825794517993927
208.0,0.011542399413883686
224.0,0.01035704929381609
240.0,0.00929160974919796
256.0,0.008219071663916111
288.0,0.0062460387125611305
320.0,0.0037285517901182175
352.0,0.0020782032515853643
384.0,0.0006632102304138243
416.0,0.00023963711282704026
448.0,0.00039179460145533085
480.0,0.0006982004852034152
512.0,0.0008479409734718502
576.0,0.0024974411353468895
640.0,0.0030395204667001963
704.0,0.0034689714666455984
768.0,0.005967376288026571
832.0,0.006546435412019491
896.0,0.0061715142801404
960.0,0.004996119067072868
1024.0,0.004315719474107027
1152.0,0.0032307736109942198
1280.0,0.003383707022294402
1408.0,0.005268626380711794
1536.0,0.0046191527508199215
1664.0,-0.00015859091945458204
1792.0,-0.0046053058467805386
1920.0,-0.008694007061421871
2048.0,-0.007916897535324097
2304.0,-0.002481779782101512
2560.0,-0.00295529724098742
2816.0,-0.007840009406208992
3072.0,-0.008612497709691525
3328.0,-0.007057490758597851
3584.0,-0.0058544715866446495
3840.0,-0.005374368280172348
4096.0,-0.0069634877145290375
end
