version,3.0
numOfCh,1
type,point
parent_name,484af_0dot1-0dot01
ch_type,1_1
kcount,1
numberNandB,1
brightnessNandB,1
carpet pos,0
pc,0
Time (ms),CH1 Auto-Correlation
1.0,0.01913880743086338
2.0,0.018926089629530907
3.0,0.018716176971793175
4.0,0.018502363935112953
5.0,0.018283015117049217
6.0,0.018067220225930214
7.0,0.017849015071988106
8.0,0.017625857144594193
9.0,0.017408626154065132
10.0,0.017191745340824127
11.0,0.01698427088558674
12.0,0.01678016036748886
13.0,0.016579344868659973
14.0,0.016377156600356102
15.0,0.016184184700250626
16.0,0.015988538041710854
18.0,0.015606478787958622
20.0,0.015223280526697636
22.0,0.014848426915705204
24.0,0.01446099579334259
26.0,0.014083764515817165
28.0,0.013722988776862621
30.0,0.013366482220590115
32.0,0.013033878989517689
36.0,0.012428492307662964
40.0,0.011856462806463242
44.0,0.01131137553602457
48.0,0.01080979872494936
52.0,0.010361822322010994
56.0,0.009977761656045914
60.0,0.009592736139893532
64.0,0.009240591898560524
72.0,0.008662759326398373
80.0,0.008100446313619614
88.0,0.007575498428195715
96.0,0.007052432280033827
104.0,0.006581571418792009
112.0,0.006149878725409508
120.0,0.005716454237699509
128.0,0.0053758444264531136
144.0,0.004963650368154049
160.0,0.004643030930310488
176.0,0.004565631039440632
192.0,0.004696959163993597
208.0,0.004760066978633404
224.0,0.004612620919942856
240.0,0.004674227442592382
256.0,0.004973683040589094
288.0,0.005399514455348253
320.0,0.005189933814108372
352.0,0.004605043679475784
384.0,0.0039423140697181225
416.0,0.003835377050563693
448.0,0.0034813699312508106
480.0,0.003477399703115225
512.0,0.0034600133076310158
576.0,0.002958302851766348
640.0,0.002221537521108985
704.0,-0.00015514456026721746
768.0,-0.00012119676830479875
832.0,0.0006631870637647808
896.0,0.0007453853031620383
960.0,-0.001002750126644969
1024.0,-0.002052769996225834
1152.0,-0.0019359021680429578
1280.0,5.50594886590261e-05
1408.0,-0.0025963399093598127
1536.0,-0.002012299606576562
1664.0,0.0003778291866183281
1792.0,-0.0012555173598229885
1920.0,-0.0009588879183866084
2048.0,-0.0019655111245810986
2304.0,-0.0034619246143847704
2560.0,-0.0034312361385673285
2816.0,-0.0020299963653087616
3072.0,-0.0016720617422834039
3328.0,-0.0004704742750618607
3584.0,-0.002551016863435507
3840.0,-0.0011492090998217463
4096.0,-0.003948085010051727
end
