version,3.0
numOfCh,1
type,point
parent_name,484af_0dot1-0dot01
ch_type,1_1
kcount,1
numberNandB,1
brightnessNandB,1
carpet pos,0
pc,0
Time (ms),CH1 Auto-Correlation
1.0,0.024540221318602562
2.0,0.02431296557188034
3.0,0.024090733379125595
4.0,0.023875633254647255
5.0,0.023665981367230415
6.0,0.023466862738132477
7.0,0.023273011669516563
8.0,0.02307855524122715
9.0,0.02289622835814953
10.0,0.02271444723010063
11.0,0.022539179772138596
12.0,0.022364310920238495
13.0,0.022192751988768578
14.0,0.02202427387237549
15.0,0.021859774366021156
16.0,0.021693222224712372
18.0,0.021360214799642563
20.0,0.021048186346888542
22.0,0.020740976557135582
24.0,0.02043262869119644
26.0,0.020144151523709297
28.0,0.01988055743277073
30.0,0.019634569063782692
32.0,0.01939624547958374
36.0,0.018915077671408653
40.0,0.018482618033885956
44.0,0.018101507797837257
48.0,0.017744317650794983
52.0,0.017382383346557617
56.0,0.017006170004606247
60.0,0.016636481508612633
64.0,0.01627994515001774
72.0,0.01561752799898386
80.0,0.014901414513587952
88.0,0.0142606096342206
96.0,0.013657433912158012
104.0,0.013036997988820076
112.0,0.012482003308832645
120.0,0.01204763539135456
128.0,0.011599351651966572
144.0,0.01066495105624199
160.0,0.009617259725928307
176.0,0.008661909028887749
192.0,0.007933280430734158
208.0,0.007508911192417145
224.0,0.007272682618349791
240.0,0.00699375057592988
256.0,0.006747158709913492
288.0,0.006311746314167976
320.0,0.006160855293273926
352.0,0.005760789383202791
384.0,0.005513718817383051
416.0,0.0052453684620559216
448.0,0.00474449573084712
480.0,0.004110516048967838
512.0,0.003419355023652315
576.0,0.003134686965495348
640.0,0.004322925116866827
704.0,0.005038850475102663
768.0,0.005171538330614567
832.0,0.004786025267094374
896.0,0.004605517257004976
960.0,0.004418917000293732
1024.0,0.004304312169551849
1152.0,0.003906894009560347
1280.0,0.00022127818374428898
1408.0,0.0013320184079930186
1536.0,0.0035702139139175415
1664.0,0.0034100518096238375
1792.0,0.0020505981519818306
1920.0,0.0022539275232702494
2048.0,0.0018901348812505603
2304.0,0.00370867270976305
2560.0,0.0014850584557279944
2816.0,-0.0008971692877821624
3072.0,0.0006977381417527795
3328.0,-0.0008294936851598322
3584.0,-0.002235228894278407
3840.0,-0.0032128249295055866
4096.0,-0.00037725819856859744
4608.0,-0.003321831813082099
5120.0,-0.0022391537204384804
5632.0,-0.004506816156208515
6144.0,-0.008020845241844654
6656.0,-0.011241885833442211
7168.0,-0.01704888604581356
end
