version,3.0
numOfCh,1
type,point
parent_name,484af_0dot4-0dot01
ch_type,1_1
kcount,1
numberNandB,1
brightnessNandB,1
carpet pos,0
pc,0
Time (ms),CH1 Auto-Correlation
1.0,0.16684070229530334
2.0,0.16570110619068146
3.0,0.16457641124725342
4.0,0.16349296271800995
5.0,0.16248010098934174
6.0,0.1615351140499115
7.0,0.16064849495887756
8.0,0.1597919762134552
9.0,0.1589900106191635
10.0,0.15819503366947174
11.0,0.15738984942436218
12.0,0.15657705068588257
13.0,0.15577565133571625
14.0,0.15494154393672943
15.0,0.15409260988235474
16.0,0.15333782136440277
18.0,0.1519065648317337
20.0,0.15048708021640778
22.0,0.14917825162410736
24.0,0.1479766070842743
26.0,0.14691227674484253
28.0,0.14586666226387024
30.0,0.14472003281116486
32.0,0.14341507852077484
36.0,0.14106673002243042
40.0,0.13888458907604218
44.0,0.13696883618831635
48.0,0.1355273723602295
52.0,0.1338631510734558
56.0,0.13201072812080383
60.0,0.13009078800678253
64.0,0.12821000814437866
72.0,0.1246536448597908
80.0,0.12151101231575012
88.0,0.11847683042287827
96.0,0.11598611623048782
104.0,0.11440447717905045
112.0,0.11276407539844513
120.0,0.11048612743616104
128.0,0.10760538280010223
144.0,0.10345631092786789
160.0,0.101862333714962
176.0,0.10032229125499725
192.0,0.09775584191083908
208.0,0.09616346657276154
224.0,0.096217080950737
240.0,0.09566929936408997
256.0,0.09265521913766861
288.0,0.08754180371761322
320.0,0.08003780245780945
352.0,0.07605337351560593
384.0,0.07127109169960022
416.0,0.06464018672704697
448.0,0.05745560675859451
480.0,0.05040508508682251
512.0,0.0426582396030426
576.0,0.030533166602253914
640.0,0.026736576110124588
704.0,0.022303873673081398
768.0,0.016853386536240578
832.0,0.011318609118461609
896.0,0.012197144329547882
960.0,0.01606326550245285
1024.0,0.011923390440642834
1152.0,0.001982669811695814
1280.0,-0.011595526710152626
1408.0,-0.02606344223022461
1536.0,-0.036893267184495926
1664.0,-0.038678236305713654
1792.0,-0.04574058949947357
1920.0,-0.04513239115476608
2048.0,-0.042566750198602676
2304.0,-0.055409226566553116
2560.0,-0.07407823204994202
2816.0,-0.07727799564599991
3072.0,-0.06228712201118469
3328.0,-0.04221436753869057
3584.0,-0.017329474911093712
3840.0,0.005482025444507599
4096.0,0.02208157815039158
end
