version,3.0
numOfCh,1
type,point
parent_name,484af_0dot4-0dot01
ch_type,1_1
kcount,1
numberNandB,1
brightnessNandB,1
carpet pos,0
pc,0
Time (ms),CH1 Auto-Correlation
1.0,0.05381517484784126
2.0,0.05274958536028862
3.0,0.051734473556280136
4.0,0.05078846216201782
5.0,0.049890052527189255
6.0,0.04905111715197563
7.0,0.048277974128723145
8.0,0.047435786575078964
9.0,0.046612560749053955
10.0,0.04580574110150337
11.0,0.045082710683345795
12.0,0.04438042268157005
13.0,0.04372037574648857
14.0,0.04306210204958916
15.0,0.04237740859389305
16.0,0.04173687845468521
18.0,0.04055297374725342
20.0,0.03950807824730873
22.0,0.03856804966926575
24.0,0.0376863107085228
26.0,0.036839064210653305
28.0,0.03611571714282036
30.0,0.0354350283741951
32.0,0.03472597151994705
36.0,0.03346388041973114
40.0,0.03229030221700668
44.0,0.03103049471974373
48.0,0.02988155372440815
52.0,0.02879835106432438
56.0,0.02758673019707203
60.0,0.026469146832823753
64.0,0.025521330535411835
72.0,0.023937802761793137
80.0,0.02274911291897297
88.0,0.021877380087971687
96.0,0.02103898487985134
104.0,0.020101414993405342
112.0,0.019082732498645782
120.0,0.018252382054924965
128.0,0.017315220087766647
144.0,0.016214992851018906
160.0,0.015510671772062778
176.0,0.014365964569151402
192.0,0.014539450407028198
208.0,0.014484626241028309
224.0,0.014162639155983925
240.0,0.012739701196551323
256.0,0.011571443639695644
288.0,0.01104414276778698
320.0,0.011684095486998558
352.0,0.012646481394767761
384.0,0.01178442221134901
416.0,0.009078462608158588
448.0,0.006389602553099394
480.0,0.005103723146021366
512.0,0.0045551094226539135
576.0,0.004086987115442753
640.0,0.0034040589816868305
704.0,0.005560921039432287
768.0,0.005411506164819002
832.0,0.0028810533694922924
896.0,0.0015356637304648757
960.0,0.002920938190072775
1024.0,0.004468110855668783
1152.0,0.0012327685253694654
1280.0,-0.002288437681272626
1408.0,-0.0036514156963676214
1536.0,-0.007112364284694195
1664.0,-0.0073237912729382515
1792.0,-0.0046777245588600636
1920.0,-0.00775695638731122
2048.0,-0.0071525564417243
2304.0,-0.01277197152376175
2560.0,-0.002930304268375039
2816.0,-0.0010169342858716846
3072.0,-0.00504136411473155
3328.0,-0.009544501081109047
3584.0,-0.010896366089582443
3840.0,-0.008329907432198524
4096.0,-0.008884788490831852
4608.0,-0.0005111496429890394
5120.0,0.005191394127905369
5632.0,0.009442798793315887
6144.0,0.0026158601976931095
6656.0,-0.003250571433454752
7168.0,-0.0006653784075751901
end
