version,3.0
numOfCh,1
type,point
parent_name,484af_0dot4-0dot01
ch_type,1_1
kcount,1
numberNandB,1
brightnessNandB,1
carpet pos,0
pc,0
Time (ms),CH1 Auto-Correlation
1.0,0.057736556977033615
2.0,0.05658408999443054
3.0,0.05547991022467613
4.0,0.05446937680244446
5.0,0.05354393273591995
6.0,0.05268218368291855
7.0,0.05185418948531151
8.0,0.05103861913084984
9.0,0.050253670662641525
10.0,0.04943051561713219
11.0,0.04866044223308563
12.0,0.047931868582963943
13.0,0.04726924002170563
14.0,0.046586573123931885
15.0,0.04594554752111435
16.0,0.04529821500182152
18.0,0.04411805048584938
20.0,0.04306495562195778
22.0,0.04209239408373833
24.0,0.04118313267827034
26.0,0.0403200127184391
28.0,0.039453767240047455
30.0,0.038618654012680054
32.0,0.0379437580704689
36.0,0.03684304654598236
40.0,0.036046963185071945
44.0,0.03540555760264397
48.0,0.03485984355211258
52.0,0.034196626394987106
56.0,0.03328222036361694
60.0,0.03252118080854416
64.0,0.03177042305469513
72.0,0.03019186109304428
80.0,0.029079001396894455
88.0,0.02790423296391964
96.0,0.027149278670549393
104.0,0.026847751811146736
112.0,0.02666136994957924
120.0,0.026811789721250534
128.0,0.026574959978461266
144.0,0.025548016652464867
160.0,0.024438638240098953
176.0,0.023640427738428116
192.0,0.022593140602111816
208.0,0.021799815818667412
224.0,0.020944446325302124
240.0,0.021032249554991722
256.0,0.020383644849061966
288.0,0.01739426515996456
320.0,0.015504294075071812
352.0,0.014769362285733223
384.0,0.015173937194049358
416.0,0.013351034373044968
448.0,0.010616553947329521
480.0,0.006903471425175667
512.0,0.004937402438372374
576.0,0.003706997726112604
640.0,0.003883316647261381
704.0,0.0027043952140957117
768.0,0.0026207829359918833
832.0,0.004011659882962704
896.0,0.0043493774719536304
960.0,0.0032516964711248875
1024.0,0.0025092451833188534
1152.0,0.0016040349146351218
1280.0,0.002646735869348049
1408.0,-0.0006912004901096225
1536.0,-0.006232340354472399
1664.0,-0.007575374562293291
1792.0,-0.0075409626588225365
1920.0,-0.0038862077053636312
2048.0,7.898951298557222e-05
2304.0,0.0037825927138328552
2560.0,0.0016124886460602283
2816.0,-0.0001420376793248579
3072.0,-0.0004876925377175212
3328.0,-0.0022159789223223925
3584.0,-0.011409449391067028
3840.0,-0.009426441974937916
4096.0,-0.003630017163231969
end
