version,3.0
numOfCh,1
type,point
parent_name,484af_0dot4-0dot01
ch_type,1_1
kcount,1
numberNandB,1
brightnessNandB,1
carpet pos,0
pc,0
Time (ms),CH1 Auto-Correlation
1.0,0.05520494654774666
2.0,0.054147712886333466
3.0,0.05315577611327171
4.0,0.052267398685216904
5.0,0.051404815167188644
6.0,0.05059242621064186
7.0,0.049764588475227356
8.0,0.04894522577524185
9.0,0.04814392700791359
10.0,0.047370053827762604
11.0,0.04662449285387993
12.0,0.04589318856596947
13.0,0.0452021025121212
14.0,0.0445709191262722
15.0,0.04395301267504692
16.0,0.04334940388798714
18.0,0.04228351265192032
20.0,0.04127592593431473
22.0,0.040407389402389526
24.0,0.039670854806900024
26.0,0.03901804983615875
28.0,0.03844772279262543
30.0,0.03789336606860161
32.0,0.03745858371257782
36.0,0.03678222745656967
40.0,0.03619515150785446
44.0,0.035475678741931915
48.0,0.03460799157619476
52.0,0.03387833014130592
56.0,0.03314140811562538
60.0,0.032512515783309937
64.0,0.03212442249059677
72.0,0.03191903606057167
80.0,0.03172958642244339
88.0,0.031122397631406784
96.0,0.03014450892806053
104.0,0.029203256592154503
112.0,0.02864956669509411
120.0,0.028547389432787895
128.0,0.02827080897986889
144.0,0.02708790823817253
160.0,0.026722174137830734
176.0,0.025841401889920235
192.0,0.02459774538874626
208.0,0.023459643125534058
224.0,0.02261681854724884
240.0,0.02331461012363434
256.0,0.02301114983856678
288.0,0.01913011446595192
320.0,0.017754770815372467
352.0,0.01764780282974243
384.0,0.01799001917243004
416.0,0.018625076860189438
448.0,0.0165464635938406
480.0,0.015659114345908165
512.0,0.017301708459854126
576.0,0.01717379502952099
640.0,0.013399196788668633
704.0,0.010676085017621517
768.0,0.01158045418560505
832.0,0.011459480039775372
896.0,0.010678539983928204
960.0,0.009294608607888222
1024.0,0.009129355661571026
1152.0,0.0075571476481854916
1280.0,0.0024157706648111343
1408.0,-0.002930739428848028
1536.0,-0.007455180399119854
1664.0,-0.010949498042464256
1792.0,-0.013462699018418789
1920.0,-0.017355412244796753
2048.0,-0.018647627905011177
2304.0,-0.018418999388813972
2560.0,-0.018932631239295006
2816.0,-0.017271537333726883
3072.0,-0.012004691176116467
3328.0,-0.009347676299512386
3584.0,-0.009388082660734653
3840.0,-0.006542131304740906
4096.0,0.0003037526912521571
4608.0,0.0034022368490695953
5120.0,0.0010648200986906886
5632.0,0.0054718125611543655
6144.0,0.007805535104125738
6656.0,0.005490965209901333
7168.0,0.0031673915218561888
end
