version,3.0
numOfCh,1
type,point
parent_name,484af_0dot4-0dot01
ch_type,1_1
kcount,1
numberNandB,1
brightnessNandB,1
carpet pos,0
pc,0
Time (ms),CH1 Auto-Correlation
1.0,0.15263444185256958
2.0,0.15106794238090515
3.0,0.14951395988464355
4.0,0.1481551080942154
5.0,0.1468396931886673
6.0,0.14557789266109467
7.0,0.14440341293811798
8.0,0.1431991010904312
9.0,0.14202585816383362
10.0,0.1408812552690506
11.0,0.13968195021152496
12.0,0.13844488561153412
13.0,0.13730263710021973
14.0,0.1363256424665451
15.0,0.13541725277900696
16.0,0.1344996988773346
18.0,0.1324595957994461
20.0,0.1304505616426468
22.0,0.1286831945180893
24.0,0.12707261741161346
26.0,0.1253369003534317
28.0,0.12348756939172745
30.0,0.12149784713983536
32.0,0.11953768879175186
36.0,0.1161666214466095
40.0,0.11301159858703613
44.0,0.1099163219332695
48.0,0.107185959815979
52.0,0.10452796518802643
56.0,0.10171041637659073
60.0,0.09879915416240692
64.0,0.09629687666893005
72.0,0.09075247496366501
80.0,0.085410937666893
88.0,0.07911878079175949
96.0,0.07286647707223892
104.0,0.06694485247135162
112.0,0.061564795672893524
120.0,0.05759961158037186
128.0,0.054571621119976044
144.0,0.05171674117445946
160.0,0.05005069449543953
176.0,0.04780958965420723
192.0,0.04652588814496994
208.0,0.0470140166580677
224.0,0.04762941226363182
240.0,0.04826236888766289
256.0,0.049604058265686035
288.0,0.046374548226594925
320.0,0.039747416973114014
352.0,0.032366793602705
384.0,0.024401657283306122
416.0,0.01561063900589943
448.0,0.008275683969259262
480.0,0.007327191065996885
512.0,0.009473959915339947
576.0,0.009530936367809772
640.0,0.0031622969545423985
704.0,-0.002950918860733509
768.0,0.007948365993797779
832.0,0.011721300892531872
896.0,0.0035344157367944717
960.0,0.002213407075032592
1024.0,0.005584076512604952
1152.0,-0.01222155150026083
1280.0,-0.01742679439485073
1408.0,-0.021313834935426712
1536.0,-0.0262795127928257
1664.0,-0.019089799374341965
1792.0,-0.016348611563444138
1920.0,0.007896989583969116
2048.0,0.015265154652297497
2304.0,0.035429682582616806
2560.0,0.0259791761636734
2816.0,-0.004107407294213772
3072.0,-0.02393416129052639
3328.0,-0.031015822663903236
3584.0,-0.05428396537899971
3840.0,-0.06881055235862732
4096.0,-0.057072725147008896
end
