version,3.0
numOfCh,1
type,point
parent_name,484af_0dot4-0dot01
ch_type,1_1
kcount,1
numberNandB,1
brightnessNandB,1
carpet pos,0
pc,0
Time (ms),CH1 Auto-Correlation
1.0,0.0430062897503376
2.0,0.04184643179178238
3.0,0.040709733963012695
4.0,0.03961526229977608
5.0,0.038603056222200394
6.0,0.037628766149282455
7.0,0.036722805351018906
8.0,0.03584003075957298
9.0,0.034986548125743866
10.0,0.03419075533747673
11.0,0.033461008220911026
12.0,0.03278842195868492
13.0,0.03218020498752594
14.0,0.03161204233765602
15.0,0.031097430735826492
16.0,0.030615540221333504
18.0,0.029690077528357506
20.0,0.028779039159417152
22.0,0.027870094403624535
24.0,0.02695475146174431
26.0,0.026023026555776596
28.0,0.025159992277622223
30.0,0.02438356727361679
32.0,0.02366914413869381
36.0,0.022710243239998817
40.0,0.021921852603554726
44.0,0.02110970765352249
48.0,0.020306941121816635
52.0,0.01974581368267536
56.0,0.01924801431596279
60.0,0.018801933154463768
64.0,0.018361017107963562
72.0,0.01754346862435341
80.0,0.016627373173832893
88.0,0.014940557070076466
96.0,0.013449257239699364
104.0,0.012299936264753342
112.0,0.011183665134012699
120.0,0.010668499395251274
128.0,0.010441390797495842
144.0,0.00903335027396679
160.0,0.007279973477125168
176.0,0.005308331456035376
192.0,0.004940468352288008
208.0,0.0055950116366147995
224.0,0.0056799305602908134
240.0,0.006106865592300892
256.0,0.006025234702974558
288.0,0.007631038781255484
320.0,0.00845811702311039
352.0,0.008770409040153027
384.0,0.007360614836215973
416.0,0.004548708442598581
448.0,0.002136566676199436
480.0,-0.0011462714755907655
512.0,-0.0023342431522905827
576.0,-0.0005318435141816735
640.0,0.0014826725237071514
704.0,0.0015213176375254989
768.0,0.0005950635531917214
832.0,9.873748786048964e-05
896.0,-0.0010410243412479758
960.0,0.002805447904393077
1024.0,0.004665515385568142
1152.0,0.0011126555036753416
1280.0,-7.550529699074104e-05
1408.0,0.00026373224682174623
1536.0,-0.0032276478596031666
1664.0,-0.0038215455133467913
1792.0,0.0011828240239992738
1920.0,0.003234253264963627
2048.0,0.0031559844501316547
2304.0,0.008769846521317959
2560.0,0.0017242166213691235
2816.0,-0.0006107727531343699
3072.0,-0.003080985741689801
3328.0,-0.002946221036836505
3584.0,-0.004731537774205208
3840.0,-0.0022156459745019674
4096.0,-0.0050835986621677876
4608.0,-0.0012294990010559559
5120.0,-0.008291633799672127
5632.0,-0.007854978553950787
6144.0,-0.009636764414608479
6656.0,-0.0030060065910220146
7168.0,-0.005111847072839737
end
