version,3.0
numOfCh,1
type,point
parent_name,19e3e_0dot6-0dot01
ch_type,1_1
kcount,1
numberNandB,1
brightnessNandB,1
carpet pos,0
pc,0
Time (ms),CH1 Auto-Correlation
1.0,0.3400931656360626
2.0,0.3388579487800598
3.0,0.33769676089286804
4.0,0.336615651845932
5.0,0.3355872631072998
6.0,0.33458784222602844
7.0,0.3335705101490021
8.0,0.332591712474823
9.0,0.33170413970947266
10.0,0.33079785108566284
11.0,0.3299480378627777
12.0,0.3291417062282562
13.0,0.32830730080604553
14.0,0.327521950006485
15.0,0.32671457529067993
16.0,0.3259807825088501
18.0,0.32467344403266907
20.0,0.32336246967315674
22.0,0.32202452421188354
24.0,0.32075682282447815
26.0,0.3195580840110779
28.0,0.3183656334877014
30.0,0.31716644763946533
32.0,0.31600421667099
36.0,0.31374210119247437
40.0,0.3113553524017334
44.0,0.3090270161628723
48.0,0.30712729692459106
52.0,0.30551040172576904
56.0,0.30392691493034363
60.0,0.30226370692253113
64.0,0.3005598187446594
72.0,0.29680222272872925
80.0,0.2937248647212982
88.0,0.2907668650150299
96.0,0.28796935081481934
104.0,0.28500980138778687
112.0,0.28194987773895264
120.0,0.2787233591079712
128.0,0.27505800127983093
144.0,0.27007603645324707
160.0,0.26653552055358887
176.0,0.26257649064064026
192.0,0.25937432050704956
208.0,0.255972295999527
224.0,0.251477986574173
240.0,0.24514631927013397
256.0,0.23702922463417053
288.0,0.21926790475845337
320.0,0.20486263930797577
352.0,0.1870560199022293
384.0,0.16916818916797638
416.0,0.15417219698429108
448.0,0.14277975261211395
480.0,0.131171315908432
512.0,0.11987179517745972
576.0,0.10110219568014145
640.0,0.08018352091312408
704.0,0.06467462331056595
768.0,0.05700754374265671
832.0,0.05058256909251213
896.0,0.0414833128452301
960.0,0.03366446495056152
1024.0,0.026002636179327965
1152.0,0.007608281914144754
1280.0,-0.02014811709523201
1408.0,-0.05407526344060898
1536.0,-0.08100201189517975
1664.0,-0.09492048621177673
1792.0,-0.08911556005477905
1920.0,-0.07560490071773529
2048.0,-0.052984680980443954
2304.0,0.009174789302051067
2560.0,0.03881238028407097
2816.0,0.018570169806480408
3072.0,-0.01307942345738411
3328.0,-0.018876617774367332
3584.0,-0.04359244927763939
3840.0,-0.10070625692605972
4096.0,-0.16168102622032166
4608.0,-0.18796111643314362
5120.0,-0.09337243437767029
5632.0,-0.07062085717916489
6144.0,-0.009501397609710693
6656.0,0.01693021133542061
7168.0,0.06554374098777771
7680.0,0.14030851423740387
8192.0,0.14381268620491028
end
