version,3.0
numOfCh,1
type,point
parent_name,34766_0dot069-0dot01
ch_type,1_1
kcount,1
numberNandB,1
brightnessNandB,1
carpet pos,0
pc,0
Time (ms),CH1 Auto-Correlation
1.0,0.2286195158958435
2.0,0.22792525589466095
3.0,0.2272714376449585
4.0,0.2266235500574112
5.0,0.22599777579307556
6.0,0.22539293766021729
7.0,0.22475536167621613
8.0,0.2241390496492386
9.0,0.22352464497089386
10.0,0.22285020351409912
11.0,0.22221601009368896
12.0,0.2215825617313385
13.0,0.22100050747394562
14.0,0.22044824063777924
15.0,0.21993987262248993
16.0,0.2194066196680069
18.0,0.21773569285869598
20.0,0.21660155057907104
22.0,0.21549467742443085
24.0,0.21430499851703644
26.0,0.212997168302536
28.0,0.21163037419319153
30.0,0.21026544272899628
32.0,0.2088877111673355
36.0,0.20526237785816193
40.0,0.2028234750032425
44.0,0.2003762423992157
48.0,0.19786657392978668
52.0,0.19524531066417694
56.0,0.19255028665065765
60.0,0.18994472920894623
64.0,0.18735454976558685
72.0,0.18209697306156158
80.0,0.17656506597995758
88.0,0.17089997231960297
96.0,0.16518549621105194
104.0,0.15944384038448334
112.0,0.1538834124803543
120.0,0.14845547080039978
128.0,0.14282216131687164
144.0,0.13139571249485016
160.0,0.1195835992693901
176.0,0.10770902782678604
192.0,0.09649810194969177
208.0,0.08570197224617004
224.0,0.07528264075517654
240.0,0.0647900179028511
256.0,0.055187858641147614
288.0,0.027172762900590897
320.0,0.01677510142326355
352.0,0.01507975347340107
384.0,0.012082915753126144
416.0,0.009293324314057827
448.0,0.006603303365409374
480.0,0.004843707662075758
512.0,0.003841547528281808
576.0,0.0018682240042835474
640.0,0.002251624595373869
704.0,0.004136751405894756
768.0,0.005713142454624176
832.0,0.006546282675117254
896.0,0.008428729139268398
960.0,0.008539294824004173
1024.0,0.005647930782288313
1152.0,-0.007075963541865349
1280.0,-0.014539438299834728
1408.0,-0.013424341566860676
1536.0,-0.010981108993291855
1664.0,-0.004614243749529123
1792.0,-0.006777160335332155
1920.0,-0.012883077375590801
2048.0,-0.01100506167858839
2304.0,-0.009090597741305828
2560.0,-0.005784187465906143
2816.0,-0.008563396520912647
3072.0,-0.0040476396679878235
3328.0,-0.002146584913134575
3584.0,0.0024360253009945154
3840.0,0.0035098798107355833
4096.0,0.0036745471879839897
4608.0,0.011575459502637386
5120.0,0.00027159132878296077
5632.0,-0.009107662364840508
6144.0,-0.001457073143683374
6656.0,0.018794845789670944
7168.0,0.014580472372472286
7680.0,0.009797430597245693
8192.0,-0.0027755212504416704
end
