version,3.0
numOfCh,1
type,point
parent_name,34766_0dot069-0dot01
ch_type,1_1
kcount,1
numberNandB,1
brightnessNandB,1
carpet pos,0
pc,0
Time (ms),CH1 Auto-Correlation
1.0,0.6492515802383423
2.0,0.6484989523887634
3.0,0.647761344909668
4.0,0.647006094455719
5.0,0.6462728977203369
6.0,0.6455082893371582
7.0,0.6447233557701111
8.0,0.6439640522003174
9.0,0.6431871056556702
10.0,0.6423489451408386
11.0,0.6414927244186401
12.0,0.6406431198120117
13.0,0.6397872567176819
14.0,0.6389381289482117
15.0,0.6381001472473145
16.0,0.6372407078742981
18.0,0.635497510433197
20.0,0.6338484883308411
22.0,0.6322963237762451
24.0,0.6307472586631775
26.0,0.6291607022285461
28.0,0.6275882124900818
30.0,0.6261438727378845
32.0,0.6248248815536499
36.0,0.6221206188201904
40.0,0.6192476749420166
44.0,0.6163049340248108
48.0,0.6133817434310913
52.0,0.6103582382202148
56.0,0.6074186563491821
60.0,0.604799747467041
64.0,0.6021597981452942
72.0,0.5963771343231201
80.0,0.5906202793121338
88.0,0.5851933360099792
96.0,0.5800720453262329
104.0,0.5752262473106384
112.0,0.5707645416259766
120.0,0.5667049288749695
128.0,0.5630361437797546
144.0,0.5571011900901794
160.0,0.5525474548339844
176.0,0.5458855032920837
192.0,0.5388478636741638
208.0,0.5327495336532593
224.0,0.5275780558586121
240.0,0.5226987600326538
256.0,0.5180228352546692
288.0,0.5082737803459167
320.0,0.5003020763397217
352.0,0.489942342042923
384.0,0.4756031334400177
416.0,0.459114134311676
448.0,0.44321542978286743
480.0,0.43313997983932495
512.0,0.4275267720222473
576.0,0.41651836037635803
640.0,0.4179122745990753
704.0,0.4230157434940338
768.0,0.41791480779647827
832.0,0.397195428609848
896.0,0.37571996450424194
960.0,0.3536796569824219
1024.0,0.32387250661849976
1152.0,0.2563292980194092
1280.0,0.2001204639673233
1408.0,0.16192319989204407
1536.0,0.12748727202415466
1664.0,0.10236235707998276
1792.0,0.0626714900135994
1920.0,0.014715554192662239
2048.0,-0.010385227389633656
2304.0,-0.040813274681568146
2560.0,-0.044648706912994385
2816.0,-0.05539294704794884
3072.0,-0.06347686052322388
3328.0,-0.07264357060194016
3584.0,-0.09263042360544205
3840.0,-0.11745517700910568
4096.0,-0.14859874546527863
4608.0,-0.1985037922859192
5120.0,-0.22867970168590546
5632.0,-0.22182568907737732
6144.0,-0.20253506302833557
6656.0,-0.2143579125404358
7168.0,-0.30303969979286194
7680.0,-0.49943745136260986
8192.0,-0.5064054131507874
end
