version,3.0
numOfCh,1
type,point
parent_name,34766_0dot069-0dot01
ch_type,1_1
kcount,1
numberNandB,1
brightnessNandB,1
carpet pos,0
pc,0
Time (ms),CH1 Auto-Correlation
1.0,0.2432301789522171
2.0,0.2425287365913391
3.0,0.24184373021125793
4.0,0.2411913275718689
5.0,0.240536630153656
6.0,0.2398686707019806
7.0,0.23919379711151123
8.0,0.23853044211864471
9.0,0.23788830637931824
10.0,0.23722614347934723
11.0,0.23656758666038513
12.0,0.23589015007019043
13.0,0.23516765236854553
14.0,0.2344476580619812
15.0,0.23374201357364655
16.0,0.23305003345012665
18.0,0.23148082196712494
20.0,0.22998179495334625
22.0,0.22845560312271118
24.0,0.22694236040115356
26.0,0.22550846636295319
28.0,0.22404029965400696
30.0,0.222564235329628
32.0,0.22109755873680115
36.0,0.2183925062417984
40.0,0.21577131748199463
44.0,0.21338020265102386
48.0,0.2111387997865677
52.0,0.20913399755954742
56.0,0.20721544325351715
60.0,0.20509092509746552
64.0,0.20270273089408875
72.0,0.1976935714483261
80.0,0.192757248878479
88.0,0.1874595582485199
96.0,0.1818997710943222
104.0,0.1764063537120819
112.0,0.17174620926380157
120.0,0.16741783916950226
128.0,0.16301487386226654
144.0,0.15284372866153717
160.0,0.14335881173610687
176.0,0.13464313745498657
192.0,0.12625062465667725
208.0,0.11923810839653015
224.0,0.11279246211051941
240.0,0.10671788454055786
256.0,0.10315287113189697
288.0,0.09908954054117203
320.0,0.09596090763807297
352.0,0.09100876748561859
384.0,0.08215940743684769
416.0,0.07291053980588913
448.0,0.06340748816728592
480.0,0.05380339175462723
512.0,0.04503713175654411
576.0,0.020654600113630295
640.0,0.02378213405609131
704.0,0.026997268199920654
768.0,0.02627897448837757
832.0,0.02445279248058796
896.0,0.022691192105412483
960.0,0.02423182874917984
1024.0,0.02492379955947399
1152.0,0.023722222074866295
1280.0,0.01892792619764805
1408.0,0.012474500574171543
1536.0,0.0040307124145329
1664.0,-0.005029476247727871
1792.0,-0.006348899565637112
1920.0,-0.004539140500128269
2048.0,0.00034441755269654095
2304.0,0.00773220881819725
2560.0,0.005598041228950024
2816.0,0.00848538987338543
3072.0,0.026540424674749374
3328.0,0.0318443700671196
3584.0,0.0029616618994623423
3840.0,-0.021316327154636383
4096.0,-0.017903653904795647
4608.0,-0.028794728219509125
5120.0,-0.02323819138109684
5632.0,-0.0006310151657089591
6144.0,-0.011051127687096596
6656.0,-0.0345471166074276
7168.0,-0.06920928508043289
7680.0,-0.025762390345335007
8192.0,-0.01794033870100975
end
