version,3.0
numOfCh,1
type,point
parent_name,34766_0dot1-0dot01
ch_type,1_1
kcount,1
numberNandB,1
brightnessNandB,1
carpet pos,0
pc,0
Time (ms),CH1 Auto-Correlation
1.0,0.275718092918396
2.0,0.2753899097442627
3.0,0.2750736474990845
4.0,0.2747437357902527
5.0,0.2744157314300537
6.0,0.27408427000045776
7.0,0.2737511992454529
8.0,0.273406982421875
9.0,0.2730695903301239
10.0,0.27273786067962646
11.0,0.27241021394729614
12.0,0.2721053659915924
13.0,0.27179819345474243
14.0,0.2714873254299164
15.0,0.271180123090744
16.0,0.27089056372642517
18.0,0.27033308148384094
20.0,0.26974958181381226
22.0,0.26918354630470276
24.0,0.2686788737773895
26.0,0.2681722044944763
28.0,0.26769372820854187
30.0,0.2671874165534973
32.0,0.26667922735214233
36.0,0.2657318413257599
40.0,0.26485568284988403
44.0,0.2641091048717499
48.0,0.263425350189209
52.0,0.26273491978645325
56.0,0.26204758882522583
60.0,0.26137271523475647
64.0,0.2606804072856903
72.0,0.2596081793308258
80.0,0.2586520314216614
88.0,0.2576884329319
96.0,0.2564789950847626
104.0,0.2553004324436188
112.0,0.25434228777885437
120.0,0.25314804911613464
128.0,0.2517589032649994
144.0,0.24830682575702667
160.0,0.2445860505104065
176.0,0.24081361293792725
192.0,0.23755525052547455
208.0,0.23491665720939636
224.0,0.23221738636493683
240.0,0.22909365594387054
256.0,0.22571483254432678
288.0,0.2187890112400055
320.0,0.21375378966331482
352.0,0.20739777386188507
384.0,0.20030634105205536
416.0,0.19114689528942108
448.0,0.18218541145324707
480.0,0.1731976866722107
512.0,0.16570626199245453
576.0,0.15302999317646027
640.0,0.14187264442443848
704.0,0.13252665102481842
768.0,0.12367668002843857
832.0,0.11061080545186996
896.0,0.09779436141252518
960.0,0.08504757285118103
1024.0,0.0722789466381073
1152.0,0.05092717334628105
1280.0,0.03234485909342766
1408.0,0.014847864396870136
1536.0,-0.0005246441578492522
1664.0,-0.013993500731885433
1792.0,-0.027245493605732918
1920.0,-0.034495335072278976
2048.0,-0.03709454461932182
2304.0,-0.04140723869204521
2560.0,-0.0386921763420105
2816.0,-0.03169797733426094
3072.0,-0.03491808474063873
3328.0,-0.05096123367547989
3584.0,-0.0760389044880867
3840.0,-0.10864736884832382
4096.0,-0.13097254931926727
end
