version,3.0
numOfCh,1
type,point
parent_name,34766_0dot1-0dot01
ch_type,1_1
kcount,1
numberNandB,1
brightnessNandB,1
carpet pos,0
pc,0
Time (ms),CH1 Auto-Correlation
1.0,0.02316378615796566
2.0,0.02296488545835018
3.0,0.022768480703234673
4.0,0.02257009781897068
5.0,0.022373048588633537
6.0,0.022190263494849205
7.0,0.022006569430232048
8.0,0.02182867005467415
9.0,0.021658556535840034
10.0,0.0214923657476902
11.0,0.02132677286863327
12.0,0.02116835117340088
13.0,0.02101738192141056
14.0,0.020866306498646736
15.0,0.02071467414498329
16.0,0.020568527281284332
18.0,0.020283466205000877
20.0,0.02001287043094635
22.0,0.019755737856030464
24.0,0.019497066736221313
26.0,0.019248543307185173
28.0,0.018998077139258385
30.0,0.01876039244234562
32.0,0.018527556210756302
36.0,0.018096981570124626
40.0,0.017695222049951553
44.0,0.01732517033815384
48.0,0.01699632592499256
52.0,0.016682490706443787
56.0,0.01639353111386299
60.0,0.01612740196287632
64.0,0.015876293182373047
72.0,0.015237918123602867
80.0,0.01458599604666233
88.0,0.014145814813673496
96.0,0.013826427049934864
104.0,0.013523650355637074
112.0,0.01322037074714899
120.0,0.012992057017982006
128.0,0.012734970077872276
144.0,0.011954039335250854
160.0,0.011100932955741882
176.0,0.010175866074860096
192.0,0.00927544292062521
208.0,0.00833723321557045
224.0,0.007665489800274372
240.0,0.007292506750673056
256.0,0.00710997823625803
288.0,0.0070683592930436134
320.0,0.006976672448217869
352.0,0.0067090257070958614
384.0,0.006423569284379482
416.0,0.0058658006601035595
448.0,0.005646293982863426
480.0,0.005421110894531012
512.0,0.00511916121467948
576.0,0.0037407842464745045
640.0,0.0018713653553277254
704.0,0.0013274664524942636
768.0,0.0004116045020055026
832.0,0.0014494387432932854
896.0,0.0020931281615048647
960.0,0.001684781163930893
1024.0,0.0016214692732319236
1152.0,0.0026579885743558407
1280.0,0.004704461432993412
1408.0,0.004523463547229767
1536.0,0.002285862574353814
1664.0,0.0010788962244987488
1792.0,0.0012330395402386785
1920.0,-0.0006852903170511127
2048.0,-0.003715530037879944
2304.0,-0.006031585391610861
2560.0,-0.005024519748985767
2816.0,-0.0070204767398536205
3072.0,-0.003592138411477208
3328.0,-0.003794537391513586
3584.0,-0.005250672809779644
3840.0,-0.007252253592014313
4096.0,-0.008129488676786423
4608.0,-0.0005561595316976309
5120.0,0.0007298800046555698
5632.0,-0.001525518367998302
6144.0,0.0015789492754265666
6656.0,0.0033213223796337843
7168.0,0.00047131796600297093
end
