version,3.0
numOfCh,1
type,point
parent_name,0cd20_50dot0-0dot01
ch_type,1_1
kcount,1
numberNandB,1
brightnessNandB,1
carpet pos,0
pc,0
Time (ms),CH1 Auto-Correlation
1.0,0.038856882601976395
2.0,0.03715716674923897
3.0,0.036793868988752365
4.0,0.03690124303102493
5.0,0.036178890615701675
6.0,0.03535185754299164
7.0,0.03537711501121521
8.0,0.03496798500418663
9.0,0.03526805713772774
10.0,0.03485061973333359
11.0,0.034731365740299225
12.0,0.03484468162059784
13.0,0.03456629067659378
14.0,0.034287624061107635
15.0,0.03440871834754944
16.0,0.03391968458890915
18.0,0.03366165608167648
20.0,0.03320063278079033
22.0,0.032892271876335144
24.0,0.032146651297807693
26.0,0.03177965432405472
28.0,0.03158935531973839
30.0,0.03132758289575577
32.0,0.03074379451572895
36.0,0.029940566048026085
40.0,0.029031820595264435
44.0,0.028398336842656136
48.0,0.027578281238675117
52.0,0.026292486116290092
56.0,0.026081250980496407
60.0,0.025562206283211708
64.0,0.02510257437825203
72.0,0.023822443559765816
80.0,0.023044902831315994
88.0,0.022472865879535675
96.0,0.021846828982234
104.0,0.021393252536654472
112.0,0.020915886387228966
120.0,0.02029457688331604
128.0,0.019991464912891388
144.0,0.01896624267101288
160.0,0.017811954021453857
176.0,0.017339354380965233
192.0,0.01643284410238266
208.0,0.015523191541433334
224.0,0.014574720524251461
240.0,0.013984308578073978
256.0,0.01352006383240223
288.0,0.013236883096396923
320.0,0.013246649876236916
352.0,0.012953190132975578
384.0,0.013348547741770744
416.0,0.014412243850529194
448.0,0.016179488971829414
480.0,0.017756732180714607
512.0,0.017156727612018585
576.0,0.011072137393057346
640.0,0.005265470594167709
704.0,0.0023986054584383965
768.0,-0.0005864397389814258
832.0,-0.0026892335154116154
896.0,-0.002719168085604906
960.0,-0.0007148297154344618
1024.0,-0.000723892415408045
1152.0,-0.0032951897010207176
1280.0,-0.005497211590409279
1408.0,-0.004537126049399376
1536.0,-0.003013404319062829
1664.0,-0.004039932042360306
1792.0,-0.0034105805680155754
1920.0,-0.0015315862838178873
2048.0,-0.0009589745313860476
2304.0,-0.003522556973621249
2560.0,-0.0009237387566827238
2816.0,-0.002303604269400239
3072.0,-0.0022172387689352036
3328.0,-0.003924461081624031
3584.0,-0.008445363491773605
3840.0,-0.010278881527483463
4096.0,-0.017892109230160713
end
