version,3.0
numOfCh,1
type,point
parent_name,0cd20_50dot0-0dot01
ch_type,1_1
kcount,1
numberNandB,1
brightnessNandB,1
carpet pos,0
pc,0
Time (ms),CH1 Auto-Correlation
1.0,0.005030572880059481
2.0,0.002046380890533328
3.0,0.0015419234987348318
4.0,0.0010626136790961027
5.0,0.001066632685251534
6.0,0.00021508376812562346
7.0,0.0009467328200116754
8.0,0.0006532325060106814
9.0,0.0007713494705967605
10.0,0.0006087601068429649
11.0,0.0003284535778220743
12.0,0.00022155046463012695
13.0,0.0003884981560986489
14.0,0.0006788639584556222
15.0,-0.00028182100504636765
16.0,0.00028063467470929027
18.0,-0.00019832985708490014
20.0,0.00043370024650357664
22.0,0.00030805563437752426
24.0,0.00023270068049896508
26.0,0.0003814591618720442
28.0,-0.00018044460739474744
30.0,0.000419249408878386
32.0,0.00015642557991668582
36.0,-5.317044269759208e-06
40.0,9.882888844003901e-05
44.0,6.245324129849905e-06
48.0,0.0002267864183522761
52.0,3.75800414076366e-06
56.0,0.00036935071693733335
60.0,0.00042965117609128356
64.0,0.0004001200431957841
72.0,0.0005128602497279644
80.0,8.79293802427128e-05
88.0,0.0001298286661040038
96.0,0.00040700004319660366
104.0,0.0003043260076083243
112.0,3.7202498788246885e-05
120.0,0.00020462261454667896
128.0,0.0003789319016505033
144.0,9.96601811493747e-05
160.0,0.00015915502444840968
176.0,0.00014840865333098918
192.0,0.00019325065659359097
208.0,0.0004427286621648818
224.0,0.00018643146904651076
240.0,8.703557250555605e-05
256.0,0.00010619765089359134
288.0,4.95510503242258e-05
320.0,0.00031485530780628324
352.0,0.0001344419870292768
384.0,-6.574935014214134e-06
416.0,0.00017439901421312243
448.0,3.005595863214694e-05
480.0,0.00011298312165308744
512.0,0.0001246724568773061
576.0,-8.432205504504964e-05
640.0,0.00017710893007460982
704.0,-9.732790931593627e-05
768.0,-7.845364598324522e-05
832.0,8.764095582591835e-06
896.0,-8.686527144163847e-05
960.0,-6.868212949484587e-05
1024.0,-9.666370169725269e-05
1152.0,-5.8412337239133194e-05
1280.0,-9.96997332549654e-05
1408.0,-0.00011386581900296733
1536.0,-5.576988041866571e-05
1664.0,-3.742464105016552e-05
1792.0,-2.0198040147079155e-05
1920.0,3.393066072021611e-05
2048.0,4.701350553659722e-05
2304.0,0.00010042962821898982
2560.0,0.00010988113353960216
2816.0,6.555781146744266e-05
3072.0,-2.324088927707635e-05
3328.0,-5.122948277858086e-05
3584.0,-0.00014143360021989793
3840.0,-0.00018424997688271105
4096.0,4.719286607723916e-06
end
