version,3.0
numOfCh,1
type,point
parent_name,34a6d_0dot069-1dot0
ch_type,1_1
kcount,1
numberNandB,1
brightnessNandB,1
carpet pos,0
pc,0
Time (ms),CH1 Auto-Correlation
1.0,0.0804627314209938
2.0,0.07981570810079575
3.0,0.07921789586544037
4.0,0.07863300293684006
5.0,0.07806240022182465
6.0,0.07753768563270569
7.0,0.07701817899942398
8.0,0.07648711651563644
9.0,0.07595962285995483
10.0,0.07542084902524948
11.0,0.07487595826387405
12.0,0.07437823712825775
13.0,0.07388465106487274
14.0,0.0733877494931221
15.0,0.07289515435695648
16.0,0.07240264117717743
18.0,0.07144029438495636
20.0,0.0705176517367363
22.0,0.06964680552482605
24.0,0.0687948688864708
26.0,0.06791792809963226
28.0,0.06704491376876831
30.0,0.06621632725000381
32.0,0.06540966778993607
36.0,0.06389179080724716
40.0,0.06252892315387726
44.0,0.06126224622130394
48.0,0.060064639896154404
52.0,0.058958522975444794
56.0,0.05793681740760803
60.0,0.05705771595239639
64.0,0.056241199374198914
72.0,0.054457444697618484
80.0,0.05300299823284149
88.0,0.05191643908619881
96.0,0.050924673676490784
104.0,0.049908313900232315
112.0,0.04875363036990166
120.0,0.04757970944046974
128.0,0.04649863392114639
144.0,0.04440747946500778
160.0,0.04273125156760216
176.0,0.0414058156311512
192.0,0.04012361541390419
208.0,0.03891637921333313
224.0,0.038035765290260315
240.0,0.03734506294131279
256.0,0.036195989698171616
288.0,0.03302612900733948
320.0,0.03041844442486763
352.0,0.02641379088163376
384.0,0.021868253126740456
416.0,0.020217690616846085
448.0,0.0192068163305521
480.0,0.018402382731437683
512.0,0.01833912916481495
576.0,0.018720243126153946
640.0,0.017190786078572273
704.0,0.015323706902563572
768.0,0.013191868551075459
832.0,0.014207476750016212
896.0,0.01110153179615736
960.0,0.008544453419744968
1024.0,0.007310221903026104
1152.0,0.009202292189002037
1280.0,0.00857324618846178
1408.0,0.007862377911806107
1536.0,-0.0014488048618659377
1664.0,-0.007099429611116648
1792.0,-0.01500354241579771
1920.0,-0.017123090103268623
2048.0,-0.01639256253838539
2304.0,-0.01206121128052473
2560.0,-0.02050541155040264
2816.0,-0.022833116352558136
3072.0,-0.021244632080197334
3328.0,-0.021750735118985176
3584.0,-0.013292946852743626
3840.0,-0.016677379608154297
4096.0,-0.020979072898626328
4608.0,-0.004415534436702728
5120.0,-0.008347580209374428
5632.0,-0.003537198528647423
6144.0,0.0031034029088914394
6656.0,0.008324331603944302
7168.0,0.01504569686949253
7680.0,0.021550752222537994
8192.0,0.04204351827502251
end
