version,3.0
numOfCh,1
type,point
parent_name,34a6d_0dot069-1dot0
ch_type,1_1
kcount,1
numberNandB,1
brightnessNandB,1
carpet pos,0
pc,0
Time (ms),CH1 Auto-Correlation
1.0,0.08366457372903824
2.0,0.082909494638443
3.0,0.08221639692783356
4.0,0.08160711824893951
5.0,0.08098138868808746
6.0,0.08038686960935593
7.0,0.07977887988090515
8.0,0.07921364903450012
9.0,0.07865019142627716
10.0,0.07806307077407837
11.0,0.07749500870704651
12.0,0.0769236609339714
13.0,0.07636965811252594
14.0,0.07581872493028641
15.0,0.0753098875284195
16.0,0.07479476928710938
18.0,0.07384452223777771
20.0,0.07289877533912659
22.0,0.07203621417284012
24.0,0.07114384323358536
26.0,0.07030678540468216
28.0,0.06951534748077393
30.0,0.06879018992185593
32.0,0.06805761158466339
36.0,0.06670024245977402
40.0,0.06550014019012451
44.0,0.0642714723944664
48.0,0.06303583830595016
52.0,0.061790671199560165
56.0,0.06053793057799339
60.0,0.05936878174543381
64.0,0.0582093708217144
72.0,0.05599547550082207
80.0,0.05403924733400345
88.0,0.05227271094918251
96.0,0.0506008118391037
104.0,0.04887924715876579
112.0,0.04706313833594322
120.0,0.045389436185359955
128.0,0.04409867525100708
144.0,0.0413714200258255
160.0,0.037954479455947876
176.0,0.033680837601423264
192.0,0.02982260286808014
208.0,0.026744581758975983
224.0,0.023516152054071426
240.0,0.020639708265662193
256.0,0.018023815006017685
288.0,0.01382523775100708
320.0,0.009965837933123112
352.0,0.006426620297133923
384.0,0.00449330871924758
416.0,0.0020122306887060404
448.0,0.00041527426219545305
480.0,-0.0015784403076395392
512.0,-0.0022193975746631622
576.0,-0.0001847169769462198
640.0,0.003386870725080371
704.0,0.005654809530824423
768.0,0.006442557089030743
832.0,0.0077615040354430676
896.0,0.00980897806584835
960.0,0.011623603291809559
1024.0,0.011876503005623817
1152.0,0.00877362210303545
1280.0,0.003986248280853033
1408.0,0.0018948831129819155
1536.0,-0.00218412559479475
1664.0,-0.0020464821718633175
1792.0,-0.0014116208767518401
1920.0,0.004070148337632418
2048.0,0.010382178239524364
2304.0,0.004363951273262501
2560.0,-0.005629794206470251
2816.0,-0.0017490028403699398
3072.0,0.003132521640509367
3328.0,0.004584243055433035
3584.0,0.01211563777178526
3840.0,0.012527533806860447
4096.0,0.0020409440621733665
4608.0,0.006750824395567179
5120.0,-0.011999855749309063
5632.0,0.005339019000530243
6144.0,-0.013989073224365711
6656.0,-0.014110250398516655
7168.0,-0.009283941239118576
7680.0,-0.0168771855533123
8192.0,-0.0062395608983933926
end
