version,3.0
numOfCh,1
type,point
parent_name,34a6d_0dot069-1dot0
ch_type,1_1
kcount,1
numberNandB,1
brightnessNandB,1
carpet pos,0
pc,0
Time (ms),CH1 Auto-Correlation
1.0,0.1132471114397049
2.0,0.11180563271045685
3.0,0.1107509508728981
4.0,0.10989267379045486
5.0,0.10905469208955765
6.0,0.10834851861000061
7.0,0.107700876891613
8.0,0.10696884989738464
9.0,0.10633932054042816
10.0,0.10584356635808945
11.0,0.10533317178487778
12.0,0.1047617644071579
13.0,0.10430795699357986
14.0,0.10377968102693558
15.0,0.10323404520750046
16.0,0.10276869684457779
18.0,0.10175374895334244
20.0,0.10072902590036392
22.0,0.09978829324245453
24.0,0.09887246042490005
26.0,0.09797996282577515
28.0,0.0970577821135521
30.0,0.09622129052877426
32.0,0.09553739428520203
36.0,0.09425093978643417
40.0,0.09302239120006561
44.0,0.09186120331287384
48.0,0.09070807695388794
52.0,0.08962021768093109
56.0,0.0887305960059166
60.0,0.08797919750213623
64.0,0.08729679882526398
72.0,0.08573487401008606
80.0,0.08427610993385315
88.0,0.0826345682144165
96.0,0.0810910239815712
104.0,0.07941659539937973
112.0,0.07776179909706116
120.0,0.07600583881139755
128.0,0.07434380054473877
144.0,0.07171203941106796
160.0,0.06884218007326126
176.0,0.06509699672460556
192.0,0.06131378188729286
208.0,0.05797195062041283
224.0,0.054899707436561584
240.0,0.0526701956987381
256.0,0.05062134563922882
288.0,0.04685690999031067
320.0,0.04479184001684189
352.0,0.04168197885155678
384.0,0.03924751654267311
416.0,0.036921221762895584
448.0,0.03448056802153587
480.0,0.0339602567255497
512.0,0.03292081505060196
576.0,0.02832145430147648
640.0,0.02771451510488987
704.0,0.027468940243124962
768.0,0.028963474556803703
832.0,0.030289849266409874
896.0,0.030290940776467323
960.0,0.029992835596203804
1024.0,0.03158038854598999
1152.0,0.028901459649205208
1280.0,0.021660370752215385
1408.0,0.01700424961745739
1536.0,0.011703839525580406
1664.0,0.006040170323103666
1792.0,0.004478838760405779
1920.0,0.00636510644108057
2048.0,0.007187638897448778
2304.0,0.003647818695753813
2560.0,0.0036637287121266127
2816.0,0.005419544409960508
3072.0,0.007707307580858469
3328.0,0.0026740022003650665
3584.0,0.006592624355107546
3840.0,-0.0005676077562384307
4096.0,-0.0072454712353646755
4608.0,-0.02432961016893387
5120.0,-0.02801583893597126
5632.0,-0.0297031719237566
6144.0,-0.0350005142390728
6656.0,-0.03465847298502922
7168.0,-0.022929631173610687
7680.0,-0.03067365102469921
8192.0,-0.02395555004477501
end
