version,3.0
numOfCh,1
type,point
parent_name,34a6d_0dot069-1dot0
ch_type,1_1
kcount,1
numberNandB,1
brightnessNandB,1
carpet pos,0
pc,0
Time (ms),CH1 Auto-Correlation
1.0,0.10110689699649811
2.0,0.09993916004896164
3.0,0.09906622022390366
4.0,0.09820888936519623
5.0,0.09749170392751694
6.0,0.09676740318536758
7.0,0.09601087123155594
8.0,0.09534010291099548
9.0,0.09475862234830856
10.0,0.09410727024078369
11.0,0.09348469972610474
12.0,0.09289228171110153
13.0,0.0923127606511116
14.0,0.09173493832349777
15.0,0.09116453677415848
16.0,0.09066428244113922
18.0,0.08965370804071426
20.0,0.0887579396367073
22.0,0.08778008818626404
24.0,0.0868789330124855
26.0,0.08606527000665665
28.0,0.08526256680488586
30.0,0.08441676944494247
32.0,0.08350453525781631
36.0,0.08174387365579605
40.0,0.08024889975786209
44.0,0.07886496186256409
48.0,0.0774167850613594
52.0,0.07608503848314285
56.0,0.07486869394779205
60.0,0.07365015149116516
64.0,0.0724782645702362
72.0,0.07046884298324585
80.0,0.06859297305345535
88.0,0.066746287047863
96.0,0.06475891917943954
104.0,0.06276573985815048
112.0,0.06120992824435234
120.0,0.05992743372917175
128.0,0.059019237756729126
144.0,0.05640752613544464
160.0,0.053847603499889374
176.0,0.05097869411110878
192.0,0.0483737476170063
208.0,0.04605104401707649
224.0,0.04377090558409691
240.0,0.04217204451560974
256.0,0.04069199785590172
288.0,0.03801848366856575
320.0,0.03510352596640587
352.0,0.033457640558481216
384.0,0.03086949698626995
416.0,0.030080532655119896
448.0,0.02952178753912449
480.0,0.028750400990247726
512.0,0.02951628714799881
576.0,0.030161172151565552
640.0,0.02982066199183464
704.0,0.03027304634451866
768.0,0.02953340858221054
832.0,0.02939078025519848
896.0,0.0325935035943985
960.0,0.03079884499311447
1024.0,0.03174274042248726
1152.0,0.03227949142456055
1280.0,0.027248995378613472
1408.0,0.02171829715371132
1536.0,0.017219407483935356
1664.0,0.01587529107928276
1792.0,0.015257111750543118
1920.0,0.015979714691638947
2048.0,0.013639084063470364
2304.0,-0.0007623887504450977
2560.0,0.005381501279771328
2816.0,0.012484773062169552
3072.0,0.016643326729536057
3328.0,0.003249945817515254
3584.0,-0.0009712648461572826
3840.0,0.005456564947962761
4096.0,0.010217034257948399
4608.0,-0.003359717084094882
5120.0,-0.003248834051191807
5632.0,-0.011992043815553188
6144.0,-0.009421763010323048
6656.0,-0.01687587797641754
7168.0,-0.03742709383368492
7680.0,-0.0504508875310421
8192.0,-0.04085351154208183
end
