version,3.0
numOfCh,1
type,point
parent_name,34a6d_0dot069-1dot0
ch_type,1_1
kcount,1
numberNandB,1
brightnessNandB,1
carpet pos,0
pc,0
Time (ms),CH1 Auto-Correlation
1.0,0.08340858668088913
2.0,0.08257903903722763
3.0,0.08188128471374512
4.0,0.0812935084104538
5.0,0.08073069900274277
6.0,0.08015493303537369
7.0,0.07960832864046097
8.0,0.07906521111726761
9.0,0.07854727655649185
10.0,0.07804358005523682
11.0,0.07753539830446243
12.0,0.07703302055597305
13.0,0.07651904225349426
14.0,0.07600601762533188
15.0,0.07546935975551605
16.0,0.07494867593050003
18.0,0.07385744154453278
20.0,0.07283176481723785
22.0,0.07186421751976013
24.0,0.07095073908567429
26.0,0.07005280256271362
28.0,0.0691351369023323
30.0,0.06824075430631638
32.0,0.06736933439970016
36.0,0.06579042971134186
40.0,0.06432967633008957
44.0,0.06282981485128403
48.0,0.06149010360240936
52.0,0.06024637073278427
56.0,0.0591263622045517
60.0,0.05811838433146477
64.0,0.057063739746809006
72.0,0.05509776994585991
80.0,0.05336764082312584
88.0,0.05203314125537872
96.0,0.050888169556856155
104.0,0.04979490116238594
112.0,0.048667777329683304
120.0,0.047476109117269516
128.0,0.04620976746082306
144.0,0.043780289590358734
160.0,0.041839949786663055
176.0,0.039901252835989
192.0,0.038533903658390045
208.0,0.0380835197865963
224.0,0.03848494216799736
240.0,0.038794368505477905
256.0,0.03820301592350006
288.0,0.0355779230594635
320.0,0.03285268694162369
352.0,0.03153443709015846
384.0,0.030516376718878746
416.0,0.029058819636702538
448.0,0.02655593305826187
480.0,0.022984901443123817
512.0,0.021154286339879036
576.0,0.016802813857793808
640.0,0.014536290429532528
704.0,0.009434530511498451
768.0,0.007953143678605556
832.0,0.005703339818865061
896.0,0.005346938502043486
960.0,0.006489599123597145
1024.0,0.008076868951320648
1152.0,0.00422050803899765
1280.0,0.004641614854335785
1408.0,0.002600025851279497
1536.0,0.004449403844773769
1664.0,-0.0010868208482861519
1792.0,-0.004434129223227501
1920.0,-0.006947230082005262
2048.0,-0.004998553544282913
2304.0,-0.013954345136880875
2560.0,-0.02048874832689762
2816.0,-0.02819756418466568
3072.0,-0.03035307116806507
3328.0,-0.019762247800827026
3584.0,-0.0016738268313929439
3840.0,0.004436309449374676
4096.0,0.009452182799577713
4608.0,0.010129193775355816
5120.0,0.009238000959157944
5632.0,0.010003741830587387
6144.0,-0.0005548445624299347
6656.0,-0.0219719335436821
7168.0,-0.024616718292236328
7680.0,-0.02388664521276951
8192.0,-0.024614540860056877
end
