version,3.0
numOfCh,1
type,point
parent_name,34a6d_0dot069-1dot0
ch_type,1_1
kcount,1
numberNandB,1
brightnessNandB,1
carpet pos,0
pc,0
Time (ms),CH1 Auto-Correlation
1.0,0.08378206193447113
2.0,0.08268051594495773
3.0,0.08172165602445602
4.0,0.08086472004652023
5.0,0.08018708229064941
6.0,0.07946188747882843
7.0,0.07878383994102478
8.0,0.0782085657119751
9.0,0.07756820321083069
10.0,0.07694143801927567
11.0,0.07634267956018448
12.0,0.07582908868789673
13.0,0.07528406381607056
14.0,0.07471291720867157
15.0,0.07412708550691605
16.0,0.07362869381904602
18.0,0.07276096194982529
20.0,0.07189594954252243
22.0,0.07108734548091888
24.0,0.07030157744884491
26.0,0.06954535096883774
28.0,0.0688173696398735
30.0,0.06812607496976852
32.0,0.0673334002494812
36.0,0.06581996381282806
40.0,0.06443872302770615
44.0,0.063028484582901
48.0,0.06171771138906479
52.0,0.06069602444767952
56.0,0.0596311017870903
60.0,0.05852751061320305
64.0,0.057300157845020294
72.0,0.05535184219479561
80.0,0.05366200953722
88.0,0.05192730948328972
96.0,0.05022035911679268
104.0,0.04889679327607155
112.0,0.047407664358615875
120.0,0.045697517693042755
128.0,0.044155512005090714
144.0,0.04162665084004402
160.0,0.038994740694761276
176.0,0.03659216687083244
192.0,0.03492413088679314
208.0,0.033295392990112305
224.0,0.031195491552352905
240.0,0.0291193388402462
256.0,0.027134127914905548
288.0,0.023159386590123177
320.0,0.02120165154337883
352.0,0.018693365156650543
384.0,0.01682974398136139
416.0,0.015916598960757256
448.0,0.014301045797765255
480.0,0.01280970498919487
512.0,0.012646655552089214
576.0,0.009974060580134392
640.0,0.00718526728451252
704.0,0.004861749708652496
768.0,0.0036217228043824434
832.0,0.0020485285203903913
896.0,0.0002556496183387935
960.0,-0.0022905245423316956
1024.0,-0.008272419683635235
1152.0,-0.014374284073710442
1280.0,-0.011265604756772518
1408.0,-0.003482139203697443
1536.0,-0.0033350642770528793
1664.0,-0.00435795309022069
1792.0,-0.007705287076532841
1920.0,-0.009088358841836452
2048.0,-0.00804951973259449
2304.0,-0.014780361205339432
2560.0,-0.025059035047888756
2816.0,-0.022105354815721512
3072.0,-0.01612992398440838
3328.0,-0.011325408704578876
3584.0,0.001187309855595231
3840.0,0.014663385227322578
4096.0,0.01945941336452961
4608.0,0.00728913489729166
5120.0,-0.000810320838354528
5632.0,0.009387060068547726
6144.0,-0.0016482287319377065
6656.0,-0.022924665361642838
7168.0,-0.01947057992219925
7680.0,-0.0020492684561759233
8192.0,0.013571401126682758
end
