version,3.0
numOfCh,1
type,point
parent_name,labthresh-0dot04_avgcorrs
ch_type,1_1
kcount,1
numberNandB,1
brightnessNandB,1
carpet pos,0
pc,0
Time (ms),CH1 Auto-Correlation
1.0,0.08022432774305344
2.0,0.07246855646371841
3.0,0.0646410584449768
4.0,0.05682884529232979
5.0,0.050483301281929016
6.0,0.044141314923763275
7.0,0.0389241985976696
8.0,0.035404324531555176
9.0,0.03229151666164398
10.0,0.03070356696844101
11.0,0.02708284556865692
12.0,0.024765539914369583
13.0,0.022609295323491096
14.0,0.02038923092186451
15.0,0.018137861043214798
16.0,0.01606585644185543
18.0,0.013051385059952736
20.0,0.011173458769917488
22.0,0.010293570347130299
24.0,0.008314009755849838
26.0,0.004862651694566011
28.0,-0.00033631912083365023
30.0,-0.005269020330160856
32.0,-0.007937016896903515
36.0,0.002978048900331487
40.0,0.0025835005926637677
44.0,-0.00023904733461677097
48.0,-0.005202146380725026
52.0,-0.01015441717208887
56.0,-0.013954416539490921
60.0,-0.01511184337823579
64.0,-0.01833764771799906
72.0,-0.003417949031635154
80.0,-0.003179666045720556
88.0,-0.0032441469957120717
96.0,-0.0030140228035244426
104.0,-0.00425794230250176
112.0,-0.005903166162689948
120.0,-0.0049752704736809915
128.0,-0.00678056834684477
144.0,-0.00024315314923032102
160.0,-0.00022005317739306272
176.0,-0.00029117203402248293
192.0,0.00023836680603298274
208.0,0.0005781537673266774
224.0,-0.0033751191427158615
240.0,-0.004917859125932658
256.0,-0.0041978067544154
288.0,-0.003503329692951714
320.0,-0.001795666887321406
352.0,-0.00415149738223085
384.0,-0.004000224493211135
416.0,-0.001164489276965873
448.0,0.0008934931053469578
480.0,-0.0007481393355798597
512.0,-0.0014649611936571698
576.0,0.0023304404341615735
640.0,-0.00038148161256685854
704.0,-0.002503521420294419
768.0,-0.003838141984306276
832.0,-0.007180285750655458
896.0,-0.010171380823885556
960.0,-0.00024021889475989155
1024.0,-0.0016809787484817207
1152.0,-0.0041710142977535725
1280.0,-0.005201268475502729
1408.0,-0.005391950253397226
1536.0,-0.011047628708183765
1664.0,-0.009665594436228275
1792.0,-0.01271377969533205
1920.0,-0.005550269968807697
2048.0,-0.003675751620903611
2304.0,-0.00560818100348115
2560.0,0.0024229194968938828
2816.0,-0.002092668553814292
3072.0,0.0018075371626764536
3328.0,0.0038845220115035772
3584.0,0.002634728094562888
3840.0,0.00014348614786285907
4096.0,0.0048463125713169575
end
