version,3.0
numOfCh,1
type,point
parent_name,labthresh-0dot04_avgcorrs
ch_type,1_1
kcount,1
numberNandB,1
brightnessNandB,1
carpet pos,0
pc,0
Time (ms),CH1 Auto-Correlation
1.0,0.032313354313373566
2.0,0.02847381867468357
3.0,0.025816218927502632
4.0,0.02356443740427494
5.0,0.02191549353301525
6.0,0.020305536687374115
7.0,0.01896379142999649
8.0,0.017989248037338257
9.0,0.017357420176267624
10.0,0.016883939504623413
11.0,0.01632445678114891
12.0,0.015559359453618526
13.0,0.014900748617947102
14.0,0.014303486794233322
15.0,0.013795414939522743
16.0,0.013425425626337528
18.0,0.012841428630053997
20.0,0.011702580377459526
22.0,0.010672726668417454
24.0,0.008843198418617249
26.0,0.008006312884390354
28.0,0.007949181832373142
30.0,0.0082203658119397
32.0,0.007679991633631289
36.0,0.011917417873738831
40.0,0.011045648047190203
44.0,0.010446298703723657
48.0,0.01020489137239377
52.0,0.009358906433997869
56.0,0.00878004364695416
60.0,0.008468879637283473
64.0,0.007542475037293376
72.0,0.007658737667319972
80.0,0.005362291437252324
88.0,0.004384434063230519
96.0,0.003924348918189935
104.0,0.003897742019034922
112.0,0.0027986097625809793
120.0,0.0026738800965672867
128.0,0.0015950293891364709
144.0,0.00683492814589824
160.0,0.0050333841510499565
176.0,0.004173452644733645
192.0,0.0031377754904886907
208.0,0.0020888393046334386
224.0,0.0010023736394941807
240.0,-0.003288143306105797
256.0,-0.006177491421632502
288.0,-0.012797040853183717
320.0,-0.011188480798591628
352.0,-0.013678533883921772
384.0,-0.01883516217349097
416.0,-0.021545403578784317
448.0,-0.025941949406114873
480.0,-0.03801407333735875
512.0,-0.04429672780032787
576.0,-0.014188805397134274
640.0,-0.02588419276289642
704.0,-0.04022110558580607
768.0,-0.055988208838971334
832.0,-0.06285358764871489
896.0,-0.07449606386944652
960.0,0.015510643501329469
1024.0,-0.001110123936086893
end
