version,3.0
numOfCh,1
type,point
parent_name,labthresh-0dot04_avgcorrs
ch_type,1_1
kcount,1
numberNandB,1
brightnessNandB,1
carpet pos,0
pc,0
Time (ms),CH1 Auto-Correlation
1.0,0.03353649377822876
2.0,0.03186056390404701
3.0,0.03054100275039673
4.0,0.029439544305205345
5.0,0.02846168912947178
6.0,0.027512693777680397
7.0,0.02665693685412407
8.0,0.02585337497293949
9.0,0.025114785879850388
10.0,0.024448160082101822
11.0,0.023748451843857765
12.0,0.02297002077102661
13.0,0.022333670407533646
14.0,0.02168632484972477
15.0,0.02116929180920124
16.0,0.02057945728302002
18.0,0.019287656992673874
20.0,0.01837017945945263
22.0,0.01778367906808853
24.0,0.01712300255894661
26.0,0.016247691586613655
28.0,0.015544677153229713
30.0,0.01487828604876995
32.0,0.014220079407095909
36.0,0.01573460527859944
40.0,0.014716474279079452
44.0,0.013484974659305798
48.0,0.01219395391568209
52.0,0.010755188503286004
56.0,0.009161558234596408
60.0,0.009027171148238053
64.0,0.008527137527220048
72.0,0.010831040966597637
80.0,0.00888112402166231
88.0,0.007352489984791296
96.0,0.005828540024315141
104.0,0.0041562596743460745
112.0,0.002719580859031969
120.0,0.00023315588502252163
128.0,-0.0019539591085049324
144.0,-1.4908638197659074e-05
160.0,-0.003812762973738197
176.0,-0.007276394551521854
192.0,-0.010692927883179723
208.0,-0.01383180569207884
224.0,-0.017105061576187023
240.0,-0.012517966330051422
256.0,-0.016551579552469775
288.0,-0.01083237930751321
320.0,-0.013832599728960882
352.0,-0.01667923650265121
384.0,-0.019910694840787488
416.0,-0.02245736579061486
448.0,-0.025352491944266312
480.0,-0.03187427431641316
512.0,-0.03302178557020274
end
