version,3.0
numOfCh,1
type,point
parent_name,labthresh-0dot04_avgcorrs
ch_type,1_1
kcount,1
numberNandB,1
brightnessNandB,1
carpet pos,0
pc,0
Time (ms),CH1 Auto-Correlation
1.0,0.03635221719741821
2.0,0.032937705516815186
3.0,0.030268793925642967
4.0,0.02837337926030159
5.0,0.02694038487970829
6.0,0.025535380467772484
7.0,0.024551503360271454
8.0,0.02363920770585537
9.0,0.022536441683769226
10.0,0.02164548635482788
11.0,0.020972391590476036
12.0,0.020319199189543724
13.0,0.01964525133371353
14.0,0.01883002556860447
15.0,0.018142366781830788
16.0,0.017873583361506462
18.0,0.01725352369248867
20.0,0.016642628237605095
22.0,0.01611945405602455
24.0,0.015687551349401474
26.0,0.01541630644351244
28.0,0.014757913537323475
30.0,0.014672329438839463
32.0,0.013796206898918265
36.0,0.0155770337080412
40.0,0.013807400950554438
44.0,0.012308112300843277
48.0,0.009871729748397229
52.0,0.008121993739450772
56.0,0.0071455568054261676
60.0,0.005688164630555548
64.0,0.004110937604808339
72.0,0.007203942427870722
80.0,0.004770917912041609
88.0,0.0024001497877179645
96.0,0.0010180931736117186
104.0,0.0005337339032187381
112.0,-0.002392556131367614
120.0,-0.002913502121893024
128.0,-0.005146618511865935
144.0,-0.009790014063469243
160.0,-0.011309009788874391
176.0,-0.011641325906566635
192.0,-0.010432291097458801
208.0,-0.009500094485701993
224.0,-0.009516841806544107
240.0,-0.010462321893525466
256.0,-0.01363311397532622
288.0,-0.02045368275139481
320.0,-0.02013138769446717
352.0,-0.020788484883572284
384.0,-0.02599569547843809
416.0,-0.04531270523875719
448.0,-0.06140523132732293
480.0,0.006238019961165265
512.0,0.004285709276518901
576.0,0.009053791953192558
640.0,0.0137744834064506
704.0,0.009090827045535358
768.0,-0.007946774926191816
832.0,-0.023360598580135655
896.0,-0.009873514257681867
960.0,0.0028191563906148076
1024.0,0.008969452930614352
1152.0,0.007052269764244556
1280.0,-0.08953925967216492
1408.0,-0.052984096109867096
1536.0,-0.0685437023639679
1664.0,-0.09224320948123932
1792.0,-0.11323797702789307
1920.0,-0.12099703401327133
2048.0,-0.05510209873318672
end
