version,3.0
numOfCh,1
type,point
parent_name,labthresh-0dot04_avgcorrs
ch_type,1_1
kcount,1
numberNandB,1
brightnessNandB,1
carpet pos,0
pc,0
Time (ms),CH1 Auto-Correlation
1.0,0.03613357990980148
2.0,0.031010467559099197
3.0,0.026445627212524414
4.0,0.023558249697089195
5.0,0.020570840686559677
6.0,0.01833588257431984
7.0,0.016303185373544693
8.0,0.014589828439056873
9.0,0.013525942340493202
10.0,0.012238006107509136
11.0,0.011077485978603363
12.0,0.009984642267227173
13.0,0.009437108412384987
14.0,0.008680827915668488
15.0,0.007817978039383888
16.0,0.007337966468185186
18.0,0.006448586471378803
20.0,0.0049487752839922905
22.0,0.0029678940773010254
24.0,0.0021022469736635685
26.0,0.0006027650670148432
28.0,-0.0016146268462762237
30.0,-0.0016085288714235409
32.0,-0.001688659073037203
36.0,0.0013299113279572339
40.0,0.0006951385848878999
44.0,-0.001133705523898243
48.0,-0.0017340324047836475
52.0,-0.0010758313809446918
56.0,-0.0008049437956287875
60.0,-0.0004905149708652208
64.0,0.0006098754773472226
72.0,0.001545442368792878
80.0,0.0006696076796453616
88.0,-0.001118158478096699
96.0,-0.002676228286211633
104.0,-0.003950306621184361
112.0,-0.005403451875198781
120.0,-0.006562176701880249
128.0,-0.005738797350897498
144.0,-0.005123525483213598
160.0,-0.005609461455605924
176.0,-0.0070660073961335
192.0,-0.007358945919349935
208.0,-0.0103698589450687
224.0,-0.011758247954730905
240.0,-0.011379254094693654
256.0,-0.0074671682571837055
288.0,-0.0034174029181788987
320.0,-0.0036428559493894377
352.0,-0.005528521646435062
384.0,-0.002667350971023552
416.0,-0.003182087850291282
448.0,-0.0015794223169602144
480.0,-0.00463374201208353
512.0,-0.0048888909164816145
576.0,-0.0002864687703549862
640.0,0.004522010024326543
704.0,0.004154279550372546
768.0,0.009901435968155662
832.0,0.0032810703366218754
896.0,-0.0010824067673335473
960.0,-0.003471052429328362
1024.0,0.0030189083978863587
1152.0,-0.009814420714974403
1280.0,-0.014963837340474129
1408.0,-0.013515020720660686
1536.0,0.01805153489112854
1664.0,0.01769627444446087
1792.0,0.001264643156901002
1920.0,-0.029208000749349594
2048.0,-0.04592588171362877
end
