version,3.0
numOfCh,1
type,point
parent_name,labthresh-0dot04_avgcorrs
ch_type,1_1
kcount,1
numberNandB,1
brightnessNandB,1
carpet pos,0
pc,0
Time (ms),CH1 Auto-Correlation
1.0,0.06421669572591782
2.0,0.06026771664619446
3.0,0.05702400207519531
4.0,0.05418012663722038
5.0,0.05180811882019043
6.0,0.050171174108982086
7.0,0.04894978180527687
8.0,0.04771886765956879
9.0,0.046591486781835556
10.0,0.04536537081003189
11.0,0.04394158720970154
12.0,0.04294411465525627
13.0,0.04255937784910202
14.0,0.04172320291399956
15.0,0.04050595313310623
16.0,0.03937267139554024
18.0,0.0374639518558979
20.0,0.03551216796040535
22.0,0.032903485000133514
24.0,0.03089221566915512
26.0,0.02985885739326477
28.0,0.029212480410933495
30.0,0.028650386908434723
32.0,0.027298204139074904
36.0,0.0378128152267891
40.0,0.03558202789766559
44.0,0.033126750235290575
48.0,0.029764118570257854
52.0,0.026216235686539826
56.0,0.02403888043942667
60.0,0.02209543984790798
64.0,0.019988325536542107
72.0,0.02527179495863445
80.0,0.017834507069844557
88.0,0.011727098969123816
96.0,0.00561496726693708
104.0,0.001630065613426268
112.0,-0.0037450308890057435
120.0,-0.00868597342234448
128.0,-0.012809257035290724
144.0,-0.0060872942912586344
160.0,-0.008372007269645109
176.0,-0.01112144691675591
192.0,-0.014336734596872703
208.0,-0.019953173336337688
224.0,-0.020555056389033172
240.0,-0.021158903051400557
256.0,-0.02016419272016113
288.0,-0.003336663764558681
320.0,-0.005297411634172831
352.0,-0.006483648809888918
384.0,-0.013444636688089102
416.0,-0.018786388022514682
448.0,-0.025945501925889403
480.0,-0.036450687149125666
512.0,-0.04539910948369652
576.0,-0.0726297366976117
640.0,-0.05277849299212297
704.0,-0.03248217756239077
768.0,-0.032540102411682405
832.0,-0.02436823584139347
896.0,0.014012173890174987
960.0,0.0352248251704926
1024.0,-0.003686959894063572
1152.0,-0.044154588133096695
1280.0,-0.03760555386543274
1408.0,0.023774605244398117
1536.0,0.09440746903419495
1664.0,0.0904085785150528
1792.0,0.07798227667808533
1920.0,-0.1357789784669876
2048.0,-0.10086365044116974
end
