version,3.0
numOfCh,1
type,point
parent_name,labthresh-0dot04_avgcorrs
ch_type,1_1
kcount,1
numberNandB,1
brightnessNandB,1
carpet pos,0
pc,0
Time (ms),CH1 Auto-Correlation
1.0,0.04554320499300957
2.0,0.040440380573272705
3.0,0.03531510382890701
4.0,0.03171509876847267
5.0,0.02838910184800625
6.0,0.02545335330069065
7.0,0.02284126728773117
8.0,0.02060762047767639
9.0,0.018145082518458366
10.0,0.01590466871857643
11.0,0.014120811596512794
12.0,0.012139433063566685
13.0,0.010575342923402786
14.0,0.008872337639331818
15.0,0.007873334921896458
16.0,0.006855671294033527
18.0,0.005067185033112764
20.0,0.0031289709731936455
22.0,0.0019986408296972513
24.0,0.001341586816124618
26.0,0.00039097151602618396
28.0,-0.0004660378326661885
30.0,-0.0006776328505217206
32.0,-0.0011081385323344621
36.0,-0.0018075328007398639
40.0,-0.0012549772480952015
44.0,-0.0003111120613539242
48.0,0.0009078264913569001
52.0,0.0021866813469841873
56.0,0.002796664915877045
60.0,0.004051194067165676
64.0,0.0050226611520854695
72.0,0.0026356139519107687
80.0,0.0026534594200546217
88.0,0.0015263929777905685
96.0,0.0004933631219252923
104.0,-0.0001943831369069151
112.0,-0.0017250213095394429
120.0,-0.0026174913260287474
128.0,-0.0028771203305084435
144.0,-0.0038592713702070925
160.0,-0.0046080439268345276
176.0,-0.006399876007760342
192.0,-0.009462815789447632
208.0,-0.010969152356015652
224.0,-0.010481788710291897
240.0,-0.008743537748679435
256.0,-0.0066778287650127565
288.0,-0.004045861996322249
320.0,-0.0024060643093738085
352.0,-0.006890906020998955
384.0,-0.0032351264089811593
416.0,-0.006627635602853843
448.0,-0.005973139124156053
480.0,-0.0026468010764801875
512.0,-0.0018168856173967167
576.0,-0.02087102450544383
640.0,-0.009408295775453249
704.0,0.007832957509284219
768.0,0.005260463881616791
832.0,0.0028591627875963845
896.0,-0.005551177736682196
960.0,0.0004979481600457802
1024.0,-0.005655942775774747
end
