version,3.0
numOfCh,1
type,point
parent_name,labthresh-0dot04_avgcorrs
ch_type,1_1
kcount,1
numberNandB,1
brightnessNandB,1
carpet pos,0
pc,0
Time (ms),CH1 Auto-Correlation
1.0,0.024684501811861992
2.0,0.019338181242346764
3.0,0.01628260314464569
4.0,0.014033962972462177
5.0,0.012397254817187786
6.0,0.010779117234051228
7.0,0.00933904480189085
8.0,0.008251273073256016
9.0,0.0074878353625535965
10.0,0.006573814898729324
11.0,0.005782565101981163
12.0,0.005480812396854162
13.0,0.004910439718514681
14.0,0.005058161914348602
15.0,0.005176922772079706
16.0,0.004531322047114372
18.0,0.0039938874542713165
20.0,0.0037395546678453684
22.0,0.003348344238474965
24.0,0.003103720722720027
26.0,0.0025522049982100725
28.0,0.00248548062518239
30.0,0.0019463816424831748
32.0,0.0019278526306152344
36.0,0.0032978232524732854
40.0,0.003903650644739779
44.0,0.002950438881978496
48.0,0.0028252923705925546
52.0,0.003761552847815134
56.0,0.0040699380386083955
60.0,0.0039169319724250175
64.0,0.0017762367092978416
72.0,0.003020848304264031
80.0,0.002838539647720089
88.0,0.0024791072230852607
96.0,0.0013196802153418372
104.0,7.358779631821173e-05
112.0,-0.00046440001252839077
120.0,-0.00011601962043122123
128.0,-0.0006585612240347213
144.0,-0.00020586444258118388
160.0,-0.0010962275132028894
176.0,0.0002409114174290814
192.0,-0.0004181949433669533
208.0,0.001179754604394971
224.0,0.001299897423119877
240.0,0.00023915267824618653
256.0,-0.0005851261190731417
288.0,9.18731448109611e-05
320.0,0.0003171570751874242
352.0,-0.0005148378004378174
384.0,-0.00039064879729266977
416.0,0.00013733306059293682
448.0,-0.0010881756752496585
480.0,-0.0013529438483601552
512.0,-0.0014560203708242625
576.0,-0.0019242951696339463
640.0,-0.0012851043512845145
704.0,-0.0006231505082853671
768.0,-0.0011118174058667915
832.0,-0.003421450241668416
896.0,-0.0063916830196311435
960.0,-0.005512451794597187
1024.0,-0.008018337773803199
1152.0,-0.0018001035787165165
1280.0,-0.0024531233066227287
1408.0,-0.001200397644424811
1536.0,0.00018323225958738476
1664.0,0.0009945855126716197
1792.0,0.002720814198255539
1920.0,0.002464246121235192
2048.0,0.0018127636285498738
end
