version,3.0
numOfCh,1
type,point
parent_name,labthresh-0dot04_avgcorrs
ch_type,1_1
kcount,1
numberNandB,1
brightnessNandB,1
carpet pos,0
pc,0
Time (ms),CH1 Auto-Correlation
1.0,0.048001550137996674
2.0,0.044544633477926254
3.0,0.041949931532144547
4.0,0.03967156261205673
5.0,0.03790999576449394
6.0,0.03612664341926575
7.0,0.034428149461746216
8.0,0.03309047967195511
9.0,0.03183334693312645
10.0,0.03061293065547943
11.0,0.029418500140309334
12.0,0.02835097908973694
13.0,0.027399759739637375
14.0,0.026464276015758514
15.0,0.02541741542518139
16.0,0.024190401658415794
18.0,0.022095467895269394
20.0,0.02071520872414112
22.0,0.019364839419722557
24.0,0.01777183637022972
26.0,0.01672944612801075
28.0,0.015202213078737259
30.0,0.01523640053006426
32.0,0.0139054078345878
36.0,0.01730787895969115
40.0,0.014874158834281843
44.0,0.013400546432239934
48.0,0.011828894813952502
52.0,0.01051305464527104
56.0,0.00906523603887763
60.0,0.010114666575949135
64.0,0.00895172916921183
72.0,0.007930888747854293
80.0,0.0039690741108312395
88.0,0.0014876662978415632
96.0,-0.0007592511326286265
104.0,-0.001810383519940925
112.0,-0.005136828734976007
120.0,-0.0031906622347874377
128.0,-0.0031339145471892234
144.0,0.000813014036144263
160.0,0.0011946231877248334
176.0,0.0020900940949754193
192.0,0.003801509415747465
208.0,0.004616207287784034
224.0,0.0032846259793067084
240.0,-0.0008494338378243681
256.0,-0.0023811230566934682
288.0,-0.0005859589073224925
320.0,-0.0024320442122795307
352.0,-0.002927421551551864
384.0,-0.010186050487391185
416.0,-0.020816036803201616
448.0,-0.019396339096298714
480.0,-0.021912114464309223
512.0,-0.022914571805055555
576.0,-0.0034654712635528995
640.0,0.007300344499526545
704.0,-0.02535933917533839
768.0,-0.02954358351416886
832.0,0.007302019104827195
896.0,-0.0024676044231455307
960.0,0.024213202312239446
1024.0,0.042151574827585137
end
