version,3.0
numOfCh,1
type,point
parent_name,labthresh-0dot04_avgcorrs
ch_type,1_1
kcount,1
numberNandB,1
brightnessNandB,1
carpet pos,0
pc,0
Time (ms),CH1 Auto-Correlation
1.0,0.04492255672812462
2.0,0.041735708713531494
3.0,0.039243604987859726
4.0,0.03705627843737602
5.0,0.035153333097696304
6.0,0.03346601128578186
7.0,0.03212921321392059
8.0,0.03112754225730896
9.0,0.030069619417190552
10.0,0.0290390532463789
11.0,0.027905641123652458
12.0,0.026697706431150436
13.0,0.02566625364124775
14.0,0.024796513840556145
15.0,0.02400348335504532
16.0,0.02313346415758133
18.0,0.021520590409636497
20.0,0.01979040540754795
22.0,0.018254436552524567
24.0,0.01754690892994404
26.0,0.01701568253338337
28.0,0.016761349514126778
30.0,0.016213489696383476
32.0,0.015951750800013542
36.0,0.01757119547484243
40.0,0.015557875164917537
44.0,0.014255171153386722
48.0,0.012528292256631955
52.0,0.010724212561867067
56.0,0.009592465339353241
60.0,0.009020793537742326
64.0,0.007629523998704307
72.0,0.014594681015576217
80.0,0.01422594953440309
88.0,0.014311637534634568
96.0,0.014484942894061813
104.0,0.013613385993896653
112.0,0.011485959366697128
120.0,0.00735597284103278
128.0,0.004511875349562615
144.0,0.004351596295600757
160.0,-0.0008735248760785907
176.0,-0.0030423612935313333
192.0,-0.005618109266894559
208.0,-0.007289739568962735
224.0,-0.008315867906397519
240.0,-0.011852741400556017
256.0,-0.01611974687887899
288.0,-0.013529186730738729
320.0,-0.017843586246453925
352.0,-0.01769714675610885
384.0,-0.017303563203313388
416.0,-0.020311712281545623
448.0,-0.023032436869107185
480.0,-0.02382755421567708
512.0,-0.027294236587476917
576.0,-0.029916371665118884
640.0,-0.03482647620451947
704.0,-0.034156047739088535
768.0,-0.01234247589794298
832.0,0.004575916857296154
896.0,0.016099373780889437
960.0,0.022396460233721882
1024.0,0.029107018664944917
end
