version,3.0
numOfCh,1
type,point
parent_name,labthresh-0dot04_avgcorrs
ch_type,1_1
kcount,1
numberNandB,1
brightnessNandB,1
carpet pos,0
pc,0
Time (ms),CH1 Auto-Correlation
1.0,0.041090961545705795
2.0,0.03551080822944641
3.0,0.029737388715147972
4.0,0.026506060734391212
5.0,0.02329462394118309
6.0,0.02075936272740364
7.0,0.018687119707465172
8.0,0.01743164099752903
9.0,0.016249975189566612
10.0,0.015484726056456566
11.0,0.015039541758596897
12.0,0.014598705805838108
13.0,0.014063624665141106
14.0,0.013472954742610455
15.0,0.012902611866593361
16.0,0.012408837676048279
18.0,0.010330352000892162
20.0,0.008618640713393688
22.0,0.007907015271484852
24.0,0.007435240782797337
26.0,0.0054479637183249
28.0,0.003919693175703287
30.0,0.0030267859988089185
32.0,-0.0012286436696740566
36.0,0.004637216283586703
40.0,0.0027308636957681493
44.0,4.171718530032147e-05
48.0,-0.0015191850099271458
52.0,-0.0026063246905802147
56.0,-0.004186110679783221
60.0,-0.004434470845562582
64.0,-0.005636862984927674
72.0,-0.006245807439408963
80.0,-0.005280249234929215
88.0,-0.0040012289918377065
96.0,-0.004498142029624432
104.0,-0.0032662223000079395
112.0,-0.001660182471969165
120.0,-0.005184879975707229
128.0,-0.007788380228347429
144.0,-0.009362518280007255
160.0,-0.004918910889925124
176.0,0.004866312510118102
192.0,0.006400396527412037
208.0,0.0024454480299633966
224.0,-0.00598883861481833
240.0,-0.011475571454502643
256.0,-0.013097889667066435
288.0,-0.0028814305278501706
320.0,-0.004091694412636571
352.0,-0.004557358326565009
384.0,-0.003545181007211795
416.0,-0.006000572146149352
448.0,-0.008029840395465726
480.0,-0.00654346293231356
512.0,-0.002415722992736846
576.0,-0.00045016087824478745
640.0,-0.003967229309637332
704.0,-0.004950579219439533
768.0,-0.008907168536097743
832.0,-0.007215732446638867
896.0,0.0013090261272736825
960.0,0.0014978325537716348
1024.0,-0.0017308645377246041
end
