version,3.0
numOfCh,1
type,point
parent_name,labthresh-0dot04_avgcorrs
ch_type,1_1
kcount,1
numberNandB,1
brightnessNandB,1
carpet pos,0
pc,0
Time (ms),CH1 Auto-Correlation
1.0,0.054341159760951996
2.0,0.0479419082403183
3.0,0.042316094040870667
4.0,0.0378049872815609
5.0,0.034112170338630676
6.0,0.031129883602261543
7.0,0.028825372457504272
8.0,0.026554757729172707
9.0,0.024589315056800842
10.0,0.022587811574339867
11.0,0.021026071161031723
12.0,0.01921246573328972
13.0,0.01785825937986374
14.0,0.016661569476127625
15.0,0.015991797670722008
16.0,0.014884645119309425
18.0,0.013161318376660347
20.0,0.011062761768698692
22.0,0.009166431613266468
24.0,0.008217941969633102
26.0,0.007293266244232655
28.0,0.006265477277338505
30.0,0.006032761186361313
32.0,0.004919367842376232
36.0,0.005471190663545554
40.0,0.0035810281659233506
44.0,0.0024373608659674496
48.0,0.0010683402332411472
52.0,0.00019607200216420966
56.0,0.0002107015284507171
60.0,0.00019767230158955184
64.0,0.0004249776855273091
72.0,-0.0006670862034968051
80.0,-0.0024529134235834996
88.0,-0.0051498576959650225
96.0,-0.002798713423544541
104.0,0.0010315965898227755
112.0,0.004109258872248526
120.0,0.006837334414165908
128.0,0.007866646201460083
144.0,0.0022274446827770375
160.0,-0.003813743349918
176.0,-0.006382562265464324
192.0,-0.00012036630120265352
208.0,0.0008058808761073605
224.0,-0.0025471015027612926
240.0,-0.0015954705920782598
256.0,-0.0050426981119124
288.0,-0.007210812400444411
320.0,-0.004011827433714643
352.0,-0.0034941059679517317
384.0,-0.006022718446426249
416.0,-0.01138031449712192
448.0,-0.011604307664027955
480.0,-0.0015781930156259073
512.0,0.00027032051972734433
576.0,-0.015108851181139471
640.0,-0.01502195731154643
704.0,-0.013494559785613092
768.0,-0.012894575425889343
832.0,-0.004835852315106119
896.0,-0.0039037298556650057
960.0,-0.0009255559659019733
1024.0,-0.0005117758798102537
end
