version,3.0
numOfCh,1
type,point
parent_name,labthresh-0dot04_avgcorrs
ch_type,1_1
kcount,1
numberNandB,1
brightnessNandB,1
carpet pos,0
pc,0
Time (ms),CH1 Auto-Correlation
1.0,0.03247464448213577
2.0,0.029459750279784203
3.0,0.027219682931900024
4.0,0.02543453313410282
5.0,0.02410842850804329
6.0,0.023169592022895813
7.0,0.02244771271944046
8.0,0.02135646529495716
9.0,0.02069086953997612
10.0,0.020024403929710388
11.0,0.019406404346227646
12.0,0.01894453540444374
13.0,0.01854780688881874
14.0,0.018101029098033905
15.0,0.017674455419182777
16.0,0.017391109839081764
18.0,0.01676432229578495
20.0,0.01606534793972969
22.0,0.015215682797133923
24.0,0.014488357119262218
26.0,0.013633531518280506
28.0,0.013403570279479027
30.0,0.013565867863899957
32.0,0.012376239887462595
36.0,0.01872071966174969
40.0,0.017681386139364413
44.0,0.017306950932834297
48.0,0.016612436082920925
52.0,0.016241063382299865
56.0,0.015467476412076004
60.0,0.015238325633954783
64.0,0.013461155589471606
72.0,0.015925697466627753
80.0,0.013530320421771401
88.0,0.0112813823123526
96.0,0.009879706285532435
104.0,0.008999139417772478
112.0,0.007452066479758782
120.0,0.006327699609590292
128.0,0.0050060033618964635
144.0,0.004875736555550248
160.0,0.001629399067799871
176.0,-0.0019004930635370934
192.0,-0.005259050722816028
208.0,-0.006821647319399441
224.0,-0.007660670205950737
240.0,-0.009309740888420492
256.0,-0.013234644010663033
288.0,-0.007872865033277776
320.0,-0.015572715739835985
352.0,-0.01755567328655161
384.0,-0.016892508079763502
416.0,-0.012453116372398654
448.0,-0.010486653744010255
480.0,-0.010269090693327598
512.0,-0.007014853697910439
576.0,-0.007184059897554107
640.0,0.0010074969322886318
704.0,0.0006707348511554301
768.0,-0.016692817269358784
832.0,-0.03553336864570156
896.0,-0.03507023863494396
960.0,-0.03166403068462387
1024.0,-0.026065998867125018
end
