version,3.0
numOfCh,1
type,point
parent_name,labthresh-0dot04_avgcorrs
ch_type,1_1
kcount,1
numberNandB,1
brightnessNandB,1
carpet pos,0
pc,0
Time (ms),CH1 Auto-Correlation
1.0,0.023162296041846275
2.0,0.018396932631731033
3.0,0.015160459093749523
4.0,0.012861368246376514
5.0,0.01159766037017107
6.0,0.009565114974975586
7.0,0.007983705960214138
8.0,0.006900625303387642
9.0,0.005837907083332539
10.0,0.004633166827261448
11.0,0.003950388636440039
12.0,0.003059310605749488
13.0,0.002635879209265113
14.0,0.0024608017411082983
15.0,0.001806719577871263
16.0,0.0009511171956546605
18.0,0.0003597172035370022
20.0,-0.0010265229502692819
22.0,-0.0020193695090711117
24.0,-0.0018754020566120744
26.0,-0.0021047776099294424
28.0,-0.0024391820188611746
30.0,-0.0036075617950384344
32.0,-0.006081512153563697
36.0,-0.002790434254979788
40.0,-0.0018125630736712513
44.0,-0.0007300868409832841
48.0,-0.0010597333779227675
52.0,-0.0005542244501779542
56.0,0.0010709998942298913
60.0,0.0012715877237496898
64.0,0.00041676250188366363
72.0,0.0004682338440733684
80.0,0.0005879114704349866
88.0,0.0004643290751398756
96.0,0.00011481281119183853
104.0,-0.00020752584812446282
112.0,0.0006051655173695718
120.0,0.0003988280144627564
128.0,0.00022399468602648436
144.0,0.0004511323131737299
160.0,0.0003821750918480878
176.0,0.00035014877964082797
192.0,0.001217026742475961
208.0,0.0004614899880834855
224.0,-0.0013749093535201002
240.0,-0.0019987583849191046
256.0,-0.002204652863535254
288.0,-0.0019525805497930075
320.0,-0.0008876966409540424
352.0,0.0001627844184339564
384.0,-4.060921027202211e-05
416.0,2.4740763668281335e-05
448.0,-0.003721857847267529
480.0,-0.0024845154645542302
512.0,-0.0037420376255694362
576.0,-0.0001360430796921719
640.0,0.00043468385410960764
704.0,-0.0006593180587515235
768.0,-0.001516597434601863
832.0,-0.0016089831115095876
896.0,-0.0016484885891259182
960.0,-0.0017176488763652742
1024.0,-0.0015471036458620802
1152.0,-0.0003529758541844785
1280.0,0.0003359034162713215
1408.0,-0.0008453348418697715
1536.0,-0.0008458590309601277
1664.0,-0.002012454380746931
1792.0,-1.899485505418852e-05
1920.0,0.0022102729308244307
2048.0,-0.00019449391402304173
end
