version,3.0
numOfCh,1
type,point
parent_name,labthresh-0dot04_avgcorrs
ch_type,1_1
kcount,1
numberNandB,1
brightnessNandB,1
carpet pos,0
pc,0
Time (ms),CH1 Auto-Correlation
1.0,0.026163142174482346
2.0,0.021202847361564636
3.0,0.018012983724474907
4.0,0.01587895303964615
5.0,0.014638638123869896
6.0,0.013197960332036018
7.0,0.011596919037401676
8.0,0.00996234081685543
9.0,0.0088724996894598
10.0,0.00808303989470005
11.0,0.007700545713305473
12.0,0.007833494804799557
13.0,0.007593480870127678
14.0,0.006515506189316511
15.0,0.005842492915689945
16.0,0.004956674762070179
18.0,0.004746385384351015
20.0,0.004040152300149202
22.0,0.002133364789187908
24.0,0.0014355476014316082
26.0,0.0009346679435111582
28.0,0.0006490161176770926
30.0,0.0011803633533418179
32.0,0.0018043110612779856
36.0,0.0031173546303762123
40.0,-0.0002781088842311874
44.0,-0.0009608484506316017
48.0,-0.0009510856322473652
52.0,-0.0013435483318554968
56.0,-0.0022391893423142997
60.0,-0.0030163522800042606
64.0,-0.0027080087002104847
72.0,-0.004743413368123584
80.0,-0.002894908128655516
88.0,-0.002758813541367999
96.0,-0.0030487297335639596
104.0,-0.004215261824720073
112.0,-0.0037495258526178076
120.0,-0.0013290552788499841
128.0,-0.0009064974755777879
144.0,-0.0005864004932239671
160.0,-0.0012114595447201282
176.0,-0.00013320321158971637
192.0,-0.00014172336098757418
208.0,0.0001661723836150486
224.0,2.8380197666895885e-05
240.0,-0.0015443780454612959
256.0,-0.0023609669151483104
288.0,-0.0001626391604077071
320.0,-0.0006291858885560941
352.0,-0.00035423607323537
384.0,-0.00024712076265132055
416.0,0.0014976118254708126
448.0,0.0005952953215455636
480.0,-0.0016948320565764636
512.0,-0.00038147688367947313
576.0,-0.0011955917798331939
640.0,-0.00087240928405663
704.0,-0.0009260429069399834
768.0,-0.001602132757398067
832.0,-0.0028001618629787117
896.0,-0.002411738343653269
960.0,-0.0004985862769899541
1024.0,-0.0012673818855546415
1152.0,0.0010421905608382076
1280.0,-0.0016600178787484765
1408.0,-0.001293140885536559
1536.0,-0.0021185375517234206
1664.0,-0.0024435786763206124
1792.0,-0.001080531335901469
1920.0,-0.002345284214243293
2048.0,0.0007220337283797562
end
