version,3.0
numOfCh,1
type,point
parent_name,labthresh-0dot04_avgcorrs
ch_type,1_1
kcount,1
numberNandB,1
brightnessNandB,1
carpet pos,0
pc,0
Time (ms),CH1 Auto-Correlation
1.0,0.06815828382968903
2.0,0.05852077901363373
3.0,0.05190252140164375
4.0,0.046710290014743805
5.0,0.04338748753070831
6.0,0.03958688676357269
7.0,0.03718463331460953
8.0,0.035373713821172714
9.0,0.03201359510421753
10.0,0.02856586128473282
11.0,0.02655976638197899
12.0,0.023865031078457832
13.0,0.021092990413308144
14.0,0.017873341217637062
15.0,0.015305941924452782
16.0,0.013687619008123875
18.0,0.011049886234104633
20.0,0.008090294897556305
22.0,0.006602215114980936
24.0,0.004129200242459774
26.0,0.0013675062218680978
28.0,0.00040905657806433737
30.0,0.0047003360123198945
32.0,0.004210656788382039
36.0,0.0033871794945629185
40.0,0.0002543277445938381
44.0,-0.0014719795230617324
48.0,-0.0036507043995229515
52.0,-0.005834133379335761
56.0,-0.00623977374628091
60.0,-0.008075532290604315
64.0,-0.008365340059413029
72.0,0.00013667779065144715
80.0,0.00034283365006558596
88.0,-0.0056341573968529705
96.0,-0.004744219784042798
104.0,-0.011180927626464837
112.0,-0.012445613036397844
120.0,-0.01645253515744116
128.0,-0.01895939122065708
144.0,-0.006768853154426324
160.0,-0.006550688562583673
176.0,-0.009956146795047971
192.0,-0.007910350284873857
208.0,-0.007058828619847191
224.0,-0.0045133529270060535
240.0,-0.004341439223693063
256.0,-0.005514674063306302
288.0,-0.00145544912902551
320.0,-0.0018004256598942447
352.0,0.0022087878242018633
384.0,0.00036550668301060796
416.0,0.00048123011220013723
448.0,-0.001981792684091488
480.0,-0.002117401953000808
512.0,-0.00232407348084962
576.0,0.0017785594063752797
640.0,0.0016421299369540066
704.0,-0.0006950701936148107
768.0,-0.0028797592140108463
832.0,-0.005436874722363427
896.0,-0.008487136983603705
960.0,-0.006910634750965983
1024.0,-0.0009218333871103823
end
