version,3.0
numOfCh,1
type,point
parent_name,labthresh-0dot04_avgcorrs
ch_type,1_1
kcount,1
numberNandB,1
brightnessNandB,1
carpet pos,0
pc,0
Time (ms),CH1 Auto-Correlation
1.0,0.05345761030912399
2.0,0.04666922986507416
3.0,0.04146358743309975
4.0,0.037548527121543884
5.0,0.03398715704679489
6.0,0.030961303040385246
7.0,0.02794324979186058
8.0,0.0250222347676754
9.0,0.022835366427898407
10.0,0.021013816818594933
11.0,0.019285917282104492
12.0,0.01794842630624771
13.0,0.016582263633608818
14.0,0.01590016856789589
15.0,0.015271895565092564
16.0,0.014581424184143543
18.0,0.013230063952505589
20.0,0.012310735881328583
22.0,0.011969000101089478
24.0,0.012084976769983768
26.0,0.011006454937160015
28.0,0.009592984803020954
30.0,0.008626904250167381
32.0,0.007893371560315315
36.0,0.007559993511108587
40.0,0.006517427277988948
44.0,0.004588434351414132
48.0,0.004081327895012994
52.0,0.0036655890823264294
56.0,0.0018848596264433581
60.0,0.0002452372125958391
64.0,-0.0015165363553630111
72.0,0.0007419058182720272
80.0,0.0031273807426692828
88.0,0.0001255147092576538
96.0,-0.003776796261220062
104.0,-0.005983542024512731
112.0,-0.008110742077752505
120.0,-0.008478095041504102
128.0,-0.009462700383405067
144.0,-0.006856173370632699
160.0,-0.006634422134512159
176.0,-0.0035746238256037675
192.0,-0.003744789697092903
208.0,-0.005595255478778306
224.0,-0.004859785254880348
240.0,-0.0015774649989051634
256.0,0.0007883918844848214
288.0,-0.0002399919665714895
320.0,-0.006565830887252973
352.0,-0.008817850387210703
384.0,-0.006097739019341217
416.0,-0.002021010392954023
448.0,-0.006238372552616056
480.0,-0.008976856961817247
512.0,-0.006223028205567971
576.0,0.0019679973338497803
640.0,0.005788914604636375
704.0,-0.0023778521426720545
768.0,-0.004471389285754412
832.0,-0.004689766210503876
896.0,-0.005649669993241939
960.0,-0.0058112780912779275
1024.0,0.0020089216995984316
1152.0,-0.0019701530691236258
1280.0,-0.005982656497508287
1408.0,-0.0031137976329773664
1536.0,-0.0017883365508168936
1664.0,-0.0036055203527212143
1792.0,0.007610873784869909
end
