version,3.0
numOfCh,1
type,point
parent_name,labthresh-0dot04_avgcorrs
ch_type,1_1
kcount,1
numberNandB,1
brightnessNandB,1
carpet pos,0
pc,0
Time (ms),CH1 Auto-Correlation
1.0,0.05075246840715408
2.0,0.04711373150348663
3.0,0.044073209166526794
4.0,0.04120919853448868
5.0,0.03859603404998779
6.0,0.03634253889322281
7.0,0.0343143530189991
8.0,0.03230169788002968
9.0,0.03031829558312893
10.0,0.028668610379099846
11.0,0.026738159358501434
12.0,0.025084607303142548
13.0,0.023400556296110153
14.0,0.02177821844816208
15.0,0.019952280446887016
16.0,0.0185055211186409
18.0,0.015455540269613266
20.0,0.011812669225037098
22.0,0.008128540590405464
24.0,0.005089179612696171
26.0,0.0031086818780750036
28.0,0.0012740939855575562
30.0,-0.0003899411641559082
32.0,-0.0007631162498628014
36.0,0.014594290061557496
40.0,0.013097988841102713
44.0,0.012457720016589685
48.0,0.01124924218774223
52.0,0.010122019806823862
56.0,0.009150741400265939
60.0,0.007648900556722021
64.0,0.0065484736048595305
72.0,0.0074201342395099346
80.0,0.004771044186734224
88.0,0.0037173228418779266
96.0,0.0032181390928790756
104.0,0.004027338876192899
112.0,0.002813350334212086
120.0,0.0012028218862772185
128.0,-0.0005115070907059385
144.0,0.0026449706968075287
160.0,0.002622953668469563
176.0,0.004696413510828279
192.0,0.005760177079355344
208.0,0.002348468973650597
224.0,0.00215990208319757
240.0,0.002054012477553139
256.0,0.0047347595204579795
288.0,0.01579869082197547
320.0,0.013416647366830148
352.0,0.010858521491536521
384.0,0.007569550321204588
416.0,0.004640345077496022
448.0,0.0022743510198779404
480.0,0.0011651835637167096
512.0,-0.00025643277913331983
576.0,-0.0014394452155102044
640.0,-0.0017246201750822365
704.0,-0.00224066580994986
768.0,-0.003111083002295345
832.0,-0.005227325833402574
896.0,-0.004855257939198054
960.0,-0.0057771800784394145
1024.0,-0.006290569635893917
1152.0,-0.011524343863129616
1280.0,-0.009090326726436615
1408.0,-0.008934920653700829
1536.0,-0.010510087013244629
1664.0,-0.0128395464271307
1792.0,-0.0154959037899971
1920.0,-0.018071012571454048
2048.0,-0.013423636555671692
2304.0,-0.01138679962605238
2560.0,-0.023802854120731354
2816.0,-0.016711905598640442
3072.0,-0.01764194667339325
3328.0,-0.04766179993748665
3584.0,-0.06579659879207611
3840.0,-0.12443043291568756
4096.0,-0.18237337470054626
end
