version,3.0
numOfCh,1
type,point
parent_name,labthresh-0dot04_avgcorrs
ch_type,1_1
kcount,1
numberNandB,1
brightnessNandB,1
carpet pos,0
pc,0
Time (ms),CH1 Auto-Correlation
1.0,0.026290491223335266
2.0,0.023297062143683434
3.0,0.02116239070892334
4.0,0.019698621705174446
5.0,0.018619079142808914
6.0,0.017647752538323402
7.0,0.016586197540163994
8.0,0.015766920521855354
9.0,0.015119065530598164
10.0,0.014372031204402447
11.0,0.013780726119875908
12.0,0.013331625610589981
13.0,0.012884948402643204
14.0,0.012242592871189117
15.0,0.011747743934392929
16.0,0.011284041218459606
18.0,0.010994690470397472
20.0,0.010610454715788364
22.0,0.009976932778954506
24.0,0.009296342730522156
26.0,0.008997423574328423
28.0,0.008273736573755741
30.0,0.008000815287232399
32.0,0.007699787616729736
36.0,0.009904364355471833
40.0,0.0092409425014921
44.0,0.008593937075992082
48.0,0.007739881793587041
52.0,0.006980616341154798
56.0,0.0068126527385174995
60.0,0.006585426275705686
64.0,0.005528850857185067
72.0,0.004398014919843263
80.0,0.003216222155667007
88.0,0.002882320938321451
96.0,0.002892389418775565
104.0,0.0022330782743059294
112.0,0.0017705953526577407
120.0,0.0009435475934272594
128.0,-0.0010470508012379771
144.0,-0.0007273441070107143
160.0,-0.0017364069706098618
176.0,-0.0026925790807581507
192.0,-0.003263762275884418
208.0,-0.0028630140127222006
224.0,-0.0032416256466316746
240.0,-0.003500518993759114
256.0,-0.003404695228204623
288.0,-0.011355810980603565
320.0,-0.013677423645276576
352.0,-0.012449199153343216
384.0,-0.01007006520521827
416.0,-0.008360047335736453
448.0,-0.006403223152665305
480.0,-0.0037666503275330695
512.0,-0.0037845790437940094
576.0,-0.006199569208547473
640.0,-0.005672414088621736
704.0,-0.0013885772787034512
768.0,0.004024776688311249
832.0,0.003182869404554367
896.0,-0.0024365391582250595
960.0,-0.0014644553884863853
1024.0,0.001617377158254385
1152.0,-0.008482108823955059
1280.0,-0.02448430098593235
1408.0,-0.027449240908026695
1536.0,-0.0379776693880558
1664.0,-0.051360540091991425
1792.0,-0.042742785066366196
end
