version,3.0
numOfCh,1
type,point
parent_name,labthresh-0dot04_avgcorrs
ch_type,1_1
kcount,1
numberNandB,1
brightnessNandB,1
carpet pos,0
pc,0
Time (ms),CH1 Auto-Correlation
1.0,0.040002234280109406
2.0,0.03514884412288666
3.0,0.03195837885141373
4.0,0.029534203931689262
5.0,0.027617568150162697
6.0,0.02629200927913189
7.0,0.025174690410494804
8.0,0.02412947453558445
9.0,0.023819904774427414
10.0,0.023381294682621956
11.0,0.023024028167128563
12.0,0.02260694094002247
13.0,0.022261952981352806
14.0,0.02217748947441578
15.0,0.022053392603993416
16.0,0.021597543731331825
18.0,0.020663993433117867
20.0,0.020097382366657257
22.0,0.01954248920083046
24.0,0.01919572614133358
26.0,0.019383931532502174
28.0,0.019253993406891823
30.0,0.020271501628328758
32.0,0.021050226113935613
36.0,0.026501036048020152
40.0,0.026632443276453574
44.0,0.025844087214243864
48.0,0.02523868735740755
52.0,0.02450247308694419
56.0,0.023414757276689423
60.0,0.02390619870691973
64.0,0.025000026024909774
72.0,0.02868455216383537
80.0,0.029660768789701825
88.0,0.02868555711833515
96.0,0.028431109574356878
104.0,0.028074740551681698
112.0,0.028369988803828357
120.0,0.029281892662095885
128.0,0.028679816616778753
144.0,0.035158504039767044
160.0,0.03489346175580674
176.0,0.03563642987670998
192.0,0.03662029030771616
208.0,0.03664739668602124
224.0,0.03343342437292449
240.0,0.03312272739131004
256.0,0.031173403393525707
288.0,0.10026376706009614
320.0,0.09656620835885406
352.0,0.092205746518448
384.0,0.09112814913969487
416.0,0.09178682941710577
448.0,0.09020108708646149
480.0,0.08801033201161772
512.0,0.0877332272240892
576.0,0.20224389724899083
640.0,0.18509718659333885
704.0,0.16033241677723709
768.0,0.13474735373165458
832.0,0.11363296606577933
896.0,0.09035318222595379
960.0,0.07134414522442967
1024.0,0.05452769238036126
1152.0,0.0498720221221447
1280.0,-0.007457428611814976
1408.0,-0.05362578108906746
1536.0,-0.09227681905031204
1664.0,-0.12784422934055328
1792.0,-0.14981301128864288
1920.0,-0.16843821108341217
2048.0,-0.1915016621351242
2304.0,-0.2511109709739685
2560.0,-0.3077825903892517
2816.0,-0.38654911518096924
3072.0,-0.48383182287216187
3328.0,-0.5648075342178345
3584.0,-0.6022341847419739
3840.0,-0.598025918006897
4096.0,-0.5464383363723755
end
