version,3.0
numOfCh,1
type,point
parent_name,labthresh-0dot04_avgcorrs
ch_type,1_1
kcount,1
numberNandB,1
brightnessNandB,1
carpet pos,0
pc,0
Time (ms),CH1 Auto-Correlation
1.0,0.027947161346673965
2.0,0.02396237477660179
3.0,0.020866774022579193
4.0,0.018694143742322922
5.0,0.017144979909062386
6.0,0.015450168401002884
7.0,0.013986832462251186
8.0,0.012645576149225235
9.0,0.011703900061547756
10.0,0.010886095464229584
11.0,0.010069062002003193
12.0,0.009457233361899853
13.0,0.008871858939528465
14.0,0.008015570230782032
15.0,0.007469441741704941
16.0,0.0067906626500189304
18.0,0.005447134841233492
20.0,0.004560852888971567
22.0,0.004388351459056139
24.0,0.004226823337376118
26.0,0.004459113348275423
28.0,0.004863170441240072
30.0,0.0051379455253481865
32.0,0.005339549854397774
36.0,0.007531611771600393
40.0,0.007071624194010768
44.0,0.006359272743933476
48.0,0.00460807546803083
52.0,0.003391148758685001
56.0,0.0022103839476655526
60.0,0.001870177611708641
64.0,0.0020717075403081254
72.0,0.005292533231113339
80.0,0.0038219185046727945
88.0,0.002639155737415422
96.0,0.0018388900760328397
104.0,0.0014207636355422436
112.0,0.0012436549041012768
120.0,0.00048255320289172234
128.0,0.0002780049471766688
144.0,0.0026245266935103037
160.0,0.0024627176507447776
176.0,0.0022334998491435097
192.0,0.0014989450524948412
208.0,-0.00021709675023045676
224.0,-0.0014554205408785492
240.0,-0.004121654078167362
256.0,-0.004219319012078743
288.0,-0.005674743153213058
320.0,-0.005051305409870111
352.0,-0.0031228186504449694
384.0,-0.003795961945434101
416.0,-0.00349701334052952
448.0,-0.0029685081186471506
480.0,-0.0034449125814717263
512.0,-0.004250424972269684
576.0,-0.00570573568776516
640.0,-0.009533893982214587
704.0,-0.011015724099706858
768.0,-0.010705510886119944
832.0,-0.005341156718454191
896.0,-0.004562608365501676
960.0,-0.0010282010771334171
1024.0,0.0006318417532990376
end
