version,3.0
numOfCh,1
type,point
parent_name,labthresh-0dot04_avgcorrs
ch_type,1_1
kcount,1
numberNandB,1
brightnessNandB,1
carpet pos,0
pc,0
Time (ms),CH1 Auto-Correlation
1.0,0.026948396116495132
2.0,0.022907599806785583
3.0,0.020203376188874245
4.0,0.01802949048578739
5.0,0.01652340218424797
6.0,0.015439266338944435
7.0,0.014356426894664764
8.0,0.01346913818269968
9.0,0.012732001952826977
10.0,0.011992235668003559
11.0,0.011288982816040516
12.0,0.01067353691905737
13.0,0.009528964757919312
14.0,0.008819900453090668
15.0,0.00817511510103941
16.0,0.007531008683145046
18.0,0.00684339227154851
20.0,0.006040146108716726
22.0,0.004725618753582239
24.0,0.0035571579355746508
26.0,0.0032194217201322317
28.0,0.0030400780960917473
30.0,0.002713275820133276
32.0,0.0036722850870091863
36.0,0.006321504902249823
40.0,0.006230023120709424
44.0,0.00549817184934606
48.0,0.005079897301038727
52.0,0.0038929459440017427
56.0,0.0035998604265235676
60.0,0.0028223377667018212
64.0,0.002440281454376721
72.0,0.004884579604982892
80.0,0.0031659098014989425
88.0,0.0010980237517893936
96.0,-0.0007537695083079771
104.0,-0.00030830309212130186
112.0,-0.0010089055604545311
120.0,-0.002477937049531777
128.0,-0.004061240387229537
144.0,-0.0063441859361214135
160.0,-0.008690546589115491
176.0,-0.01271498602307894
192.0,-0.013525095396639349
208.0,-0.013209935869291747
224.0,-0.013329551217164127
240.0,-0.012871216623655831
256.0,-0.015578394302186402
288.0,-0.014084485358277258
320.0,-0.01045429713809022
352.0,-0.0025318980268720123
384.0,0.00037569207617909543
416.0,-3.697110352934235e-05
448.0,0.003601371823202094
480.0,0.00833107071230188
512.0,0.01029730500239465
576.0,-0.003889006469762535
640.0,-0.0043543905376282055
704.0,-0.0043588057487795595
768.0,-0.003286571300122887
832.0,-0.00245982148044277
896.0,-0.00212526372706634
960.0,0.00241755251045106
1024.0,0.005985687845168286
end
