version,3.0
numOfCh,1
type,point
parent_name,labthresh-0dot04_avgcorrs
ch_type,1_1
kcount,1
numberNandB,1
brightnessNandB,1
carpet pos,0
pc,0
Time (ms),CH1 Auto-Correlation
1.0,0.029833713546395302
2.0,0.027521735057234764
3.0,0.025915486738085747
4.0,0.024762338027358055
5.0,0.023595482110977173
6.0,0.022348880767822266
7.0,0.021432820707559586
8.0,0.02078118361532688
9.0,0.02013801597058773
10.0,0.019401583820581436
11.0,0.01854041963815689
12.0,0.017800897359848022
13.0,0.017268309369683266
14.0,0.01688123308122158
15.0,0.016225596889853477
16.0,0.015675928443670273
18.0,0.014865959994494915
20.0,0.014063000679016113
22.0,0.01288701593875885
24.0,0.011905772611498833
26.0,0.010752331465482712
28.0,0.009931189939379692
30.0,0.009689167178748903
32.0,0.009039420062739131
36.0,0.013351989272019924
40.0,0.01236932663577088
44.0,0.011235956283742684
48.0,0.009808316766410778
52.0,0.008630146230356522
56.0,0.0075873034663202004
60.0,0.006853041275260491
64.0,0.006244593084071918
72.0,0.011402457620836989
80.0,0.010330706344272281
88.0,0.008723486225183782
96.0,0.00683521576259712
104.0,0.005787574087056176
112.0,0.0038686201199501133
120.0,0.0026530461213753924
128.0,0.0010973418342789796
144.0,-0.0018544310037719293
160.0,-0.006817389758200281
176.0,-0.009825847189252576
192.0,-0.010111554325299544
208.0,-0.011331141016651398
224.0,-0.00994442466940705
240.0,-0.013291115682531038
256.0,-0.014941663053297602
288.0,-0.011101428690987328
320.0,-0.017326754052191973
352.0,-0.023507198134514812
384.0,-0.03325063354956607
416.0,-0.039437867856274046
448.0,-0.0470597855358695
480.0,-0.028025725018233062
512.0,-0.029958755942061543
576.0,-0.03930725230020471
640.0,-0.03446645137773885
704.0,-0.022806501830928028
768.0,-0.01440611804719083
832.0,-0.001711538319796091
896.0,0.007655969704501331
960.0,0.019457781066497166
1024.0,0.032440668592850365
end
