version,3.0
numOfCh,1
type,point
parent_name,labthresh-0dot04_avgcorrs
ch_type,1_1
kcount,1
numberNandB,1
brightnessNandB,1
carpet pos,0
pc,0
Time (ms),CH1 Auto-Correlation
1.0,0.06922489404678345
2.0,0.06261133402585983
3.0,0.05727832764387131
4.0,0.05285023897886276
5.0,0.04876285046339035
6.0,0.044862307608127594
7.0,0.041915882378816605
8.0,0.03825386241078377
9.0,0.035240598022937775
10.0,0.03279522806406021
11.0,0.030291004106402397
12.0,0.028292842209339142
13.0,0.027013350278139114
14.0,0.025386104360222816
15.0,0.023939941078424454
16.0,0.02288045920431614
18.0,0.020748862996697426
20.0,0.019559353590011597
22.0,0.017248746007680893
24.0,0.01579366624355316
26.0,0.014314495958387852
28.0,0.013636376708745956
30.0,0.012598802335560322
32.0,0.011277629062533379
36.0,0.010634252982223794
40.0,0.007850090596669664
44.0,0.003914564784887868
48.0,0.00027636834420263767
52.0,-0.002353547875706378
56.0,-0.003836406937140661
60.0,-0.0032732520630815998
64.0,-0.0025201215292327108
72.0,-0.0008342594095586759
80.0,-0.0022356623551826015
88.0,-0.0025627378750157177
96.0,-0.003900074182361688
104.0,-0.004796911848445788
112.0,-0.006771271719354327
120.0,-0.00842089622038538
128.0,-0.009497060425612448
144.0,-0.01391366035577015
160.0,-0.008947813914606481
176.0,-0.008311085261257609
192.0,-0.0093946913676475
208.0,-0.014911515099118419
224.0,-0.016909474651107474
240.0,-0.014164974824303673
256.0,-0.008093154579823715
288.0,-0.012823409116689992
320.0,-0.009220082651796368
352.0,-0.0015395444917136476
384.0,0.012812683412930174
416.0,-0.006726672524510992
448.0,-0.004292648931047605
480.0,-0.009195142421716204
512.0,0.0005192090349737555
576.0,-0.005928572150878608
640.0,-0.006637341459281743
704.0,0.0016964360838755965
768.0,0.0022209977032616735
832.0,0.001290523970965296
896.0,0.0018267194100189954
960.0,0.0017888795409817249
1024.0,-0.0003449893556535244
end
