version,3.0
numOfCh,1
type,point
parent_name,labthresh-0dot04_avgcorrs
ch_type,1_1
kcount,1
numberNandB,1
brightnessNandB,1
carpet pos,0
pc,0
Time (ms),CH1 Auto-Correlation
1.0,0.020592866465449333
2.0,0.017463983967900276
3.0,0.01517507154494524
4.0,0.013629010878503323
5.0,0.012419475242495537
6.0,0.011432268656790257
7.0,0.010632130317389965
8.0,0.009870866313576698
9.0,0.009205955080688
10.0,0.00872417539358139
11.0,0.00816800445318222
12.0,0.00763791985809803
13.0,0.007149043492972851
14.0,0.006605840288102627
15.0,0.006129733286798
16.0,0.005791421514004469
18.0,0.005778248887509108
20.0,0.005665461998432875
22.0,0.005449059419333935
24.0,0.004375279415398836
26.0,0.003734599333256483
28.0,0.002694208873435855
30.0,0.0011922161793336272
32.0,0.00034039519960060716
36.0,0.00229796871644794
40.0,0.0016513277792414142
44.0,0.001136714427213354
48.0,5.581430791194593e-05
52.0,-0.000600213990599679
56.0,-0.0006201079800534485
60.0,-0.0003596037062875852
64.0,-0.0018454757598440417
72.0,-0.003176453605727361
80.0,-0.004931759681580041
88.0,-0.005520400945576565
96.0,-0.006270718456054216
104.0,-0.006835993054076372
112.0,-0.007405459909932688
120.0,-0.00726734918684462
128.0,-0.006623028452475623
144.0,-0.005657848229351326
160.0,-0.0031438281016149135
176.0,-0.0005749125438424843
192.0,0.0007085227430665823
208.0,0.0014252044579321096
224.0,0.0014304863923991268
240.0,0.0017806207065405033
256.0,0.000688733631580941
288.0,-0.00265877238988261
320.0,-0.001630838196433615
352.0,0.002780887979887276
384.0,0.006415049264822821
416.0,0.0009161399284494109
448.0,-0.007226568002287033
480.0,-8.949021867010742e-05
512.0,-0.0015657068870496005
576.0,-0.0005894419082324021
640.0,-4.716096918855328e-05
704.0,9.248097194358706e-05
768.0,-5.8628516853787005e-05
832.0,-0.0003347593992657494
896.0,-0.0015427447797264904
960.0,0.00013294597738422453
1024.0,-0.0008034207494347356
1152.0,-0.0009445352188777179
1280.0,0.0007697216788074002
1408.0,0.0007191987970145419
1536.0,-0.00016245912411250174
1664.0,0.00019125638937111944
1792.0,-0.0011439996305853128
1920.0,-0.0007266899629030377
2048.0,0.0002727719911490567
end
