version,3.0
numOfCh,1
type,point
parent_name,labthresh-0dot04_avgcorrs
ch_type,1_1
kcount,1
numberNandB,1
brightnessNandB,1
carpet pos,0
pc,0
Time (ms),CH1 Auto-Correlation
1.0,0.06029544025659561
2.0,0.05292095988988876
3.0,0.046393439173698425
4.0,0.0404248870909214
5.0,0.03607439249753952
6.0,0.03172877058386803
7.0,0.028173737227916718
8.0,0.024733439087867737
9.0,0.02269062027335167
10.0,0.020942941308021545
11.0,0.019884485751390457
12.0,0.01888301968574524
13.0,0.017190206795930862
14.0,0.015288595110177994
15.0,0.012838652357459068
16.0,0.010909825563430786
18.0,0.0073503307066857815
20.0,0.003450148506090045
22.0,0.0002032856282312423
24.0,-0.0010683510918170214
26.0,-0.0024545094929635525
28.0,-0.003307146253064275
30.0,-0.0030764155089855194
32.0,-0.002577470615506172
36.0,-0.005375812768943433
40.0,-0.00648891971068224
44.0,-0.007204541335037599
48.0,-0.006581625200245374
52.0,-0.005884808937601823
56.0,-0.007752823819949602
60.0,-0.008967974781504988
64.0,-0.005912224494034035
72.0,-0.0015576127532403916
80.0,-0.0022181440726853907
88.0,-0.0027245052755461075
96.0,-0.0036262551303661893
104.0,-0.003273702787264483
112.0,-0.006269816302228719
120.0,-0.009735540531110018
128.0,-0.010217297031776979
144.0,-0.002087637699150946
160.0,-0.0017562403201736743
176.0,-0.0003023702651262283
192.0,-0.00100272828785819
208.0,-0.0023131345078581944
224.0,-0.0022709497907271725
240.0,-0.0013574246498520598
256.0,-0.002434457638484769
288.0,-0.0004578102931797427
320.0,-3.457964339759201e-05
352.0,-0.003475064591232998
384.0,-0.005558100669683578
416.0,-0.0048037761977563305
448.0,-0.003616016108329253
480.0,-0.003845542778435629
512.0,-0.006656866731646005
576.0,-0.006200800708029419
640.0,-0.011104372970294207
704.0,-0.011495881510199979
768.0,-0.0006631879368796945
832.0,-0.0015904472093097866
896.0,-0.02278766527888365
960.0,-0.04338613955769688
1024.0,-0.041359396651387215
end
