version,3.0
numOfCh,1
type,point
parent_name,labthresh-0dot04_avgcorrs
ch_type,1_1
kcount,1
numberNandB,1
brightnessNandB,1
carpet pos,0
pc,0
Time (ms),CH1 Auto-Correlation
1.0,0.055299073457717896
2.0,0.05223836377263069
3.0,0.04979502782225609
4.0,0.04804757609963417
5.0,0.04645100235939026
6.0,0.04500585049390793
7.0,0.04371513053774834
8.0,0.042322564870119095
9.0,0.04113762453198433
10.0,0.04008109122514725
11.0,0.039009492844343185
12.0,0.037744082510471344
13.0,0.03645118698477745
14.0,0.035375289618968964
15.0,0.03455609828233719
16.0,0.03375684469938278
18.0,0.03159848228096962
20.0,0.029631709679961205
22.0,0.0279646385461092
24.0,0.026091977953910828
26.0,0.024163277819752693
28.0,0.0226457379758358
30.0,0.021739299478940665
32.0,0.019899823663096564
36.0,0.02011628448067663
40.0,0.017124402230995026
44.0,0.014192182045357745
48.0,0.010796073990954587
52.0,0.008188551144065479
56.0,0.006522323006020787
60.0,0.006216298385576617
64.0,0.0036045306454373835
72.0,0.007167049592680996
80.0,0.006794163167023725
88.0,0.004412949492689222
96.0,0.002729403068224201
104.0,0.00045744107046630234
112.0,-0.0018747284382698126
120.0,-0.0030164217214884333
128.0,-0.00509661749023699
144.0,-0.01028758987376932
160.0,-0.012333492424659198
176.0,-0.01382860469584557
192.0,-0.012671896029132768
208.0,-0.01593209725615452
224.0,-0.015709724173575523
240.0,0.0020001979709680503
256.0,0.007734634042329465
288.0,-0.004851595585932955
320.0,-0.007999219559133052
352.0,-0.007277452290873043
384.0,-0.004432206920319004
416.0,-0.0037540133460424842
448.0,-0.011282811808632687
480.0,-0.020840777600824367
512.0,-0.029841813375128368
576.0,-0.013620903989898838
640.0,-0.016967294945581152
704.0,-0.014682091930548527
768.0,-0.008476058589751898
832.0,-0.011492429425873394
896.0,-0.013953115217321153
960.0,-0.018427867201223438
1024.0,-0.03139949726755731
1152.0,-0.0012807613238692284
1280.0,-0.0017953327624127269
1408.0,-0.001202092505991459
1536.0,0.0008079437538981438
1664.0,0.0009634305024519563
1792.0,0.0014210266526788473
1920.0,-0.0031021530739963055
2048.0,-0.0023519222158938646
end
