version,3.0
numOfCh,1
type,point
parent_name,labthresh-0dot04_avgcorrs
ch_type,1_1
kcount,1
numberNandB,1
brightnessNandB,1
carpet pos,0
pc,0
Time (ms),CH1 Auto-Correlation
1.0,0.042860161513090134
2.0,0.03973942995071411
3.0,0.03729004040360451
4.0,0.03513720631599426
5.0,0.03334556892514229
6.0,0.03177260980010033
7.0,0.030678218230605125
8.0,0.029664257541298866
9.0,0.028574585914611816
10.0,0.027689794078469276
11.0,0.027011077851057053
12.0,0.02642088197171688
13.0,0.02555972896516323
14.0,0.02481594681739807
15.0,0.02410128526389599
16.0,0.023289842531085014
18.0,0.02143537439405918
20.0,0.020122669637203217
22.0,0.018676936626434326
24.0,0.01749502494931221
26.0,0.01648114249110222
28.0,0.01585187390446663
30.0,0.01641276565157265
32.0,0.015869731798860205
36.0,0.01870709298080126
40.0,0.016511648824234726
44.0,0.015545342010025505
48.0,0.015106584639094459
52.0,0.014341356749202165
56.0,0.013677321002534073
60.0,0.014311167517970555
64.0,0.014156971750012685
72.0,0.022785603455386907
80.0,0.019001842468490147
88.0,0.014714899208399856
96.0,0.011230170497914183
104.0,0.009479516933259385
112.0,0.007560983651439363
120.0,0.00613379610480148
128.0,0.004685891472036019
144.0,-0.0002523064000630065
160.0,-0.006312963730459542
176.0,-0.012350137474162406
192.0,-0.01817963327477245
208.0,-0.020791120875969682
224.0,-0.023122461128112167
240.0,-0.030018638754780922
256.0,-0.03439222638715162
288.0,-0.058618759188902914
320.0,-0.07306045404948236
352.0,-0.07947795077416231
384.0,-0.0805646129501838
416.0,-0.08708816996841051
448.0,-0.08655815621386864
480.0,-0.024448402284178883
512.0,-0.018324835696451675
576.0,0.009821448707953095
640.0,0.028970419447432505
704.0,0.025887476367643103
768.0,0.03459682781249285
832.0,0.044463241763878614
896.0,0.03935251440270804
960.0,0.019028055510716513
1024.0,-0.016150887528056046
1152.0,9.612719441065565e-05
1280.0,0.0006455626571550965
1408.0,-0.0010908833937719464
1536.0,-0.001835286384448409
1664.0,-0.0013447111705318093
1792.0,0.00032124039717018604
1920.0,0.0001504526735516265
2048.0,-0.0009355589863844216
end
