version,3.0
numOfCh,1
type,point
parent_name,labthresh-0dot04_avgcorrs
ch_type,1_1
kcount,1
numberNandB,1
brightnessNandB,1
carpet pos,0
pc,0
Time (ms),CH1 Auto-Correlation
1.0,0.027019310742616653
2.0,0.023512419313192368
3.0,0.020747577771544456
4.0,0.018665846437215805
5.0,0.017246881499886513
6.0,0.016086703166365623
7.0,0.014925295487046242
8.0,0.014105364680290222
9.0,0.013358784839510918
10.0,0.012168774381279945
11.0,0.011520993895828724
12.0,0.010583741590380669
13.0,0.0098689254373312
14.0,0.00925879180431366
15.0,0.009039940312504768
16.0,0.008720548823475838
18.0,0.008708998560905457
20.0,0.008238201960921288
22.0,0.00842737965285778
24.0,0.008603882044553757
26.0,0.007965861819684505
28.0,0.00736080389469862
30.0,0.007039414253085852
32.0,0.006563597824424505
36.0,0.009242518061572839
40.0,0.009152769465741116
44.0,0.00829902718748687
48.0,0.008504469183296146
52.0,0.007941296208393338
56.0,0.007611995764290763
60.0,0.00909198788784644
64.0,0.009324032331018575
72.0,0.013158436951521758
80.0,0.01155757877778443
88.0,0.008801906947256712
96.0,0.007512510512444553
104.0,0.006784819293696071
112.0,0.00689193054050621
120.0,0.0069494946591374986
128.0,0.0067320146699785255
144.0,0.002636991345038301
160.0,-0.0023541636995300257
176.0,-0.006850970260984468
192.0,-0.011921484468205432
208.0,-0.014932058929844061
224.0,-0.014658433219665312
240.0,-0.014715249531526262
256.0,-0.013546239591680486
288.0,-0.010045291776557198
320.0,-0.007175716209696309
352.0,-0.007566434406643649
384.0,-0.001061043475849808
416.0,0.0034641215739115564
448.0,0.0056972395230497404
480.0,-0.0170106817575288
512.0,-0.021822599558799994
576.0,-0.002406247251201421
640.0,5.6534589384682475e-05
704.0,0.0010948486917186529
768.0,0.0017039879458025098
832.0,-0.001881063386099413
896.0,-0.0021877898718230425
960.0,0.0003260515125778814
1024.0,0.0016205067125459511
1152.0,-0.0009825153974816203
1280.0,-0.0010272256331518292
1408.0,-0.0013912672875449061
1536.0,0.00147878541611135
1664.0,-0.00011473121412564069
1792.0,0.001352886320091784
end
