version,3.0
numOfCh,1
type,point
parent_name,labthresh-0dot04_avgcorrs
ch_type,1_1
kcount,1
numberNandB,1
brightnessNandB,1
carpet pos,0
pc,0
Time (ms),CH1 Auto-Correlation
1.0,0.07199206948280334
2.0,0.06416715681552887
3.0,0.057196322828531265
4.0,0.0503130666911602
5.0,0.04468083009123802
6.0,0.03940655291080475
7.0,0.03491021692752838
8.0,0.030863508582115173
9.0,0.02743316814303398
10.0,0.024056529626250267
11.0,0.02117191255092621
12.0,0.01821429468691349
13.0,0.014080279506742954
14.0,0.011652029119431973
15.0,0.009924902580678463
16.0,0.00805448554456234
18.0,0.005837082397192717
20.0,0.004548661410808563
22.0,0.0028156498447060585
24.0,0.0031847001519054174
26.0,0.004052712582051754
28.0,0.0057388972491025925
30.0,0.007955243811011314
32.0,0.010187344625592232
36.0,0.015160724577435758
40.0,0.014996510928176577
44.0,0.011767996835988014
48.0,0.009657204695758991
52.0,0.007138720039074542
56.0,0.0023531468206783755
60.0,0.002147887095098237
64.0,0.0007753603996733498
72.0,-0.0003820255592775842
80.0,-0.0003586501188692637
88.0,-0.0019228352844947948
96.0,-0.0035956409788923337
104.0,-0.0016446871663598965
112.0,0.0016203610633965583
120.0,0.0026698487849595646
128.0,0.00016800023537750047
144.0,-0.008840023690330176
160.0,-0.012906966657889521
176.0,-0.014657991110652802
192.0,-0.017706656317689824
208.0,-0.022378832087269984
224.0,-0.03253113278575862
240.0,-0.0065272388488996184
256.0,-0.003910083029371559
288.0,0.0002467120098622723
320.0,0.0014681526517961174
352.0,0.0009938539733411744
384.0,-0.0003018497130445515
416.0,-0.001803627564792502
448.0,-0.0027495832974737924
480.0,-0.004601402269044128
512.0,-0.006568533769394789
576.0,-0.009877607353701023
640.0,-0.006727256746671628
704.0,-0.005638901362544857
768.0,-0.005101823939185124
832.0,0.004948615125613287
896.0,0.0018522310710977763
960.0,-0.0008255051507148892
1024.0,-0.0007008039392530918
1152.0,0.0004209966961449633
1280.0,-0.002452351924148388
1408.0,-0.004522936205224444
1536.0,-0.006430004098509319
1664.0,-0.00346557330340147
1792.0,-0.004334096408759554
1920.0,0.0045538873043066514
2048.0,0.007171340441952149
end
