version,3.0
numOfCh,1
type,point
parent_name,labthresh-0dot04_avgcorrs
ch_type,1_1
kcount,1
numberNandB,1
brightnessNandB,1
carpet pos,0
pc,0
Time (ms),CH1 Auto-Correlation
1.0,0.04604911431670189
2.0,0.03998803719878197
3.0,0.03550351411104202
4.0,0.03176679462194443
5.0,0.028823429718613625
6.0,0.026385800912976265
7.0,0.02423774264752865
8.0,0.02183249592781067
9.0,0.01966884732246399
10.0,0.017943207174539566
11.0,0.016632040962576866
12.0,0.015070955269038677
13.0,0.014503958635032177
14.0,0.013694887049496174
15.0,0.012770773842930794
16.0,0.011540601961314678
18.0,0.009542073123157024
20.0,0.008977687917649746
22.0,0.009245697408914566
24.0,0.009498040191829205
26.0,0.008815492503345013
28.0,0.007134268060326576
30.0,0.005546689499169588
32.0,0.004893640521913767
36.0,0.007221951971587259
40.0,0.003588058688910678
44.0,0.00010317923908587546
48.0,-0.003609731661854312
52.0,-0.003948682875889062
56.0,-0.004436954613775015
60.0,-0.006288054987089708
64.0,-0.00781872877076239
72.0,-0.002404118901309134
80.0,-0.004866281894051513
88.0,-0.0067814494733201254
96.0,-0.008734289355660703
104.0,-0.008744661632921303
112.0,-0.008082775510212576
120.0,-0.008602197063737549
128.0,-0.008937449188363788
144.0,-0.010507249677175423
160.0,-0.011176675645401701
176.0,-0.008220500925745
192.0,-0.006677384007161891
208.0,-0.004255583233316429
224.0,-0.0062799574441214645
240.0,-0.012284619017736986
256.0,-0.008624227740801871
288.0,-0.00466130832410272
320.0,-0.0026543151725491043
352.0,-0.00429590587009443
384.0,-0.004640720129827969
416.0,-0.0026356903144915123
448.0,0.00036300837382441387
480.0,0.00022010999340896627
512.0,-0.0013234694488346577
576.0,-0.002928902249550447
640.0,0.0018861933713196777
704.0,-0.0002860132372006774
768.0,0.004469814943149686
832.0,0.002620746032334864
896.0,0.00028561447106767446
960.0,0.003771865100134164
1024.0,-0.003986929863458499
1152.0,0.006459763273596764
1280.0,-0.006163071841001511
1408.0,-0.0003069771046284586
1536.0,-0.00048492447240278125
1664.0,0.003337864065542817
1792.0,-0.0010207134764641523
1920.0,-0.0018497819546610117
2048.0,0.001604657038114965
end
