version,3.0
numOfCh,1
type,point
parent_name,labthresh-0dot04_avgcorrs
ch_type,1_1
kcount,1
numberNandB,1
brightnessNandB,1
carpet pos,0
pc,0
Time (ms),CH1 Auto-Correlation
1.0,0.07849658280611038
2.0,0.06982405483722687
3.0,0.06227916106581688
4.0,0.05556808412075043
5.0,0.049270033836364746
6.0,0.04355020448565483
7.0,0.03851731866598129
8.0,0.03356195613741875
9.0,0.028677713125944138
10.0,0.0255080908536911
11.0,0.022377122193574905
12.0,0.018923506140708923
13.0,0.015802618116140366
14.0,0.013337885960936546
15.0,0.010564371012151241
16.0,0.008310473524034023
18.0,0.004160825163125992
20.0,0.0015738485381007195
22.0,0.0009242300875484943
24.0,0.00025282936985604465
26.0,-0.0022078261245042086
28.0,-0.004672378767281771
30.0,-0.007891134358942509
32.0,-0.0100314412266016
36.0,0.006258149220443824
40.0,0.004741378308234048
44.0,0.0036882454572632387
48.0,-0.000405676406551399
52.0,-0.003247662463496347
56.0,-0.004351284313837395
60.0,-0.006260776837948737
64.0,-0.007921197420902151
72.0,-0.011627867853698822
80.0,-0.00953073659491985
88.0,-0.004624756020628131
96.0,-0.0020178036093756626
104.0,-0.0024944409199703773
112.0,0.0003221588424192025
120.0,0.0006900766808869846
128.0,-0.00035819003376393364
144.0,-0.0044567226577783
160.0,-0.0037025255547525697
176.0,-0.004608264201070757
192.0,-0.0077042262089568846
208.0,-0.00633967301409404
224.0,-0.009238774787210038
240.0,-0.010120961698703468
256.0,-0.01375222315073188
288.0,-0.015566338039934634
320.0,-0.015449166402686388
352.0,-0.010739572008606046
384.0,-0.014441364252706989
416.0,-0.016240548307541756
448.0,-0.013858068326953799
480.0,0.0001292360894795921
512.0,0.011992139806453552
576.0,-0.004840913001316949
640.0,-0.016090259072370827
704.0,-0.01978182469611056
768.0,-0.012005796539597213
832.0,-0.004650781105738133
896.0,-0.0046129816910251975
960.0,-0.010252582957036793
1024.0,-0.011071974661945205
end
