version,3.0
numOfCh,1
type,point
parent_name,labthresh-0dot04_avgcorrs
ch_type,1_1
kcount,1
numberNandB,1
brightnessNandB,1
carpet pos,0
pc,0
Time (ms),CH1 Auto-Correlation
1.0,0.042157333344221115
2.0,0.039153531193733215
3.0,0.03684075549244881
4.0,0.03513304516673088
5.0,0.03375794366002083
6.0,0.032588474452495575
7.0,0.03157396987080574
8.0,0.030853169038891792
9.0,0.030210252851247787
10.0,0.02939644828438759
11.0,0.028546061366796494
12.0,0.028122080489993095
13.0,0.027741380035877228
14.0,0.027372833341360092
15.0,0.02716226503252983
16.0,0.02696389891207218
18.0,0.026237480342388153
20.0,0.02548409067094326
22.0,0.02473585680127144
24.0,0.02327202446758747
26.0,0.022247210144996643
28.0,0.02157118357717991
30.0,0.022083149810454675
32.0,0.022056586954360163
36.0,0.025474720476146708
40.0,0.0243859582922596
44.0,0.023290983482729642
48.0,0.02258211011067033
52.0,0.022036692061192298
56.0,0.020999749221179323
60.0,0.020240205368584913
64.0,0.019676032049543817
72.0,0.025015056353698707
80.0,0.02294416912164624
88.0,0.021902899648756084
96.0,0.020380315566812482
104.0,0.019598890372104837
112.0,0.018557083951732653
120.0,0.018718183328885408
128.0,0.0176017621311725
144.0,0.025466945187266294
160.0,0.016843284778587986
176.0,0.00957312150785583
192.0,0.004684307144392126
208.0,0.0010860715992748737
224.0,-0.000596184171930266
240.0,-0.004526455471098719
256.0,-0.006930248121837697
288.0,-0.019268191235596532
320.0,-0.022419152865040815
352.0,-0.017890102019009646
384.0,-0.013871740309696179
416.0,-0.014794120617807494
448.0,-0.02239177133742487
480.0,-0.030104348490567645
512.0,-0.03542992255825084
576.0,-0.05082029534969479
640.0,-0.03936974001408089
704.0,-0.03306396053812932
768.0,-0.018304195371456444
832.0,-0.011598115466767922
896.0,-0.024045184858550783
960.0,-0.054190431837923825
1024.0,-0.01722084789071232
1152.0,-0.017258524894714355
1280.0,-0.01834569312632084
1408.0,-0.03524771332740784
1536.0,-0.014456404373049736
1664.0,0.019728535786271095
1792.0,0.022489435970783234
1920.0,0.02232019603252411
2048.0,0.027245981618762016
end
