version,3.0
numOfCh,1
type,point
parent_name,labthresh-0dot04_avgcorrs
ch_type,1_1
kcount,1
numberNandB,1
brightnessNandB,1
carpet pos,0
pc,0
Time (ms),CH1 Auto-Correlation
1.0,0.02228916436433792
2.0,0.017645690590143204
3.0,0.014048757962882519
4.0,0.011388297192752361
5.0,0.00941442884504795
6.0,0.007810621522367001
7.0,0.006932276301085949
8.0,0.0062318523414433
9.0,0.00511780334636569
10.0,0.0036380875390022993
11.0,0.002612204058095813
12.0,0.0020797718316316605
13.0,0.0013851928524672985
14.0,0.0012680854415521026
15.0,0.0008584096794947982
16.0,0.00024386937730014324
18.0,-0.0003288538719061762
20.0,-0.00031877821311354637
22.0,-0.00019622438412625343
24.0,-0.000660303863696754
26.0,-0.0010005745571106672
28.0,-0.0014341056812554598
30.0,-0.0016941131325438619
32.0,-0.0023649123031646013
36.0,-0.0012326186156618253
40.0,-0.0020375615952313336
44.0,-0.0015728154471920182
48.0,-0.0020429766380402727
52.0,-0.00011377558536575331
56.0,0.0012370574816789788
60.0,0.0018289450822992187
64.0,3.7670779294848186e-05
72.0,-0.0009120967408628477
80.0,-0.0004123139425406835
88.0,-0.0011269917252802236
96.0,-0.001350945873555782
104.0,-0.0019621588465216677
112.0,-0.0029074240695027742
120.0,-0.0016216587973758578
128.0,-0.0005826741082059658
144.0,-0.0010908403239833812
160.0,-0.0011751220794394613
176.0,-0.0017554534943580316
192.0,-0.0010485819043727436
208.0,-0.0011749975761631503
224.0,-0.0008497246657498181
240.0,-0.0007887971255210384
256.0,-4.123642089931915e-05
288.0,0.0010567092152390007
320.0,0.00023848194966073302
352.0,-0.0003238800006026092
384.0,-0.0010117264294725221
416.0,-0.001776288966842306
448.0,-0.0006695692143997197
480.0,-0.001119994461381187
512.0,-0.0009672615815361496
576.0,-0.0002677919052075595
640.0,0.0008098789399355155
704.0,-0.0009696298831840978
768.0,-0.0005603483936283737
832.0,-0.0010485166567377746
896.0,-0.001868623122572899
960.0,0.0011183841288584517
1024.0,0.00030549969960702583
end
