version,3.0
numOfCh,1
type,point
parent_name,labthresh-0dot04_avgcorrs
ch_type,1_1
kcount,1
numberNandB,1
brightnessNandB,1
carpet pos,0
pc,0
Time (ms),CH1 Auto-Correlation
1.0,0.07931981980800629
2.0,0.07493819296360016
3.0,0.07111308723688126
4.0,0.06787862628698349
5.0,0.06529967486858368
6.0,0.06310383975505829
7.0,0.06128370389342308
8.0,0.05949557200074196
9.0,0.05768481642007828
10.0,0.055941831320524216
11.0,0.05425405874848366
12.0,0.052825093269348145
13.0,0.051595352590084076
14.0,0.05048593133687973
15.0,0.049202483147382736
16.0,0.0478314571082592
18.0,0.04597008600831032
20.0,0.04390817508101463
22.0,0.041655346751213074
24.0,0.03887272626161575
26.0,0.0361953042447567
28.0,0.033842455595731735
30.0,0.03183145821094513
32.0,0.03073849156498909
36.0,0.030302245010790176
40.0,0.02452499858761282
44.0,0.0193107247185843
48.0,0.014802546495244512
52.0,0.010322619754210668
56.0,0.006701064843730057
60.0,0.007607794844564826
64.0,0.0030387047946634185
72.0,0.016005479118407325
80.0,0.009238563628901762
88.0,0.0042739685625376835
96.0,7.824684790749516e-05
104.0,-0.0020198277860698807
112.0,-0.003172090195692834
120.0,-0.0037878917299587135
128.0,-0.005073269417222876
144.0,-0.02616640186493492
160.0,-0.033229585467577434
176.0,-0.0389636656942053
192.0,-0.03960363034962534
208.0,-0.040636078629177064
224.0,-0.041966144542837154
240.0,-0.04636530206121011
256.0,-0.05409156853891224
288.0,-0.012777642566723963
320.0,-0.01609228373438652
352.0,-0.025382823998890153
384.0,-0.03830236525806997
416.0,-0.03926616265172405
448.0,-0.03617937206789585
480.0,-0.03474791787864108
512.0,-0.05100740781719131
576.0,-0.011957511480432004
640.0,-0.015779563109390438
704.0,-0.027896263015766937
768.0,-0.05456683390851443
832.0,-0.07160045325872488
896.0,-0.09342099186809112
960.0,-0.10301359735118847
1024.0,-0.07481890493848671
1152.0,-0.0009506717324256897
1280.0,-0.0014164942549541593
1408.0,-0.00034794205566868186
1536.0,0.00053461326751858
1664.0,0.001088782330043614
1792.0,0.0004849265096709132
1920.0,0.0013277437537908554
2048.0,-0.0004683637525886297
end
