version,3.0
numOfCh,1
type,point
parent_name,labthresh-0dot04_avgcorrs
ch_type,1_1
kcount,1
numberNandB,1
brightnessNandB,1
carpet pos,0
pc,0
Time (ms),CH1 Auto-Correlation
1.0,0.046720635145902634
2.0,0.03956993669271469
3.0,0.034889254719018936
4.0,0.031975217163562775
5.0,0.029290512204170227
6.0,0.026648404076695442
7.0,0.02501934953033924
8.0,0.022948071360588074
9.0,0.02053709328174591
10.0,0.018045518547296524
11.0,0.01578599400818348
12.0,0.013278012163937092
13.0,0.01188040804117918
14.0,0.01032942719757557
15.0,0.0095053156837821
16.0,0.00899857934564352
18.0,0.007287105079740286
20.0,0.004660073202103376
22.0,0.0034694341011345387
24.0,0.0032306897919625044
26.0,0.0037798418197780848
28.0,0.00270892889238894
30.0,0.0019570954609662294
32.0,0.003254389390349388
36.0,-0.0008685385827863248
40.0,0.00029697429145807803
44.0,0.0011636934562019355
48.0,0.00018960965351889962
52.0,-0.0010715565288236298
56.0,-0.0016948610576472001
60.0,-0.004348742221380868
64.0,-0.005968684211003837
72.0,-0.00980325005406889
80.0,-0.01119635276942669
88.0,-0.011885702559387331
96.0,-0.012899106808617944
104.0,-0.008230128795705442
112.0,-0.0009803296367560204
120.0,-0.007224371149050057
128.0,-0.008703837052507879
144.0,-0.008098298682398308
160.0,-0.005721143427460144
176.0,-0.00912620485178195
192.0,-0.008211659155676898
208.0,-0.006149791090138024
224.0,-0.010187297993979882
240.0,0.0014578884874936193
256.0,0.01712113292402743
288.0,-0.003823400940746069
320.0,-0.0004469608757062815
352.0,-0.00034928541754197795
384.0,0.002669677089805589
416.0,-0.0005205344111800514
448.0,-0.00047006289241835475
480.0,-0.0025394115530486617
512.0,-0.0018201222992502153
576.0,-0.00104579315520823
640.0,-0.0012881810805993154
704.0,-0.0010415975779324072
768.0,-0.00253128010645014
832.0,-0.0009248743997886776
896.0,0.00013132253661751747
960.0,0.0014875013548589777
1024.0,-0.0002756372094154358
1152.0,-0.004425989929586649
1280.0,-0.001056088658515364
1408.0,-0.0007074313471093774
1536.0,-0.0023795025190338492
1664.0,-0.003725815797224641
1792.0,-0.007088695694619673
1920.0,-0.005005845334380865
2048.0,0.004971096059307456
end
