version,3.0
numOfCh,1
type,point
parent_name,labthresh-0dot04_avgcorrs
ch_type,1_1
kcount,1
numberNandB,1
brightnessNandB,1
carpet pos,0
pc,0
Time (ms),CH1 Auto-Correlation
1.0,0.022002119570970535
2.0,0.019103847444057465
3.0,0.01695331186056137
4.0,0.015291770920157433
5.0,0.014010200276970863
6.0,0.013048762455582619
7.0,0.01213653851300478
8.0,0.011549469083547592
9.0,0.011034054681658745
10.0,0.010540383867919445
11.0,0.009981974959373474
12.0,0.009351890534162521
13.0,0.0088063208386302
14.0,0.008488453924655914
15.0,0.008069933392107487
16.0,0.007559587713330984
18.0,0.006836444139480591
20.0,0.006093550007790327
22.0,0.005668550729751587
24.0,0.005566066596657038
26.0,0.005355288274586201
28.0,0.0054153576493263245
30.0,0.005531007407019691
32.0,0.005496223235645125
36.0,0.007056856323728307
40.0,0.0061959252944366345
44.0,0.005598404248890039
48.0,0.00514272907660216
52.0,0.005216635436931205
56.0,0.004610223662307215
60.0,0.004915589860372295
64.0,0.004182260882641588
72.0,0.004987289823475294
80.0,0.003999079911326672
88.0,0.003540522854150781
96.0,0.0020277540891336025
104.0,0.0020398118265967987
112.0,0.002326609155054691
120.0,0.002138890652401772
128.0,0.0026932146127884543
144.0,0.0022886532626996215
160.0,0.003810406266503768
176.0,0.004243001456221204
192.0,0.003086107679597002
208.0,0.0009869210604977394
224.0,0.00033882006183765564
240.0,-0.0016116545205780615
256.0,-0.002030678340815939
288.0,-0.004045608456686346
320.0,-0.005116618716985815
352.0,-0.004423473353906754
384.0,-0.0050176654314984465
416.0,-0.005975885573813382
448.0,-0.00955920445590487
480.0,-0.009309076552906644
512.0,-0.00844949224523993
576.0,-0.010586378863081336
640.0,-0.01211913171573542
704.0,-0.017733369045890866
768.0,-0.023417638696264474
832.0,-0.014357812731759623
896.0,-0.01465783870080486
960.0,-0.014224970320356078
1024.0,-0.006112835792009719
end
