version,3.0
numOfCh,1
type,point
parent_name,labthresh-0dot04_avgcorrs
ch_type,1_1
kcount,1
numberNandB,1
brightnessNandB,1
carpet pos,0
pc,0
Time (ms),CH1 Auto-Correlation
1.0,0.03523353487253189
2.0,0.03004871867597103
3.0,0.025564173236489296
4.0,0.022518184036016464
5.0,0.020772865042090416
6.0,0.019066540524363518
7.0,0.01748482696712017
8.0,0.015768202021718025
9.0,0.014223440550267696
10.0,0.012635842896997929
11.0,0.011194937862455845
12.0,0.00967065803706646
13.0,0.008015765808522701
14.0,0.006204131990671158
15.0,0.005060872528702021
16.0,0.0037449332885444164
18.0,0.0013639105018228292
20.0,0.0001758527650963515
22.0,0.0002494600776117295
24.0,0.0001314386900048703
26.0,0.0004415805160533637
28.0,0.0010969581780955195
30.0,0.0009169869008474052
32.0,0.0009902502642944455
36.0,0.001317864925416264
40.0,-0.002387552111486002
44.0,-0.006158819804416756
48.0,-0.006955948386045445
52.0,-0.007427891533590507
56.0,-0.006673144132340288
60.0,-0.0014132420410533086
64.0,0.0038155807624207227
72.0,0.002193960111232146
80.0,0.0023749481470611714
88.0,0.0016806771322187748
96.0,0.0010640368500924738
104.0,0.0010973038596977644
112.0,0.0014430554677828161
120.0,0.0021874233917675585
128.0,0.002248935087289497
144.0,0.0013789735655466626
160.0,-5.427649635488966e-05
176.0,-0.0006788768171515715
192.0,-0.0007728391751048288
208.0,-0.0001514358012043106
224.0,0.0004094078924806256
240.0,-0.0009725521085783839
256.0,-0.0008384170071492138
288.0,-0.0022024430181772914
320.0,-0.0006945147457978843
352.0,-0.0008219068186008371
384.0,-0.0009726886079685452
416.0,-0.001106739026302724
448.0,-0.001692328985276011
480.0,-0.0014609490436586466
512.0,-0.0014682094095571135
576.0,-0.0044555445783771574
640.0,-0.0014824252623384382
704.0,-0.0036324541317299007
768.0,-0.0022600444033741953
832.0,-0.0038441226119175554
896.0,-0.004486002889461815
960.0,-0.00800823504687287
1024.0,-0.01230097917527928
end
