version,3.0
numOfCh,1
type,point
parent_name,labthresh-0dot04_avgcorrs
ch_type,1_1
kcount,1
numberNandB,1
brightnessNandB,1
carpet pos,0
pc,0
Time (ms),CH1 Auto-Correlation
1.0,0.05896681547164917
2.0,0.05170905590057373
3.0,0.045363496989011765
4.0,0.039128758013248444
5.0,0.03411173075437546
6.0,0.029899008572101593
7.0,0.0267948005348444
8.0,0.023778147995471954
9.0,0.021931301802396774
10.0,0.020047083497047424
11.0,0.018391259014606476
12.0,0.016952769830822945
13.0,0.016022048890590668
14.0,0.015567079186439514
15.0,0.0151967853307724
16.0,0.015218504704535007
18.0,0.014714119955897331
20.0,0.013510745018720627
22.0,0.012197702191770077
24.0,0.011623808182775974
26.0,0.009973601438105106
28.0,0.007869631983339787
30.0,0.0071018762361799255
32.0,0.006604041093797765
36.0,0.006176965357735753
40.0,0.009484996710270935
44.0,0.012176634459756315
48.0,0.0016320562099190283
52.0,-0.0035625611839350314
56.0,-0.007066966817947104
60.0,-0.009752432300301735
64.0,-0.011179835888615344
72.0,-0.007269146274331051
80.0,-0.007139395888148819
88.0,-0.006997730621247013
96.0,-0.005451908518903349
104.0,-0.0014058564147968642
112.0,-0.00040860407936729883
120.0,-0.0007684022275498137
128.0,-0.0010738977298893183
144.0,-0.004189891324980029
160.0,-0.005264748731860891
176.0,-0.006812003957262883
192.0,-0.008090860639155532
208.0,-0.008275338939468687
224.0,-0.006674219143193719
240.0,-0.0018030720925058372
256.0,0.0004468309905080657
288.0,-0.007414026471087709
320.0,-0.009928354128351202
352.0,-0.00892443084376282
384.0,-0.001500098209362477
416.0,0.0027775305963587014
448.0,-0.01655006702785613
480.0,-0.011174738508998416
512.0,-0.009704916214104742
576.0,-0.005589184234850109
640.0,-0.010107069864170625
704.0,-0.010394885879941284
768.0,-0.010101018659770488
832.0,0.0046019109635381025
896.0,0.0059688948327675465
960.0,-0.0018004146695602685
1024.0,-0.0024256935284938663
end
