version,3.0
numOfCh,1
type,point
parent_name,labthresh-0dot04_avgcorrs
ch_type,1_1
kcount,1
numberNandB,1
brightnessNandB,1
carpet pos,0
pc,0
Time (ms),CH1 Auto-Correlation
1.0,0.02790491282939911
2.0,0.0242509376257658
3.0,0.02177898958325386
4.0,0.02006841078400612
5.0,0.01861013099551201
6.0,0.01763809658586979
7.0,0.016867060214281082
8.0,0.01615866832435131
9.0,0.015326962806284428
10.0,0.014370053075253963
11.0,0.013399104587733746
12.0,0.012664821930229664
13.0,0.012217925861477852
14.0,0.011652052402496338
15.0,0.011390880681574345
16.0,0.011325709521770477
18.0,0.010260493494570255
20.0,0.009515148587524891
22.0,0.00856716837733984
24.0,0.008052503690123558
26.0,0.00794028677046299
28.0,0.007454055827111006
30.0,0.007966183125972748
32.0,0.007659636903554201
36.0,0.008012472337262856
40.0,0.007106594455812278
44.0,0.006400679845388072
48.0,0.00613004104485987
52.0,0.0056733378469534974
56.0,0.00452953434885146
60.0,0.005977041360251058
64.0,0.004949133699376355
72.0,0.007920235509421522
80.0,0.005904096981491118
88.0,0.005043694274111961
96.0,0.005036699295184614
104.0,0.004556511465731698
112.0,0.0034187917820721245
120.0,0.0036865726127264984
128.0,0.001566482736961916
144.0,0.004691351652581943
160.0,0.002969715558720054
176.0,0.0024282043195853475
192.0,0.0012611267957254313
208.0,-0.0015344708081101999
224.0,-0.0012876483265245042
240.0,-0.005069601185581026
256.0,-0.007350643730994004
288.0,-0.001445334728082849
320.0,-0.004572663171630766
352.0,-0.008802058550322222
384.0,-0.009606796957086772
416.0,-0.010034923422305534
448.0,-0.01241548049923343
480.0,-0.011094573704111908
512.0,-0.012747671015353667
576.0,-0.03297059616306797
640.0,-0.03490893191337818
704.0,-0.0259614015230909
768.0,-0.018647175515070558
832.0,-0.03752566722687334
896.0,-0.03740666533121839
960.0,-0.03399613162036985
1024.0,-0.01645168731920421
end
