version,3.0
numOfCh,1
type,point
parent_name,labthresh-0dot04_avgcorrs
ch_type,1_1
kcount,1
numberNandB,1
brightnessNandB,1
carpet pos,0
pc,0
Time (ms),CH1 Auto-Correlation
1.0,0.042141348123550415
2.0,0.03644239157438278
3.0,0.032110124826431274
4.0,0.028238264843821526
5.0,0.02510768175125122
6.0,0.02238084189593792
7.0,0.02023594081401825
8.0,0.018696026876568794
9.0,0.017403950914740562
10.0,0.01678430661559105
11.0,0.016092944890260696
12.0,0.01577906496822834
13.0,0.015538112260401249
14.0,0.015315785072743893
15.0,0.015024352818727493
16.0,0.014721125364303589
18.0,0.013535567559301853
20.0,0.011633520945906639
22.0,0.010273467749357224
24.0,0.009631388820707798
26.0,0.009527342393994331
28.0,0.00987265445291996
30.0,0.009103867028720632
32.0,0.006831912924365208
36.0,0.004142528945314032
40.0,0.003491250887080761
44.0,0.002606238443903359
48.0,0.0017612984428913997
52.0,-0.00046711773416713444
56.0,-0.0032356395303785187
60.0,-0.003041950293470908
64.0,-0.0028408995446322174
72.0,-0.001890246258881234
80.0,-0.0018525881384145275
88.0,-0.0009218713300166806
96.0,-0.002129359356331406
104.0,-0.0035258136269173215
112.0,-0.002250107413298489
120.0,-0.003815090824070427
128.0,-0.0044526986400698024
144.0,-0.002093598945066333
160.0,-0.0006804405947554591
176.0,-0.002602680725330073
192.0,-0.005854507525428845
208.0,-0.008616600473437252
224.0,-0.00840429686973544
240.0,-0.009030884580473261
256.0,-0.007300396312429156
288.0,0.0008826293415040709
320.0,-0.004157579307502601
352.0,-0.0013005973341932986
384.0,-0.0064044380824270775
416.0,-0.015251327562509687
448.0,-0.004955846947268583
480.0,-0.0052915423293598
512.0,-0.004263112366970745
576.0,0.005781739406908552
640.0,-0.00849937740713358
704.0,-0.009593606111593544
768.0,-0.01207594723382499
832.0,0.008679651907489946
896.0,4.276974747578303e-05
960.0,-0.005024284357205033
1024.0,-0.006907395872985944
end
