version,3.0
numOfCh,1
type,point
parent_name,labthresh-0dot04_avgcorrs
ch_type,1_1
kcount,1
numberNandB,1
brightnessNandB,1
carpet pos,0
pc,0
Time (ms),CH1 Auto-Correlation
1.0,0.09628398716449738
2.0,0.0924462154507637
3.0,0.08932369947433472
4.0,0.08647815883159637
5.0,0.08402560651302338
6.0,0.0816638320684433
7.0,0.07909625768661499
8.0,0.07680238783359528
9.0,0.07456561177968979
10.0,0.0726020559668541
11.0,0.07080335170030594
12.0,0.0689215436577797
13.0,0.0671667829155922
14.0,0.06568814814090729
15.0,0.06417306512594223
16.0,0.06286818534135818
18.0,0.06016787514090538
20.0,0.057291269302368164
22.0,0.05404089018702507
24.0,0.05125626176595688
26.0,0.04791813716292381
28.0,0.04429148882627487
30.0,0.04176640510559082
32.0,0.0392092689871788
36.0,0.041358590076992253
40.0,0.03889746541082988
44.0,0.03688153984990937
48.0,0.034673287914807185
52.0,0.03290110717891905
56.0,0.03130091423237765
60.0,0.030105271385292762
64.0,0.028898859262914845
72.0,0.028048616341534813
80.0,0.02208055223970653
88.0,0.01806551344237629
96.0,0.014842132630292326
104.0,0.013663847104577475
112.0,0.011933114369061183
120.0,0.012883567480457714
128.0,0.012209116502344842
144.0,0.0119283354273648
160.0,0.0034712587638447683
176.0,0.0022056513698771596
192.0,-0.0013656781481889387
208.0,-0.00599404990983506
224.0,-0.004525659846452376
240.0,-0.00011202987349991287
256.0,0.003168531502264419
288.0,-0.01466708299703896
320.0,-0.019696768978610633
352.0,-0.03174627535699983
384.0,-0.0380356629146263
416.0,-0.03317396123893559
448.0,-0.02865687613375485
480.0,-0.0338003498967737
512.0,-0.03506047420669347
576.0,0.028602178984632094
640.0,0.007497845605636637
704.0,0.004095054697245359
768.0,0.0031376834958791733
832.0,-0.06830657459795475
896.0,-0.07816615452369054
960.0,-0.08773945737630129
1024.0,-0.06636393303051591
1152.0,0.038463231176137924
1280.0,-0.005755800753831863
1408.0,-0.049689386039972305
1536.0,-0.00953965075314045
1664.0,-0.06197121739387512
1792.0,-0.12997357547283173
1920.0,-0.11302217096090317
2048.0,-0.10801864415407181
end
