version,3.0
numOfCh,1
type,point
parent_name,labthresh-0dot04_avgcorrs
ch_type,1_1
kcount,1
numberNandB,1
brightnessNandB,1
carpet pos,0
pc,0
Time (ms),CH1 Auto-Correlation
1.0,0.024981683120131493
2.0,0.021864276379346848
3.0,0.019761553034186363
4.0,0.018148742616176605
5.0,0.01691845804452896
6.0,0.01607649028301239
7.0,0.015377790667116642
8.0,0.014610035344958305
9.0,0.013775714673101902
10.0,0.012953326106071472
11.0,0.012262084521353245
12.0,0.011368600651621819
13.0,0.010926690883934498
14.0,0.010528795421123505
15.0,0.01038236916065216
16.0,0.010127430781722069
18.0,0.009556994773447514
20.0,0.00906363409012556
22.0,0.008372824639081955
24.0,0.007665093522518873
26.0,0.007517335936427116
28.0,0.007417528890073299
30.0,0.00717957642454541
32.0,0.00707440482758958
36.0,0.010355631087172103
40.0,0.008962608445155796
44.0,0.007245342369811703
48.0,0.006693906502535
52.0,0.006195753617762618
56.0,0.005229992059985702
60.0,0.0035921100908205476
64.0,0.002305449352602211
72.0,0.002264797364516294
80.0,0.0014963832784958772
88.0,0.0012531223079636938
96.0,0.0003246993933556185
104.0,-0.0006246199252353491
112.0,-0.0017003620113858855
120.0,-0.0018541023378287826
128.0,-0.0019404237682465464
144.0,-0.004186080602327517
160.0,-0.0036113554728217424
176.0,-0.002557888151689743
192.0,-0.0018636285016934077
208.0,-0.001236335956248998
224.0,-0.002478968499538799
240.0,-0.002146915731524738
256.0,-0.0005054023989941925
288.0,-0.001896187404377593
320.0,-0.002135374108749804
352.0,-0.0010952199194839017
384.0,-0.00011365312416779084
416.0,0.00241967132994129
448.0,0.005856153587551994
480.0,0.005944908974925056
512.0,0.0034140665156883188
576.0,-0.0010733697796240448
640.0,-0.003965225245337933
704.0,-0.008745731855742633
768.0,-0.011891494871815667
832.0,-0.014871652016881853
896.0,-0.01090466815221589
960.0,-0.010592302097938955
1024.0,-0.011865643026249017
1152.0,-0.027840325608849525
1280.0,-0.03314203768968582
1408.0,-0.010359322652220726
1536.0,0.008306453004479408
1664.0,0.0030103353783488274
1792.0,0.016446953639388084
1920.0,0.03501410037279129
2048.0,0.05793854221701622
end
