version,3.0
numOfCh,1
type,point
parent_name,labthresh-0dot04_avgcorrs
ch_type,1_1
kcount,1
numberNandB,1
brightnessNandB,1
carpet pos,0
pc,0
Time (ms),CH1 Auto-Correlation
1.0,0.04723011702299118
2.0,0.03980831429362297
3.0,0.03428097441792488
4.0,0.02931600622832775
5.0,0.025357699021697044
6.0,0.022348543629050255
7.0,0.019933048635721207
8.0,0.017696421593427658
9.0,0.015081226825714111
10.0,0.01283287350088358
11.0,0.010790285654366016
12.0,0.009253070689737797
13.0,0.008202409371733665
14.0,0.0066685364581644535
15.0,0.004921643529087305
16.0,0.004125072155147791
18.0,0.002505781129002571
20.0,0.0015022341394796968
22.0,0.0003849409695249051
24.0,-0.0009116278379224241
26.0,-0.002413995796814561
28.0,-0.003431632649153471
30.0,-0.004913941957056522
32.0,-0.005435739643871784
36.0,-0.0025315822849127775
40.0,-0.00424697877036427
44.0,-0.0061329866036733925
48.0,-0.006608084028509135
52.0,-0.004841400942920396
56.0,-0.0028482097398523365
60.0,-0.0021362349099945275
64.0,0.0007390964165097103
72.0,0.0009946177713572979
80.0,-0.0010449786495883018
88.0,-0.003082996295415796
96.0,-0.003940060130844358
104.0,-0.001499883488213527
112.0,0.000571862337528728
120.0,-0.0014445454425616557
128.0,-0.002042837639716086
144.0,-0.0035490401765295807
160.0,-0.003637163134184308
176.0,-0.00282374307146081
192.0,-0.002087206952497721
208.0,-0.007899518484079566
224.0,-0.008671452197282074
240.0,-0.008917112694083093
256.0,-0.0045102536484288675
288.0,-0.004079806552908849
320.0,-0.004868932235694956
352.0,0.0001820288052840624
384.0,6.409301022358704e-05
416.0,-0.001233540508110309
448.0,-0.0021382776685641147
480.0,-0.001340606697340263
512.0,-0.00023915085330372676
576.0,-0.0016316380206262693
640.0,-0.0015159437461989
704.0,0.0019326916662976146
768.0,0.0003132398705929518
832.0,-0.0019277467508800328
896.0,-0.004595280101057142
960.0,-0.004056645353557542
1024.0,0.0056415136059513316
1152.0,0.0002891090407501906
1280.0,-2.572995435912162e-05
1408.0,0.0018066471675410867
1536.0,0.00017971964552998543
1664.0,0.0018302983371540904
1792.0,-0.0012626328971236944
1920.0,-0.0006374863442033529
2048.0,-0.0013265175512060523
end
