version,3.0
numOfCh,1
type,point
parent_name,fe81d_0dot4-0dot01
ch_type,1_1
kcount,1
numberNandB,1
brightnessNandB,1
carpet pos,0
pc,0
Time (ms),CH1 Auto-Correlation
1.0,0.10436146706342697
2.0,0.102657251060009
3.0,0.1009935811161995
4.0,0.09947582334280014
5.0,0.09804479032754898
6.0,0.09671355783939362
7.0,0.09535752236843109
8.0,0.09408862143754959
9.0,0.09294723719358444
10.0,0.09178795665502548
11.0,0.09056058526039124
12.0,0.0892878845334053
13.0,0.08809811621904373
14.0,0.08700575679540634
15.0,0.08599875122308731
16.0,0.08494511246681213
18.0,0.08274323493242264
20.0,0.08072265982627869
22.0,0.07910197973251343
24.0,0.07768052071332932
26.0,0.07606709748506546
28.0,0.07421189546585083
30.0,0.0721769705414772
32.0,0.0701998621225357
36.0,0.06506306678056717
40.0,0.06112806871533394
44.0,0.05679086968302727
48.0,0.052817653864622116
52.0,0.049064453691244125
56.0,0.04547133669257164
60.0,0.04208322614431381
64.0,0.039469655603170395
72.0,0.03302433341741562
80.0,0.029130319133400917
88.0,0.027905479073524475
96.0,0.026964416727423668
104.0,0.025888124480843544
112.0,0.024036884307861328
120.0,0.02249905653297901
128.0,0.02107747085392475
144.0,0.020005902275443077
160.0,0.021983247250318527
176.0,0.021869195625185966
192.0,0.022493232041597366
208.0,0.024732649326324463
224.0,0.025311043485999107
240.0,0.027153674513101578
256.0,0.030594754964113235
288.0,0.03724559769034386
320.0,0.039040159434080124
352.0,0.033530279994010925
384.0,0.024851955473423004
416.0,0.023495951667428017
448.0,0.024496056139469147
480.0,0.022105632349848747
512.0,0.019582480192184448
576.0,0.02184099517762661
640.0,0.016612183302640915
704.0,0.017124848440289497
768.0,0.0213460735976696
832.0,0.014212319627404213
896.0,0.01889421045780182
960.0,0.018462659791111946
1024.0,0.015773415565490723
1152.0,0.011383852921426296
1280.0,0.008242907002568245
1408.0,0.016812961548566818
1536.0,0.012616614811122417
1664.0,-0.0027105428744107485
1792.0,0.0032918655779212713
1920.0,-0.006142737343907356
2048.0,-0.017476769164204597
2304.0,-0.011930570937693119
2560.0,-0.019613714888691902
2816.0,-0.023888448253273964
3072.0,-0.02384314127266407
3328.0,-0.027028845623135567
3584.0,-0.031371839344501495
3840.0,-0.04013979807496071
4096.0,-0.04911302030086517
end
