version,3.0
numOfCh,1
type,point
parent_name,fe81d_0dot4-0dot01
ch_type,1_1
kcount,1
numberNandB,1
brightnessNandB,1
carpet pos,0
pc,0
Time (ms),CH1 Auto-Correlation
1.0,0.20926719903945923
2.0,0.2081425040960312
3.0,0.2070581167936325
4.0,0.20603320002555847
5.0,0.20504167675971985
6.0,0.20406484603881836
7.0,0.20312368869781494
8.0,0.2022945135831833
9.0,0.20142358541488647
10.0,0.2005358189344406
11.0,0.19962447881698608
12.0,0.19872812926769257
13.0,0.1979019194841385
14.0,0.19709235429763794
15.0,0.19634954631328583
16.0,0.19564366340637207
18.0,0.19418172538280487
20.0,0.19263826310634613
22.0,0.1910746991634369
24.0,0.18965108692646027
26.0,0.18821628391742706
28.0,0.18683254718780518
30.0,0.18542388081550598
32.0,0.18399320542812347
36.0,0.18127623200416565
40.0,0.1784861981868744
44.0,0.17601455748081207
48.0,0.1734437495470047
52.0,0.1708042323589325
56.0,0.1683109849691391
60.0,0.1658289134502411
64.0,0.1632114052772522
72.0,0.15858867764472961
80.0,0.1544729769229889
88.0,0.15041370689868927
96.0,0.14670737087726593
104.0,0.14265868067741394
112.0,0.13903291523456573
120.0,0.13623672723770142
128.0,0.13387133181095123
144.0,0.13047590851783752
160.0,0.12526942789554596
176.0,0.12029887735843658
192.0,0.11655781418085098
208.0,0.11389831453561783
224.0,0.11005207896232605
240.0,0.10570275038480759
256.0,0.10063742846250534
288.0,0.09053327143192291
320.0,0.08362261205911636
352.0,0.08007903397083282
384.0,0.07641433924436569
416.0,0.07441376149654388
448.0,0.07193288207054138
480.0,0.06238432228565216
512.0,0.05402405560016632
576.0,0.03887989744544029
640.0,0.03748312219977379
704.0,0.030094651505351067
768.0,0.02028389275074005
832.0,0.017361056059598923
896.0,0.014723269268870354
960.0,0.005819523707032204
1024.0,0.0016732016811147332
1152.0,-0.008997336030006409
1280.0,-0.017332829535007477
1408.0,-0.020529547706246376
1536.0,-0.03003554418683052
1664.0,-0.05271419510245323
1792.0,-0.07405707240104675
1920.0,-0.09641154110431671
2048.0,-0.1331920176744461
2304.0,-0.13477589190006256
2560.0,-0.08234269171953201
2816.0,-0.06072887405753136
3072.0,-0.04222963750362396
3328.0,-0.0037320172414183617
3584.0,0.0033242369536310434
3840.0,0.07198434323072433
4096.0,0.08622493594884872
end
