version,3.0
numOfCh,1
type,point
parent_name,fe81d_0dot4-0dot01
ch_type,1_1
kcount,1
numberNandB,1
brightnessNandB,1
carpet pos,0
pc,0
Time (ms),CH1 Auto-Correlation
1.0,0.034900862723588943
2.0,0.03374840319156647
3.0,0.032655324786901474
4.0,0.03160220757126808
5.0,0.030593015253543854
6.0,0.029638057574629784
7.0,0.02873990312218666
8.0,0.027958057820796967
9.0,0.027213027700781822
10.0,0.02647850476205349
11.0,0.025818178430199623
12.0,0.025160273537039757
13.0,0.02452583983540535
14.0,0.023910002782940865
15.0,0.023360000923275948
16.0,0.02288014069199562
18.0,0.02210344932973385
20.0,0.02149336226284504
22.0,0.020872944965958595
24.0,0.020313818007707596
26.0,0.01967882737517357
28.0,0.018997976556420326
30.0,0.01834951899945736
32.0,0.017569061368703842
36.0,0.01602516882121563
40.0,0.01474149338901043
44.0,0.013920888304710388
48.0,0.013556605204939842
52.0,0.013396978378295898
56.0,0.013013537041842937
60.0,0.012784645892679691
64.0,0.01249095518141985
72.0,0.01177989225834608
80.0,0.011311263777315617
88.0,0.010458565317094326
96.0,0.009268367663025856
104.0,0.007669135928153992
112.0,0.0065379515290260315
120.0,0.00567276868969202
128.0,0.004672898445278406
144.0,0.004279416054487228
160.0,0.0038012214936316013
176.0,0.0032880231738090515
192.0,0.0015038650017231703
208.0,0.0001700332941254601
224.0,-0.0005649749655276537
240.0,-0.0004943368257954717
256.0,-7.648691098438576e-05
288.0,0.0009644533856771886
320.0,0.0014822439989075065
352.0,0.0029621680732816458
384.0,0.0037007154896855354
416.0,0.004830115009099245
448.0,0.005446848459541798
480.0,0.005141604691743851
512.0,0.004910447169095278
576.0,0.005926735233515501
640.0,0.0055936723947525024
704.0,0.002646574517711997
768.0,-0.0006502088508568704
832.0,-0.002286577830091119
896.0,-0.0010564482072368264
960.0,0.0023591206409037113
1024.0,0.004875303711742163
1152.0,0.0014100472908467054
1280.0,0.0019441719632595778
1408.0,-0.0006329440511763096
1536.0,0.0011830251896753907
1664.0,0.0024955866392701864
1792.0,-0.003555081784725189
1920.0,-0.005995721556246281
2048.0,-0.006958498153835535
2304.0,-0.004095515236258507
2560.0,-0.01015381794422865
2816.0,0.0013449492398649454
3072.0,-0.005881782155483961
3328.0,-0.00211366661824286
3584.0,-0.007913339883089066
3840.0,-0.004020194988697767
4096.0,-0.007521883584558964
end
