version,3.0
numOfCh,1
type,point
parent_name,fe81d_0dot4-0dot01
ch_type,1_1
kcount,1
numberNandB,1
brightnessNandB,1
carpet pos,0
pc,0
Time (ms),CH1 Auto-Correlation
1.0,0.04234268143773079
2.0,0.04107083007693291
3.0,0.03985399380326271
4.0,0.038645803928375244
5.0,0.0375896692276001
6.0,0.03660305589437485
7.0,0.035710159689188004
8.0,0.03488289192318916
9.0,0.03406093642115593
10.0,0.033303551375865936
11.0,0.03255314379930496
12.0,0.03186140954494476
13.0,0.03116750903427601
14.0,0.030487842857837677
15.0,0.029891282320022583
16.0,0.02924337610602379
18.0,0.027893709018826485
20.0,0.026696672663092613
22.0,0.02591683901846409
24.0,0.025310812518000603
26.0,0.024626262485980988
28.0,0.02393651008605957
30.0,0.023334171622991562
32.0,0.022772150114178658
36.0,0.021885836496949196
40.0,0.021277450025081635
44.0,0.020380539819598198
48.0,0.019269082695245743
52.0,0.017847556620836258
56.0,0.016814209520816803
60.0,0.016216440126299858
64.0,0.015618997626006603
72.0,0.014384690672159195
80.0,0.01303175464272499
88.0,0.01093260571360588
96.0,0.008584552444517612
104.0,0.008254164829850197
112.0,0.007809448055922985
120.0,0.008009924553334713
128.0,0.008521776646375656
144.0,0.008521978743374348
160.0,0.005681589711457491
176.0,0.00459959777072072
192.0,0.004068172536790371
208.0,0.004282079171389341
224.0,0.0035694879479706287
240.0,0.0034220279194414616
256.0,0.004696129821240902
288.0,0.0035923810210078955
320.0,0.003973755054175854
352.0,0.002645842730998993
384.0,0.002263248898088932
416.0,0.0008830844308249652
448.0,0.0007596556097269058
480.0,0.0017266543582081795
512.0,0.0015437552938237786
576.0,0.0016324245370924473
640.0,0.0009430292993783951
704.0,-0.00019632601470220834
768.0,-0.003552643582224846
832.0,-0.004063955508172512
896.0,-0.0062026274390518665
960.0,-0.006500507704913616
1024.0,-0.009516596794128418
1152.0,-0.0066714780405163765
1280.0,-0.00039931919309310615
1408.0,-0.0052822791039943695
1536.0,-0.004691223613917828
1664.0,-0.008664203807711601
1792.0,-0.0037057907320559025
1920.0,-0.007443363778293133
2048.0,-0.006547024939209223
2304.0,-0.00308298715390265
2560.0,-0.0046630059368908405
2816.0,0.010283906012773514
3072.0,0.021716101095080376
3328.0,0.007570648565888405
3584.0,0.006690275855362415
end
