version,3.0
numOfCh,1
type,point
parent_name,34766_0dot1-0dot1
ch_type,1_1
kcount,1
numberNandB,1
brightnessNandB,1
carpet pos,0
pc,0
Time (ms),CH1 Auto-Correlation
1.0,0.0730200931429863
2.0,0.07004110515117645
3.0,0.06925764679908752
4.0,0.0685313493013382
5.0,0.06794224679470062
6.0,0.06740713864564896
7.0,0.06680051237344742
8.0,0.06616144627332687
9.0,0.06553851068019867
10.0,0.06492318958044052
11.0,0.06431292742490768
12.0,0.0637984499335289
13.0,0.06331413984298706
14.0,0.0628330260515213
15.0,0.062348078936338425
16.0,0.061847981065511703
18.0,0.06094101443886757
20.0,0.06009015813469887
22.0,0.05928003415465355
24.0,0.05855756253004074
26.0,0.0577838271856308
28.0,0.0570913702249527
30.0,0.05640316382050514
32.0,0.05577272176742554
36.0,0.054241880774497986
40.0,0.05290667340159416
44.0,0.05168996378779411
48.0,0.050459422171115875
52.0,0.04937182739377022
56.0,0.04841063544154167
60.0,0.04744940251111984
64.0,0.04654712975025177
72.0,0.04469877481460571
80.0,0.04283963143825531
88.0,0.04119148105382919
96.0,0.039568085223436356
104.0,0.03795696049928665
112.0,0.036462921649217606
120.0,0.03469311445951462
128.0,0.03298041969537735
144.0,0.030436435714364052
160.0,0.02856890670955181
176.0,0.027747867628932
192.0,0.027459342032670975
208.0,0.02696952410042286
224.0,0.02629641257226467
240.0,0.025191158056259155
256.0,0.02405146136879921
288.0,0.023040765896439552
320.0,0.022820958867669106
352.0,0.021449541673064232
384.0,0.019270913675427437
416.0,0.01771373115479946
448.0,0.014870554208755493
480.0,0.012944239191710949
512.0,0.012051334604620934
576.0,0.012993837706744671
640.0,0.013716816902160645
704.0,0.009308491833508015
768.0,0.007688803598284721
832.0,0.007455033715814352
896.0,0.006875514984130859
960.0,0.00774613069370389
1024.0,0.01011294312775135
1152.0,0.009321280755102634
1280.0,0.00822113361209631
1408.0,0.009703561663627625
1536.0,0.009672596119344234
1664.0,0.01005769707262516
1792.0,0.005043365992605686
1920.0,0.0031006173230707645
2048.0,0.0012855746317654848
2304.0,0.008227895013988018
2560.0,0.017056025564670563
2816.0,0.014992104843258858
3072.0,0.008475079201161861
3328.0,0.0013689466286450624
3584.0,0.002164485165849328
3840.0,0.006260157097131014
4096.0,0.009671255946159363
4608.0,0.0011127858888357878
5120.0,-0.008676711469888687
5632.0,-0.006970901973545551
6144.0,-0.009050444699823856
6656.0,-0.012012197636067867
7168.0,-0.011619845405220985
7680.0,-0.023389426991343498
8192.0,-0.021999191492795944
end
