version,3.0
numOfCh,1
type,point
parent_name,34766_0dot1-0dot1
ch_type,1_1
kcount,1
numberNandB,1
brightnessNandB,1
carpet pos,0
pc,0
Time (ms),CH1 Auto-Correlation
1.0,0.07188226282596588
2.0,0.07129941880702972
3.0,0.07073642313480377
4.0,0.07021281123161316
5.0,0.06971610337495804
6.0,0.0691978856921196
7.0,0.06871163100004196
8.0,0.06821972876787186
9.0,0.06776601076126099
10.0,0.06732296198606491
11.0,0.06688621640205383
12.0,0.06643223762512207
13.0,0.06600996106863022
14.0,0.0655941292643547
15.0,0.0652012974023819
16.0,0.0648350939154625
18.0,0.06412942707538605
20.0,0.06344867497682571
22.0,0.06274893879890442
24.0,0.062031712383031845
26.0,0.06136075407266617
28.0,0.06076318770647049
30.0,0.06017337366938591
32.0,0.05961441621184349
36.0,0.058512479066848755
40.0,0.05739051103591919
44.0,0.05629558861255646
48.0,0.05517677962779999
52.0,0.054054129868745804
56.0,0.05298477038741112
60.0,0.05209413543343544
64.0,0.05131802335381508
72.0,0.04962685704231262
80.0,0.048011574894189835
88.0,0.04631770774722099
96.0,0.04441032186150551
104.0,0.04282392933964729
112.0,0.04150204360485077
120.0,0.04027942940592766
128.0,0.03901725262403488
144.0,0.03657263144850731
160.0,0.03455054759979248
176.0,0.03312809020280838
192.0,0.03232599049806595
208.0,0.03185056522488594
224.0,0.031118396669626236
240.0,0.0302884541451931
256.0,0.03035859577357769
288.0,0.03048299066722393
320.0,0.029563473537564278
352.0,0.028810592368245125
384.0,0.026978064328432083
416.0,0.026100099086761475
448.0,0.025422383099794388
480.0,0.02473829872906208
512.0,0.024023063480854034
576.0,0.024795709177851677
640.0,0.024065755307674408
704.0,0.02071230858564377
768.0,0.01773330569267273
832.0,0.015911513939499855
896.0,0.016686413437128067
960.0,0.018236452713608742
1024.0,0.01772403158247471
1152.0,0.014773182570934296
1280.0,0.012464013881981373
1408.0,0.007235621102154255
1536.0,0.001289618550799787
1664.0,0.004749173764139414
1792.0,0.005364439450204372
1920.0,0.005012954119592905
2048.0,0.0011932121124118567
2304.0,0.002212964231148362
2560.0,-0.010856129229068756
2816.0,-0.013857615180313587
3072.0,-0.016226299107074738
3328.0,-0.021449655294418335
3584.0,-0.019497396424412727
3840.0,-0.020053088665008545
4096.0,-0.015165489166975021
4608.0,-0.025214720517396927
5120.0,-0.023080134764313698
5632.0,-0.01017021480947733
6144.0,0.007143916562199593
6656.0,0.023995671421289444
7168.0,0.022308945655822754
7680.0,0.02568918839097023
8192.0,0.02728278748691082
end
