version,3.0
numOfCh,1
type,point
parent_name,714af_0dot069-0dot01
ch_type,1_1
kcount,1
numberNandB,1
brightnessNandB,1
carpet pos,0
pc,0
Time (ms),CH1 Auto-Correlation
1.0,0.05104174464941025
2.0,0.05016626417636871
3.0,0.04936589300632477
4.0,0.04854685068130493
5.0,0.047686491161584854
6.0,0.04678446799516678
7.0,0.04592517390847206
8.0,0.04507601261138916
9.0,0.04422009736299515
10.0,0.04341631010174751
11.0,0.042609479278326035
12.0,0.0417373850941658
13.0,0.040916163474321365
14.0,0.04008615389466286
15.0,0.03922845423221588
16.0,0.038432732224464417
18.0,0.036997295916080475
20.0,0.0354342944920063
22.0,0.035159677267074585
24.0,0.03489622473716736
26.0,0.034654464572668076
28.0,0.03439375013113022
30.0,0.034123167395591736
32.0,0.03386446088552475
36.0,0.03328530490398407
40.0,0.03264688700437546
44.0,0.03206610679626465
48.0,0.031447749584913254
52.0,0.03087693825364113
56.0,0.030310004949569702
60.0,0.0297596026211977
64.0,0.029192186892032623
72.0,0.028540456667542458
80.0,0.027550891041755676
88.0,0.026258649304509163
96.0,0.024830373004078865
104.0,0.02354520931839943
112.0,0.022487755864858627
120.0,0.02152477763593197
128.0,0.020593823865056038
144.0,0.01932191476225853
160.0,0.01846868358552456
176.0,0.017446432262659073
192.0,0.017156410962343216
208.0,0.016210727393627167
224.0,0.014987325295805931
240.0,0.014293856918811798
256.0,0.013711606152355671
288.0,0.0145705072209239
320.0,0.013085555285215378
352.0,0.011937230825424194
384.0,0.011566936038434505
416.0,0.011752464808523655
448.0,0.012282541021704674
480.0,0.01274777203798294
512.0,0.012000329792499542
576.0,0.007074717432260513
640.0,0.0028819639701396227
704.0,0.0006937893922440708
768.0,-0.002285777125507593
832.0,-0.005921481642872095
896.0,-0.006665653083473444
960.0,-0.00500108115375042
1024.0,-0.004562235902994871
1152.0,-0.004054646473377943
1280.0,-0.004910158459097147
1408.0,-0.007286548148840666
1536.0,-0.005865483544766903
1664.0,-0.004171461798250675
1792.0,-0.007814749144017696
1920.0,-0.006884296890348196
2048.0,-0.008307107724249363
2304.0,-0.005100086331367493
2560.0,-0.010158873163163662
2816.0,-0.012137855403125286
3072.0,-0.010325638577342033
3328.0,-0.013367597945034504
3584.0,-0.0061355531215667725
3840.0,-0.006881427019834518
4096.0,-0.002046936424449086
end
