version,3.0
numOfCh,1
type,point
parent_name,714af_0dot069-0dot01
ch_type,1_1
kcount,1
numberNandB,1
brightnessNandB,1
carpet pos,0
pc,0
Time (ms),CH1 Auto-Correlation
1.0,0.019298557192087173
2.0,0.019090669229626656
3.0,0.01888219639658928
4.0,0.018680492416024208
5.0,0.018483249470591545
6.0,0.018284380435943604
7.0,0.01808377355337143
8.0,0.017881710082292557
9.0,0.01767961122095585
10.0,0.017484651878476143
11.0,0.01729637384414673
12.0,0.017108043655753136
13.0,0.016924861818552017
14.0,0.01673908159136772
15.0,0.01655399240553379
16.0,0.016368292272090912
18.0,0.01601811684668064
20.0,0.015677938237786293
22.0,0.015333239920437336
24.0,0.014971867203712463
26.0,0.014626097865402699
28.0,0.014291130937635899
30.0,0.013954809866845608
32.0,0.013617461547255516
36.0,0.012995488941669464
40.0,0.012384096160531044
44.0,0.011756333522498608
48.0,0.01116751879453659
52.0,0.010594598948955536
56.0,0.010071278549730778
60.0,0.009564460255205631
64.0,0.00905798003077507
72.0,0.008015845902264118
80.0,0.0072189802303910255
88.0,0.006683984771370888
96.0,0.006220483686774969
104.0,0.005809457041323185
112.0,0.0054474626667797565
120.0,0.005140707828104496
128.0,0.004828059114515781
144.0,0.004314641002565622
160.0,0.003705109003931284
176.0,0.003096731146797538
192.0,0.002490975195541978
208.0,0.0018443441949784756
224.0,0.0010416265577077866
240.0,0.0006131225381977856
256.0,0.0005004517734050751
288.0,0.001906637684442103
320.0,0.0026479819789528847
352.0,0.0020528510212898254
384.0,0.001461169682443142
416.0,0.0017499186797067523
448.0,0.002673938637599349
480.0,0.0028344392776489258
512.0,0.0025150002911686897
576.0,0.0021519307047128677
640.0,0.0009682060917839408
704.0,0.0001686897303443402
768.0,0.0005569010972976685
832.0,-0.0012553143315017223
896.0,-0.0013386979699134827
960.0,-0.00014551902131643146
1024.0,0.0008406586712226272
1152.0,0.0024522473104298115
1280.0,0.0011907850857824087
1408.0,8.844177500577644e-05
1536.0,0.0015966889914125204
1664.0,0.0012843281729146838
1792.0,0.0007705540047027171
1920.0,-0.0017595055978745222
2048.0,-0.003126702969893813
2304.0,0.00016425203648395836
2560.0,-0.0026839585043489933
2816.0,0.002145133214071393
3072.0,0.001174725592136383
3328.0,0.002151825465261936
3584.0,0.0015911089722067118
3840.0,-0.001172762829810381
4096.0,0.00048356555635109544
end
