version,3.0
numOfCh,1
type,point
parent_name,19e3e_0dot069-0dot1
ch_type,1_1
kcount,1
numberNandB,1
brightnessNandB,1
carpet pos,0
pc,0
Time (ms),CH1 Auto-Correlation
1.0,0.07378498464822769
2.0,0.0732896700501442
3.0,0.07281339913606644
4.0,0.0723610445857048
5.0,0.07192877680063248
6.0,0.07149029523134232
7.0,0.07106368988752365
8.0,0.07065639644861221
9.0,0.07024499773979187
10.0,0.0698406919836998
11.0,0.0694410502910614
12.0,0.06905531883239746
13.0,0.06868837773799896
14.0,0.06831791996955872
15.0,0.06794121116399765
16.0,0.0675707459449768
18.0,0.0668620839715004
20.0,0.06622358411550522
22.0,0.06563323736190796
24.0,0.06504406780004501
26.0,0.0644853338599205
28.0,0.06395024061203003
30.0,0.06341586261987686
32.0,0.06284468621015549
36.0,0.061664700508117676
40.0,0.06047538295388222
44.0,0.05928082764148712
48.0,0.05812268704175949
52.0,0.05701269209384918
56.0,0.05593658983707428
60.0,0.05498121306300163
64.0,0.054046060889959335
72.0,0.052149102091789246
80.0,0.05043517053127289
88.0,0.04890472814440727
96.0,0.0475546270608902
104.0,0.04623614251613617
112.0,0.04497561231255531
120.0,0.04366558417677879
128.0,0.04246407747268677
144.0,0.03994762897491455
160.0,0.0371834896504879
176.0,0.0348612517118454
192.0,0.032655853778123856
208.0,0.030623042955994606
224.0,0.02890816330909729
240.0,0.02752789296209812
256.0,0.026688510552048683
288.0,0.02586120367050171
320.0,0.02346314676105976
352.0,0.020271731540560722
384.0,0.016564233228564262
416.0,0.013147898018360138
448.0,0.010860915295779705
480.0,0.00924519170075655
512.0,0.007651370018720627
576.0,0.006316155660897493
640.0,0.0035988057497888803
704.0,-0.00023470510495826602
768.0,-0.00228730752132833
832.0,-0.00011188077041879296
896.0,0.005262427497655153
960.0,0.009930153377354145
1024.0,0.011228957213461399
1152.0,0.014209101907908916
1280.0,0.014874144457280636
1408.0,0.013649030588567257
1536.0,0.013827549293637276
1664.0,0.009802604094147682
1792.0,0.006742702331393957
1920.0,0.005265041720122099
2048.0,0.004690277855843306
2304.0,0.007753713056445122
2560.0,-0.0004518755595199764
2816.0,-0.007903419435024261
3072.0,-0.017765305936336517
3328.0,-0.012523231096565723
3584.0,-0.0050625065341591835
3840.0,-0.006511334795504808
4096.0,-0.00559081370010972
4608.0,-0.013321449980139732
5120.0,-0.008537502028048038
5632.0,-0.002564023481681943
6144.0,-0.004952440038323402
6656.0,-0.006229075137525797
7168.0,0.0017829443095251918
7680.0,0.0004512527375482023
8192.0,-0.0007622521370649338
end
