version,3.0
numOfCh,1
type,point
parent_name,19e3e_0dot069-0dot1
ch_type,1_1
kcount,1
numberNandB,1
brightnessNandB,1
carpet pos,0
pc,0
Time (ms),CH1 Auto-Correlation
1.0,0.14241017401218414
2.0,0.1416192650794983
3.0,0.1408955156803131
4.0,0.1402006447315216
5.0,0.1395193338394165
6.0,0.13887475430965424
7.0,0.1382630318403244
8.0,0.13766054809093475
9.0,0.13708437979221344
10.0,0.13653691112995148
11.0,0.13600505888462067
12.0,0.13542963564395905
13.0,0.1349201500415802
14.0,0.13441996276378632
15.0,0.1338755041360855
16.0,0.13335645198822021
18.0,0.13226868212223053
20.0,0.13126151263713837
22.0,0.13031326234340668
24.0,0.12949052453041077
26.0,0.1287318468093872
28.0,0.12806451320648193
30.0,0.12743771076202393
32.0,0.12684030830860138
36.0,0.1256423145532608
40.0,0.12460719048976898
44.0,0.12356878817081451
48.0,0.1225084662437439
52.0,0.12125810980796814
56.0,0.12001268565654755
60.0,0.11872796714305878
64.0,0.11731258034706116
72.0,0.11456812918186188
80.0,0.11204195767641068
88.0,0.10973303020000458
96.0,0.10747087746858597
104.0,0.104890376329422
112.0,0.10268013924360275
120.0,0.10080154240131378
128.0,0.09873208403587341
144.0,0.09365729242563248
160.0,0.0885625034570694
176.0,0.08434122055768967
192.0,0.07996712625026703
208.0,0.07548660039901733
224.0,0.07129040360450745
240.0,0.06702569127082825
256.0,0.06274862587451935
288.0,0.05494307354092598
320.0,0.04757048934698105
352.0,0.041392091661691666
384.0,0.03543424233794212
416.0,0.02988591603934765
448.0,0.023845404386520386
480.0,0.019148698076605797
512.0,0.01653301529586315
576.0,0.016313204541802406
640.0,0.01879272051155567
704.0,0.024970119819045067
768.0,0.03326703608036041
832.0,0.04115058481693268
896.0,0.04916064068675041
960.0,0.06000640615820885
1024.0,0.06827320903539658
1152.0,0.0721135288476944
1280.0,0.05959104001522064
1408.0,0.036810167133808136
1536.0,0.02108427882194519
1664.0,0.01966949738562107
1792.0,0.0226253941655159
1920.0,0.029294399544596672
2048.0,0.04135939106345177
2304.0,0.045701418071985245
2560.0,0.024125149473547935
2816.0,0.009962505660951138
3072.0,0.011761467903852463
3328.0,0.019505172967910767
3584.0,0.011484403163194656
3840.0,-0.003497873665764928
4096.0,-0.0027677707839757204
4608.0,-0.009923734702169895
5120.0,-0.023806925863027573
5632.0,-0.0372147373855114
6144.0,-0.05510804057121277
6656.0,-0.047275688499212265
7168.0,-0.057264577597379684
7680.0,-0.04447773098945618
8192.0,-0.0617012158036232
end
