version,3.0
numOfCh,1
type,point
parent_name,19e3e_0dot069-0dot1
ch_type,1_1
kcount,1
numberNandB,1
brightnessNandB,1
carpet pos,0
pc,0
Time (ms),CH1 Auto-Correlation
1.0,0.08758629858493805
2.0,0.08669431507587433
3.0,0.08586396276950836
4.0,0.08510342240333557
5.0,0.08435755968093872
6.0,0.08363305032253265
7.0,0.08293324708938599
8.0,0.08221881091594696
9.0,0.08152308315038681
10.0,0.08081814646720886
11.0,0.08014584332704544
12.0,0.07945761829614639
13.0,0.07878313213586807
14.0,0.07815904915332794
15.0,0.07755463570356369
16.0,0.07695271074771881
18.0,0.07580350339412689
20.0,0.07475310564041138
22.0,0.07369634509086609
24.0,0.07267993688583374
26.0,0.07168520987033844
28.0,0.07064541429281235
30.0,0.06967160850763321
32.0,0.0687553808093071
36.0,0.0668698102235794
40.0,0.06508433818817139
44.0,0.06338849663734436
48.0,0.061716388911008835
52.0,0.06025645509362221
56.0,0.0590655654668808
60.0,0.05797254666686058
64.0,0.056811049580574036
72.0,0.05457622930407524
80.0,0.05256696045398712
88.0,0.051099929958581924
96.0,0.04954952746629715
104.0,0.04770142585039139
112.0,0.045710232108831406
120.0,0.043844323605298996
128.0,0.04221954196691513
144.0,0.039259329438209534
160.0,0.03705486282706261
176.0,0.03407346457242966
192.0,0.03193076327443123
208.0,0.029507484287023544
224.0,0.028244907036423683
240.0,0.026968814432621002
256.0,0.025624481961131096
288.0,0.021489864215254784
320.0,0.019486991688609123
352.0,0.01746317371726036
384.0,0.0169241763651371
416.0,0.014020492322742939
448.0,0.012921593151986599
480.0,0.013364138081669807
512.0,0.010703395120799541
576.0,0.005952492821961641
640.0,0.00463184155523777
704.0,0.001701038214378059
768.0,0.004744631703943014
832.0,0.005410770419985056
896.0,0.003790872171521187
960.0,-0.0002704771759454161
1024.0,-0.00596021581441164
1152.0,-0.0076367780566215515
1280.0,-0.0016260856064036489
1408.0,0.007569761946797371
1536.0,0.015542465262115002
1664.0,0.015557588078081608
1792.0,0.013692767359316349
1920.0,0.009190595708787441
2048.0,0.003558020805940032
2304.0,0.0086250901222229
2560.0,-0.005614978726953268
2816.0,-0.009366968646645546
3072.0,-0.005863297265022993
3328.0,0.003440393600612879
3584.0,-0.004291853401809931
3840.0,0.005025380291044712
4096.0,0.007019990589469671
4608.0,-0.011747745797038078
5120.0,-0.020003164187073708
5632.0,-0.011054974980652332
6144.0,-0.005240065976977348
6656.0,-0.011291731148958206
7168.0,-0.0035161494743078947
7680.0,-0.011838005855679512
8192.0,-0.008106195367872715
end
