version,3.0
numOfCh,1
type,point
parent_name,labthresh-0dot04_avgcorrs
ch_type,1_1
kcount,1
numberNandB,1
brightnessNandB,1
carpet pos,0
pc,0
Time (ms),CH1 Auto-Correlation
1.0,0.28593167662620544
2.0,0.27543187141418457
3.0,0.26533451676368713
4.0,0.25605151057243347
5.0,0.24677972495555878
6.0,0.23827190697193146
7.0,0.229807049036026
8.0,0.22171464562416077
9.0,0.21443457901477814
10.0,0.2078106701374054
11.0,0.2014678418636322
12.0,0.19573891162872314
13.0,0.1899786740541458
14.0,0.1852988749742508
15.0,0.1813533753156662
16.0,0.17786316573619843
18.0,0.17027440667152405
20.0,0.1650717556476593
22.0,0.16041170060634613
24.0,0.15519508719444275
26.0,0.1514153629541397
28.0,0.14770004153251648
30.0,0.14250509440898895
32.0,0.13640061020851135
36.0,0.14617540655572983
40.0,0.1396482888931959
44.0,0.13125223779008427
48.0,0.12084668506444855
52.0,0.10981294791087169
56.0,0.10068175109402298
60.0,0.09519155978870747
64.0,0.09077202394837514
72.0,0.10159624650880099
80.0,0.07584287499433712
88.0,0.06267258135245785
96.0,0.054428480518468214
104.0,0.044887355549315756
112.0,0.042555080079610515
120.0,0.04142525964005686
128.0,0.03285105085524265
144.0,0.07203463017636254
160.0,0.04625629200811752
176.0,0.019028856461359697
192.0,0.00445989309810102
208.0,-0.010426257038488984
224.0,-0.01597644864920188
240.0,-0.019608492687852544
256.0,-0.028491579702610827
288.0,-0.046021152836536725
320.0,-0.0843447299141969
352.0,-0.10060089426614079
384.0,-0.09424567658321134
416.0,-0.10717083806438106
448.0,-0.16499655786901712
480.0,-0.0025622449815273286
512.0,-0.016962932981550695
576.0,-0.023401163052767515
640.0,-0.03359199326951057
704.0,-0.0342554640956223
768.0,-0.030037111486308277
832.0,-0.024306784034706652
896.0,-0.018852932844311
960.0,-0.02199468738399446
1024.0,-0.0494866642402485
1152.0,0.010569633916020393
1280.0,0.019747651182115078
1408.0,0.019668116234242916
1536.0,-0.010864237323403358
1664.0,-0.004481075331568718
1792.0,-0.015118958428502083
1920.0,-0.032051998656243086
2048.0,-0.04968190938234329
end
