version,3.0
numOfCh,1
type,point
parent_name,labthresh-0dot04_avgcorrs
ch_type,1_1
kcount,1
numberNandB,1
brightnessNandB,1
carpet pos,0
pc,0
Time (ms),CH1 Auto-Correlation
1.0,0.2515311539173126
2.0,0.23932231962680817
3.0,0.22887632250785828
4.0,0.21930226683616638
5.0,0.2099074423313141
6.0,0.20125798881053925
7.0,0.19284005463123322
8.0,0.18510830402374268
9.0,0.1784069985151291
10.0,0.171619713306427
11.0,0.16448144614696503
12.0,0.156996950507164
13.0,0.15050412714481354
14.0,0.14420963823795319
15.0,0.13718950748443604
16.0,0.13050635159015656
18.0,0.11807280033826828
20.0,0.10700787603855133
22.0,0.09673172235488892
24.0,0.08842192590236664
26.0,0.07898411899805069
28.0,0.07131238281726837
30.0,0.06687308540917002
32.0,0.06102548924682196
36.0,0.08975581086643443
40.0,0.0732750206842792
44.0,0.06255905868523326
48.0,0.05445007560342059
52.0,0.04920215357442676
56.0,0.04503035620389808
60.0,0.042400139256036105
64.0,0.03609745917694656
72.0,0.033329777049366384
80.0,0.015862437315518035
88.0,-0.004371349199209363
96.0,-0.027215423942543567
104.0,-0.05543206483591348
112.0,-0.08330262158066035
120.0,-0.09815185421915806
128.0,-0.10951391719382904
144.0,-0.030349012049555313
160.0,-0.02975314051582245
176.0,-0.034508652781369165
192.0,-0.04235214262007503
208.0,-0.051565193280112
224.0,-0.05512012771941954
240.0,-0.059522390256946285
256.0,-0.05624752752482891
288.0,-0.0354824995592935
320.0,-0.046919545624405146
352.0,-0.050846736109815535
384.0,-0.048253589402884246
416.0,-0.0509240196319297
448.0,-0.03813968460308388
480.0,-0.03293402307899669
512.0,-0.05053000617772341
576.0,-0.34420560812577605
640.0,-0.41531795379705727
704.0,-0.5184111418202519
768.0,-0.6883134767413139
832.0,-0.496970834210515
896.0,-0.06073449365794659
end
