version,3.0
numOfCh,1
type,point
parent_name,labthresh-0dot04_avgcorrs
ch_type,1_1
kcount,1
numberNandB,1
brightnessNandB,1
carpet pos,0
pc,0
Time (ms),CH1 Auto-Correlation
1.0,0.12114711850881577
2.0,0.10814069211483002
3.0,0.09865075349807739
4.0,0.08882338553667068
5.0,0.08148185908794403
6.0,0.07595445215702057
7.0,0.06988421082496643
8.0,0.06353823095560074
9.0,0.05842667445540428
10.0,0.05474098026752472
11.0,0.050813138484954834
12.0,0.048251744359731674
13.0,0.046568021178245544
14.0,0.043818507343530655
15.0,0.040157463401556015
16.0,0.036668818444013596
18.0,0.029862919822335243
20.0,0.025204095989465714
22.0,0.020816873759031296
24.0,0.016455207020044327
26.0,0.011051054112613201
28.0,0.006213395390659571
30.0,0.002379323821514845
32.0,-0.001281963661313057
36.0,-0.005731953000455784
40.0,-0.007938512335143363
44.0,-0.009843260221047482
48.0,-0.00810261744967041
52.0,-0.0057454937217698895
56.0,-0.007914858677152855
60.0,-0.012846413505030796
64.0,-0.013992244193408018
72.0,-0.01379286798328394
80.0,-0.02541475011385046
88.0,-0.029476599715417252
96.0,-0.027491113053110895
104.0,-0.026318059700133744
112.0,-0.023505194194149225
120.0,-0.02269679845669184
128.0,-0.021271934349849624
144.0,-0.005652798415842251
160.0,0.007572581954613829
176.0,0.013466108431412768
192.0,-0.0037757752702768464
208.0,-0.012330865926812224
224.0,-0.01314033592028024
240.0,-0.012889836496469798
256.0,-0.01545572055329103
288.0,-0.02160600045317551
320.0,-0.023441597615601495
352.0,-0.023570524597744225
384.0,-0.017223755625309423
416.0,-0.008813366686808877
448.0,-0.016147521371749463
480.0,-0.012584260752191767
512.0,-0.01698697212850675
576.0,-0.007052575296256691
640.0,0.009286720771342516
704.0,0.0016748989874031395
768.0,0.011927621206268668
832.0,0.009365469100885093
896.0,0.005701743881218135
960.0,0.005180202890187502
1024.0,0.010189796645136084
1152.0,-0.0005156270926818252
1280.0,0.009613684378564358
1408.0,-0.0017148008337244391
1536.0,0.0035409859847277403
1664.0,0.0099204545840621
1792.0,-0.020484911277890205
1920.0,-0.018821390345692635
2048.0,0.0013466003583744168
end
