version,3.0
numOfCh,1
type,point
parent_name,labthresh-0dot04_avgcorrs
ch_type,1_1
kcount,1
numberNandB,1
brightnessNandB,1
carpet pos,0
pc,0
Time (ms),CH1 Auto-Correlation
1.0,0.04761534556746483
2.0,0.04318109527230263
3.0,0.03939526900649071
4.0,0.035830169916152954
5.0,0.03289640694856644
6.0,0.02989492192864418
7.0,0.027086514979600906
8.0,0.024722259491682053
9.0,0.021855173632502556
10.0,0.019298667088150978
11.0,0.01709471084177494
12.0,0.015115693211555481
13.0,0.013325640000402927
14.0,0.012147401459515095
15.0,0.010905878618359566
16.0,0.009936478920280933
18.0,0.007835774682462215
20.0,0.006975991185754538
22.0,0.006401676684617996
24.0,0.0052024745382368565
26.0,0.0036485411692410707
28.0,0.0017921605613082647
30.0,0.0004786865320056677
32.0,-0.0005093822255730629
36.0,0.002728028208999287
40.0,0.0016372026926230478
44.0,5.352781432599801e-05
48.0,-0.0005320966719528255
52.0,0.000575976026163477
56.0,0.0007277326379983646
60.0,3.920187642190444e-05
64.0,-0.0014259944405437084
72.0,0.002342957514984947
80.0,0.0008714462843878815
88.0,0.003341511965522336
96.0,0.0016783115738689958
104.0,-0.0024026485544810486
112.0,-0.00448403933276293
120.0,-0.005368533185674096
128.0,-0.003811194344962132
144.0,0.005231966608941245
160.0,-0.003645896416855976
176.0,-0.010744520521257073
192.0,-0.016886825675707467
208.0,-0.016096120181221824
224.0,-0.011488587134711755
240.0,-0.012742117901022235
256.0,-0.012699044638793566
288.0,-0.002303323650266975
320.0,-0.004382748680654913
352.0,-0.00504887112765573
384.0,-0.003698383108712733
416.0,-0.0013969067294965498
448.0,-0.0020717470870295074
480.0,-0.00040652183192183396
512.0,-0.0036426918710016514
576.0,0.0010290588368661701
640.0,0.00016081902431324123
704.0,0.0007376674329861999
768.0,-0.0010314490016753552
832.0,0.0010446363827213644
896.0,0.0021158586256206035
960.0,-0.001524715661071241
1024.0,-0.0022369544487446545
1152.0,-0.0012059322325512767
1280.0,-0.0036283802473917603
1408.0,-0.0017944919818546623
1536.0,0.0035344737116247416
1664.0,-0.0028953616856597364
1792.0,-0.013125615427270532
1920.0,-0.0047976538189686835
2048.0,0.005891837645322084
end
