version,3.0
numOfCh,1
type,point
parent_name,labthresh-0dot04_avgcorrs
ch_type,1_1
kcount,1
numberNandB,1
brightnessNandB,1
carpet pos,0
pc,0
Time (ms),CH1 Auto-Correlation
1.0,0.2414160966873169
2.0,0.23246628046035767
3.0,0.22394885122776031
4.0,0.2161496877670288
5.0,0.20894435048103333
6.0,0.20204588770866394
7.0,0.1953374147415161
8.0,0.18886470794677734
9.0,0.18286971747875214
10.0,0.17731522023677826
11.0,0.1723146289587021
12.0,0.16752956807613373
13.0,0.1627683937549591
14.0,0.15814173221588135
15.0,0.15371395647525787
16.0,0.14895431697368622
18.0,0.1395784318447113
20.0,0.13068349659442902
22.0,0.12298183143138885
24.0,0.11502126604318619
26.0,0.10807763040065765
28.0,0.10162902623414993
30.0,0.09506852179765701
32.0,0.08943445235490799
36.0,0.09605606455200662
40.0,0.09033195172863391
44.0,0.08537750997068845
48.0,0.08104721889200543
52.0,0.0812296353057415
56.0,0.0825911645006272
60.0,0.07964471659700696
64.0,0.07579499363297752
72.0,0.08277402247767895
80.0,0.06650071030290906
88.0,0.053611422704039687
96.0,0.04232404983999646
104.0,0.028946183409596628
112.0,0.021487883740679965
120.0,0.0161205622340169
128.0,0.01245137759799357
144.0,0.017478270880279263
160.0,0.01264103709867673
176.0,0.010133821134721594
192.0,-0.006617080511724842
208.0,-0.02217201530584134
224.0,-0.019110036966074922
240.0,-0.017139864253944585
256.0,-0.0223785453459381
288.0,-0.02765737264417112
320.0,-0.024437945530128975
352.0,-0.02005348973519479
384.0,-0.020316479145549238
416.0,-0.019146761527129758
448.0,-0.02333918028792444
480.0,-0.025868434109725058
512.0,-0.03361337633660613
576.0,-0.08396211822937402
640.0,-0.09221451287157834
704.0,-0.08959585023112596
768.0,-0.08931014533154666
832.0,-0.03828561347909272
896.0,0.0034139541909098624
960.0,-0.03258394333533943
1024.0,-0.05315124129265314
end
