version,3.0
numOfCh,1
type,point
parent_name,labthresh-0dot04_avgcorrs
ch_type,1_1
kcount,1
numberNandB,1
brightnessNandB,1
carpet pos,0
pc,0
Time (ms),CH1 Auto-Correlation
1.0,0.07579909265041351
2.0,0.07388308644294739
3.0,0.07216256856918335
4.0,0.07055412232875824
5.0,0.06898251175880432
6.0,0.06756274402141571
7.0,0.06614841520786285
8.0,0.06475582718849182
9.0,0.06346485763788223
10.0,0.06226547434926033
11.0,0.06116418167948723
12.0,0.060065463185310364
13.0,0.05900438502430916
14.0,0.057868022471666336
15.0,0.05674362927675247
16.0,0.05572573468089104
18.0,0.0536736436188221
20.0,0.051843177527189255
22.0,0.049752190709114075
24.0,0.047667041420936584
26.0,0.045713361352682114
28.0,0.043979160487651825
30.0,0.0427250899374485
32.0,0.04162253811955452
36.0,0.04900031322613359
40.0,0.04663727993126183
44.0,0.044296726361790204
48.0,0.04211965343808212
52.0,0.03998381366982358
56.0,0.03814786053262651
60.0,0.036056460583010146
64.0,0.03421607106574811
72.0,0.045996503304669874
80.0,0.04089972039218992
88.0,0.03611478059674087
96.0,0.032226070625019136
104.0,0.028477610878484404
112.0,0.024873764456614204
120.0,0.023447009985355417
128.0,0.02144253850185677
144.0,0.018967131995374246
160.0,0.013538853465607167
176.0,0.007519854188320183
192.0,0.0009570422005795297
208.0,-0.003052769680964827
224.0,-0.005111273633138765
240.0,-0.006651633252788868
256.0,-0.00883665709711966
288.0,-0.015670373834676437
320.0,-0.018690176034236654
352.0,-0.02138236693195615
384.0,-0.029654342304531706
416.0,-0.039671524480902866
448.0,-0.05059545935022042
480.0,-0.05211065937570917
512.0,-0.05968433025215442
576.0,-0.09319761721417308
640.0,-0.12048727879300714
704.0,-0.1474265418946743
768.0,-0.19022390060126781
832.0,-0.22247101366519928
896.0,-0.2537943832576275
960.0,-0.27162379398941994
1024.0,-0.2673008590936661
end
