version,3.0
numOfCh,1
type,point
parent_name,labthresh-0dot04_avgcorrs
ch_type,1_1
kcount,1
numberNandB,1
brightnessNandB,1
carpet pos,0
pc,0
Time (ms),CH1 Auto-Correlation
1.0,0.15180879831314087
2.0,0.1363913118839264
3.0,0.1233975887298584
4.0,0.11107620596885681
5.0,0.09984240680932999
6.0,0.09010389447212219
7.0,0.08200699090957642
8.0,0.07532690465450287
9.0,0.0681869313120842
10.0,0.0624871701002121
11.0,0.05644837021827698
12.0,0.05094356834888458
13.0,0.04647291824221611
14.0,0.04247330129146576
15.0,0.039065901190042496
16.0,0.03571559116244316
18.0,0.030812321230769157
20.0,0.027198782190680504
22.0,0.023286964744329453
24.0,0.02245234325528145
26.0,0.01915942132472992
28.0,0.015928374603390694
30.0,0.014018760994076729
32.0,0.013695036061108112
36.0,0.012181380081032827
40.0,0.009707823719839904
44.0,0.009373496381819925
48.0,0.008050155063921755
52.0,0.0031357362329965163
56.0,-0.0037870187038193267
60.0,-0.0153047724081923
64.0,-0.02640499447906305
72.0,-0.0046705663768507825
80.0,-0.006904931954683407
88.0,-0.009086659191833699
96.0,-0.013385005514411366
104.0,-0.014124954261419857
112.0,-0.01947389549904448
120.0,-0.024035064463318764
128.0,-0.03144947964199887
144.0,0.0001372958914461461
160.0,0.0015307928710667925
176.0,-0.0007640466527928683
192.0,-0.003978995151225139
208.0,-0.009992109780961817
224.0,-0.008060425329445437
240.0,-0.0033952917649664664
256.0,-0.00899843071502718
288.0,-0.01807893777731806
320.0,-0.014443507110367395
352.0,-0.007548632998285549
384.0,0.00267808508527066
416.0,0.005877404706552625
448.0,-0.026702112019328133
480.0,-0.002775239758193493
512.0,-0.00351620358414948
576.0,-0.008171734341885895
640.0,-0.009255153709091246
704.0,-0.008245886187069118
768.0,-0.014143470893031918
832.0,-0.007553111332526896
896.0,-0.014758523553609848
960.0,-0.01610323559725657
1024.0,-0.0007286141626536846
1152.0,-0.039349704049527645
1280.0,-0.03787032701075077
1408.0,-0.007806724512192886
1536.0,-0.017211465863510966
1664.0,-0.012868077028542757
1792.0,0.02873210934922099
1920.0,-0.020719329826533794
2048.0,-0.07460798136889935
end
