version,3.0
numOfCh,1
type,point
parent_name,labthresh-0dot04_avgcorrs
ch_type,1_1
kcount,1
numberNandB,1
brightnessNandB,1
carpet pos,0
pc,0
Time (ms),CH1 Auto-Correlation
1.0,0.30349403619766235
2.0,0.2920821011066437
3.0,0.28115248680114746
4.0,0.2712400257587433
5.0,0.26160427927970886
6.0,0.25292453169822693
7.0,0.2445516437292099
8.0,0.23787693679332733
9.0,0.2313898503780365
10.0,0.2253895401954651
11.0,0.21913881599903107
12.0,0.2125409096479416
13.0,0.20652033388614655
14.0,0.20081786811351776
15.0,0.19543786346912384
16.0,0.19071052968502045
18.0,0.1806415170431137
20.0,0.16991554200649261
22.0,0.16086818277835846
24.0,0.15052860975265503
26.0,0.14046865701675415
28.0,0.13186272978782654
30.0,0.1199725866317749
32.0,0.10988988727331161
36.0,0.14500084954779596
40.0,0.13130903454896595
44.0,0.1203638462127336
48.0,0.11121226520543652
52.0,0.10293031538603828
56.0,0.09366529308899771
60.0,0.08251259361859412
64.0,0.07230783918639645
72.0,0.08672795357863204
80.0,0.07024687914124045
88.0,0.05399410429303176
96.0,0.039721819124889195
104.0,0.02738020318793133
112.0,0.02246657404220269
120.0,0.01189419720787555
128.0,0.0011394275969360023
144.0,0.050212026150741926
160.0,0.004039392123619715
176.0,-0.03973998862008254
192.0,-0.07176857478916646
208.0,-0.09153118778485805
224.0,-0.10224765861251701
240.0,-0.09495766765127579
256.0,-0.07118275898198287
288.0,-0.169824298331514
320.0,-0.2015346587926615
352.0,-0.2253392145037651
384.0,-0.23595223519951106
416.0,-0.2655278261838248
448.0,-0.2762283615767956
480.0,-0.30734733543358744
512.0,-0.34722049348056316
576.0,-0.28649866084257763
640.0,-0.2843780666589737
704.0,-0.15180498858292898
768.0,-0.06521293024222057
832.0,-0.05543610081076622
896.0,0.04239799082279205
960.0,-0.08838412165641785
1024.0,0.07247178256511688
end
