version,3.0
numOfCh,1
type,point
parent_name,labthresh-0dot04_avgcorrs
ch_type,1_1
kcount,1
numberNandB,1
brightnessNandB,1
carpet pos,0
pc,0
Time (ms),CH1 Auto-Correlation
1.0,0.0855441689491272
2.0,0.07537295669317245
3.0,0.06636025756597519
4.0,0.05864288657903671
5.0,0.0514463372528553
6.0,0.04426160454750061
7.0,0.03829977661371231
8.0,0.032910555601119995
9.0,0.02846009097993374
10.0,0.024594556540250778
11.0,0.020913008600473404
12.0,0.018084552139043808
13.0,0.01629636064171791
14.0,0.01487002708017826
15.0,0.01386982761323452
16.0,0.012676125392317772
18.0,0.007797653786838055
20.0,0.005369441118091345
22.0,0.002906437963247299
24.0,0.002095678821206093
26.0,0.0006816453533247113
28.0,-0.0006831403006799519
30.0,-0.0028129201382398605
32.0,-0.0036847449373453856
36.0,9.865790878283212e-06
40.0,-0.0009491847369755499
44.0,0.0008433754873377355
48.0,0.006560368757963068
52.0,0.009637671946124598
56.0,0.006339015040518434
60.0,0.009717804050582814
64.0,0.01368999926771428
72.0,0.006520882594631985
80.0,0.004501532397698611
88.0,-0.003943998493487016
96.0,-0.008253872701316141
104.0,-0.005285487137525706
112.0,0.003403442755807191
120.0,-0.0030169808103338532
128.0,-0.02327078313480698
144.0,-0.004256180861765253
160.0,-0.004441310067444907
176.0,-0.009710401163569518
192.0,-0.008578595647122711
208.0,-0.007191872953886299
224.0,-0.0073682067491712844
240.0,-0.008050477165462715
256.0,-0.009523285270136381
288.0,-0.0061264710301267246
320.0,-0.01051562957997833
352.0,-0.015933849358199432
384.0,-0.01253755290443743
416.0,-0.0111060254608414
448.0,-0.00977258721000648
480.0,-0.009787458693608642
512.0,-0.012194676096745146
576.0,-0.006746403698343784
640.0,-0.007713027487625368
704.0,-0.008344709494849667
768.0,-0.009020094919833355
832.0,-0.012855049746576697
896.0,-0.0014355818566400558
960.0,0.023847752328341205
1024.0,0.006230350273350875
1152.0,-0.0065216864459216595
1280.0,0.00048693359713070095
1408.0,0.0004908637492917478
1536.0,0.0005837081698700786
1664.0,-0.00755659444257617
1792.0,-0.00974354799836874
1920.0,-0.01569358818233013
2048.0,-0.017843229696154594
end
