version,3.0
numOfCh,1
type,point
parent_name,labthresh-0dot04_avgcorrs
ch_type,1_1
kcount,1
numberNandB,1
brightnessNandB,1
carpet pos,0
pc,0
Time (ms),CH1 Auto-Correlation
1.0,0.11058498173952103
2.0,0.09909743815660477
3.0,0.08916821330785751
4.0,0.0801611915230751
5.0,0.07232823967933655
6.0,0.06460390985012054
7.0,0.05893496423959732
8.0,0.055010709911584854
9.0,0.05108851566910744
10.0,0.047303613275289536
11.0,0.043878983706235886
12.0,0.041505202651023865
13.0,0.039716579020023346
14.0,0.038085244596004486
15.0,0.035697851330041885
16.0,0.03332669287919998
18.0,0.029777031391859055
20.0,0.027150958776474
22.0,0.023686036467552185
24.0,0.021663863211870193
26.0,0.020694227889180183
28.0,0.0199869554489851
30.0,0.017412863671779633
32.0,0.015137328766286373
36.0,0.011639548221622439
40.0,0.007663449793957018
44.0,0.004634000890170379
48.0,0.005333782049516836
52.0,0.0066460231870223655
56.0,0.006171907099390713
60.0,0.008334611609762791
64.0,0.009718979743975696
72.0,0.006343765513447579
80.0,0.0006221493176417426
88.0,-0.0009761731478647561
96.0,-0.00392904325213749
104.0,2.8553606825880705e-05
112.0,-0.0009233776948531159
120.0,-0.002391233726181478
128.0,-0.005036522094693889
144.0,-0.012627924811871102
160.0,-0.012148103869145012
176.0,-0.006380398094835173
192.0,-0.013077968388744112
208.0,-0.020888051721461427
224.0,-0.020369732909279667
240.0,-0.012971155653598116
256.0,-0.00792285256252131
288.0,-0.020155829571497936
320.0,-0.021723122724021476
352.0,-0.01184101003612644
384.0,-0.009013901897560572
416.0,-0.015224198431648498
448.0,-0.008986483425057182
480.0,-0.023215065807259332
512.0,-0.025897718403333176
576.0,-0.004554599310116221
640.0,0.006080436782212928
704.0,-0.0005726434756070375
768.0,0.0032483555066088834
832.0,-0.010093923580522338
896.0,-0.02065841981675476
960.0,-0.011072930414229631
1024.0,0.003836995728003482
end
