version,3.0
numOfCh,1
type,point
parent_name,labthresh-0dot04_avgcorrs
ch_type,1_1
kcount,1
numberNandB,1
brightnessNandB,1
carpet pos,0
pc,0
Time (ms),CH1 Auto-Correlation
1.0,0.1435839831829071
2.0,0.13593970239162445
3.0,0.12887990474700928
4.0,0.12244630604982376
5.0,0.11702176928520203
6.0,0.11199162900447845
7.0,0.10757458209991455
8.0,0.10311988741159439
9.0,0.09954982250928879
10.0,0.09639762341976166
11.0,0.09369824826717377
12.0,0.09097867459058762
13.0,0.0879179984331131
14.0,0.08419390022754669
15.0,0.0808689072728157
16.0,0.07773609459400177
18.0,0.0709940567612648
20.0,0.06598358601331711
22.0,0.06249881535768509
24.0,0.0578150674700737
26.0,0.052805282175540924
28.0,0.04689246416091919
30.0,0.04555460910916353
32.0,0.04449141488294117
36.0,0.07099941337861916
40.0,0.06739182243933707
44.0,0.06378825989862283
48.0,0.061214957194169986
52.0,0.06004105975735001
56.0,0.05757600131910294
60.0,0.054881344063445185
64.0,0.05213670874048451
72.0,0.08134230996304388
80.0,0.07890394418867991
88.0,0.07910757224645319
96.0,0.07803477754963464
104.0,0.07624006342436922
112.0,0.07252290553878993
120.0,0.06859687281279261
128.0,0.06256934420793857
144.0,0.06160806179977953
160.0,0.04291753889992833
176.0,0.021074044776226705
192.0,0.0071116497817759715
208.0,0.004503724242871006
224.0,0.0004196287055189411
240.0,-0.0013561153750439796
256.0,-0.015131903734679023
288.0,-0.021319983397713967
320.0,-0.03435591538436711
352.0,-0.04139631321757204
384.0,-0.06374189123097393
416.0,-0.06427364289346668
448.0,-0.06451912776618782
480.0,-0.06423168343543592
512.0,-0.05363459755770034
576.0,-0.0865050363742436
640.0,-0.09789423437905498
704.0,-0.12126109857733051
768.0,-0.14801858404340842
832.0,-0.17638302736546999
896.0,-0.18687488107631603
960.0,-0.1831794036164259
1024.0,-0.14529103320091963
1152.0,-0.13236179947853088
1280.0,-0.22238504886627197
1408.0,-0.24706369638442993
1536.0,-0.2861024737358093
1664.0,-0.10618622601032257
1792.0,0.17513008415699005
1920.0,0.1714237630367279
2048.0,0.15195217728614807
end
