version,3.0
numOfCh,1
type,point
parent_name,labthresh-0dot04_avgcorrs
ch_type,1_1
kcount,1
numberNandB,1
brightnessNandB,1
carpet pos,0
pc,0
Time (ms),CH1 Auto-Correlation
1.0,0.05648214742541313
2.0,0.05118418484926224
3.0,0.04740678519010544
4.0,0.04306719824671745
5.0,0.03898337483406067
6.0,0.03519333526492119
7.0,0.03181024268269539
8.0,0.03103957138955593
9.0,0.02898869663476944
10.0,0.026814917102456093
11.0,0.025477515533566475
12.0,0.023963263258337975
13.0,0.022831466048955917
14.0,0.021881338208913803
15.0,0.01973949372768402
16.0,0.019385866820812225
18.0,0.017409667372703552
20.0,0.01483616977930069
22.0,0.013722415082156658
24.0,0.011623741127550602
26.0,0.010053090751171112
28.0,0.008085280656814575
30.0,0.006996369455009699
32.0,0.005619768053293228
36.0,0.0036885923754501468
40.0,-0.002828529576800065
44.0,-0.006469709892796042
48.0,-0.008072195918066427
52.0,-0.008956234572663865
56.0,-0.01007589235038419
60.0,-0.01187160002815896
64.0,-0.012880466623755638
72.0,-0.003387278558269221
80.0,-0.0041154407050877735
88.0,-0.004520228714075832
96.0,-0.005807193667957715
104.0,-0.007187754436017713
112.0,-0.00571320149932338
120.0,-0.006832148773474214
128.0,-0.008044417127561957
144.0,-0.004078322959899464
160.0,-0.004117466517113024
176.0,-0.0053289774480029285
192.0,-0.003793524715172894
208.0,-0.0065319224000524945
224.0,-0.009414666599374922
240.0,-0.008765000500716269
256.0,-0.00635285466662882
288.0,-0.01089340203260589
320.0,-0.008275405901561802
352.0,0.000887172413058579
384.0,0.004214836866594851
416.0,0.0035685025957516497
448.0,0.004817493204932867
480.0,0.004817399101739284
512.0,0.004875867396549438
576.0,0.000990005093626678
640.0,-0.0007629828942299355
704.0,-0.0008676483412273228
768.0,-0.0014314700092654675
832.0,-0.004521870636381209
896.0,-0.0023643063395866193
960.0,-0.0016810148881631903
1024.0,-0.002092259528581053
end
