version,3.0
numOfCh,1
type,point
parent_name,labthresh-0dot04_avgcorrs
ch_type,1_1
kcount,1
numberNandB,1
brightnessNandB,1
carpet pos,0
pc,0
Time (ms),CH1 Auto-Correlation
1.0,0.09757708758115768
2.0,0.08667711913585663
3.0,0.07865659147500992
4.0,0.07027199119329453
5.0,0.06270010024309158
6.0,0.05632494017481804
7.0,0.051152486354112625
8.0,0.04646730422973633
9.0,0.041210759431123734
10.0,0.037080537527799606
11.0,0.03234397619962692
12.0,0.02710804156959057
13.0,0.02336783893406391
14.0,0.01987437903881073
15.0,0.01730724796652794
16.0,0.014714628458023071
18.0,0.009658249095082283
20.0,0.00638053473085165
22.0,0.0023368208203464746
24.0,-0.0009960910538211465
26.0,-0.002607068046927452
28.0,-0.0017509663011878729
30.0,-0.0007696417742408812
32.0,0.0013777075801044703
36.0,0.0034200813447219282
40.0,0.006499136849575175
44.0,0.00879023322060955
48.0,0.008669217865994701
52.0,0.006829794271862528
56.0,0.006012349385015953
60.0,0.008121105775689311
64.0,0.010607006137993617
72.0,0.006647199447219133
80.0,0.0014123453848614272
88.0,-0.00440503508500776
96.0,-0.007967761384365573
104.0,-0.01161598719905173
112.0,-0.014593406453390013
120.0,-0.008400248840362542
128.0,-0.008607040018497563
144.0,-0.006378862448804689
160.0,-0.0070095417941047344
176.0,-0.004689341457075595
192.0,-0.005662361692682478
208.0,-0.005202075725214349
224.0,-0.0021925227495861086
240.0,-0.004943791314144619
256.0,-0.0045852251612814145
288.0,-0.008509944891557097
320.0,-0.004937837669988059
352.0,-0.0029007907788683143
384.0,-0.004506148947661536
416.0,0.0014115649585922558
448.0,0.005643738737692022
480.0,0.008494837959814403
512.0,0.005577928865224951
576.0,0.01170568069210276
640.0,-0.00352242321241647
704.0,-0.00981350079382537
768.0,-0.011814431902166689
832.0,-0.015797870350070298
896.0,-0.006904551904881373
960.0,-0.004392358416225761
1024.0,-0.0032512577017769217
1152.0,-0.016998419538140297
1280.0,-0.025451742112636566
1408.0,-0.04627068713307381
1536.0,-0.0334242507815361
1664.0,0.16763509809970856
1792.0,-0.0594635084271431
1920.0,-0.08291648328304291
2048.0,0.33319082856178284
end
