version,3.0
numOfCh,1
type,point
parent_name,labthresh-0dot04_avgcorrs
ch_type,1_1
kcount,1
numberNandB,1
brightnessNandB,1
carpet pos,0
pc,0
Time (ms),CH1 Auto-Correlation
1.0,0.09934771060943604
2.0,0.08678548783063889
3.0,0.07678377628326416
4.0,0.0697815865278244
5.0,0.06440797448158264
6.0,0.0611782968044281
7.0,0.05752704665064812
8.0,0.05312977358698845
9.0,0.04918497055768967
10.0,0.04623854532837868
11.0,0.0434124693274498
12.0,0.04055751487612724
13.0,0.03755194693803787
14.0,0.03387986123561859
15.0,0.03013627789914608
16.0,0.027226410806179047
18.0,0.023460881784558296
20.0,0.020318029448390007
22.0,0.016226623207330704
24.0,0.01410615723580122
26.0,0.011205747723579407
28.0,0.00966146681457758
30.0,0.009928334495912971
32.0,0.009286207696491414
36.0,0.015731654526898637
40.0,0.014022458484541858
44.0,0.01659169135033153
48.0,0.012533541900338604
52.0,0.007257503077271394
56.0,-0.0015696430765092372
60.0,-0.006667633721372112
64.0,-0.012176268162438646
72.0,-0.015574386162609843
80.0,-0.021112189435179493
88.0,-0.017377622786769183
96.0,-0.021821319922118596
104.0,-0.012793715779767617
112.0,-0.02228138205062255
120.0,-0.019548194676644925
128.0,-0.018292404239926126
144.0,-0.019825571843345338
160.0,-0.017217710934346542
176.0,-0.010628897858259734
192.0,-0.006123341162068149
208.0,1.680765611430009e-05
224.0,0.0017874168775354822
240.0,-0.0005754237770036395
256.0,-0.004043399863543787
288.0,-0.008888599131023512
320.0,-0.007270841824356467
352.0,0.001465226337313652
384.0,-0.017487109242938458
416.0,-0.03157095959759317
448.0,-0.019459750899113715
480.0,-0.017601692699827254
512.0,-0.004393634984808159
576.0,0.002200600132346153
640.0,-0.000949770025908947
704.0,-0.0023743820725940167
768.0,-0.00041210497729480264
832.0,0.00027974562253803016
896.0,-0.0016057099332101644
960.0,-0.007908510480774567
1024.0,-0.004414141643792391
end
