version,3.0
numOfCh,1
type,point
parent_name,labthresh-0dot04_avgcorrs
ch_type,1_1
kcount,1
numberNandB,1
brightnessNandB,1
carpet pos,0
pc,0
Time (ms),CH1 Auto-Correlation
1.0,0.05231139063835144
2.0,0.04985738918185234
3.0,0.047779522836208344
4.0,0.04590188339352608
5.0,0.04420166090130806
6.0,0.04247432202100754
7.0,0.04077073559165001
8.0,0.03927129879593849
9.0,0.037853892892599106
10.0,0.036558281630277634
11.0,0.035324979573488235
12.0,0.034201670438051224
13.0,0.03312497213482857
14.0,0.032161302864551544
15.0,0.031239239498972893
16.0,0.030554188415408134
18.0,0.028834303840994835
20.0,0.02752901427447796
22.0,0.02614433504641056
24.0,0.02489004284143448
26.0,0.023385055363178253
28.0,0.02169305458664894
30.0,0.02023191089271374
32.0,0.018639187547388286
36.0,0.024096690565592757
40.0,0.02171056730807514
44.0,0.02013280747862729
48.0,0.01985505212398589
52.0,0.019320188323801727
56.0,0.01764021437510995
60.0,0.017350241184734234
64.0,0.01597558626321592
72.0,0.028877299735768247
80.0,0.02546277126142134
88.0,0.021789078777752973
96.0,0.018042088080013247
104.0,0.015407607061206363
112.0,0.014025299106530534
120.0,0.011385577315788554
128.0,0.008346880856982392
144.0,0.002411271122077273
160.0,-0.006303890750536488
176.0,-0.014544976991601288
192.0,-0.022606027053876057
208.0,-0.031092734593484137
224.0,-0.038075303555362754
240.0,-0.041977912036921174
256.0,-0.04518600700505297
288.0,-0.010949156654532999
320.0,-0.011763478066617003
352.0,-0.01325298942780743
384.0,-0.008776770574816814
416.0,-0.010458865212664628
448.0,-0.013867125012135753
480.0,-0.01476562605239451
512.0,-0.006608560401946306
576.0,0.02016485772037413
640.0,0.02622109284857288
704.0,0.0018653117585927248
768.0,-0.034987312959856354
832.0,-0.06995622906833887
896.0,-0.08071969036245719
960.0,-0.0905380907158057
1024.0,-0.12589106087883314
end
