version,3.0
numOfCh,1
type,point
parent_name,labthresh-0dot04_avgcorrs
ch_type,1_1
kcount,1
numberNandB,1
brightnessNandB,1
carpet pos,0
pc,0
Time (ms),CH1 Auto-Correlation
1.0,0.30974510312080383
2.0,0.2983289957046509
3.0,0.2882451117038727
4.0,0.27854248881340027
5.0,0.26972562074661255
6.0,0.26223164796829224
7.0,0.25454580783843994
8.0,0.2475852221250534
9.0,0.24091675877571106
10.0,0.2349638193845749
11.0,0.22943633794784546
12.0,0.22431524097919464
13.0,0.21811673045158386
14.0,0.21348729729652405
15.0,0.20910131931304932
16.0,0.2049332857131958
18.0,0.19486388564109802
20.0,0.18539132177829742
22.0,0.177592933177948
24.0,0.17074435949325562
26.0,0.16405446827411652
28.0,0.15763458609580994
30.0,0.15054172277450562
32.0,0.14680200815200806
36.0,0.2076154199489595
40.0,0.1919406487343266
44.0,0.17406901646324474
48.0,0.15880252125308567
52.0,0.1479941352185763
56.0,0.13692844570513166
60.0,0.12777282988099614
64.0,0.11794460655959405
72.0,0.1290788930583451
80.0,0.10471399120931317
88.0,0.08125190585269593
96.0,0.06522929546803138
104.0,0.050942599718262885
112.0,0.040212516660655014
120.0,0.030538976688771265
128.0,0.024114395920677406
144.0,0.010927380891242885
160.0,0.003385676906498916
176.0,-0.009091019027811639
192.0,-0.043002159471250384
208.0,-0.08026450555360712
224.0,-0.09996549587316729
240.0,-0.1081872876144617
256.0,-0.10149158156641266
288.0,-0.09250213112035352
320.0,-0.09368415602431115
352.0,-0.08359253272000286
384.0,-0.09675054697112905
416.0,-0.12132187914620671
448.0,-0.20453484144268763
480.0,-0.27606280852988774
512.0,-0.3661635857360024
576.0,-0.17128355133657655
640.0,-0.13193665320674577
704.0,-0.06750606640707701
768.0,-0.07525060496603449
832.0,-0.07608031869555514
896.0,-0.0422136007497708
960.0,-0.02728736330755055
1024.0,0.056906588608399034
end
