version,3.0
numOfCh,1
type,point
parent_name,labthresh-0dot04_avgcorrs
ch_type,1_1
kcount,1
numberNandB,1
brightnessNandB,1
carpet pos,0
pc,0
Time (ms),CH1 Auto-Correlation
1.0,0.029174424707889557
2.0,0.02578495256602764
3.0,0.02298702299594879
4.0,0.02064879611134529
5.0,0.018300091847777367
6.0,0.016232438385486603
7.0,0.014473790302872658
8.0,0.012902417220175266
9.0,0.011562236584722996
10.0,0.010649176314473152
11.0,0.009680175222456455
12.0,0.008748295716941357
13.0,0.00801446009427309
14.0,0.007389612961560488
15.0,0.006573439575731754
16.0,0.0055439285933971405
18.0,0.003654356114566326
20.0,0.002269444288685918
22.0,0.0013386107748374343
24.0,0.000969273445662111
26.0,0.0004365422355476767
28.0,9.126809163717553e-05
30.0,-0.0006384869921021163
32.0,-0.0014336028834804893
36.0,0.00036152749077397555
40.0,-5.9167717093563015e-05
44.0,-0.0006203396468966578
48.0,-0.002008828936717085
52.0,-0.0034498707003270588
56.0,-0.0036232209463681405
60.0,-0.0034311699353816822
64.0,-0.003901567609161781
72.0,-0.003933093968292021
80.0,-0.003793802858457308
88.0,-0.0013804549201846714
96.0,0.0009198622402354059
104.0,0.0020066655957965518
112.0,0.0026527829507937317
120.0,0.0019710825837960114
128.0,0.001762312400041126
144.0,9.616438959104319e-05
160.0,-0.0009006004159649214
176.0,-0.001226554213402172
192.0,-0.001149259996600449
208.0,-0.002810518117621541
224.0,-0.0025034292212997872
240.0,-0.0037739743619264726
256.0,-0.0010119873060223958
288.0,-0.0044381061306921765
320.0,-0.0021229272068012508
352.0,-0.005211436154786498
384.0,-0.0024264940206194297
416.0,-2.6170734781771898e-05
448.0,-0.004667960875667632
480.0,-0.006985550862737
512.0,-0.0018178676800744142
576.0,0.0043467809446156025
640.0,-0.003852604733159145
704.0,0.0021255987812764943
768.0,-0.0011648196571817
832.0,-0.0027655465237330645
896.0,-0.003257491315404574
960.0,0.0006039519794285297
1024.0,-0.00042190728709101677
end
