version,3.0
numOfCh,1
type,point
parent_name,labthresh-0dot04_avgcorrs
ch_type,1_1
kcount,1
numberNandB,1
brightnessNandB,1
carpet pos,0
pc,0
Time (ms),CH1 Auto-Correlation
1.0,0.03284396976232529
2.0,0.029451044276356697
3.0,0.026639152318239212
4.0,0.02421851083636284
5.0,0.022017989307641983
6.0,0.01996719464659691
7.0,0.018120836466550827
8.0,0.016499552875757217
9.0,0.014839453622698784
10.0,0.013572230003774166
11.0,0.012554574757814407
12.0,0.011719870381057262
13.0,0.010806910693645477
14.0,0.009860409423708916
15.0,0.00890263356268406
16.0,0.007974918000400066
18.0,0.006020678207278252
20.0,0.004258821252733469
22.0,0.0024605034850537777
24.0,0.001332789659500122
26.0,0.0007822129409760237
28.0,0.0005148085183463991
30.0,0.0005234840209595859
32.0,-3.218809069949202e-05
36.0,-2.5079240003833547e-05
40.0,-0.0006576368711345518
44.0,-0.001182777183203143
48.0,-3.8483941655916475e-05
52.0,0.0009394963102143569
56.0,0.00010858835351731007
60.0,-0.002084501946861248
64.0,-0.0027323306415422376
72.0,0.0034620778690288333
80.0,0.0022899305331520736
88.0,0.0023008275135285466
96.0,0.001975631544454652
104.0,0.0019078005928972025
112.0,0.0009497040859729934
120.0,0.0005611368092973755
128.0,0.00032188993217834434
144.0,-0.002785279216671673
160.0,-0.00505891452000166
176.0,-0.004193285373427595
192.0,-0.006360888195255636
208.0,-0.005481684886035509
224.0,-0.0022358468607611335
240.0,-0.0020282272841238105
256.0,-0.0012750197486942245
288.0,0.0009278942727380329
320.0,0.0014996815686269354
352.0,0.0030654949368909
384.0,0.0025695943428824344
416.0,-0.0005330298509862688
448.0,-0.0003668011114415195
480.0,-0.0051910352065331405
512.0,-0.006243874538793332
576.0,-0.0013016525481361896
640.0,-0.002734863563091494
704.0,-0.0037553399063957236
768.0,-0.005602870214109619
832.0,-0.004361108650906924
896.0,-0.002921742503531277
960.0,0.002482075011357665
1024.0,0.004280371019073452
1152.0,-0.009541377425193787
1280.0,-0.005966025870293379
1408.0,0.0019549503922462463
1536.0,-0.003648152109235525
1664.0,-0.009411592967808247
1792.0,-0.001343384850770235
1920.0,0.0010116618359461427
2048.0,-0.002396421041339636
end
