version,3.0
numOfCh,1
type,point
parent_name,labthresh-0dot04_avgcorrs
ch_type,1_1
kcount,1
numberNandB,1
brightnessNandB,1
carpet pos,0
pc,0
Time (ms),CH1 Auto-Correlation
1.0,0.21992051601409912
2.0,0.21040846407413483
3.0,0.2019573152065277
4.0,0.19454079866409302
5.0,0.18767720460891724
6.0,0.18109972774982452
7.0,0.17499297857284546
8.0,0.1688450425863266
9.0,0.16299299895763397
10.0,0.1568676084280014
11.0,0.15068328380584717
12.0,0.1451384574174881
13.0,0.1405087262392044
14.0,0.13638810813426971
15.0,0.13267795741558075
16.0,0.12811316549777985
18.0,0.11985424160957336
20.0,0.11349137872457504
22.0,0.1065027266740799
24.0,0.10042250156402588
26.0,0.09464865922927856
28.0,0.0875532329082489
30.0,0.08691721512433206
32.0,0.0806779239165836
36.0,0.09303425484798819
40.0,0.08287294381748765
44.0,0.07299898567819788
48.0,0.06723805153442006
52.0,0.0646967276998405
56.0,0.059724722340169754
60.0,0.06541552751358333
64.0,0.05961013027367049
72.0,0.07099323140937486
80.0,0.05962711312300102
88.0,0.046800076987975364
96.0,0.0334122639932585
104.0,0.026709474850742317
112.0,0.025432948664687996
120.0,0.01923250242266693
128.0,0.008363932922726408
144.0,0.006150626444390842
160.0,-0.0120893195271492
176.0,-0.01007332599588803
192.0,7.087951858661004e-05
208.0,-0.007553077036780971
224.0,-0.008718830017772104
240.0,-0.0032238502171821892
256.0,-0.0074429829643728835
288.0,-0.05582708611877428
320.0,-0.06746269348594877
352.0,-0.07086353190243244
384.0,-0.07258717586389846
416.0,-0.0551787783495254
448.0,-0.050190348221804015
480.0,-0.0656486525642524
512.0,-0.06575554164333476
576.0,-0.10680339448153972
640.0,-0.12669422877952458
704.0,-0.20023442266101482
768.0,-0.25975340623408555
832.0,-0.26159447939135133
896.0,-0.3283761890605092
960.0,-0.5195503365248442
1024.0,-0.5506059215404093
end
