version,3.0
numOfCh,1
type,point
parent_name,labthresh-0dot04_avgcorrs
ch_type,1_1
kcount,1
numberNandB,1
brightnessNandB,1
carpet pos,0
pc,0
Time (ms),CH1 Auto-Correlation
1.0,0.09397630393505096
2.0,0.08480314165353775
3.0,0.07824656367301941
4.0,0.07140853255987167
5.0,0.06479129195213318
6.0,0.059878431260585785
7.0,0.055351193994283676
8.0,0.05243786796927452
9.0,0.05040402710437775
10.0,0.0480690523982048
11.0,0.0469948947429657
12.0,0.04568367078900337
13.0,0.043278440833091736
14.0,0.04151418060064316
15.0,0.04028277099132538
16.0,0.0384858213365078
18.0,0.03342440724372864
20.0,0.02762094885110855
22.0,0.023309018462896347
24.0,0.019869623705744743
26.0,0.01697467640042305
28.0,0.015382648445665836
30.0,0.016487175119476415
32.0,0.013620558176784392
36.0,0.03289660125990754
40.0,0.02792626997076073
44.0,0.02198611357169667
48.0,0.015768934323109295
52.0,0.010114690261329278
56.0,0.007594403023463919
60.0,0.0051590143672288645
64.0,0.003624531095403271
72.0,0.006155890475313824
80.0,0.006440271695072834
88.0,0.0023636796440069494
96.0,-0.0014615166672648718
104.0,-0.0008062716739144749
112.0,0.0028248383359123883
120.0,0.00475955383780484
128.0,0.009136927609618466
144.0,0.015980983696257074
160.0,0.013300837791272594
176.0,0.0032928972929463876
192.0,-0.00976327659979385
208.0,-0.017494346228583407
224.0,-0.020717833782934274
240.0,-0.020993656284796696
256.0,-0.01833856005881292
288.0,-0.018983471522612188
320.0,-0.008435446460175121
352.0,-0.01387168522665484
384.0,-0.027732149316256657
416.0,-0.02549259218439046
448.0,-0.023409278157891497
480.0,-0.012275659931927092
512.0,-0.013484479531244788
576.0,-0.017783337825676426
640.0,-0.01962492350139655
704.0,-0.020533301489194855
768.0,-0.008134535513818264
832.0,0.0026996400265488774
896.0,0.01574987219646573
960.0,0.02038842922775075
1024.0,0.020435926722711883
1152.0,-0.00711029302328825
1280.0,-0.0023064949200488627
1408.0,0.007994989689905196
1536.0,0.005989787343423814
1664.0,-0.010370815172791481
1792.0,0.00829680566675961
1920.0,-0.011964059434831142
2048.0,-0.0011053862981498241
end
