version,3.0
numOfCh,1
type,point
parent_name,labthresh-0dot04_avgcorrs
ch_type,1_1
kcount,1
numberNandB,1
brightnessNandB,1
carpet pos,0
pc,0
Time (ms),CH1 Auto-Correlation
1.0,0.2050904780626297
2.0,0.19607718288898468
3.0,0.1874120533466339
4.0,0.1790807545185089
5.0,0.17221571505069733
6.0,0.16584071516990662
7.0,0.1594184935092926
8.0,0.1537007838487625
9.0,0.14882540702819824
10.0,0.14374294877052307
11.0,0.1384873241186142
12.0,0.1334337443113327
13.0,0.12942108511924744
14.0,0.1252850592136383
15.0,0.12162413448095322
16.0,0.11833567917346954
18.0,0.11181958764791489
20.0,0.10649196803569794
22.0,0.10125456750392914
24.0,0.09569406509399414
26.0,0.09058331698179245
28.0,0.08567855507135391
30.0,0.08235040307044983
32.0,0.08079096674919128
36.0,0.0883586841330209
40.0,0.07671499163591983
44.0,0.06732087465777137
48.0,0.060264510800275395
52.0,0.05666764991081043
56.0,0.05316929149321859
60.0,0.05246546134003438
64.0,0.04520981201751377
72.0,0.03485143317569358
80.0,0.02087859609582665
88.0,0.008545452146790922
96.0,0.002857441743496262
104.0,-0.0031552064732143967
112.0,-0.010902329928891655
120.0,-0.0136089725298613
128.0,-0.01628257093824459
144.0,0.009419286396450843
160.0,-0.008552453524316661
176.0,-0.03293337291279386
192.0,-0.05036425529397093
208.0,-0.06803613159081578
224.0,-0.07148190347288619
240.0,-0.012951376523900156
256.0,-0.013790862518362701
288.0,-0.05123477581784957
320.0,-0.04930179172919856
352.0,-0.061794000338219725
384.0,-0.09435448893863294
416.0,-0.12199226839260922
448.0,-0.12313767942315382
480.0,-0.1069909932363468
512.0,-0.11981365038082004
576.0,-0.2144811050966382
640.0,-0.21885355917038396
704.0,-0.2010897125073825
768.0,-0.17038654795032926
832.0,-0.009134555570199154
896.0,-0.062718105094973
960.0,-0.10446897556539625
1024.0,0.035356333130039275
end
