version,3.0
numOfCh,1
type,point
parent_name,labthresh-0dot04_avgcorrs
ch_type,1_1
kcount,1
numberNandB,1
brightnessNandB,1
carpet pos,0
pc,0
Time (ms),CH1 Auto-Correlation
1.0,0.05511929839849472
2.0,0.047872114926576614
3.0,0.04204584285616875
4.0,0.03760484233498573
5.0,0.03356580436229706
6.0,0.030057456344366074
7.0,0.027370546013116837
8.0,0.025149663910269737
9.0,0.0227421373128891
10.0,0.020305544137954712
11.0,0.017780812457203865
12.0,0.015628354623913765
13.0,0.01364346407353878
14.0,0.011374066583812237
15.0,0.009393997490406036
16.0,0.007534465286880732
18.0,0.004349969327449799
20.0,0.0010277702240273356
22.0,-0.0016595203196629882
24.0,-0.0026156522799283266
26.0,-0.0022354107350111008
28.0,-0.0025830501690506935
30.0,-0.002326487796381116
32.0,-0.0028220773674547672
36.0,-0.0021088269857179563
40.0,-0.002439991816679728
44.0,-0.0010128707405837143
48.0,-0.0006014126757851473
52.0,-0.0014678674898973172
56.0,-0.002913761167720248
60.0,-0.002604745310450466
64.0,-0.0025263618770301997
72.0,-0.004539696546159506
80.0,-0.0044034229381045755
88.0,-0.00430553110065655
96.0,-0.008717963584226359
104.0,-0.012919846076469045
112.0,-0.015855407897526257
120.0,-0.013338916295581909
128.0,-0.014640808694261627
144.0,-0.0043830335523714035
160.0,-0.004852214581607019
176.0,-0.0037778159449397422
192.0,-0.00512809245436288
208.0,-0.005815751468831235
224.0,-0.009710503567475826
240.0,-0.00917517605557805
256.0,-0.010318922036958611
288.0,-0.0027118640195112676
320.0,-0.0018886023652157746
352.0,-6.288417935138569e-05
384.0,0.009276866889558732
416.0,0.0079660952440463
448.0,0.007554068308672867
480.0,-0.005309589802184039
512.0,-0.016396081294967897
576.0,0.00022738560801371932
640.0,-0.004353480690042488
704.0,-0.011640037642791867
768.0,-0.009716158732771873
832.0,-0.0066406006226316094
896.0,-0.02108003804460168
960.0,-0.026702656410634518
1024.0,-0.022290376480668783
end
