version,3.0
numOfCh,1
type,point
parent_name,labthresh-0dot04_avgcorrs
ch_type,1_1
kcount,1
numberNandB,1
brightnessNandB,1
carpet pos,0
pc,0
Time (ms),CH1 Auto-Correlation
1.0,0.029775014147162437
2.0,0.02639291249215603
3.0,0.02378135547041893
4.0,0.021376153454184532
5.0,0.019306445494294167
6.0,0.017519613727927208
7.0,0.015898091718554497
8.0,0.014441592618823051
9.0,0.013081499375402927
10.0,0.01172823179513216
11.0,0.010466751642525196
12.0,0.009661464020609856
13.0,0.008831807412207127
14.0,0.007828595116734505
15.0,0.006939902435988188
16.0,0.006255301181226969
18.0,0.005158572923392057
20.0,0.004516219720244408
22.0,0.004191760439425707
24.0,0.003760690102353692
26.0,0.003424794413149357
28.0,0.0027115598786622286
30.0,0.002988856383931956
32.0,0.00328508443656444
36.0,0.004052097561361734
40.0,0.0031758073630044235
44.0,0.0016636302243568935
48.0,0.0003648481992665135
52.0,-0.0009854365768357336
56.0,-0.0006975126452744007
60.0,-0.0012340413298867739
64.0,-0.0019086157617872839
72.0,-0.004378042787720915
80.0,-0.003090445392527644
88.0,-0.0019386580401756378
96.0,-0.0029632247572987003
104.0,-0.002448269471311836
112.0,-0.0015390399917536838
120.0,-0.0019531955365978534
128.0,-0.0026283617009453123
144.0,-0.0010657538902402546
160.0,-0.0020750054754898883
176.0,-0.0011331080871362549
192.0,-0.001706979441223666
208.0,-0.0011827289717984968
224.0,-0.002744405026533059
240.0,-0.0026653174633490075
256.0,-0.002503269065831167
288.0,-0.0008034187267185189
320.0,-0.0025754188172868453
352.0,-0.0033089094649767503
384.0,-0.0027657654172799084
416.0,-0.005001770787202986
448.0,-0.003504109561617952
480.0,-0.004309362622734625
512.0,-0.00679276573646348
576.0,-0.003749492228962481
640.0,0.0008848132274579257
704.0,-0.0014910249738022685
768.0,-0.0008355999452760443
832.0,-0.0021531830134335905
896.0,-0.00662334130902309
960.0,-0.006571272853761911
1024.0,-0.006103396532125771
1152.0,0.0019537867046892643
1280.0,0.003652742598205805
1408.0,-0.000667266664095223
1536.0,0.00830292422324419
1664.0,0.0018034462118521333
1792.0,0.0008295243023894727
1920.0,0.0007781865424476564
2048.0,-0.003378408495336771
end
