version,3.0
numOfCh,1
type,point
parent_name,labthresh-0dot04_avgcorrs
ch_type,1_1
kcount,1
numberNandB,1
brightnessNandB,1
carpet pos,0
pc,0
Time (ms),CH1 Auto-Correlation
1.0,0.07900091260671616
2.0,0.06955943256616592
3.0,0.061839502304792404
4.0,0.055647097527980804
5.0,0.050756365060806274
6.0,0.04700881987810135
7.0,0.042474839836359024
8.0,0.03818449750542641
9.0,0.0338219553232193
10.0,0.028734251856803894
11.0,0.023406391963362694
12.0,0.018498802557587624
13.0,0.014547129161655903
14.0,0.010977378115057945
15.0,0.008006651885807514
16.0,0.005478809587657452
18.0,0.001366617507301271
20.0,-0.0018035360844805837
22.0,-0.005229477770626545
24.0,-0.0055664461106061935
26.0,-0.004214797168970108
28.0,-0.0036595764104276896
30.0,-0.0033296835608780384
32.0,-0.0038371158298105
36.0,-0.003972537907503539
40.0,-0.005529314518679638
44.0,-0.005113872510461275
48.0,-0.006166307687266994
52.0,-0.006719811074789676
56.0,-0.007473218087201334
60.0,-0.009728285332029272
64.0,-0.012201928453578148
72.0,-0.00146962351810425
80.0,-0.0024273549317275983
88.0,-0.002860904686436381
96.0,-0.0015022515701433724
104.0,-0.005780978773659824
112.0,-0.0061189675116506605
120.0,-0.008008348191177229
128.0,-0.010388372536829633
144.0,-0.003834583483694587
160.0,-0.005882151051537221
176.0,-0.004527910961769521
192.0,-0.006297227354252755
208.0,-0.003906288326106733
224.0,-0.004520779898484761
240.0,-0.005547752438360476
256.0,-0.004672617722462746
288.0,-0.005186113610761822
320.0,-0.007098651180664699
352.0,-0.0019031180612122018
384.0,0.0035194245477517447
416.0,-0.0002676408039405942
448.0,-0.005347133129059027
480.0,-0.0024510128423571587
512.0,-0.006444541271775961
576.0,-0.002938927849754691
640.0,0.002968945074826479
704.0,0.001883681882948925
768.0,-0.0014719568037738402
832.0,-0.011738780963545045
896.0,-0.017089839714268844
960.0,-0.015568607748718932
1024.0,-0.002335876924917102
1152.0,0.009242258965969086
1280.0,-0.005376751068979502
1408.0,-0.004962659906595945
1536.0,-0.0029536813963204622
1664.0,0.008282325230538845
1792.0,0.006838975008577108
1920.0,0.004872099496424198
2048.0,0.0011524067958816886
end
