version,3.0
numOfCh,1
type,point
parent_name,labthresh-0dot04_avgcorrs
ch_type,1_1
kcount,1
numberNandB,1
brightnessNandB,1
carpet pos,0
pc,0
Time (ms),CH1 Auto-Correlation
1.0,0.10122028738260269
2.0,0.09421481192111969
3.0,0.08746997267007828
4.0,0.08180452883243561
5.0,0.07646061480045319
6.0,0.07148177176713943
7.0,0.06719551235437393
8.0,0.06320696324110031
9.0,0.05949477478861809
10.0,0.05580229312181473
11.0,0.052379101514816284
12.0,0.04928981140255928
13.0,0.046849995851516724
14.0,0.044783394783735275
15.0,0.04270755127072334
16.0,0.040736183524131775
18.0,0.037528928369283676
20.0,0.035175539553165436
22.0,0.033217400312423706
24.0,0.03139212355017662
26.0,0.030032947659492493
28.0,0.028615139424800873
30.0,0.027609189053026322
32.0,0.02600080563286433
36.0,0.03166990844266755
40.0,0.030012861802658466
44.0,0.02752735070784443
48.0,0.02354759226353573
52.0,0.02026578224821216
56.0,0.019596107559378392
60.0,0.026330891139381987
64.0,0.02834945978776721
72.0,0.026126515923048526
80.0,0.022363753368457157
88.0,0.02020485434089399
96.0,0.01724027366374988
104.0,0.011252575013107466
112.0,0.004037270962726325
120.0,-0.003383896319934612
128.0,-0.011482073439528112
144.0,-0.017297894027756736
160.0,-0.024186896574166086
176.0,-0.02581216985709034
192.0,-0.029672580305486917
208.0,-0.03498854797281739
224.0,-0.037324486759543
240.0,-0.04256783412549541
256.0,-0.047616060609774045
288.0,-0.0014931361874914728
320.0,0.013834048033459112
352.0,0.015535877551883459
384.0,0.009913813875755295
416.0,0.0009133808489423245
448.0,-0.026040257755084895
480.0,-0.04294907211858247
512.0,-0.0589286125531154
576.0,-0.10075354669243097
640.0,-0.05073292274028063
704.0,-0.06004497859006127
768.0,-0.08319567733754714
832.0,-0.06953054356078307
896.0,-0.016385113044331472
960.0,0.07332922518253326
1024.0,0.09795490000396967
end
