version,3.0
numOfCh,1
type,point
parent_name,labthresh-0dot04_avgcorrs
ch_type,1_1
kcount,1
numberNandB,1
brightnessNandB,1
carpet pos,0
pc,0
Time (ms),CH1 Auto-Correlation
1.0,0.25185734033584595
2.0,0.242052361369133
3.0,0.23246042430400848
4.0,0.22409586608409882
5.0,0.2157067507505417
6.0,0.20761018991470337
7.0,0.19970135390758514
8.0,0.1924828290939331
9.0,0.18530350923538208
10.0,0.17877882719039917
11.0,0.17340175807476044
12.0,0.16808292269706726
13.0,0.16177715361118317
14.0,0.15623816847801208
15.0,0.15081001818180084
16.0,0.14551420509815216
18.0,0.13680733740329742
20.0,0.12821365892887115
22.0,0.11996125429868698
24.0,0.11238285899162292
26.0,0.10627511888742447
28.0,0.09900661557912827
30.0,0.10946769577592773
32.0,0.1037299919711507
36.0,0.11898878002906904
40.0,0.10642978443617099
44.0,0.09500993673511977
48.0,0.08127645990737763
52.0,0.07022486796823184
56.0,0.05987692080701603
60.0,0.05489575989715951
64.0,0.047510585012404544
72.0,0.08646733172757265
80.0,0.07787492942924683
88.0,0.0741254231856706
96.0,0.07087288011546032
104.0,0.07189414026932074
112.0,0.07270414016854304
120.0,0.06951236513514931
128.0,0.06502181194865933
144.0,0.06407076858401221
160.0,0.05972124165661322
176.0,0.05988989168933282
192.0,0.04769880208186805
208.0,0.018006351393220637
224.0,-0.007981733083094392
240.0,-0.02048082415421959
256.0,-0.03801345652027521
288.0,-0.06119397818110883
320.0,-0.08819326528141068
352.0,-0.11084323772229254
384.0,-0.135460353786281
416.0,-0.14374099022501874
448.0,-0.15820302692655888
480.0,-0.1844551289945634
512.0,-0.10820379291868044
576.0,-0.05038638081168756
640.0,-0.003596843685954809
704.0,-0.0078403246589005
768.0,0.041874925955198705
832.0,0.1525513645610772
896.0,0.1450252315553371
960.0,0.08809261678834446
1024.0,0.0604481159534771
1152.0,-0.018662448972463608
1280.0,0.033181474544107914
1408.0,0.11965879960916936
1536.0,-0.029935047961771488
1664.0,-0.07162264280486852
1792.0,-0.08292098715901375
1920.0,-0.10428767930716276
2048.0,-0.13986114040017128
end
