version,3.0
numOfCh,1
type,point
parent_name,labthresh-0dot04_avgcorrs
ch_type,1_1
kcount,1
numberNandB,1
brightnessNandB,1
carpet pos,0
pc,0
Time (ms),CH1 Auto-Correlation
1.0,0.07532185316085815
2.0,0.06484651565551758
3.0,0.05422472953796387
4.0,0.04699941352009773
5.0,0.04268424212932587
6.0,0.03715185448527336
7.0,0.03331870958209038
8.0,0.030668238177895546
9.0,0.027087386697530746
10.0,0.026048719882965088
11.0,0.024074623361229897
12.0,0.021482866257429123
13.0,0.01918233558535576
14.0,0.017457863315939903
15.0,0.015305928885936737
16.0,0.012473098933696747
18.0,0.01050278078764677
20.0,0.00909239798784256
22.0,0.008363018743693829
24.0,0.0073844436556100845
26.0,0.006667553447186947
28.0,0.0027572480030357838
30.0,-1.1233168697799556e-05
32.0,-0.0006754089787136764
36.0,-0.007114773281500675
40.0,-0.012167035048575296
44.0,-0.01590821621672755
48.0,-0.017733505183665937
52.0,-0.020655443127422284
56.0,-0.021887785873453445
60.0,-0.018403311230188058
64.0,-0.02092122416321092
72.0,-0.022248608467634767
80.0,-0.02029767777968941
88.0,-0.018600033604473407
96.0,-0.01633563196394659
104.0,-0.0156068441370042
112.0,-0.017949875865486405
120.0,-0.016225105166085996
128.0,-0.009794143674662336
144.0,-0.0016626859477792794
160.0,0.001754706806073395
176.0,0.0025762133994318833
192.0,0.002852415090623813
208.0,-0.0005165953692854741
224.0,-0.0032719239332856466
240.0,-0.0037064019897325826
256.0,-0.0014858367817046551
288.0,-0.0018715819605858997
320.0,-0.001362329741823487
352.0,-0.002922554689575918
384.0,-0.001578892221004935
416.0,-0.005709387447495828
448.0,-0.0035745881614275277
480.0,-0.006370595099724596
512.0,7.850887777749449e-05
576.0,0.0006352785955338428
640.0,-0.005710547013829152
704.0,-0.005888844335762163
768.0,-0.0003461412076527874
832.0,-0.0012469400341312091
896.0,-0.002765505574643612
960.0,-0.0028904267431547246
1024.0,-0.005943605986734231
1152.0,0.001245219144038856
1280.0,0.008640196174383163
1408.0,0.007571825757622719
1536.0,-0.00025893753627315164
1664.0,0.009075983427464962
1792.0,0.005140623077750206
1920.0,0.00025252962950617075
2048.0,-0.0012576495064422488
end
