version,3.0
numOfCh,1
type,point
parent_name,labthresh-0dot04_avgcorrs
ch_type,1_1
kcount,1
numberNandB,1
brightnessNandB,1
carpet pos,0
pc,0
Time (ms),CH1 Auto-Correlation
1.0,0.0322452038526535
2.0,0.028819002211093903
3.0,0.02567235752940178
4.0,0.023313146084547043
5.0,0.02122252993285656
6.0,0.019658418372273445
7.0,0.018614597618579865
8.0,0.017887894064188004
9.0,0.016899706795811653
10.0,0.015619073063135147
11.0,0.014521872624754906
12.0,0.013365540653467178
13.0,0.01237807422876358
14.0,0.011348205618560314
15.0,0.010379698127508163
16.0,0.009258239530026913
18.0,0.007254400756210089
20.0,0.005415518302470446
22.0,0.00369972619228065
24.0,0.0023067891597747803
26.0,0.0009893295355141163
28.0,8.675717981532216e-05
30.0,-0.0015822840657125673
32.0,-0.0029127643788144824
36.0,6.45179074796799e-05
40.0,0.0013374864877397684
44.0,0.002781068538560679
48.0,0.004041454105294849
52.0,0.0040327682600993855
56.0,0.003720914150012265
60.0,0.0038825736571054315
64.0,0.0031218464213644006
72.0,0.003434691913963224
80.0,0.002395409842182954
88.0,0.000655355725274813
96.0,-0.0008908463115893448
104.0,-0.0020415696199052036
112.0,-0.0018595749503359771
120.0,-0.001597941368415307
128.0,-0.0013566382403951138
144.0,-0.005485448120452929
160.0,-0.007438180588602942
176.0,-0.006471287468836333
192.0,-0.005349823162153673
208.0,-0.005956864629600507
224.0,-0.003649589004150281
240.0,-0.0012522263956877093
256.0,-0.0013187539977176737
288.0,-0.001342113272079991
320.0,-0.0025930763028251627
352.0,-0.0027909313147473666
384.0,-0.003824604177174883
416.0,-0.006850076515951918
448.0,-0.0030634602040259373
480.0,-0.005272982462580937
512.0,-0.001793122591657771
576.0,-0.003453515804721974
640.0,-0.0067128007067367435
704.0,-0.006564971641637385
768.0,-0.0030559955193893984
832.0,-0.00123485155927483
896.0,0.0005481437183334492
960.0,0.0012055016122758389
1024.0,0.00014315161388367414
1152.0,-0.0006103164050728083
1280.0,0.0009266959386877716
1408.0,0.003930783364921808
1536.0,-0.0019018034799955785
1664.0,0.0037155837926547974
1792.0,-0.0018448567134328187
1920.0,0.00025090097915381193
2048.0,-0.0016993280733004212
end
