version,3.0
numOfCh,1
type,point
parent_name,labthresh-0dot04_avgcorrs
ch_type,1_1
kcount,1
numberNandB,1
brightnessNandB,1
carpet pos,0
pc,0
Time (ms),CH1 Auto-Correlation
1.0,0.14062610268592834
2.0,0.12853585183620453
3.0,0.11812034249305725
4.0,0.10950439423322678
5.0,0.10220035910606384
6.0,0.09555016458034515
7.0,0.08880481868982315
8.0,0.08338885009288788
9.0,0.07781387865543365
10.0,0.07280615717172623
11.0,0.06857652962207794
12.0,0.06344883888959885
13.0,0.05854874476790428
14.0,0.05408213660120964
15.0,0.05031532049179077
16.0,0.04699020832777023
18.0,0.04141975939273834
20.0,0.03582111746072769
22.0,0.030763089656829834
24.0,0.025015175342559814
26.0,0.01874602772295475
28.0,0.013555729761719704
30.0,0.011822848965363977
32.0,0.009020122202595562
36.0,0.0032679215911775826
40.0,0.001658653242047876
44.0,0.0005142542393878103
48.0,0.00047947441606083885
52.0,0.0030448793829418717
56.0,0.005832137145334855
60.0,0.004442492914070802
64.0,0.007145558420840341
72.0,-0.005746551804588221
80.0,-0.0033915516673698135
88.0,-0.0027320410303045286
96.0,-0.004657418747055566
104.0,-0.007625300293078735
112.0,-0.011571460167206601
120.0,-0.012129825861414983
128.0,-0.008658666866332558
144.0,-0.005554823315163192
160.0,-0.01381207653934038
176.0,-0.02181944968355023
192.0,-0.021463767962383206
208.0,-0.012841185009548147
224.0,0.00338803215019748
240.0,0.025633604525945188
256.0,0.012209398692528553
288.0,-0.010575308306336713
320.0,-0.01615734091804673
352.0,-0.02161481195750336
384.0,-0.0221164543259268
416.0,-0.016358458299267416
448.0,-0.008513859220935652
480.0,0.015997269920383892
512.0,-0.011686794987569252
576.0,-0.0046226987906266
640.0,-0.012739660509396344
704.0,-0.02590436808532104
768.0,-0.02439846270135604
832.0,-0.02015284972731024
896.0,-0.008227917103795335
960.0,-0.004147685947827995
1024.0,0.019706378952832893
end
