version,3.0
numOfCh,1
type,point
parent_name,labthresh-0dot04_avgcorrs
ch_type,1_1
kcount,1
numberNandB,1
brightnessNandB,1
carpet pos,0
pc,0
Time (ms),CH1 Auto-Correlation
1.0,0.21898283064365387
2.0,0.21079552173614502
3.0,0.20319810509681702
4.0,0.19595329463481903
5.0,0.18913833796977997
6.0,0.18282605707645416
7.0,0.1771179586648941
8.0,0.1716613918542862
9.0,0.16638483107089996
10.0,0.1614893227815628
11.0,0.15676787495613098
12.0,0.1518653780221939
13.0,0.14745968580245972
14.0,0.14300967752933502
15.0,0.13880035281181335
16.0,0.13543611764907837
18.0,0.12730272114276886
20.0,0.12056701630353928
22.0,0.11447425186634064
24.0,0.10984404385089874
26.0,0.10465708374977112
28.0,0.09953068196773529
30.0,0.09858443355624331
32.0,0.09589288465838308
36.0,0.1331017767099963
40.0,0.11911448338027444
44.0,0.1063516228438987
48.0,0.09916950052710101
52.0,0.09424700386132047
56.0,0.0867829137589849
60.0,0.08599194090885039
64.0,0.07730582412421846
72.0,0.08938739684526809
80.0,0.0720066734822467
88.0,0.0670477012055926
96.0,0.05544821826188127
104.0,0.03744919071905315
112.0,0.015895272383932024
120.0,-0.0011988060919783923
128.0,-0.017679893332043367
144.0,0.007261886517517269
160.0,-0.0301767612923868
176.0,-0.055562606151215735
192.0,-0.07105991385178641
208.0,-0.07669837750727311
224.0,-0.09193664458580315
240.0,-0.11045349761843681
256.0,-0.11683764238841832
288.0,-0.12494469462479982
320.0,-0.12032668579680224
352.0,-0.13083997875865963
384.0,-0.1419026403584414
416.0,-0.16138477504460347
448.0,-0.18170643520231047
480.0,-0.18487270607147366
512.0,-0.17359008614766935
576.0,-0.14644447923637927
640.0,-0.08310926545527764
704.0,0.02233254049497191
768.0,0.09547947539249435
832.0,0.10747544304467738
896.0,0.12071625265525654
960.0,0.11412769579328597
1024.0,0.06905041279969737
1152.0,0.00011310508125461638
1280.0,0.005174335092306137
1408.0,0.000606234185397625
1536.0,-0.002600119449198246
1664.0,-0.008072941564023495
1792.0,0.001913568819873035
1920.0,-0.004226717632263899
2048.0,0.0016581041272729635
end
