version,3.0
numOfCh,1
type,point
parent_name,labthresh-0dot04_avgcorrs
ch_type,1_1
kcount,1
numberNandB,1
brightnessNandB,1
carpet pos,0
pc,0
Time (ms),CH1 Auto-Correlation
1.0,0.05498972907662392
2.0,0.0522657074034214
3.0,0.04991118982434273
4.0,0.04778386652469635
5.0,0.045751526951789856
6.0,0.04392781853675842
7.0,0.04225516691803932
8.0,0.04074956104159355
9.0,0.0396624319255352
10.0,0.03856615349650383
11.0,0.037546902894973755
12.0,0.03662806749343872
13.0,0.03566375747323036
14.0,0.03498267009854317
15.0,0.03436015173792839
16.0,0.033775608986616135
18.0,0.032998353242874146
20.0,0.03220439702272415
22.0,0.03126464784145355
24.0,0.030410079285502434
26.0,0.029845349490642548
28.0,0.028927592560648918
30.0,0.028003841638565063
32.0,0.027399877086281776
36.0,0.0321454086821177
40.0,0.02918864909512801
44.0,0.02696501028355366
48.0,0.025513115285139065
52.0,0.023927070650582513
56.0,0.022303949974593708
60.0,0.022592275632758112
64.0,0.022385568337430696
72.0,0.0379926299347597
80.0,0.03487556636237594
88.0,0.03171284694005461
96.0,0.02845433093042469
104.0,0.024719914997523816
112.0,0.021128606537411755
120.0,0.017955107888316408
128.0,0.015139378127915895
144.0,0.012274378072470426
160.0,0.006505852126671622
176.0,0.001983101510753234
192.0,-0.0028190259511272115
208.0,-0.008124886034056544
224.0,-0.012378419741677742
240.0,-0.014578310989115077
256.0,-0.015934032630563404
288.0,-0.026251569364831084
320.0,-0.028646390681387857
352.0,-0.03490588713126878
384.0,-0.041210821276763454
416.0,-0.05031390086514875
448.0,-0.05817726202076301
480.0,-0.06569905419019051
512.0,-0.07409562182147056
576.0,-0.05654672384262085
640.0,-0.03438965184614062
704.0,-0.012013132660649717
768.0,0.0003296441398561001
832.0,0.019030324555933474
896.0,0.008275913819670678
960.0,0.04151504847686738
1024.0,0.03382264309038874
end
