version,3.0
numOfCh,1
type,point
parent_name,labthresh-0dot04_avgcorrs
ch_type,1_1
kcount,1
numberNandB,1
brightnessNandB,1
carpet pos,0
pc,0
Time (ms),CH1 Auto-Correlation
1.0,0.14130492508411407
2.0,0.128689244389534
3.0,0.11702946573495865
4.0,0.10598716139793396
5.0,0.09701851010322571
6.0,0.08864440768957138
7.0,0.08172229677438736
8.0,0.07465449720621109
9.0,0.06947380304336548
10.0,0.0637078806757927
11.0,0.05787644907832146
12.0,0.053620707243680954
13.0,0.04947514832019806
14.0,0.04631827399134636
15.0,0.04205237329006195
16.0,0.03867233172059059
18.0,0.03300044313073158
20.0,0.02837326191365719
22.0,0.024505702778697014
24.0,0.02108675055205822
26.0,0.01774236559867859
28.0,0.016176922246813774
30.0,0.014558013528585434
32.0,0.013727868907153606
36.0,0.012076096662150865
40.0,0.007970615562623028
44.0,0.005647659712353329
48.0,0.005260102796124887
52.0,0.002989199700426649
56.0,0.00043124223752370614
60.0,-0.0008285686463667927
64.0,0.0003710812346649949
72.0,0.0031350534860393963
80.0,-0.0006091163188102656
88.0,-0.0029442626644595295
96.0,-0.005729485582560301
104.0,-0.0034522870555520058
112.0,-0.0028635571085033006
120.0,-0.0029232878726983664
128.0,-0.004734386432621824
144.0,-0.005880050385980319
160.0,-0.002018456408062347
176.0,0.001482950845349799
192.0,-0.0014112911470446682
208.0,-0.006785542413126677
224.0,-0.007797427489148343
240.0,-0.006723002494254615
256.0,-0.005924478657107102
288.0,-0.00831044998127394
320.0,-0.008016159502753558
352.0,-0.011530800606124103
384.0,-0.01824717891912979
416.0,-0.012228079695397845
448.0,-0.013880700052071076
480.0,-0.014047420272011854
512.0,-0.009152397183546176
576.0,-0.014494155999273062
640.0,-0.023841867805458605
704.0,-0.025895658481333936
768.0,-0.02346198121085763
832.0,-0.011631554990474666
896.0,-0.023753179238285935
960.0,0.003411761329819759
1024.0,0.007916547493853917
1152.0,0.015060113742947578
1280.0,0.0005000709206797183
1408.0,0.008075005374848843
1536.0,0.0009243981330655515
1664.0,-0.016168609261512756
1792.0,-0.008699779398739338
1920.0,0.010616617277264595
2048.0,0.004924023989588022
end
