version,3.0
numOfCh,1
type,point
parent_name,labthresh-0dot04_avgcorrs
ch_type,1_1
kcount,1
numberNandB,1
brightnessNandB,1
carpet pos,0
pc,0
Time (ms),CH1 Auto-Correlation
1.0,0.11018694937229156
2.0,0.09485610574483871
3.0,0.08087387681007385
4.0,0.06924811750650406
5.0,0.05962343513965607
6.0,0.05129525065422058
7.0,0.04485644772648811
8.0,0.04094279557466507
9.0,0.038942091166973114
10.0,0.03725684434175491
11.0,0.035827405750751495
12.0,0.034546732902526855
13.0,0.03267141431570053
14.0,0.03062542900443077
15.0,0.028840450569987297
16.0,0.026615310460329056
18.0,0.020966961979866028
20.0,0.01645585522055626
22.0,0.012538384646177292
24.0,0.010863278992474079
26.0,0.012897572480142117
28.0,0.012659517116844654
30.0,0.010719691181737111
32.0,0.01003670828876926
36.0,0.0008835878389488374
40.0,-0.0036420926468313805
44.0,-0.006892627795293395
48.0,-0.010061609794917915
52.0,-0.010436455181167861
56.0,-0.007469410001067445
60.0,-0.005637819986612371
64.0,-0.015535981097748256
72.0,0.0072280374484502575
80.0,0.010141388982447097
88.0,0.00910357957296323
96.0,0.0062033808899936305
104.0,0.00279620717628859
112.0,-0.0062073286383435644
120.0,-0.014833349631064467
128.0,-0.020050057643351868
144.0,-0.00995055659621444
160.0,-0.004951820977891787
176.0,-0.011306144273216237
192.0,-0.014909001216611137
208.0,-0.012485878068088953
224.0,-0.01157638157296571
240.0,-0.012985659904140783
256.0,-0.015832801599524254
288.0,-0.015978619479158494
320.0,-0.02038568380313726
352.0,-0.01600728915738208
384.0,-0.018419143648186167
416.0,-0.02097577754999033
448.0,-0.006126465084629932
480.0,-0.017971635720944807
512.0,-0.01459985613958755
576.0,0.0013872676063328981
640.0,-0.002403071615844965
704.0,-0.0006704161642119288
768.0,-0.0015518426662310958
832.0,0.0068535772152245045
896.0,-0.001031437423080206
960.0,-0.006649252958595753
1024.0,0.007356670685112476
end
