version,3.0
numOfCh,1
type,point
parent_name,labthresh-0dot04_avgcorrs
ch_type,1_1
kcount,1
numberNandB,1
brightnessNandB,1
carpet pos,0
pc,0
Time (ms),CH1 Auto-Correlation
1.0,0.0662202388048172
2.0,0.05901830643415451
3.0,0.05318816006183624
4.0,0.048236243426799774
5.0,0.04382164776325226
6.0,0.039600759744644165
7.0,0.03626493364572525
8.0,0.033068399876356125
9.0,0.03017275594174862
10.0,0.02729986049234867
11.0,0.024156911298632622
12.0,0.020957287400960922
13.0,0.018518781289458275
14.0,0.016548845916986465
15.0,0.014667552895843983
16.0,0.012833822518587112
18.0,0.010878312401473522
20.0,0.008844410069286823
22.0,0.007404818199574947
24.0,0.0057592992670834064
26.0,0.005664365366101265
28.0,0.0048493435606360435
30.0,0.003917019348591566
32.0,0.003046163357794285
36.0,0.0027923216445439416
40.0,0.000592117013487344
44.0,-0.0009379692928632721
48.0,-0.0009002686601888854
52.0,0.0010361968694875638
56.0,0.0008585403223454099
60.0,0.0028532234212869535
64.0,0.004350734040085429
72.0,-0.0003364094514644852
80.0,-0.002533438192729495
88.0,-0.0005521973147743234
96.0,-3.7451335964234254e-05
104.0,-0.001700405876985506
112.0,-0.0015314845831629722
120.0,0.00389202255909742
128.0,0.0017936244172126275
144.0,0.0006093105033263176
160.0,0.00537139743634422
176.0,0.008092016951801876
192.0,-0.000898892612894997
208.0,-0.0041857378825322184
224.0,-0.005633032874508596
240.0,-0.007851516519925402
256.0,-0.0063383553400247665
288.0,-0.00623459378322069
320.0,-0.003094841066437463
352.0,0.0006942453005144165
384.0,-0.013545957377775468
416.0,-0.010307747424424937
448.0,-0.005222426601297532
480.0,-0.00932191885335164
512.0,-0.015437993758597359
576.0,-0.0018555217927011352
640.0,0.0015212814323604107
704.0,-0.0045633367165767895
768.0,-0.0040119060916670906
832.0,-0.0033297156915068626
896.0,-0.008560767465193445
960.0,-0.009784809818180898
1024.0,-0.008725343854166567
1152.0,-0.029165852814912796
1280.0,-0.025066930800676346
1408.0,-0.023671407252550125
1536.0,-0.019299201667308807
1664.0,-0.0077093057334423065
1792.0,-0.00298448302783072
1920.0,0.003105450887233019
2048.0,0.01701180264353752
end
