version,3.0
numOfCh,1
type,point
parent_name,labthresh-0dot04_avgcorrs
ch_type,1_1
kcount,1
numberNandB,1
brightnessNandB,1
carpet pos,0
pc,0
Time (ms),CH1 Auto-Correlation
1.0,0.0312996543943882
2.0,0.028018120676279068
3.0,0.025009699165821075
4.0,0.02230655588209629
5.0,0.020031360909342766
6.0,0.017878137528896332
7.0,0.0159999281167984
8.0,0.014001268893480301
9.0,0.012475513853132725
10.0,0.010860014706850052
11.0,0.009432530030608177
12.0,0.008361076936125755
13.0,0.007458902895450592
14.0,0.0066243549808859825
15.0,0.006109575275331736
16.0,0.005490179639309645
18.0,0.004367386922240257
20.0,0.00344042107462883
22.0,0.001978448126465082
24.0,0.0007440291228704154
26.0,-0.0005609107320196927
28.0,-0.002190736588090658
30.0,-0.003019816242158413
32.0,-0.004000743385404348
36.0,0.004775596024916487
40.0,0.004168662857192312
44.0,0.002433052653308867
48.0,0.00032323362418774985
52.0,-0.001486264190094991
56.0,-0.0035761435530097833
60.0,-0.005280550949860101
64.0,-0.005912832210964078
72.0,-0.00028108125161452335
80.0,-0.001233335989581974
88.0,-0.0029571876639238326
96.0,-0.0034188191621069564
104.0,-0.0025827288604887144
112.0,-0.0016263898396573495
120.0,-0.0029381908643699717
128.0,-0.007466512460268859
144.0,-0.002711427106987685
160.0,-0.0034757020005669733
176.0,-0.003033025933501239
192.0,-0.0029547014519966277
208.0,-0.0029336254542263653
224.0,-0.0028201813961809073
240.0,-0.0020499031480330113
256.0,-0.0029640306845696894
288.0,-0.0014018127840245143
320.0,-0.0016458737397139582
352.0,-0.002110228728270158
384.0,-0.0023613961917969086
416.0,-0.002510154623450944
448.0,-0.0032316316889288523
480.0,-0.0031766497995704412
512.0,-0.00321392560726963
576.0,-0.0012736204468334715
640.0,-0.005804370937463925
704.0,-0.005663803390537699
768.0,0.0009389618256439766
832.0,0.003318263295417031
896.0,0.00046479341108351946
960.0,-0.00045245804358273745
1024.0,-0.0023856401288261018
1152.0,0.0012626221287064254
1280.0,-0.0014898708323016763
1408.0,-0.0048467726446688175
1536.0,-0.005609813961200416
1664.0,-0.005698449647752568
1792.0,-0.003385026677278802
end
