version,3.0
numOfCh,1
type,point
parent_name,714af_0dot2-0dot01
ch_type,1_1
kcount,1
numberNandB,1
brightnessNandB,1
carpet pos,0
pc,0
Time (ms),CH1 Auto-Correlation
1.0,0.026247747242450714
2.0,0.025646986439824104
3.0,0.02507914789021015
4.0,0.024549253284931183
5.0,0.024027986451983452
6.0,0.023509753867983818
7.0,0.023006794974207878
8.0,0.02248440682888031
9.0,0.02199503406882286
10.0,0.021498864516615868
11.0,0.021000096574425697
12.0,0.02050943300127983
13.0,0.02003232017159462
14.0,0.019586239010095596
15.0,0.019154075533151627
16.0,0.018733389675617218
18.0,0.0179450623691082
20.0,0.01723289117217064
22.0,0.01662292517721653
24.0,0.016054874286055565
26.0,0.015512987039983273
28.0,0.014994487166404724
30.0,0.0145078394562006
32.0,0.01405806839466095
36.0,0.013149685226380825
40.0,0.012300795875489712
44.0,0.011509072966873646
48.0,0.01074674166738987
52.0,0.010094504803419113
56.0,0.009605823084712029
60.0,0.009277344681322575
64.0,0.008956588804721832
72.0,0.008396551012992859
80.0,0.008164502680301666
88.0,0.007809463422745466
96.0,0.007398342248052359
104.0,0.006891464814543724
112.0,0.006553709041327238
120.0,0.0062744044698774815
128.0,0.005932444706559181
144.0,0.006097044330090284
160.0,0.0060335006564855576
176.0,0.005726289004087448
192.0,0.005360747221857309
208.0,0.004086789209395647
224.0,0.0029604146257042885
240.0,0.002864553825929761
256.0,0.0031626459676772356
288.0,0.004286903887987137
320.0,0.004568312782794237
352.0,0.0028398113790899515
384.0,0.001274892594665289
416.0,0.0007675301749259233
448.0,0.00182964070700109
480.0,0.0013947597471997142
512.0,-0.00036130231455899775
576.0,-0.0018557196017354727
640.0,-0.0017096763476729393
704.0,-0.0033298262860625982
768.0,-0.0033695583697408438
832.0,-0.002822348615154624
896.0,-0.0026992522180080414
960.0,-0.0027389060705900192
1024.0,-0.004563304129987955
1152.0,-0.002844566013664007
1280.0,-0.00037655586493201554
1408.0,0.0011073908535763621
1536.0,0.0027178467717021704
1664.0,0.0017251388635486364
1792.0,-0.0007759849540889263
1920.0,-5.2119990868959576e-05
2048.0,-0.0005032143671996891
2304.0,-0.0017906369175761938
2560.0,-0.0031413014512509108
2816.0,-0.0018014624947682023
3072.0,-0.001962885959073901
3328.0,-0.0022800632286816835
3584.0,-0.0006456886185333133
3840.0,-0.0005463475245051086
4096.0,0.001240666606463492
end
