version,3.0
numOfCh,1
type,point
parent_name,714af_0dot2-0dot01
ch_type,1_1
kcount,1
numberNandB,1
brightnessNandB,1
carpet pos,0
pc,0
Time (ms),CH1 Auto-Correlation
1.0,0.04685968905687332
2.0,0.04625026509165764
3.0,0.045650824904441833
4.0,0.04510781913995743
5.0,0.04457914084196091
6.0,0.04409134015440941
7.0,0.04361044988036156
8.0,0.04316531866788864
9.0,0.04275058954954147
10.0,0.04232307896018028
11.0,0.04187757521867752
12.0,0.04142671823501587
13.0,0.04098735377192497
14.0,0.04056048020720482
15.0,0.040173813700675964
16.0,0.03979415446519852
18.0,0.03908348083496094
20.0,0.03841090947389603
22.0,0.037780988961458206
24.0,0.03713793680071831
26.0,0.03650972247123718
28.0,0.03592556342482567
30.0,0.035383179783821106
32.0,0.03492295369505882
36.0,0.03410591930150986
40.0,0.03342679888010025
44.0,0.03286496549844742
48.0,0.032358452677726746
52.0,0.03189757466316223
56.0,0.0314558707177639
60.0,0.031071480363607407
64.0,0.030812904238700867
72.0,0.030259814113378525
80.0,0.029736796393990517
88.0,0.02929583564400673
96.0,0.028872715309262276
104.0,0.028111247345805168
112.0,0.02730438858270645
120.0,0.02685929648578167
128.0,0.02681148424744606
144.0,0.02653438039124012
160.0,0.026163630187511444
176.0,0.02559051848948002
192.0,0.025312909856438637
208.0,0.025079874321818352
224.0,0.024881884455680847
240.0,0.02520323172211647
256.0,0.025810083374381065
288.0,0.025964802131056786
320.0,0.025067279115319252
352.0,0.022832170128822327
384.0,0.02205055020749569
416.0,0.021819736808538437
448.0,0.020525634288787842
480.0,0.01907186210155487
512.0,0.017746441066265106
576.0,0.017421381548047066
640.0,0.01690732128918171
704.0,0.016868295148015022
768.0,0.016590137034654617
832.0,0.015882931649684906
896.0,0.014340815134346485
960.0,0.013479397632181644
1024.0,0.012841297313570976
1152.0,0.012940219603478909
1280.0,0.010615977458655834
1408.0,0.010659698396921158
1536.0,0.0098066795617342
1664.0,0.009011807851493359
1792.0,0.008116409182548523
1920.0,0.005454085301607847
2048.0,0.005643878132104874
2304.0,0.0036061331629753113
2560.0,0.0031909302342683077
2816.0,0.0008399587241001427
3072.0,-0.0029390850104391575
3328.0,-0.009939403273165226
3584.0,-0.012429011054337025
3840.0,-0.013770711608231068
4096.0,-0.017382368445396423
end
