version,3.0
numOfCh,1
type,point
parent_name,714af_0dot2-0dot01
ch_type,1_1
kcount,1
numberNandB,1
brightnessNandB,1
carpet pos,0
pc,0
Time (ms),CH1 Auto-Correlation
1.0,0.03278908133506775
2.0,0.03221054747700691
3.0,0.031638842076063156
4.0,0.03108665905892849
5.0,0.03054237551987171
6.0,0.03002042882144451
7.0,0.02949298731982708
8.0,0.029001250863075256
9.0,0.028539178892970085
10.0,0.02808554284274578
11.0,0.02764463983476162
12.0,0.027186892926692963
13.0,0.026737459003925323
14.0,0.026279129087924957
15.0,0.0258474238216877
16.0,0.02541128173470497
18.0,0.02459612861275673
20.0,0.023851847276091576
22.0,0.023184092715382576
24.0,0.022549793124198914
26.0,0.021998776122927666
28.0,0.021488269791007042
30.0,0.020946361124515533
32.0,0.020402856171131134
36.0,0.019547926262021065
40.0,0.018819304183125496
44.0,0.018119117245078087
48.0,0.01752382703125477
52.0,0.017183389514684677
56.0,0.016925429925322533
60.0,0.01670745573937893
64.0,0.016524996608495712
72.0,0.016085846349596977
80.0,0.015491743572056293
88.0,0.014934401959180832
96.0,0.01432100310921669
104.0,0.013564431108534336
112.0,0.01279534213244915
120.0,0.011994964443147182
128.0,0.011144915595650673
144.0,0.009590967558324337
160.0,0.00914351548999548
176.0,0.008562048897147179
192.0,0.0074884104542434216
208.0,0.005935823544859886
224.0,0.004232821054756641
240.0,0.0033243594225496054
256.0,0.0027280175127089024
288.0,0.001479194383136928
320.0,0.0004085051768925041
352.0,-0.0013915407471358776
384.0,-0.0028115594759583473
416.0,-0.0025391194503754377
448.0,-0.0025803311727941036
480.0,-0.0010658118408173323
512.0,-1.849554064392578e-05
576.0,-0.00045597951975651085
640.0,-0.0007989002042450011
704.0,-9.261506056645885e-05
768.0,0.001474692951887846
832.0,0.0015540701569989324
896.0,0.0022219649981707335
960.0,0.0037735868245363235
1024.0,0.004057969897985458
1152.0,-0.0003310865140520036
1280.0,-0.004143434576690197
1408.0,-0.004486244171857834
1536.0,-0.00218530953861773
1664.0,-0.0027524116449058056
1792.0,-0.003146199742332101
1920.0,-0.00429217703640461
2048.0,-0.003961374517530203
2304.0,-0.0047223870642483234
2560.0,-0.0015138540184125304
2816.0,-0.001423716894350946
3072.0,0.0018049906939268112
3328.0,-0.002291496843099594
3584.0,0.007486191112548113
3840.0,0.008040155284106731
4096.0,0.005309884436428547
end
