version,3.0
numOfCh,1
type,point
parent_name,ff67b_0dot4-0dot01
ch_type,1_1
kcount,1
numberNandB,1
brightnessNandB,1
carpet pos,0
pc,0
Time (ms),CH1 Auto-Correlation
1.0,0.055981703102588654
2.0,0.054866306483745575
3.0,0.05377775803208351
4.0,0.052747130393981934
5.0,0.05179297924041748
6.0,0.05089231953024864
7.0,0.05005095526576042
8.0,0.04924080893397331
9.0,0.04847681522369385
10.0,0.047763433307409286
11.0,0.047068603336811066
12.0,0.04643986374139786
13.0,0.04586947336792946
14.0,0.04528427869081497
15.0,0.04473864659667015
16.0,0.04423303157091141
18.0,0.04321872815489769
20.0,0.04230640456080437
22.0,0.04149302840232849
24.0,0.0407092310488224
26.0,0.03996821492910385
28.0,0.03928806632757187
30.0,0.03864162787795067
32.0,0.038052961230278015
36.0,0.036974452435970306
40.0,0.035967059433460236
44.0,0.03477364033460617
48.0,0.03362393379211426
52.0,0.0326433964073658
56.0,0.03194049373269081
60.0,0.0312725305557251
64.0,0.030572690069675446
72.0,0.029264366254210472
80.0,0.028296856209635735
88.0,0.027818918228149414
96.0,0.02729988470673561
104.0,0.026317646726965904
112.0,0.02553149126470089
120.0,0.02488495223224163
128.0,0.02410014346241951
144.0,0.0235541183501482
160.0,0.023795222863554955
176.0,0.024228164926171303
192.0,0.023728521540760994
208.0,0.02301725558936596
224.0,0.022419404238462448
240.0,0.02186819165945053
256.0,0.020837722346186638
288.0,0.019129391759634018
320.0,0.01821769028902054
352.0,0.017047325149178505
384.0,0.01651097647845745
416.0,0.01829468086361885
448.0,0.018320150673389435
480.0,0.01815200410783291
512.0,0.018003027886152267
576.0,0.018592476844787598
640.0,0.01837998628616333
704.0,0.017405789345502853
768.0,0.01775038056075573
832.0,0.015549742616713047
896.0,0.013419265858829021
960.0,0.013724899850785732
1024.0,0.013389969244599342
1152.0,0.015340362675487995
1280.0,0.016599640250205994
1408.0,0.013771082274615765
1536.0,0.012087357230484486
1664.0,0.013323508203029633
1792.0,0.015755144879221916
1920.0,0.018604453653097153
2048.0,0.015856586396694183
2304.0,0.006940457038581371
2560.0,0.003927136305719614
2816.0,0.0036113704554736614
3072.0,0.003385320771485567
3328.0,0.002189242048189044
3584.0,0.0025125211104750633
3840.0,0.0025643145199865103
4096.0,8.713115676073357e-05
4608.0,0.0007432936108671129
5120.0,-0.002245501847937703
5632.0,0.0006933753029443324
6144.0,-0.001012609456665814
6656.0,-0.003248627530410886
7168.0,-0.003891320899128914
7680.0,-0.001391022582538426
8192.0,-0.005573308560997248
end
