version,3.0
numOfCh,1
type,point
parent_name,ff67b_0dot4-0dot01
ch_type,1_1
kcount,1
numberNandB,1
brightnessNandB,1
carpet pos,0
pc,0
Time (ms),CH1 Auto-Correlation
1.0,0.03576967865228653
2.0,0.0346703864634037
3.0,0.03363730385899544
4.0,0.03267436847090721
5.0,0.03176182880997658
6.0,0.030948473140597343
7.0,0.030186720192432404
8.0,0.02947961911559105
9.0,0.028791159391403198
10.0,0.02815900929272175
11.0,0.027557961642742157
12.0,0.026960622519254684
13.0,0.026400446891784668
14.0,0.02587837167084217
15.0,0.025438494980335236
16.0,0.025000620633363724
18.0,0.024104909971356392
20.0,0.023246681317687035
22.0,0.022379979491233826
24.0,0.021585755050182343
26.0,0.020901646465063095
28.0,0.0202519241720438
30.0,0.019635044038295746
32.0,0.01913967914879322
36.0,0.018323460593819618
40.0,0.017696360126137733
44.0,0.01704314909875393
48.0,0.01658111810684204
52.0,0.016145164147019386
56.0,0.015584364533424377
60.0,0.014875805005431175
64.0,0.01438702642917633
72.0,0.013385405763983727
80.0,0.01213084813207388
88.0,0.011132658459246159
96.0,0.010975232347846031
104.0,0.011014100164175034
112.0,0.011186067946255207
120.0,0.011181245557963848
128.0,0.010205662809312344
144.0,0.008250081911683083
160.0,0.006723501719534397
176.0,0.0050535788759589195
192.0,0.004253982100635767
208.0,0.0047138831578195095
224.0,0.005453918594866991
240.0,0.005437674466520548
256.0,0.004476316273212433
288.0,0.002671545371413231
320.0,0.0017946200678125024
352.0,0.002978611970320344
384.0,0.004085379187017679
416.0,0.0044641559943556786
448.0,0.004692080896347761
480.0,0.0037627846468240023
512.0,0.0036754505708813667
576.0,0.0031603099778294563
640.0,0.0019040307961404324
704.0,0.0011508773313835263
768.0,-0.0010474792215973139
832.0,-0.0011663184268400073
896.0,-0.00046341950655914843
960.0,-0.002474586945027113
1024.0,-0.0008651482639834285
1152.0,-0.00043869621003977954
1280.0,-0.0026642209850251675
1408.0,0.0005918417009525001
1536.0,8.745718514546752e-05
1664.0,-0.0023899362422525883
1792.0,-0.004082771483808756
1920.0,-0.003520272672176361
2048.0,-0.0004025051021017134
2304.0,0.0005426111747510731
2560.0,0.005040168296545744
2816.0,0.0040862420573830605
3072.0,-0.0015947814099490643
3328.0,-0.003746166592463851
3584.0,-0.005548594519495964
3840.0,-0.004253910388797522
4096.0,-0.008372727781534195
end
