version,3.0
numOfCh,1
type,point
parent_name,ff67b_0dot4-0dot01
ch_type,1_1
kcount,1
numberNandB,1
brightnessNandB,1
carpet pos,0
pc,0
Time (ms),CH1 Auto-Correlation
1.0,0.03548029065132141
2.0,0.03441038727760315
3.0,0.03341982513666153
4.0,0.03248361870646477
5.0,0.03161032870411873
6.0,0.03078705258667469
7.0,0.03007870726287365
8.0,0.029386084526777267
9.0,0.02874508500099182
10.0,0.028141068294644356
11.0,0.027580462396144867
12.0,0.027015553787350655
13.0,0.026461539790034294
14.0,0.025959299877285957
15.0,0.025463666766881943
16.0,0.025009317323565483
18.0,0.02422279864549637
20.0,0.023499760776758194
22.0,0.022769121453166008
24.0,0.022074397653341293
26.0,0.021482737734913826
28.0,0.020893823355436325
30.0,0.020307237282395363
32.0,0.01978844404220581
36.0,0.018933909013867378
40.0,0.018325330689549446
44.0,0.017901407554745674
48.0,0.017560938373208046
52.0,0.017254605889320374
56.0,0.016855252906680107
60.0,0.016313524916768074
64.0,0.01566387340426445
72.0,0.014936921186745167
80.0,0.013751952908933163
88.0,0.012479535304009914
96.0,0.01169220544397831
104.0,0.011437520384788513
112.0,0.011206600815057755
120.0,0.010814801789820194
128.0,0.010040003806352615
144.0,0.009226726368069649
160.0,0.009124502539634705
176.0,0.009586715139448643
192.0,0.009861545637249947
208.0,0.008817645721137524
224.0,0.007114439271390438
240.0,0.006080180872231722
256.0,0.005162094719707966
288.0,0.003785237902775407
320.0,0.003576151095330715
352.0,0.00478297658264637
384.0,0.005643841344863176
416.0,0.0061180745251476765
448.0,0.006023597903549671
480.0,0.005741109140217304
512.0,0.006175345741212368
576.0,0.006189639680087566
640.0,0.005323472898453474
704.0,0.004787768702954054
768.0,0.0021484624594449997
832.0,-0.0015136371366679668
896.0,-0.0019817412830889225
960.0,-0.0003977110318373889
1024.0,-0.0016918209148570895
1152.0,0.0002559239510446787
1280.0,0.0035546403378248215
1408.0,0.005704456474632025
1536.0,0.002097262069582939
1664.0,0.0018614755244925618
1792.0,0.002176878275349736
1920.0,0.004346358589828014
2048.0,0.002296840539202094
2304.0,-0.007555439602583647
2560.0,-0.003994102124124765
2816.0,-0.0074891624972224236
3072.0,-0.00578557513654232
3328.0,-0.002463203389197588
3584.0,-0.006721734069287777
3840.0,-0.003672147635370493
4096.0,-0.006488678511232138
end
