version,3.0
numOfCh,1
type,point
parent_name,714af_0dot4-0dot01
ch_type,1_1
kcount,1
numberNandB,1
brightnessNandB,1
carpet pos,0
pc,0
Time (ms),CH1 Auto-Correlation
1.0,0.027725141495466232
2.0,0.026575030758976936
3.0,0.025609983131289482
4.0,0.02463037334382534
5.0,0.023746609687805176
6.0,0.022880010306835175
7.0,0.02205917052924633
8.0,0.021359611302614212
9.0,0.020711760967969894
10.0,0.020094774663448334
11.0,0.019489269703626633
12.0,0.018915457651019096
13.0,0.018356841057538986
14.0,0.01785638928413391
15.0,0.017392519861459732
16.0,0.01693929173052311
18.0,0.01608213782310486
20.0,0.01540330145508051
22.0,0.014668754301965237
24.0,0.013901613652706146
26.0,0.013179159723222256
28.0,0.012513350695371628
30.0,0.011924751102924347
32.0,0.011368045583367348
36.0,0.010186790488660336
40.0,0.008885323069989681
44.0,0.008060716092586517
48.0,0.0077606975100934505
52.0,0.007609788794070482
56.0,0.007270546164363623
60.0,0.006856775376945734
64.0,0.006474727299064398
72.0,0.006123417057096958
80.0,0.0057661281898617744
88.0,0.005209090653806925
96.0,0.004251929931342602
104.0,0.003047203877940774
112.0,0.0020032329484820366
120.0,0.0011330804554745555
128.0,0.0010612572077661753
144.0,0.001437613507732749
160.0,0.002357711549848318
176.0,0.002512668026611209
192.0,0.0015654729213565588
208.0,0.0004549993318505585
224.0,0.00048577957204543054
240.0,0.00044112640898674726
256.0,0.0006119167665019631
288.0,0.0007801450556144118
320.0,0.001425667549483478
352.0,-0.0008777497569099069
384.0,-0.0006802090210840106
416.0,-0.0008886834257282317
448.0,-0.0013400987954810262
480.0,-0.0023296528961509466
512.0,-0.003935558721423149
576.0,-0.004174083936959505
640.0,-0.0014567129546776414
704.0,-0.0005602067103609443
768.0,0.00020017946371808648
832.0,-0.0006028863717801869
896.0,0.0021007489413022995
960.0,0.0018007314065471292
1024.0,-0.00029582594288513064
1152.0,0.0025790457148104906
1280.0,0.00203107506968081
1408.0,0.0003956876171287149
1536.0,0.0007892415742389858
1664.0,-0.0033523428719490767
1792.0,-0.004328874405473471
1920.0,-0.0014685357455164194
2048.0,-0.0020028604194521904
2304.0,-0.0005157029372639954
2560.0,-0.0035550242755562067
2816.0,-0.0008862782851792872
3072.0,0.0007911167340353131
3328.0,0.0008655969868414104
3584.0,-0.004197289701551199
3840.0,0.00011875277414219454
4096.0,0.005029086489230394
end
