version,3.0
numOfCh,1
type,point
parent_name,714af_0dot4-0dot01
ch_type,1_1
kcount,1
numberNandB,1
brightnessNandB,1
carpet pos,0
pc,0
Time (ms),CH1 Auto-Correlation
1.0,0.04955367371439934
2.0,0.047734517604112625
3.0,0.046051353216171265
4.0,0.0445026196539402
5.0,0.04309447482228279
6.0,0.041772037744522095
7.0,0.04043465480208397
8.0,0.03914347663521767
9.0,0.038028448820114136
10.0,0.03706499934196472
11.0,0.0360395722091198
12.0,0.034893155097961426
13.0,0.03377890959382057
14.0,0.032689809799194336
15.0,0.03178057447075844
16.0,0.0309417974203825
18.0,0.02813202142715454
20.0,0.026202451437711716
22.0,0.02436901070177555
24.0,0.02237008884549141
26.0,0.021872220560908318
28.0,0.02138981968164444
30.0,0.021025316789746284
32.0,0.02070595882833004
36.0,0.020084718242287636
40.0,0.01932981051504612
44.0,0.018503237515687943
48.0,0.017551841214299202
52.0,0.01663082465529442
56.0,0.016034366562962532
60.0,0.015361693687736988
64.0,0.014674761332571507
72.0,0.01398374605923891
80.0,0.014287224970757961
88.0,0.014429635368287563
96.0,0.013417757116258144
104.0,0.012484450824558735
112.0,0.012302598915994167
120.0,0.011752876453101635
128.0,0.01076465006917715
144.0,0.011836597695946693
160.0,0.01257404126226902
176.0,0.01060463860630989
192.0,0.009229120798408985
208.0,0.009068156592547894
224.0,0.010245981626212597
240.0,0.011261600069701672
256.0,0.011217925697565079
288.0,0.009257009252905846
320.0,0.008604017086327076
352.0,0.00787875335663557
384.0,0.005973160732537508
416.0,0.003357489826157689
448.0,0.0020756565500050783
480.0,0.0033103758469223976
512.0,0.0037533550057560205
576.0,0.003843465121462941
640.0,0.004983613733202219
704.0,0.005806056782603264
768.0,0.0034068350214511156
832.0,0.0029839291237294674
896.0,0.0035986576694995165
960.0,0.002584299072623253
1024.0,0.003350598970428109
1152.0,0.0021734796464443207
1280.0,-0.0035364932846277952
1408.0,-0.001813798793591559
1536.0,-0.001729396521113813
1664.0,0.00037985300878062844
1792.0,-0.0012949935626238585
1920.0,-0.0015769617166370153
2048.0,0.0024523972533643246
2304.0,0.0018373698694631457
2560.0,-0.0020916233770549297
2816.0,-0.012302441522479057
3072.0,-0.012171649374067783
3328.0,-0.014656677842140198
3584.0,-0.026135645806789398
3840.0,-0.028426768258213997
4096.0,-0.009646323509514332
end
