version,3.0
numOfCh,1
type,point
parent_name,c1204_0dot4-0dot01
ch_type,1_1
kcount,1
numberNandB,1
brightnessNandB,1
carpet pos,0
pc,0
Time (ms),CH1 Auto-Correlation
1.0,0.0346747562289238
2.0,0.03349137306213379
3.0,0.03243555501103401
4.0,0.03141585364937782
5.0,0.030508900061249733
6.0,0.029676703736186028
7.0,0.02892402373254299
8.0,0.02818555012345314
9.0,0.027447039261460304
10.0,0.026725202798843384
11.0,0.02608158253133297
12.0,0.02544272504746914
13.0,0.0248344037681818
14.0,0.0241970494389534
15.0,0.023592717945575714
16.0,0.023018209263682365
18.0,0.021804599091410637
20.0,0.020778192207217216
22.0,0.01995488628745079
24.0,0.019115563482046127
26.0,0.018285371363162994
28.0,0.01748514361679554
30.0,0.016666758805513382
32.0,0.015975072979927063
36.0,0.014794519171118736
40.0,0.013831819407641888
44.0,0.012893243692815304
48.0,0.012031622231006622
52.0,0.011030360125005245
56.0,0.010193828493356705
60.0,0.009449213743209839
64.0,0.008917984552681446
72.0,0.008003375492990017
80.0,0.007139199413359165
88.0,0.0062231156043708324
96.0,0.005223026964813471
104.0,0.004393959417939186
112.0,0.0040279291570186615
120.0,0.004267225041985512
128.0,0.005182892549782991
144.0,0.007514176424592733
160.0,0.008309203200042248
176.0,0.008301714435219765
192.0,0.007343435660004616
208.0,0.007738548330962658
224.0,0.006986376363784075
240.0,0.005106337834149599
256.0,0.003207148052752018
288.0,0.001180426450446248
320.0,0.002295623067766428
352.0,0.0038697931449860334
384.0,0.003954724408686161
416.0,0.001421886496245861
448.0,-0.0013485332019627094
480.0,-0.002185801975429058
512.0,-0.0026219338178634644
576.0,-0.0028692500200122595
640.0,-0.002075198572129011
704.0,-0.0012449435889720917
768.0,-0.0011128716869279742
832.0,-0.0014661289751529694
896.0,-0.0018197831232100725
960.0,-0.004053566139191389
1024.0,-0.002437460934743285
1152.0,-0.0022735800594091415
1280.0,-0.004617505706846714
1408.0,-0.0019088996341452003
1536.0,-0.0033032516948878765
1664.0,-0.0025046097580343485
1792.0,-0.0002899832325056195
1920.0,-0.003185971872881055
2048.0,-0.002156507456675172
2304.0,-0.0052862949669361115
2560.0,-0.0021658027544617653
2816.0,0.0038513564504683018
3072.0,0.00581283587962389
3328.0,0.011018667370080948
3584.0,0.006217525340616703
3840.0,-0.0047057815827429295
4096.0,-0.008036690764129162
end
