version,3.0
numOfCh,1
type,point
parent_name,19e3e_0dot069-0dot01
ch_type,1_1
kcount,1
numberNandB,1
brightnessNandB,1
carpet pos,0
pc,0
Time (ms),CH1 Auto-Correlation
1.0,0.07662349194288254
2.0,0.07615537941455841
3.0,0.07569386065006256
4.0,0.07522107660770416
5.0,0.07477038353681564
6.0,0.07432349771261215
7.0,0.07385957986116409
8.0,0.07343146950006485
9.0,0.07301963120698929
10.0,0.07263841480016708
11.0,0.07227151840925217
12.0,0.07190334796905518
13.0,0.07153337448835373
14.0,0.07118017226457596
15.0,0.07081121951341629
16.0,0.07043589651584625
18.0,0.06969497352838516
20.0,0.0689367800951004
22.0,0.06822635233402252
24.0,0.06755795329809189
26.0,0.06687407195568085
28.0,0.06614382565021515
30.0,0.0653981864452362
32.0,0.06461361050605774
36.0,0.06266064941883087
40.0,0.061159975826740265
44.0,0.05962926894426346
48.0,0.05791671574115753
52.0,0.05607442557811737
56.0,0.054169874638319016
60.0,0.05216626450419426
64.0,0.05011740326881409
72.0,0.04556083679199219
80.0,0.04200180247426033
88.0,0.038751911371946335
96.0,0.03570867329835892
104.0,0.032617345452308655
112.0,0.030034368857741356
120.0,0.02763010747730732
128.0,0.025647465139627457
144.0,0.021614765748381615
160.0,0.019753124564886093
176.0,0.019106322899460793
192.0,0.01916910707950592
208.0,0.01926194131374359
224.0,0.019099036231637
240.0,0.018558884039521217
256.0,0.017888985574245453
288.0,0.017013084143400192
320.0,0.016435842961072922
352.0,0.016183078289031982
384.0,0.015167918056249619
416.0,0.013659869320690632
448.0,0.013117623515427113
480.0,0.012750574387609959
512.0,0.011846330948174
576.0,0.010653072036802769
640.0,0.008241440169513226
704.0,0.006780569441616535
768.0,0.006046324502676725
832.0,0.008260529488325119
896.0,0.009620907716453075
960.0,0.009067974984645844
1024.0,0.010022204369306564
1152.0,0.010739811696112156
1280.0,0.00664801150560379
1408.0,0.00295598478987813
1536.0,0.0024335079360753298
1664.0,-0.005164537578821182
1792.0,-0.0069192578084766865
1920.0,-0.00374221452511847
2048.0,0.00312725268304348
2304.0,0.010121649131178856
2560.0,0.007826418615877628
2816.0,0.0036970051005482674
3072.0,0.0054872953332960606
3328.0,0.008754442445933819
3584.0,0.0019027440575882792
3840.0,-0.005696859210729599
4096.0,-0.011576356366276741
4608.0,-0.012039623223245144
5120.0,-0.005349003244191408
5632.0,0.005712337326258421
6144.0,-0.0032751380931586027
6656.0,-0.008442421443760395
7168.0,-0.017423272132873535
7680.0,-0.00663998257368803
8192.0,-0.009719638153910637
end
