version,3.0
numOfCh,1
type,point
parent_name,19e3e_0dot069-0dot01
ch_type,1_1
kcount,1
numberNandB,1
brightnessNandB,1
carpet pos,0
pc,0
Time (ms),CH1 Auto-Correlation
1.0,0.1549709588289261
2.0,0.1537533700466156
3.0,0.1525287628173828
4.0,0.1513286828994751
5.0,0.15016232430934906
6.0,0.14910930395126343
7.0,0.14800742268562317
8.0,0.1469622403383255
9.0,0.14591726660728455
10.0,0.14483755826950073
11.0,0.14372920989990234
12.0,0.14263901114463806
13.0,0.1415284276008606
14.0,0.14043934643268585
15.0,0.139344722032547
16.0,0.1383809894323349
18.0,0.13662174344062805
20.0,0.13477541506290436
22.0,0.1328408420085907
24.0,0.13101637363433838
26.0,0.12929657101631165
28.0,0.1276756078004837
30.0,0.12606830894947052
32.0,0.12444686889648438
36.0,0.12138143926858902
40.0,0.11798623949289322
44.0,0.11442815512418747
48.0,0.11101161688566208
52.0,0.10762319713830948
56.0,0.10416148602962494
60.0,0.10086233913898468
64.0,0.09741752594709396
72.0,0.09049155563116074
80.0,0.08365024626255035
88.0,0.07717404514551163
96.0,0.07133699208498001
104.0,0.06630508601665497
112.0,0.06214693933725357
120.0,0.058544088155031204
128.0,0.055761199444532394
144.0,0.052932772785425186
160.0,0.05190611258149147
176.0,0.050933148711919785
192.0,0.051342613995075226
208.0,0.05342715233564377
224.0,0.055284418165683746
240.0,0.05803055688738823
256.0,0.0626993328332901
288.0,0.07010912895202637
320.0,0.06892800331115723
352.0,0.06335119903087616
384.0,0.055698975920677185
416.0,0.05234541743993759
448.0,0.04440333694219589
480.0,0.035066451877355576
512.0,0.022670624777674675
576.0,0.015856264159083366
640.0,0.02376932092010975
704.0,0.01901424117386341
768.0,0.003669327823445201
832.0,-0.0059118689969182014
896.0,0.002967813750728965
960.0,0.010934293270111084
1024.0,-0.0007669683545827866
1152.0,-0.01509514357894659
1280.0,-0.019585225731134415
1408.0,-0.026947809383273125
1536.0,-0.040253832936286926
1664.0,-0.042576469480991364
1792.0,-0.038209181278944016
1920.0,-0.03671151399612427
2048.0,-0.035693857818841934
2304.0,-0.035130575299263
2560.0,-0.05834243446588516
2816.0,-0.055055100470781326
3072.0,-0.04147307574748993
3328.0,0.0033471521455794573
3584.0,0.016334734857082367
3840.0,0.0313447043299675
4096.0,0.053874388337135315
end
