version,3.0
numOfCh,1
type,point
parent_name,19e3e_0dot069-0dot01
ch_type,1_1
kcount,1
numberNandB,1
brightnessNandB,1
carpet pos,0
pc,0
Time (ms),CH1 Auto-Correlation
1.0,0.10210622847080231
2.0,0.10160689800977707
3.0,0.10107409954071045
4.0,0.10059645771980286
5.0,0.10015325993299484
6.0,0.09977204352617264
7.0,0.09940776228904724
8.0,0.09899765253067017
9.0,0.09859494864940643
10.0,0.09819494187831879
11.0,0.09781879931688309
12.0,0.09742327779531479
13.0,0.09706242382526398
14.0,0.09668568521738052
15.0,0.09634508937597275
16.0,0.09601173549890518
18.0,0.0953146442770958
20.0,0.09463386982679367
22.0,0.09397890418767929
24.0,0.09327304363250732
26.0,0.09252259135246277
28.0,0.09173163026571274
30.0,0.09096428751945496
32.0,0.09021010249853134
36.0,0.0888378843665123
40.0,0.08760038018226624
44.0,0.086396224796772
48.0,0.08533186465501785
52.0,0.08437269926071167
56.0,0.08357907831668854
60.0,0.08284034579992294
64.0,0.08221765607595444
72.0,0.08109133690595627
80.0,0.07996781170368195
88.0,0.07912144064903259
96.0,0.07835248112678528
104.0,0.0770384892821312
112.0,0.07596880197525024
120.0,0.07483220100402832
128.0,0.0737738311290741
144.0,0.07160789519548416
160.0,0.06938046962022781
176.0,0.06853412836790085
192.0,0.06835436075925827
208.0,0.0676332488656044
224.0,0.06500735878944397
240.0,0.06135612726211548
256.0,0.058074500411748886
288.0,0.0532943457365036
320.0,0.04826808348298073
352.0,0.04301171749830246
384.0,0.03804413974285126
416.0,0.033558156341314316
448.0,0.02958614192903042
480.0,0.027481375262141228
512.0,0.025559451431035995
576.0,0.02261103130877018
640.0,0.01774458773434162
704.0,0.01809459738433361
768.0,0.018112191930413246
832.0,0.016847513616085052
896.0,0.01438373513519764
960.0,0.008952291682362556
1024.0,0.005746420472860336
1152.0,-0.0007967178826220334
1280.0,-0.008119063451886177
1408.0,-0.011939934454858303
1536.0,-0.016732232645154
1664.0,-0.015900524333119392
1792.0,-0.0190141461789608
1920.0,-0.015402006916701794
2048.0,-0.013742626644670963
2304.0,-0.01818392425775528
2560.0,-0.019399872049689293
2816.0,-0.014867467805743217
3072.0,-0.009233029559254646
3328.0,-0.007211117539554834
3584.0,-0.010504241101443768
3840.0,-0.011109896004199982
4096.0,-0.008362704887986183
4608.0,-0.024503163993358612
5120.0,-0.024559220299124718
5632.0,-0.008078712970018387
6144.0,0.007063813507556915
6656.0,0.012695448473095894
7168.0,0.015095948241651058
7680.0,0.013528733514249325
8192.0,0.005852131638675928
end
