version,3.0
numOfCh,1
type,point
parent_name,ff67b_0dot08-0dot01
ch_type,1_1
kcount,1
numberNandB,1
brightnessNandB,1
carpet pos,0
pc,0
Time (ms),CH1 Auto-Correlation
1.0,0.27288997173309326
2.0,0.2717546224594116
3.0,0.27062204480171204
4.0,0.26952695846557617
5.0,0.2684284746646881
6.0,0.26735061407089233
7.0,0.26622772216796875
8.0,0.26511505246162415
9.0,0.26397839188575745
10.0,0.2628483176231384
11.0,0.26175445318222046
12.0,0.2606845498085022
13.0,0.25959619879722595
14.0,0.25854066014289856
15.0,0.2574537992477417
16.0,0.2563272714614868
18.0,0.25379809737205505
20.0,0.2518390715122223
22.0,0.2498965710401535
24.0,0.24800848960876465
26.0,0.2461293637752533
28.0,0.24422651529312134
30.0,0.2424212098121643
32.0,0.24055704474449158
36.0,0.23623551428318024
40.0,0.2330702245235443
44.0,0.22966279089450836
48.0,0.22615425288677216
52.0,0.22245579957962036
56.0,0.21865171194076538
60.0,0.2148665338754654
64.0,0.2112218141555786
72.0,0.20488843321800232
80.0,0.19843487441539764
88.0,0.19177524745464325
96.0,0.1856698989868164
104.0,0.18003442883491516
112.0,0.1741875410079956
120.0,0.16771042346954346
128.0,0.16167786717414856
144.0,0.1452428549528122
160.0,0.13502363860607147
176.0,0.1252618432044983
192.0,0.11599887907505035
208.0,0.10693026334047318
224.0,0.0987226665019989
240.0,0.08921840041875839
256.0,0.07905184477567673
288.0,0.05902305245399475
320.0,0.03629525750875473
352.0,0.03571983054280281
384.0,0.03763861954212189
416.0,0.0383831188082695
448.0,0.03817538917064667
480.0,0.03697030246257782
512.0,0.034082796424627304
576.0,0.02640063501894474
640.0,0.021798286586999893
704.0,0.01780817285180092
768.0,0.01606510765850544
832.0,0.017122479155659676
896.0,0.01829558238387108
960.0,0.01845242828130722
1024.0,0.018755340948700905
1152.0,0.01965516433119774
1280.0,0.024081069976091385
1408.0,0.020968792960047722
1536.0,0.012597070075571537
1664.0,0.009794589132070541
1792.0,0.008252940140664577
1920.0,0.005710698664188385
2048.0,0.0043228138238191605
2304.0,0.0039294869638979435
2560.0,0.010233920998871326
2816.0,0.008811794221401215
3072.0,-0.009280634112656116
3328.0,-2.9454167815856636e-05
3584.0,0.0007697009132243693
3840.0,-0.002046524081379175
4096.0,-0.0037527973763644695
4608.0,0.0035742197651416063
5120.0,-0.0013434988213703036
5632.0,0.0036891764029860497
6144.0,0.0015128027880564332
6656.0,-0.002876446582376957
7168.0,-0.0015473781386390328
7680.0,-0.001960207475349307
8192.0,-0.00723950145766139
end
