version,3.0
numOfCh,1
type,point
parent_name,ff67b_0dot08-0dot01
ch_type,1_1
kcount,1
numberNandB,1
brightnessNandB,1
carpet pos,0
pc,0
Time (ms),CH1 Auto-Correlation
1.0,0.8346586227416992
2.0,0.8340272307395935
3.0,0.83335942029953
4.0,0.8326992988586426
5.0,0.8320285677909851
6.0,0.8313092589378357
7.0,0.8305652141571045
8.0,0.8298251628875732
9.0,0.8291091322898865
10.0,0.8283461332321167
11.0,0.8276036381721497
12.0,0.8268954753875732
13.0,0.8261488676071167
14.0,0.8254399299621582
15.0,0.8247362971305847
16.0,0.8240005373954773
18.0,0.8225148320198059
20.0,0.8210721015930176
22.0,0.8196436762809753
24.0,0.8182681798934937
26.0,0.8168869614601135
28.0,0.8154314756393433
30.0,0.8139864802360535
32.0,0.812446653842926
36.0,0.8093044757843018
40.0,0.8064851760864258
44.0,0.8034386038780212
48.0,0.8002808690071106
52.0,0.7972795367240906
56.0,0.7944396138191223
60.0,0.7917008996009827
64.0,0.789194643497467
72.0,0.783833384513855
80.0,0.7792209386825562
88.0,0.7739607095718384
96.0,0.7680609822273254
104.0,0.762780487537384
112.0,0.7571077942848206
120.0,0.7510597109794617
128.0,0.7447189092636108
144.0,0.7289110422134399
160.0,0.7140936851501465
176.0,0.7003223299980164
192.0,0.6887991428375244
208.0,0.6787921190261841
224.0,0.6697102785110474
240.0,0.6596791744232178
256.0,0.6486859917640686
288.0,0.6278768181800842
320.0,0.6153766512870789
352.0,0.5998201966285706
384.0,0.5824230313301086
416.0,0.5645898580551147
448.0,0.5446506142616272
480.0,0.5211849212646484
512.0,0.49764692783355713
576.0,0.45842573046684265
640.0,0.4219556152820587
704.0,0.3825266659259796
768.0,0.33788713812828064
832.0,0.2937350273132324
896.0,0.2540775239467621
960.0,0.2178509384393692
1024.0,0.18378837406635284
1152.0,0.09299110621213913
1280.0,0.003054998116567731
1408.0,-0.03458196669816971
1536.0,-0.03332246094942093
1664.0,-0.03044874407351017
1792.0,-0.0339684933423996
1920.0,-0.04067710414528847
2048.0,-0.043242502957582474
2304.0,-0.019709736108779907
2560.0,-0.00805730652064085
2816.0,0.007288760971277952
3072.0,0.027709724381566048
3328.0,0.04473871365189552
3584.0,0.03983938321471214
3840.0,0.04210563376545906
4096.0,0.022060055285692215
4608.0,-0.049355678260326385
5120.0,-0.0859239399433136
5632.0,-0.08910039812326431
6144.0,-0.10988401621580124
6656.0,-0.1351117193698883
7168.0,-0.14725810289382935
7680.0,-0.14186906814575195
8192.0,-0.13693559169769287
end
