version,3.0
numOfCh,1
type,point
parent_name,34a6d_3dot0-0dot01
ch_type,1_1
kcount,1
numberNandB,1
brightnessNandB,1
carpet pos,0
pc,0
Time (ms),CH1 Auto-Correlation
1.0,0.15393300354480743
2.0,0.1503111720085144
3.0,0.14751975238323212
4.0,0.14524690806865692
5.0,0.14326663315296173
6.0,0.14135928452014923
7.0,0.1398317664861679
8.0,0.13842995464801788
9.0,0.13693109154701233
10.0,0.13564366102218628
11.0,0.13437962532043457
12.0,0.13299159705638885
13.0,0.1315116584300995
14.0,0.13026192784309387
15.0,0.12902520596981049
16.0,0.12790547311306
18.0,0.1259288191795349
20.0,0.12403149157762527
22.0,0.12243816256523132
24.0,0.12132812291383743
26.0,0.1203731894493103
28.0,0.11933864653110504
30.0,0.11813545227050781
32.0,0.11700604856014252
36.0,0.11517563462257385
40.0,0.11383045464754105
44.0,0.11292235553264618
48.0,0.11158426851034164
52.0,0.1102423220872879
56.0,0.1093890443444252
60.0,0.10818562656641006
64.0,0.10657544434070587
72.0,0.10412895679473877
80.0,0.10239746421575546
88.0,0.10117436200380325
96.0,0.10011973232030869
104.0,0.09849610179662704
112.0,0.09574347734451294
120.0,0.093562550842762
128.0,0.09237606823444366
144.0,0.08923700451850891
160.0,0.08683022111654282
176.0,0.08493669331073761
192.0,0.08457930386066437
208.0,0.08330407738685608
224.0,0.08104266226291656
240.0,0.08042807877063751
256.0,0.07894501835107803
288.0,0.07394850254058838
320.0,0.06544224917888641
352.0,0.062446966767311096
384.0,0.0636642649769783
416.0,0.06405790150165558
448.0,0.06680507212877274
480.0,0.0671795904636383
512.0,0.06458497792482376
576.0,0.06003846600651741
640.0,0.06930933892726898
704.0,0.07084585726261139
768.0,0.06314264982938766
832.0,0.05097418278455734
896.0,0.05260155349969864
960.0,0.04620354622602463
1024.0,0.03823261335492134
1152.0,0.03668186068534851
1280.0,0.021779660135507584
1408.0,0.0066025713458657265
1536.0,-0.007796708960086107
1664.0,-0.005699185188859701
1792.0,-0.0003606132522691041
1920.0,-0.003894094144925475
2048.0,-0.02393929846584797
2304.0,-0.04313455522060394
2560.0,-0.04381585121154785
2816.0,-0.048681605607271194
3072.0,-0.050545431673526764
3328.0,-0.05305992439389229
3584.0,-0.05177764222025871
3840.0,-0.04913414642214775
4096.0,-0.04813617840409279
4608.0,-0.04194475710391998
5120.0,-0.03012404590845108
5632.0,-0.007839703932404518
6144.0,0.01539940107613802
6656.0,0.023998096585273743
7168.0,0.03319576755166054
7680.0,0.02850632555782795
8192.0,0.021311016753315926
end
