version,3.0
numOfCh,1
type,point
parent_name,714af_0dot069-0dot1
ch_type,1_1
kcount,1
numberNandB,1
brightnessNandB,1
carpet pos,0
pc,0
Time (ms),CH1 Auto-Correlation
1.0,0.0894058346748352
2.0,0.08870800584554672
3.0,0.08807636052370071
4.0,0.08747134357690811
5.0,0.08688874542713165
6.0,0.08631103485822678
7.0,0.0857960656285286
8.0,0.08530571311712265
9.0,0.08483677357435226
10.0,0.08440176397562027
11.0,0.08396653831005096
12.0,0.08353927731513977
13.0,0.08310171216726303
14.0,0.08270613849163055
15.0,0.08227550983428955
16.0,0.08183378726243973
18.0,0.08091547340154648
20.0,0.08002572506666183
22.0,0.07917135208845139
24.0,0.07836608588695526
26.0,0.07763305306434631
28.0,0.07696375995874405
30.0,0.07630826532840729
32.0,0.0756264328956604
36.0,0.07421296834945679
40.0,0.07280804961919785
44.0,0.07157719135284424
48.0,0.07052069902420044
52.0,0.06944453716278076
56.0,0.06845405697822571
60.0,0.06755886226892471
64.0,0.0667283833026886
72.0,0.06515155732631683
80.0,0.06376352906227112
88.0,0.06241244450211525
96.0,0.061073239892721176
104.0,0.05974699184298515
112.0,0.058260127902030945
120.0,0.05677672475576401
128.0,0.055452484637498856
144.0,0.0532061867415905
160.0,0.051090456545352936
176.0,0.04968041554093361
192.0,0.048356086015701294
208.0,0.047823984175920486
224.0,0.047091320157051086
240.0,0.04647174850106239
256.0,0.04646178334951401
288.0,0.046524614095687866
320.0,0.04482553154230118
352.0,0.04401256516575813
384.0,0.04346557706594467
416.0,0.04171261936426163
448.0,0.03997386619448662
480.0,0.03829566389322281
512.0,0.038038574159145355
576.0,0.036946531385183334
640.0,0.03503929451107979
704.0,0.033583227545022964
768.0,0.032477010041475296
832.0,0.030430162325501442
896.0,0.028786402195692062
960.0,0.02631252445280552
1024.0,0.023236263543367386
1152.0,0.020090606063604355
1280.0,0.019701674580574036
1408.0,0.01955011673271656
1536.0,0.016426103189587593
1664.0,0.012823824770748615
1792.0,0.011259292252361774
1920.0,0.009358747862279415
2048.0,0.008407941088080406
2304.0,0.014213227666914463
2560.0,0.00925640482455492
2816.0,-0.005642585922032595
3072.0,-0.010732420720160007
3328.0,-0.02232249267399311
3584.0,-0.03204698860645294
3840.0,-0.03232318162918091
4096.0,-0.041691869497299194
4608.0,-0.03305956348776817
5120.0,-0.03763653337955475
5632.0,-0.03888997063040733
6144.0,-0.03542998433113098
6656.0,-0.02490738220512867
7168.0,0.007128139492124319
7680.0,0.01110412459820509
8192.0,0.009217986837029457
end
