version,3.0
numOfCh,1
type,point
parent_name,714af_0dot069-0dot1
ch_type,1_1
kcount,1
numberNandB,1
brightnessNandB,1
carpet pos,0
pc,0
Time (ms),CH1 Auto-Correlation
1.0,0.13965600728988647
2.0,0.13888238370418549
3.0,0.13814960420131683
4.0,0.13746975362300873
5.0,0.13677959144115448
6.0,0.13613303005695343
7.0,0.13552138209342957
8.0,0.1349230855703354
9.0,0.13434690237045288
10.0,0.13379830121994019
11.0,0.13327950239181519
12.0,0.13276611268520355
13.0,0.13226571679115295
14.0,0.13175369799137115
15.0,0.13124103844165802
16.0,0.13074104487895966
18.0,0.12976399064064026
20.0,0.12881551682949066
22.0,0.1279260218143463
24.0,0.12710705399513245
26.0,0.12635831534862518
28.0,0.12568779289722443
30.0,0.12505990266799927
32.0,0.12449303269386292
36.0,0.12336554378271103
40.0,0.1222388818860054
44.0,0.12119293212890625
48.0,0.12012135982513428
52.0,0.11891838163137436
56.0,0.11771735548973083
60.0,0.11655279994010925
64.0,0.11525901407003403
72.0,0.11285587400197983
80.0,0.11045778542757034
88.0,0.10808422416448593
96.0,0.10561170428991318
104.0,0.10311746597290039
112.0,0.10097125917673111
120.0,0.09916045516729355
128.0,0.09709680825471878
144.0,0.09173887223005295
160.0,0.08716848492622375
176.0,0.08350738137960434
192.0,0.07945149391889572
208.0,0.07505504786968231
224.0,0.07091567665338516
240.0,0.06698106974363327
256.0,0.06249567121267319
288.0,0.05448417365550995
320.0,0.048124056309461594
352.0,0.04193691909313202
384.0,0.036644358187913895
416.0,0.03139843791723251
448.0,0.025599908083677292
480.0,0.021246787160634995
512.0,0.01860736310482025
576.0,0.018286220729351044
640.0,0.021559443324804306
704.0,0.028280138969421387
768.0,0.035007018595933914
832.0,0.0419105626642704
896.0,0.049580324441194534
960.0,0.05842652544379234
1024.0,0.06692618131637573
1152.0,0.07020387798547745
1280.0,0.05788969248533249
1408.0,0.038916751742362976
1536.0,0.024494770914316177
1664.0,0.022656606510281563
1792.0,0.024493176490068436
1920.0,0.029388096183538437
2048.0,0.0406208373606205
2304.0,0.03290163725614548
2560.0,0.02023722231388092
2816.0,0.012604931369423866
3072.0,0.007645378354936838
3328.0,0.014856544323265553
3584.0,0.009005718864500523
3840.0,-0.0016892709536477923
4096.0,-0.003066761652007699
4608.0,-0.01683737151324749
5120.0,-0.020904384553432465
5632.0,-0.03867606073617935
6144.0,-0.05439456179738045
6656.0,-0.048735424876213074
7168.0,-0.06318941712379456
7680.0,-0.050163790583610535
8192.0,-0.054128121584653854
end
