version,3.0
numOfCh,1
type,point
parent_name,714af_0dot069-0dot1
ch_type,1_1
kcount,1
numberNandB,1
brightnessNandB,1
carpet pos,0
pc,0
Time (ms),CH1 Auto-Correlation
1.0,0.05834166333079338
2.0,0.0578264556825161
3.0,0.05735643580555916
4.0,0.05689617246389389
5.0,0.05643591657280922
6.0,0.056004058569669724
7.0,0.05557722598314285
8.0,0.055168524384498596
9.0,0.05474359914660454
10.0,0.054322343319654465
11.0,0.053910739719867706
12.0,0.05351565405726433
13.0,0.05312541872262955
14.0,0.052734408527612686
15.0,0.05234710872173309
16.0,0.05200175195932388
18.0,0.051307808607816696
20.0,0.0506468340754509
22.0,0.050016749650239944
24.0,0.04935731366276741
26.0,0.04870662838220596
28.0,0.04808457940816879
30.0,0.04749656841158867
32.0,0.04693925008177757
36.0,0.04588986188173294
40.0,0.04501104727387428
44.0,0.04424026980996132
48.0,0.04351299628615379
52.0,0.04277060925960541
56.0,0.04207130894064903
60.0,0.0413396917283535
64.0,0.04059214144945145
72.0,0.039229631423950195
80.0,0.03803762421011925
88.0,0.03695956990122795
96.0,0.03605564683675766
104.0,0.03544481843709946
112.0,0.03497997671365738
120.0,0.03432111814618111
128.0,0.03353402763605118
144.0,0.03170447051525116
160.0,0.03048139624297619
176.0,0.029337817803025246
192.0,0.02799912355840206
208.0,0.026718825101852417
224.0,0.025642260909080505
240.0,0.024936748668551445
256.0,0.02421855367720127
288.0,0.023156022652983665
320.0,0.02263747714459896
352.0,0.02193998172879219
384.0,0.02165491320192814
416.0,0.02087254822254181
448.0,0.020435865968465805
480.0,0.01995261386036873
512.0,0.019470518454909325
576.0,0.018675321713089943
640.0,0.018720438703894615
704.0,0.015707915648818016
768.0,0.013339233584702015
832.0,0.013609698042273521
896.0,0.014657472260296345
960.0,0.015215798281133175
1024.0,0.014489490538835526
1152.0,0.014292983338236809
1280.0,0.01611609198153019
1408.0,0.017968982458114624
1536.0,0.020112203434109688
1664.0,0.016703100875020027
1792.0,0.012252985499799252
1920.0,0.009759223088622093
2048.0,0.011664830148220062
2304.0,0.008711161091923714
2560.0,0.004003309179097414
2816.0,0.0033469535410404205
3072.0,0.000480435264762491
3328.0,-0.00019592013268265873
3584.0,0.002811055164784193
3840.0,0.004546756856143475
4096.0,0.00058631447609514
4608.0,-0.006305672228336334
5120.0,-0.0070645809173583984
5632.0,-0.013125700876116753
6144.0,-0.012156302109360695
6656.0,-0.02445622906088829
7168.0,-0.03220363333821297
7680.0,-0.03607305511832237
8192.0,-0.04116006940603256
end
