version,3.0
numOfCh,1
type,point
parent_name,714af_0dot069-0dot1
ch_type,1_1
kcount,1
numberNandB,1
brightnessNandB,1
carpet pos,0
pc,0
Time (ms),CH1 Auto-Correlation
1.0,0.07139351963996887
2.0,0.07063165307044983
3.0,0.06992391496896744
4.0,0.06927838921546936
5.0,0.06861816346645355
6.0,0.06801115721464157
7.0,0.06740012019872665
8.0,0.06680994480848312
9.0,0.06627268344163895
10.0,0.06579282134771347
11.0,0.06533494591712952
12.0,0.06490352749824524
13.0,0.06448328495025635
14.0,0.06407778710126877
15.0,0.0636562779545784
16.0,0.063221275806427
18.0,0.06240076199173927
20.0,0.06160200387239456
22.0,0.06077443063259125
24.0,0.06005721911787987
26.0,0.05932367220520973
28.0,0.05857883021235466
30.0,0.05784965679049492
32.0,0.05718502029776573
36.0,0.055815085768699646
40.0,0.054396115243434906
44.0,0.05295153334736824
48.0,0.05155673623085022
52.0,0.05023861676454544
56.0,0.04899873584508896
60.0,0.04781308397650719
64.0,0.0467146560549736
72.0,0.044821642339229584
80.0,0.042999811470508575
88.0,0.04136539623141289
96.0,0.03989998251199722
104.0,0.03867102414369583
112.0,0.03739035874605179
120.0,0.03624669462442398
128.0,0.03519392013549805
144.0,0.03343213349580765
160.0,0.03243556618690491
176.0,0.03184670954942703
192.0,0.031276460736989975
208.0,0.03044457547366619
224.0,0.029088672250509262
240.0,0.027898745611310005
256.0,0.026439348235726357
288.0,0.02243601344525814
320.0,0.01966059021651745
352.0,0.020508915185928345
384.0,0.02168215438723564
416.0,0.022354548797011375
448.0,0.0213757436722517
480.0,0.017904046922922134
512.0,0.013465408235788345
576.0,0.008600291796028614
640.0,0.010632292367517948
704.0,0.011761179193854332
768.0,0.011029678396880627
832.0,0.011243333108723164
896.0,0.011142602190375328
960.0,0.00758230360224843
1024.0,0.006611655466258526
1152.0,0.014503290876746178
1280.0,0.01587001420557499
1408.0,0.010059130378067493
1536.0,0.008673706091940403
1664.0,0.009351459331810474
1792.0,0.00991059560328722
1920.0,0.009136384353041649
2048.0,0.009687594138085842
2304.0,0.0002268472162541002
2560.0,-0.007341891527175903
2816.0,-0.00872853770852089
3072.0,-0.004393707029521465
3328.0,-0.0029733472038060427
3584.0,-0.009311848320066929
3840.0,-0.009008430875837803
4096.0,-0.006714391987770796
4608.0,-0.006213564891368151
5120.0,-0.010856308043003082
5632.0,-0.011144842021167278
6144.0,-0.009977353736758232
6656.0,-0.012903159484267235
7168.0,-0.0020417480263859034
7680.0,-0.007374770473688841
8192.0,-0.016661837697029114
end
