version,3.0
numOfCh,1
type,point
parent_name,714af_0dot069-0dot1
ch_type,1_1
kcount,1
numberNandB,1
brightnessNandB,1
carpet pos,0
pc,0
Time (ms),CH1 Auto-Correlation
1.0,0.07683531194925308
2.0,0.07644165307283401
3.0,0.07605289667844772
4.0,0.07567371428012848
5.0,0.07529260218143463
6.0,0.07491744309663773
7.0,0.07454491406679153
8.0,0.07417688518762589
9.0,0.07381264865398407
10.0,0.07345060259103775
11.0,0.07309175282716751
12.0,0.07273605465888977
13.0,0.07238659262657166
14.0,0.07204139977693558
15.0,0.07169409841299057
16.0,0.07133558392524719
18.0,0.07064787298440933
20.0,0.06998622417449951
22.0,0.06932051479816437
24.0,0.06866667419672012
26.0,0.06801606714725494
28.0,0.06736797094345093
30.0,0.06673473119735718
32.0,0.06611169129610062
36.0,0.06489401310682297
40.0,0.06368045508861542
44.0,0.062491461634635925
48.0,0.06137532740831375
52.0,0.060337699949741364
56.0,0.05934508517384529
60.0,0.058340370655059814
64.0,0.05734386295080185
72.0,0.055412407964468
80.0,0.05352359265089035
88.0,0.05177579075098038
96.0,0.05026231333613396
104.0,0.04888051748275757
112.0,0.04743334278464317
120.0,0.04605942592024803
128.0,0.04472819343209267
144.0,0.04205756634473801
160.0,0.0393327921628952
176.0,0.03679676353931427
192.0,0.03462018817663193
208.0,0.032841529697179794
224.0,0.031064271926879883
240.0,0.029658017680048943
256.0,0.02857806533575058
288.0,0.026800505816936493
320.0,0.025141345337033272
352.0,0.02463427186012268
384.0,0.024943122640252113
416.0,0.02586442418396473
448.0,0.026448674499988556
480.0,0.025957278907299042
512.0,0.025367528200149536
576.0,0.024820612743496895
640.0,0.021791517734527588
704.0,0.017421111464500427
768.0,0.01277237106114626
832.0,0.01072949543595314
896.0,0.007823178544640541
960.0,0.006242001429200172
1024.0,0.004781329073011875
1152.0,0.002488801022991538
1280.0,0.007537939585745335
1408.0,0.0050962092354893684
1536.0,-0.0019016729202121496
1664.0,-0.004645633045583963
1792.0,-0.004110756330192089
1920.0,-0.005494601558893919
2048.0,-0.01056175772100687
2304.0,-0.01160733588039875
2560.0,-0.012942135334014893
2816.0,-0.0103042833507061
3072.0,-0.009324821643531322
3328.0,-0.006316873244941235
3584.0,-0.011057347990572453
3840.0,-0.007469706237316132
4096.0,-0.0015101530589163303
4608.0,0.007380759809166193
5120.0,0.0040681203827261925
5632.0,-0.001419872627593577
6144.0,-0.008992388844490051
6656.0,-0.0016424644272774458
7168.0,0.010119730606675148
7680.0,0.013663275167346
8192.0,0.008998335339128971
end
