version,3.0
numOfCh,1
type,point
parent_name,714af_0dot069-0dot1
ch_type,1_1
kcount,1
numberNandB,1
brightnessNandB,1
carpet pos,0
pc,0
Time (ms),CH1 Auto-Correlation
1.0,0.07505770027637482
2.0,0.07449981570243835
3.0,0.07396196573972702
4.0,0.07343700528144836
5.0,0.07292424887418747
6.0,0.07244131714105606
7.0,0.0719766616821289
8.0,0.07153375446796417
9.0,0.07108664512634277
10.0,0.07065300643444061
11.0,0.07024761289358139
12.0,0.06983473151922226
13.0,0.06943947076797485
14.0,0.06905514001846313
15.0,0.06866615265607834
16.0,0.06828789412975311
18.0,0.06754756718873978
20.0,0.06682732701301575
22.0,0.06613487750291824
24.0,0.06547178328037262
26.0,0.06482892483472824
28.0,0.06418702751398087
30.0,0.06356094777584076
32.0,0.0629318580031395
36.0,0.06165887415409088
40.0,0.06042490527033806
44.0,0.05928506702184677
48.0,0.0581839457154274
52.0,0.057105522602796555
56.0,0.05600306764245033
60.0,0.05490201711654663
64.0,0.05384980887174606
72.0,0.05204107612371445
80.0,0.050362467765808105
88.0,0.04883125051856041
96.0,0.047204501926898956
104.0,0.045788902789354324
112.0,0.04479384422302246
120.0,0.04397169128060341
128.0,0.04323166236281395
144.0,0.04213634133338928
160.0,0.040806837379932404
176.0,0.039217039942741394
192.0,0.03728952258825302
208.0,0.03551522269845009
224.0,0.03366950899362564
240.0,0.03172433376312256
256.0,0.03002944588661194
288.0,0.028617659583687782
320.0,0.028803477063775063
352.0,0.028900612145662308
384.0,0.02781725488603115
416.0,0.026008008047938347
448.0,0.024051547050476074
480.0,0.02256966382265091
512.0,0.022296831011772156
576.0,0.020498014986515045
640.0,0.018700899556279182
704.0,0.019394727423787117
768.0,0.020121829584240913
832.0,0.019016845151782036
896.0,0.019928133115172386
960.0,0.018924089148640633
1024.0,0.018780719488859177
1152.0,0.017288485541939735
1280.0,0.0181658286601305
1408.0,0.020380239933729172
1536.0,0.015780476853251457
1664.0,0.010628660209476948
1792.0,0.009594788774847984
1920.0,0.007979640737175941
2048.0,0.006357717793434858
2304.0,-0.004730470012873411
2560.0,-0.005285895895212889
2816.0,-0.006113152951002121
3072.0,-0.010029776953160763
3328.0,-0.01051306538283825
3584.0,-0.018451260402798653
3840.0,-0.022231124341487885
4096.0,-0.02205142192542553
4608.0,-0.023996036499738693
5120.0,-0.02116372622549534
5632.0,-0.025289839133620262
6144.0,-0.0208688136190176
6656.0,-0.011899142526090145
7168.0,-0.014748064801096916
7680.0,-0.012588675133883953
8192.0,0.0016151205636560917
end
