version,3.0
numOfCh,1
type,point
parent_name,0cd20_0dot1-0dot1
ch_type,1_1
kcount,1
numberNandB,1
brightnessNandB,1
carpet pos,0
pc,0
Time (ms),CH1 Auto-Correlation
1.0,0.14333225786685944
2.0,0.14064230024814606
3.0,0.13794833421707153
4.0,0.13572916388511658
5.0,0.13348288834095
6.0,0.13108819723129272
7.0,0.12897785007953644
8.0,0.12693436443805695
9.0,0.12493812292814255
10.0,0.12309281527996063
11.0,0.12156236171722412
12.0,0.12027186155319214
13.0,0.11923780292272568
14.0,0.11799240112304688
15.0,0.11697409301996231
16.0,0.11581053584814072
18.0,0.11362378299236298
20.0,0.1114172488451004
22.0,0.10924512147903442
24.0,0.10698717087507248
26.0,0.10491929948329926
28.0,0.10264655202627182
30.0,0.10009255260229111
32.0,0.09785543382167816
36.0,0.0934479832649231
40.0,0.08905129134654999
44.0,0.08560892194509506
48.0,0.0821407213807106
52.0,0.07886975258588791
56.0,0.07657498121261597
60.0,0.07431694865226746
64.0,0.07208520919084549
72.0,0.06799343228340149
80.0,0.065256267786026
88.0,0.06355006247758865
96.0,0.06242287904024124
104.0,0.061636149883270264
112.0,0.06005547568202019
120.0,0.0586986169219017
128.0,0.057754404842853546
144.0,0.05424526706337929
160.0,0.04915726184844971
176.0,0.04466034844517708
192.0,0.04266994819045067
208.0,0.041655588895082474
224.0,0.04411759600043297
240.0,0.049679700285196304
256.0,0.05738114193081856
288.0,0.054849978536367416
320.0,0.04268921911716461
352.0,0.03470180556178093
384.0,0.027849465608596802
416.0,0.021601619198918343
448.0,0.014870041981339455
480.0,0.006061629392206669
512.0,0.00814168993383646
576.0,0.003125167451798916
640.0,-0.005754322279244661
704.0,-0.010080559179186821
768.0,-0.018121318891644478
832.0,-0.016392217949032784
896.0,-0.022071322426199913
960.0,-0.024388635531067848
1024.0,-0.026298345997929573
1152.0,-0.011093624867498875
1280.0,-0.003976698964834213
1408.0,0.0022726787719875574
1536.0,0.009423619136214256
1664.0,0.006680565420538187
1792.0,0.009361066855490208
1920.0,0.011790568940341473
2048.0,0.004946168977767229
2304.0,-0.0003946225915569812
2560.0,0.00043321261182427406
2816.0,-0.0015247731935232878
3072.0,-0.0037765989545732737
3328.0,0.00712884496897459
3584.0,0.002561583649367094
3840.0,0.0012105407658964396
4096.0,0.004533576779067516
4608.0,-0.006260341964662075
5120.0,-0.01681927777826786
5632.0,-0.008769812993705273
6144.0,0.023225054144859314
6656.0,-0.011737190186977386
7168.0,-0.039921291172504425
7680.0,0.006852711085230112
8192.0,0.009724230505526066
end
