version,3.0
numOfCh,1
type,point
parent_name,0cd20_0dot1-0dot1
ch_type,1_1
kcount,1
numberNandB,1
brightnessNandB,1
carpet pos,0
pc,0
Time (ms),CH1 Auto-Correlation
1.0,0.06928065419197083
2.0,0.06873936206102371
3.0,0.0682210624217987
4.0,0.06772498041391373
5.0,0.06724287569522858
6.0,0.06677094846963882
7.0,0.06630697846412659
8.0,0.06588688492774963
9.0,0.06548193842172623
10.0,0.06507621705532074
11.0,0.0646897554397583
12.0,0.0643150582909584
13.0,0.06396020948886871
14.0,0.06361931562423706
15.0,0.0632827952504158
16.0,0.06297892332077026
18.0,0.06238309293985367
20.0,0.06173275038599968
22.0,0.061053283512592316
24.0,0.06036345288157463
26.0,0.05974311754107475
28.0,0.05914933979511261
30.0,0.05854466184973717
32.0,0.057971980422735214
36.0,0.05688432604074478
40.0,0.055778928101062775
44.0,0.05468222498893738
48.0,0.05355389788746834
52.0,0.0524909645318985
56.0,0.05147121846675873
60.0,0.05052915960550308
64.0,0.049696531146764755
72.0,0.04796845465898514
80.0,0.04624409228563309
88.0,0.04460930451750755
96.0,0.04281517118215561
104.0,0.04120996594429016
112.0,0.03963787481188774
120.0,0.038130734115839005
128.0,0.036560967564582825
144.0,0.03442526236176491
160.0,0.032805413007736206
176.0,0.03150979056954384
192.0,0.030265145003795624
208.0,0.029386674985289574
224.0,0.02882872335612774
240.0,0.028566842898726463
256.0,0.029173867776989937
288.0,0.029825478792190552
320.0,0.03011918067932129
352.0,0.029393857344985008
384.0,0.02673482708632946
416.0,0.024320093914866447
448.0,0.023014944046735764
480.0,0.021746668964624405
512.0,0.020978359505534172
576.0,0.02165387012064457
640.0,0.022974884137511253
704.0,0.02181207202374935
768.0,0.020659586414694786
832.0,0.019727185368537903
896.0,0.018129665404558182
960.0,0.016695940867066383
1024.0,0.014782702550292015
1152.0,0.009666654281318188
1280.0,0.009542715735733509
1408.0,0.00577927241101861
1536.0,0.0007054105517454445
1664.0,0.004954083357006311
1792.0,0.005025602877140045
1920.0,0.0018027841579169035
2048.0,-0.002119784476235509
2304.0,-0.003799583064392209
2560.0,-0.008839956484735012
2816.0,-0.014553755521774292
3072.0,-0.01639495976269245
3328.0,-0.020221440121531487
3584.0,-0.020264774560928345
3840.0,-0.015884360298514366
4096.0,-0.017619663849473
4608.0,-0.022608334198594093
5120.0,-0.018547585234045982
5632.0,-0.003714252496138215
6144.0,0.010746125131845474
6656.0,0.02043425291776657
7168.0,0.021349504590034485
7680.0,0.021100537851452827
8192.0,0.01880372315645218
end
