version,3.0
numOfCh,1
type,point
parent_name,0cd20_0dot1-0dot1
ch_type,1_1
kcount,1
numberNandB,1
brightnessNandB,1
carpet pos,0
pc,0
Time (ms),CH1 Auto-Correlation
1.0,0.058912377804517746
2.0,0.057940125465393066
3.0,0.056910935789346695
4.0,0.056070104241371155
5.0,0.0552358515560627
6.0,0.05437793582677841
7.0,0.05353255569934845
8.0,0.052609432488679886
9.0,0.05172912776470184
10.0,0.05085776373744011
11.0,0.050026968121528625
12.0,0.049256518483161926
13.0,0.048600222915410995
14.0,0.047958310693502426
15.0,0.04732653871178627
16.0,0.046719301491975784
18.0,0.04573475569486618
20.0,0.04482268914580345
22.0,0.04399878531694412
24.0,0.0433073565363884
26.0,0.04261906445026398
28.0,0.04193416237831116
30.0,0.04130895808339119
32.0,0.04088412970304489
36.0,0.04025012254714966
40.0,0.039323486387729645
44.0,0.038201071321964264
48.0,0.03694646432995796
52.0,0.03573815897107124
56.0,0.034801822155714035
60.0,0.03411458060145378
64.0,0.0334358848631382
72.0,0.032313812524080276
80.0,0.03163277730345726
88.0,0.0309359859675169
96.0,0.02997986599802971
104.0,0.02898414060473442
112.0,0.02749377302825451
120.0,0.02587282657623291
128.0,0.024382352828979492
144.0,0.022193102166056633
160.0,0.02062585949897766
176.0,0.01895786263048649
192.0,0.01687007024884224
208.0,0.015044471248984337
224.0,0.013335089199244976
240.0,0.011943034827709198
256.0,0.010769329033792019
288.0,0.008431323803961277
320.0,0.00817437656223774
352.0,0.009061384946107864
384.0,0.008012083359062672
416.0,0.008734041824936867
448.0,0.009372652508318424
480.0,0.009086093865334988
512.0,0.009013166651129723
576.0,0.009373237378895283
640.0,0.009189194068312645
704.0,0.010388131253421307
768.0,0.011910255067050457
832.0,0.012956288643181324
896.0,0.013150413520634174
960.0,0.01627914421260357
1024.0,0.016810555011034012
1152.0,0.013957871124148369
1280.0,0.009929229505360126
1408.0,0.00710321543738246
1536.0,0.006305927876383066
1664.0,0.00764841865748167
1792.0,0.011547843925654888
1920.0,0.013819262385368347
2048.0,0.01387180294841528
2304.0,0.00421701418235898
2560.0,0.006001670379191637
2816.0,0.009291322901844978
3072.0,0.006064063869416714
3328.0,-0.0022226388100534678
3584.0,0.0022473179269582033
3840.0,0.0014010884333401918
4096.0,0.002706061350181699
4608.0,-0.0017139195697382092
5120.0,0.0010047834366559982
5632.0,-0.0025924015790224075
6144.0,-0.005043890792876482
6656.0,-0.0026419416535645723
7168.0,-0.00905496533960104
7680.0,-0.004866030998528004
8192.0,-0.01653931476175785
end
