version,3.0
numOfCh,1
type,point
parent_name,0cd20_0dot2-0dot01
ch_type,1_1
kcount,1
numberNandB,1
brightnessNandB,1
carpet pos,0
pc,0
Time (ms),CH1 Auto-Correlation
1.0,0.0327361561357975
2.0,0.03215857222676277
3.0,0.03163924440741539
4.0,0.031148787587881088
5.0,0.030661575496196747
6.0,0.03019995428621769
7.0,0.029744014143943787
8.0,0.029307004064321518
9.0,0.028885114938020706
10.0,0.028480932116508484
11.0,0.02810068614780903
12.0,0.027735048905014992
13.0,0.027365675196051598
14.0,0.02698846347630024
15.0,0.02662074938416481
16.0,0.026285266503691673
18.0,0.025597091764211655
20.0,0.024877533316612244
22.0,0.02416243590414524
24.0,0.023472733795642853
26.0,0.022831033915281296
28.0,0.022204643115401268
30.0,0.02161685936152935
32.0,0.021054131910204887
36.0,0.02002168446779251
40.0,0.01909639500081539
44.0,0.01833164505660534
48.0,0.017681609839200974
52.0,0.017050959169864655
56.0,0.016563305631279945
60.0,0.016224833205342293
64.0,0.015918493270874023
72.0,0.015064628794789314
80.0,0.014114008285105228
88.0,0.013313361443579197
96.0,0.012546944431960583
104.0,0.01204619463533163
112.0,0.0113960737362504
120.0,0.010788114741444588
128.0,0.010193969123065472
144.0,0.009047392755746841
160.0,0.008357888087630272
176.0,0.00813492015004158
192.0,0.007779746316373348
208.0,0.006657658610492945
224.0,0.005773849319666624
240.0,0.005302507895976305
256.0,0.005164190195500851
288.0,0.003849932225421071
320.0,0.004260953050106764
352.0,0.004667123779654503
384.0,0.0038684539031237364
416.0,0.004245951771736145
448.0,0.00534952012822032
480.0,0.005317986011505127
512.0,0.004410573281347752
576.0,0.0008505867444910109
640.0,0.0018087243661284447
704.0,0.0023267085198312998
768.0,0.004135145340114832
832.0,0.005039827898144722
896.0,0.0057582492008805275
960.0,0.005650146398693323
1024.0,0.0036184925120323896
1152.0,0.0021044346503913403
1280.0,0.0010537239722907543
1408.0,0.001795199466869235
1536.0,0.0014110882766544819
1664.0,0.0009021100704558194
1792.0,0.0011346510145813227
1920.0,-0.0016455053118988872
2048.0,-0.003825022140517831
2304.0,-0.005251436494290829
2560.0,-0.00019902472558896989
2816.0,-0.0022590116132050753
3072.0,-0.009422572329640388
3328.0,-0.009372682310640812
3584.0,-0.0053644985891878605
3840.0,-0.005692160222679377
4096.0,-0.004394044168293476
4608.0,8.370240720978472e-06
5120.0,-0.00044150371104478836
5632.0,-0.00022830387752037495
6144.0,0.002449098974466324
6656.0,0.004805034026503563
7168.0,0.003337953006848693
end
