version,3.0
numOfCh,1
type,point
parent_name,0cd20_0dot2-0dot01
ch_type,1_1
kcount,1
numberNandB,1
brightnessNandB,1
carpet pos,0
pc,0
Time (ms),CH1 Auto-Correlation
1.0,0.040309060364961624
2.0,0.03965964913368225
3.0,0.039002712815999985
4.0,0.03836467117071152
5.0,0.03774217143654823
6.0,0.037113577127456665
7.0,0.03652099892497063
8.0,0.035959236323833466
9.0,0.03539653494954109
10.0,0.03487075865268707
11.0,0.03438830375671387
12.0,0.0338992103934288
13.0,0.03345441445708275
14.0,0.03301844745874405
15.0,0.032600030303001404
16.0,0.0321962796151638
18.0,0.03135214373469353
20.0,0.0305264201015234
22.0,0.029698995873332024
24.0,0.028932230547070503
26.0,0.028222259134054184
28.0,0.027579523622989655
30.0,0.026892852038145065
32.0,0.026225119829177856
36.0,0.024929627776145935
40.0,0.02377207763493061
44.0,0.022909726947546005
48.0,0.022296318784356117
52.0,0.02174105867743492
56.0,0.02107428014278412
60.0,0.020422160625457764
64.0,0.01967748999595642
72.0,0.018113216385245323
80.0,0.017183661460876465
88.0,0.0165209099650383
96.0,0.015977146103978157
104.0,0.015526056289672852
112.0,0.01520551834255457
120.0,0.014585131779313087
128.0,0.013771354220807552
144.0,0.012248771265149117
160.0,0.012346780858933926
176.0,0.013146392069756985
192.0,0.013619961217045784
208.0,0.014124417677521706
224.0,0.014513766393065453
240.0,0.01398960780352354
256.0,0.012636101804673672
288.0,0.008577775210142136
320.0,0.005786441266536713
352.0,0.006348026916384697
384.0,0.007233024574816227
416.0,0.007669209036976099
448.0,0.006775927729904652
480.0,0.005018967669457197
512.0,0.0029362007044255733
576.0,0.0030533517710864544
640.0,0.0041734324768185616
704.0,0.003099498338997364
768.0,0.0033251596614718437
832.0,0.006932415999472141
896.0,0.008705174550414085
960.0,0.007071085274219513
1024.0,0.006849552504718304
1152.0,0.005638205911964178
1280.0,0.006418929435312748
1408.0,0.004760059528052807
1536.0,0.006510093808174133
1664.0,0.008170741610229015
1792.0,0.009358059614896774
1920.0,0.010272887535393238
2048.0,0.0038405118975788355
2304.0,0.0016424354398623109
2560.0,-0.00016705223242752254
2816.0,-0.0017680525779724121
3072.0,-0.0048990086652338505
3328.0,-0.010348640382289886
3584.0,-0.007169131655246019
3840.0,-0.0031569767743349075
4096.0,-0.0052536106668412685
4608.0,-0.011364600621163845
5120.0,-0.015179391019046307
5632.0,-0.008869255892932415
6144.0,-0.01051414106041193
6656.0,-0.00792983639985323
7168.0,-0.009711859747767448
end
