version,3.0
numOfCh,1
type,point
parent_name,0cd20_0dot2-0dot01
ch_type,1_1
kcount,1
numberNandB,1
brightnessNandB,1
carpet pos,0
pc,0
Time (ms),CH1 Auto-Correlation
1.0,0.07764648646116257
2.0,0.07698602974414825
3.0,0.07636529952287674
4.0,0.07574921101331711
5.0,0.07514070719480515
6.0,0.07452135533094406
7.0,0.07394056767225266
8.0,0.07339373975992203
9.0,0.0728769525885582
10.0,0.0723593607544899
11.0,0.07183724641799927
12.0,0.07134539633989334
13.0,0.0708710253238678
14.0,0.07038997113704681
15.0,0.06993146985769272
16.0,0.0694870874285698
18.0,0.06863115727901459
20.0,0.0678592249751091
22.0,0.06710353493690491
24.0,0.06643181294202805
26.0,0.06576358526945114
28.0,0.06504836678504944
30.0,0.06436719000339508
32.0,0.06370000541210175
36.0,0.06251789629459381
40.0,0.06144240126013756
44.0,0.060389287769794464
48.0,0.05938359722495079
52.0,0.05847804993391037
56.0,0.05749896541237831
60.0,0.056583866477012634
64.0,0.05582984536886215
72.0,0.05435624346137047
80.0,0.05307410657405853
88.0,0.0518607459962368
96.0,0.0502440482378006
104.0,0.04866891726851463
112.0,0.047278810292482376
120.0,0.045795366168022156
128.0,0.044302016496658325
144.0,0.04167703166604042
160.0,0.03906968608498573
176.0,0.036929674446582794
192.0,0.03423590958118439
208.0,0.030918072909116745
224.0,0.027662009000778198
240.0,0.024981722235679626
256.0,0.022922927513718605
288.0,0.019197171553969383
320.0,0.01601269096136093
352.0,0.013710200786590576
384.0,0.012131523340940475
416.0,0.011793168261647224
448.0,0.011823992244899273
480.0,0.012194838374853134
512.0,0.013362093828618526
576.0,0.012048572301864624
640.0,0.010608745738863945
704.0,0.008845467120409012
768.0,0.007806768175214529
832.0,0.007197665516287088
896.0,0.003461746033281088
960.0,-0.0022629506420344114
1024.0,-0.008885257877409458
1152.0,-0.012210533954203129
1280.0,-0.009665521793067455
1408.0,-0.005656734574586153
1536.0,-0.00553423585370183
1664.0,-0.004584040492773056
1792.0,-0.000599522958509624
1920.0,-0.002435644157230854
2048.0,-0.005673871375620365
2304.0,-0.00798786897212267
2560.0,-0.002796343993395567
2816.0,-0.009168846532702446
3072.0,-0.01490806508809328
3328.0,-0.01201692782342434
3584.0,-0.006290487013757229
3840.0,-0.004325521644204855
4096.0,-0.0004352048272266984
4608.0,0.0042346566915512085
5120.0,-0.005477794911712408
5632.0,-0.0032890066504478455
6144.0,0.01121420506387949
6656.0,0.02138746716082096
7168.0,0.01151395495980978
7680.0,-0.00806667935103178
8192.0,-0.012873002327978611
end
