version,3.0
numOfCh,1
type,point
parent_name,0cd20_0dot2-0dot01
ch_type,1_1
kcount,1
numberNandB,1
brightnessNandB,1
carpet pos,0
pc,0
Time (ms),CH1 Auto-Correlation
1.0,0.437041312456131
2.0,0.4360595643520355
3.0,0.43515050411224365
4.0,0.4342156946659088
5.0,0.4332418441772461
6.0,0.4322749972343445
7.0,0.43130773305892944
8.0,0.4303521513938904
9.0,0.42938265204429626
10.0,0.4283781051635742
11.0,0.42737141251564026
12.0,0.4263543486595154
13.0,0.425342857837677
14.0,0.4244096279144287
15.0,0.4235509932041168
16.0,0.42265579104423523
18.0,0.42087194323539734
20.0,0.41919785737991333
22.0,0.41760581731796265
24.0,0.4162060022354126
26.0,0.41497400403022766
28.0,0.413864403963089
30.0,0.4126928150653839
32.0,0.4115104079246521
36.0,0.4087197780609131
40.0,0.4056650996208191
44.0,0.4025999903678894
48.0,0.3998638689517975
52.0,0.3972519040107727
56.0,0.3947575092315674
60.0,0.3925327956676483
64.0,0.39051273465156555
72.0,0.38685956597328186
80.0,0.3830093741416931
88.0,0.3790910542011261
96.0,0.3761734366416931
104.0,0.3736686110496521
112.0,0.3704386055469513
120.0,0.36724165081977844
128.0,0.36462271213531494
144.0,0.3576691150665283
160.0,0.3513669967651367
176.0,0.3483971059322357
192.0,0.34431418776512146
208.0,0.34085479378700256
224.0,0.3370670676231384
240.0,0.33242666721343994
256.0,0.32700616121292114
288.0,0.3170889616012573
320.0,0.3085613250732422
352.0,0.29635894298553467
384.0,0.2850339710712433
416.0,0.2816731035709381
448.0,0.27912071347236633
480.0,0.27450045943260193
512.0,0.26876306533813477
576.0,0.24764351546764374
640.0,0.233652263879776
704.0,0.23100419342517853
768.0,0.21921132504940033
832.0,0.20088589191436768
896.0,0.1805589199066162
960.0,0.16158489882946014
1024.0,0.15096382796764374
1152.0,0.10276113450527191
1280.0,0.03817783668637276
1408.0,-0.008707261644303799
1536.0,-0.030930951237678528
1664.0,-0.04618499055504799
1792.0,-0.0645364373922348
1920.0,-0.0791594535112381
2048.0,-0.09638186544179916
2304.0,-0.12461934983730316
2560.0,-0.16203083097934723
2816.0,-0.200680673122406
3072.0,-0.24342672526836395
3328.0,-0.31759724020957947
3584.0,-0.39615315198898315
3840.0,-0.47950422763824463
4096.0,-0.4669269323348999
end
