version,3.0
numOfCh,1
type,point
parent_name,fe81d_0dot08-0dot1
ch_type,1_1
kcount,1
numberNandB,1
brightnessNandB,1
carpet pos,0
pc,0
Time (ms),CH1 Auto-Correlation
1.0,0.07283556461334229
2.0,0.07211638242006302
3.0,0.0714469701051712
4.0,0.07078126817941666
5.0,0.07011383026838303
6.0,0.06949317455291748
7.0,0.06890535354614258
8.0,0.06833040714263916
9.0,0.06778234988451004
10.0,0.06721113622188568
11.0,0.06664980947971344
12.0,0.06608489900827408
13.0,0.06548962742090225
14.0,0.06491712480783463
15.0,0.06436902284622192
16.0,0.06387188285589218
18.0,0.06287316232919693
20.0,0.061916615813970566
22.0,0.06099327653646469
24.0,0.06006312742829323
26.0,0.05910536274313927
28.0,0.05823405086994171
30.0,0.05739718675613403
32.0,0.05658135563135147
36.0,0.05491170287132263
40.0,0.05332070216536522
44.0,0.0518256276845932
48.0,0.05057341605424881
52.0,0.04945008084177971
56.0,0.04820116609334946
60.0,0.046898238360881805
64.0,0.04567404463887215
72.0,0.043349578976631165
80.0,0.04116087779402733
88.0,0.039464354515075684
96.0,0.03819002956151962
104.0,0.03688761591911316
112.0,0.03595243766903877
120.0,0.03536323830485344
128.0,0.034947719424963
144.0,0.03444674238562584
160.0,0.033329613506793976
176.0,0.03237488493323326
192.0,0.03137105703353882
208.0,0.030434593558311462
224.0,0.029091402888298035
240.0,0.02791319414973259
256.0,0.026592766866087914
288.0,0.023198509588837624
320.0,0.02099650353193283
352.0,0.01814185082912445
384.0,0.015485663898289204
416.0,0.012262454256415367
448.0,0.009279309771955013
480.0,0.0070003182627260685
512.0,0.0054382262751460075
576.0,0.00418248912319541
640.0,0.0017643793253228068
704.0,0.0004283550370018929
768.0,0.0021737292408943176
832.0,0.0016704527661204338
896.0,0.0018466858891770244
960.0,0.002228363184258342
1024.0,0.0026616824325174093
1152.0,0.005549612455070019
1280.0,0.012608458288013935
1408.0,0.018122050911188126
1536.0,0.021997371688485146
1664.0,0.022876949980854988
1792.0,0.019299529492855072
1920.0,0.014035984873771667
2048.0,0.010880437679588795
2304.0,0.0020897509530186653
2560.0,-0.0013316167751327157
2816.0,-0.007075806614011526
3072.0,0.0004829969839192927
3328.0,0.00321585638448596
3584.0,-0.006724563427269459
3840.0,-0.01608140766620636
4096.0,-0.01232714019715786
4608.0,-0.010183997452259064
5120.0,-0.01888291910290718
5632.0,-0.01366442907601595
6144.0,-0.010567273013293743
6656.0,-0.02313896268606186
7168.0,-0.013280386105179787
7680.0,0.009353511966764927
8192.0,-0.005290590692311525
end
