version,3.0
numOfCh,1
type,point
parent_name,fe81d_0dot08-0dot1
ch_type,1_1
kcount,1
numberNandB,1
brightnessNandB,1
carpet pos,0
pc,0
Time (ms),CH1 Auto-Correlation
1.0,0.09452159702777863
2.0,0.09372545033693314
3.0,0.09299808740615845
4.0,0.0923052653670311
5.0,0.09160515666007996
6.0,0.09093791991472244
7.0,0.09029750525951385
8.0,0.08968330919742584
9.0,0.0890880674123764
10.0,0.08851240575313568
11.0,0.08793934434652328
12.0,0.08736584335565567
13.0,0.086805559694767
14.0,0.0862724781036377
15.0,0.08575437217950821
16.0,0.08526622503995895
18.0,0.08429853618144989
20.0,0.08335532993078232
22.0,0.08242377638816833
24.0,0.08148292452096939
26.0,0.08059290796518326
28.0,0.07970903068780899
30.0,0.0788656547665596
32.0,0.07797544449567795
36.0,0.07616110146045685
40.0,0.0744113028049469
44.0,0.0727071687579155
48.0,0.0711325854063034
52.0,0.06961515545845032
56.0,0.06803030520677567
60.0,0.06648636609315872
64.0,0.06503228843212128
72.0,0.06234298273921013
80.0,0.059915002435445786
88.0,0.05781964957714081
96.0,0.05542882904410362
104.0,0.052848052233457565
112.0,0.05003957450389862
120.0,0.047877583652734756
128.0,0.04603393003344536
144.0,0.04192130267620087
160.0,0.03780098631978035
176.0,0.03434474393725395
192.0,0.03171738237142563
208.0,0.02911786176264286
224.0,0.027179621160030365
240.0,0.0253103356808424
256.0,0.02332519181072712
288.0,0.01940970867872238
320.0,0.01671992614865303
352.0,0.014275155030190945
384.0,0.01189333200454712
416.0,0.01057655829936266
448.0,0.00958239659667015
480.0,0.009670587256550789
512.0,0.01011020690202713
576.0,0.009672370739281178
640.0,0.011840185150504112
704.0,0.01605295203626156
768.0,0.019281936809420586
832.0,0.019998494535684586
896.0,0.021988067775964737
960.0,0.021273629739880562
1024.0,0.017417559400200844
1152.0,0.013508085161447525
1280.0,0.006521649658679962
1408.0,-0.000145037192851305
1536.0,-0.005117414984852076
1664.0,-0.008897664956748486
1792.0,-0.01097343023866415
1920.0,-0.016852952539920807
2048.0,-0.013893450610339642
2304.0,-0.0037446850910782814
2560.0,-0.016622675582766533
2816.0,-0.01682126894593239
3072.0,-0.012439699843525887
3328.0,-0.004195885732769966
3584.0,-0.011779330670833588
3840.0,0.0052436706610023975
4096.0,0.012971055693924427
4608.0,0.01368769071996212
5120.0,0.015341602265834808
5632.0,0.0012326836585998535
6144.0,-0.011716189794242382
6656.0,-0.022510478273034096
7168.0,-0.021983830258250237
7680.0,-0.024121908470988274
8192.0,-0.014305547811090946
end
