version,3.0
numOfCh,1
type,point
parent_name,19e3e_1dot0-0dot01
ch_type,1_1
kcount,1
numberNandB,1
brightnessNandB,1
carpet pos,0
pc,0
Time (ms),CH1 Auto-Correlation
1.0,0.2083142101764679
2.0,0.2050771415233612
3.0,0.20211701095104218
4.0,0.1993885189294815
5.0,0.19691124558448792
6.0,0.19460585713386536
7.0,0.19242440164089203
8.0,0.1903526782989502
9.0,0.18841604888439178
10.0,0.18656319379806519
11.0,0.1847853809595108
12.0,0.1831532120704651
13.0,0.18163762986660004
14.0,0.18006262183189392
15.0,0.1786927878856659
16.0,0.17736393213272095
18.0,0.17493119835853577
20.0,0.1723092645406723
22.0,0.16969053447246552
24.0,0.16710510849952698
26.0,0.1644425392150879
28.0,0.16195428371429443
30.0,0.15959593653678894
32.0,0.1574392467737198
36.0,0.15301081538200378
40.0,0.14856570959091187
44.0,0.14407168328762054
48.0,0.13980650901794434
52.0,0.13631857931613922
56.0,0.13242940604686737
60.0,0.128245010972023
64.0,0.12466377019882202
72.0,0.1186942532658577
80.0,0.11242600530385971
88.0,0.1053691878914833
96.0,0.09857147186994553
104.0,0.09198039770126343
112.0,0.08556344360113144
120.0,0.07853414118289948
128.0,0.07305692136287689
144.0,0.0630265548825264
160.0,0.055068209767341614
176.0,0.0498679056763649
192.0,0.04550011456012726
208.0,0.04054855927824974
224.0,0.034502238035202026
240.0,0.028367452323436737
256.0,0.024404291063547134
288.0,0.020410485565662384
320.0,0.015012985095381737
352.0,0.011976387351751328
384.0,0.00877759512513876
416.0,0.003594710025936365
448.0,0.0021734305191785097
480.0,-0.00031502338242717087
512.0,-0.002914764452725649
576.0,-0.00814030785113573
640.0,-0.006057199090719223
704.0,-0.004217213951051235
768.0,0.0027506777551025152
832.0,0.004210390150547028
896.0,0.00020259496523067355
960.0,-0.001885623554699123
1024.0,-0.0006560704787261784
1152.0,0.008431662805378437
1280.0,-0.007272136863321066
1408.0,-0.01790504902601242
1536.0,-0.01634792424738407
1664.0,-0.026102684438228607
1792.0,-0.009131843224167824
1920.0,0.005422363057732582
2048.0,-0.012116326950490475
2304.0,-0.02209608070552349
2560.0,-0.029815444722771645
2816.0,-0.03998316079378128
3072.0,-0.024782542139291763
3328.0,-0.013704238459467888
3584.0,-0.028817247599363327
3840.0,-0.011331573128700256
4096.0,0.04632476717233658
4608.0,0.010779043659567833
5120.0,0.00895568449050188
5632.0,0.010267172008752823
6144.0,0.011742322705686092
6656.0,-0.019234489649534225
7168.0,-0.017561765387654305
7680.0,-0.01879013516008854
8192.0,-0.0021339263767004013
end
