version,3.0
numOfCh,1
type,point
parent_name,19e3e_1dot0-0dot01
ch_type,1_1
kcount,1
numberNandB,1
brightnessNandB,1
carpet pos,0
pc,0
Time (ms),CH1 Auto-Correlation
1.0,0.21137112379074097
2.0,0.2084743082523346
3.0,0.20591750741004944
4.0,0.2035844475030899
5.0,0.20147822797298431
6.0,0.19950366020202637
7.0,0.1976621299982071
8.0,0.19621096551418304
9.0,0.19480864703655243
10.0,0.19343990087509155
11.0,0.19198372960090637
12.0,0.1905970722436905
13.0,0.1892775297164917
14.0,0.18789274990558624
15.0,0.18659742176532745
16.0,0.18538784980773926
18.0,0.18306151032447815
20.0,0.18088263273239136
22.0,0.1788666546344757
24.0,0.1770821511745453
26.0,0.17563866078853607
28.0,0.17415370047092438
30.0,0.1726568192243576
32.0,0.1711140275001526
36.0,0.16810022294521332
40.0,0.16511356830596924
44.0,0.16264362633228302
48.0,0.1602274775505066
52.0,0.1574973165988922
56.0,0.15479949116706848
60.0,0.15233847498893738
64.0,0.15001718699932098
72.0,0.14511072635650635
80.0,0.1406097561120987
88.0,0.13574248552322388
96.0,0.1305595487356186
104.0,0.12620244920253754
112.0,0.12190278619527817
120.0,0.11787715554237366
128.0,0.11370446532964706
144.0,0.10892722755670547
160.0,0.10347497463226318
176.0,0.09673861414194107
192.0,0.0939086526632309
208.0,0.09301457554101944
224.0,0.0921505019068718
240.0,0.08907698839902878
256.0,0.08722592890262604
288.0,0.08478784561157227
320.0,0.08064401894807816
352.0,0.07424534112215042
384.0,0.06657621264457703
416.0,0.06301978975534439
448.0,0.05882488191127777
480.0,0.050682324916124344
512.0,0.04102924466133118
576.0,0.020109938457608223
640.0,0.004392652772367001
704.0,0.0006538635352626443
768.0,0.0014817037153989077
832.0,0.0033956554252654314
896.0,-0.0017490119207650423
960.0,-0.005071723833680153
1024.0,-0.006180201191455126
1152.0,-0.0068305181339383125
1280.0,0.002495757071301341
1408.0,0.01604646071791649
1536.0,0.007979627698659897
1664.0,-0.0005542509024962783
1792.0,-0.0007565783453173935
1920.0,-0.014310483820736408
2048.0,-0.02300359681248665
2304.0,-0.016463715583086014
2560.0,-0.0005628897342830896
2816.0,0.04904814064502716
3072.0,0.06601135432720184
3328.0,0.05678639933466911
3584.0,0.012573023326694965
3840.0,-0.008655816316604614
4096.0,0.0004805241187568754
4608.0,-0.012235455214977264
5120.0,-0.03720135614275932
5632.0,-0.028667258098721504
6144.0,-0.02626672014594078
6656.0,-0.045249540358781815
7168.0,-0.03703698888421059
7680.0,-0.058426935225725174
8192.0,-0.08116591721773148
end
