version,3.0
numOfCh,1
type,point
parent_name,19e3e_1dot0-0dot01
ch_type,1_1
kcount,1
numberNandB,1
brightnessNandB,1
carpet pos,0
pc,0
Time (ms),CH1 Auto-Correlation
1.0,0.10974957048892975
2.0,0.10676342993974686
3.0,0.10402123630046844
4.0,0.10145896673202515
5.0,0.09896987676620483
6.0,0.09661541879177094
7.0,0.09449346363544464
8.0,0.09249652922153473
9.0,0.09067101776599884
10.0,0.08903311938047409
11.0,0.08775237202644348
12.0,0.08648796379566193
13.0,0.0853000059723854
14.0,0.0841231495141983
15.0,0.08304701000452042
16.0,0.08190806210041046
18.0,0.07985877245664597
20.0,0.07807160913944244
22.0,0.07624863088130951
24.0,0.07467544078826904
26.0,0.07304474711418152
28.0,0.07182221859693527
30.0,0.0707998052239418
32.0,0.06959547847509384
36.0,0.06746595352888107
40.0,0.06555410474538803
44.0,0.06371600925922394
48.0,0.06205177307128906
52.0,0.060614246875047684
56.0,0.05937451496720314
60.0,0.058242328464984894
64.0,0.057092487812042236
72.0,0.0552465058863163
80.0,0.05301615595817566
88.0,0.05148240551352501
96.0,0.05141649767756462
104.0,0.05071697756648064
112.0,0.04966804012656212
120.0,0.04901215806603432
128.0,0.04864943027496338
144.0,0.04895273596048355
160.0,0.0489177405834198
176.0,0.04784945771098137
192.0,0.04643329232931137
208.0,0.042412154376506805
224.0,0.038146838545799255
240.0,0.03565026819705963
256.0,0.03425096347928047
288.0,0.03347025066614151
320.0,0.030337965115904808
352.0,0.02941478230059147
384.0,0.02703482285141945
416.0,0.023315493017435074
448.0,0.02322028949856758
480.0,0.024945370852947235
512.0,0.02799130417406559
576.0,0.020296545699238777
640.0,0.009140480309724808
704.0,0.00414724787697196
768.0,-0.0034354988019913435
832.0,-0.003819216974079609
896.0,-0.003995588049292564
960.0,-0.005587752442806959
1024.0,-0.0033819694072008133
1152.0,-0.00481189601123333
1280.0,-0.013279367238283157
1408.0,-0.009762192144989967
1536.0,-0.004342542961239815
1664.0,0.0015743095427751541
1792.0,0.00335749052464962
1920.0,0.008786921389400959
2048.0,0.009241894818842411
2304.0,1.5448335943801794e-06
2560.0,-0.009614821523427963
2816.0,-0.026013759896159172
3072.0,-0.03661571815609932
3328.0,-0.031895194202661514
3584.0,-0.011593318544328213
3840.0,0.002780498471111059
4096.0,0.013989629223942757
4608.0,0.00950656644999981
5120.0,-0.006878697779029608
5632.0,-0.00576499430462718
6144.0,0.00019111997971776873
6656.0,-0.010269439779222012
7168.0,-0.020532328635454178
7680.0,-0.01501527801156044
8192.0,-0.0010070999851450324
end
