version,3.0
numOfCh,1
type,point
parent_name,19e3e_1dot0-0dot01
ch_type,1_1
kcount,1
numberNandB,1
brightnessNandB,1
carpet pos,0
pc,0
Time (ms),CH1 Auto-Correlation
1.0,0.18941684067249298
2.0,0.1868249475955963
3.0,0.1846870630979538
4.0,0.1827627718448639
5.0,0.18092429637908936
6.0,0.17918851971626282
7.0,0.17765605449676514
8.0,0.17626029253005981
9.0,0.1750427484512329
10.0,0.17386145889759064
11.0,0.172736257314682
12.0,0.1716979742050171
13.0,0.17062309384346008
14.0,0.1696213185787201
15.0,0.16872170567512512
16.0,0.16782285273075104
18.0,0.16627374291419983
20.0,0.1648322194814682
22.0,0.16342031955718994
24.0,0.1617899239063263
26.0,0.16023088991641998
28.0,0.1588655561208725
30.0,0.15750369429588318
32.0,0.1562524437904358
36.0,0.15324552357196808
40.0,0.15052898228168488
44.0,0.14781400561332703
48.0,0.1453532874584198
52.0,0.143074631690979
56.0,0.14105930924415588
60.0,0.13892976939678192
64.0,0.13702760636806488
72.0,0.1333397775888443
80.0,0.13016971945762634
88.0,0.12727296352386475
96.0,0.12473077327013016
104.0,0.12287088483572006
112.0,0.12135138362646103
120.0,0.11968433856964111
128.0,0.11769303679466248
144.0,0.11519476026296616
160.0,0.11490271240472794
176.0,0.11289083957672119
192.0,0.11147146672010422
208.0,0.1120661124587059
224.0,0.11457666009664536
240.0,0.11819229274988174
256.0,0.12008382380008698
288.0,0.11619681864976883
320.0,0.11200061440467834
352.0,0.11070390045642853
384.0,0.10702154785394669
416.0,0.10090207308530807
448.0,0.09787385165691376
480.0,0.10101278126239777
512.0,0.1042519360780716
576.0,0.10261233896017075
640.0,0.09342733025550842
704.0,0.08205702155828476
768.0,0.08001972734928131
832.0,0.07514511048793793
896.0,0.06151662394404411
960.0,0.04898076504468918
1024.0,0.0455494225025177
1152.0,0.03657509386539459
1280.0,0.020598364993929863
1408.0,0.011330966837704182
1536.0,0.005301584955304861
1664.0,-0.0037835659459233284
1792.0,-0.011578026227653027
1920.0,-0.02046501263976097
2048.0,-0.0197898056358099
2304.0,-0.03021102026104927
2560.0,-0.03374198451638222
2816.0,-0.029624875634908676
3072.0,-0.02842070534825325
3328.0,-0.025498637929558754
3584.0,-0.02001933939754963
3840.0,-0.01693017967045307
4096.0,-0.017343884333968163
4608.0,-0.0198608860373497
5120.0,-0.02835822105407715
5632.0,-0.028740959241986275
6144.0,-0.03557196632027626
6656.0,-0.060502052307128906
7168.0,-0.07553857564926147
7680.0,-0.0542537160217762
8192.0,-0.02394036576151848
end
