version,3.0
numOfCh,1
type,point
parent_name,19e3e_1dot0-0dot01
ch_type,1_1
kcount,1
numberNandB,1
brightnessNandB,1
carpet pos,0
pc,0
Time (ms),CH1 Auto-Correlation
1.0,0.210624098777771
2.0,0.20855875313282013
3.0,0.20665957033634186
4.0,0.20487281680107117
5.0,0.20313896238803864
6.0,0.20148280262947083
7.0,0.1998993456363678
8.0,0.19838395714759827
9.0,0.19692210853099823
10.0,0.19543911516666412
11.0,0.1939888447523117
12.0,0.192581906914711
13.0,0.19121232628822327
14.0,0.18985521793365479
15.0,0.18860337138175964
16.0,0.1873217523097992
18.0,0.18497417867183685
20.0,0.18258193135261536
22.0,0.18021465837955475
24.0,0.1778426319360733
26.0,0.17545458674430847
28.0,0.17316868901252747
30.0,0.17105108499526978
32.0,0.1691378355026245
36.0,0.1656816452741623
40.0,0.162505641579628
44.0,0.16002157330513
48.0,0.15771529078483582
52.0,0.15535801649093628
56.0,0.15283671021461487
60.0,0.15060624480247498
64.0,0.14865551888942719
72.0,0.14590831100940704
80.0,0.1420975625514984
88.0,0.13929250836372375
96.0,0.1377832293510437
104.0,0.1362355798482895
112.0,0.13535435497760773
120.0,0.1349099576473236
128.0,0.13370616734027863
144.0,0.13043786585330963
160.0,0.12537881731987
176.0,0.11958497017621994
192.0,0.11363527178764343
208.0,0.11008911579847336
224.0,0.10611791163682938
240.0,0.10165418684482574
256.0,0.09857262670993805
288.0,0.09285418689250946
320.0,0.08897390961647034
352.0,0.08282223343849182
384.0,0.07527539879083633
416.0,0.06568867713212967
448.0,0.055735211819410324
480.0,0.04859939217567444
512.0,0.043969687074422836
576.0,0.03666054084897041
640.0,0.026044804602861404
704.0,0.018050074577331543
768.0,0.014518503099679947
832.0,0.016170494258403778
896.0,0.019889330491423607
960.0,0.02069675177335739
1024.0,0.0202842615544796
1152.0,0.02749018743634224
1280.0,0.026611564680933952
1408.0,0.01082625612616539
1536.0,0.0005360459326766431
1664.0,-0.020800791680812836
1792.0,-0.04506911709904671
1920.0,-0.06411418318748474
2048.0,-0.07666099071502686
2304.0,-0.07009569555521011
2560.0,-0.043066926300525665
2816.0,-0.03902498260140419
3072.0,-0.06162237748503685
3328.0,-0.05884890258312225
3584.0,-0.04746517166495323
3840.0,-0.016769057139754295
4096.0,0.004463064484298229
4608.0,0.025829439982771873
5120.0,0.025051143020391464
5632.0,0.029836531728506088
6144.0,0.026885874569416046
6656.0,-0.02227870188653469
7168.0,-0.058908186852931976
7680.0,-0.02637743577361107
8192.0,-0.01387728564441204
end
