version,3.0
numOfCh,1
type,point
parent_name,484af_0dot08-0dot01
ch_type,1_1
kcount,1
numberNandB,1
brightnessNandB,1
carpet pos,0
pc,0
Time (ms),CH1 Auto-Correlation
1.0,0.3555573523044586
2.0,0.3527712821960449
3.0,0.3500095009803772
4.0,0.347350150346756
5.0,0.3448180854320526
6.0,0.34219393134117126
7.0,0.3395259976387024
8.0,0.3370147943496704
9.0,0.334341824054718
10.0,0.33180153369903564
11.0,0.32920974493026733
12.0,0.32652994990348816
13.0,0.3238058388233185
14.0,0.32110005617141724
15.0,0.3183799982070923
16.0,0.31529128551483154
18.0,0.3090094327926636
20.0,0.3019709289073944
22.0,0.2944331765174866
24.0,0.287685364484787
26.0,0.2815505266189575
28.0,0.2756999135017395
30.0,0.26987162232398987
32.0,0.2639552652835846
36.0,0.25290238857269287
40.0,0.24176160991191864
44.0,0.2301214039325714
48.0,0.21860985457897186
52.0,0.20716100931167603
56.0,0.19621802866458893
60.0,0.18437735736370087
64.0,0.17271621525287628
72.0,0.15031497180461884
80.0,0.13054616749286652
88.0,0.11050154268741608
96.0,0.0924578607082367
104.0,0.07122305035591125
112.0,0.05089850723743439
120.0,0.03300544619560242
128.0,0.021987222135066986
144.0,0.02120431885123253
160.0,0.0197446271777153
176.0,0.016433430835604668
192.0,0.015313846059143543
208.0,0.0156388059258461
224.0,0.017272338271141052
240.0,0.01980668678879738
256.0,0.021464437246322632
288.0,0.022856464609503746
320.0,0.021932801231741905
352.0,0.017885886132717133
384.0,0.012607931159436703
416.0,0.005689425393939018
448.0,0.00528757506981492
480.0,0.009554928168654442
512.0,0.01136119943112135
576.0,-0.0019996711052954197
640.0,-0.007947242818772793
704.0,0.0012840579729527235
768.0,0.004903030581772327
832.0,-0.005019073374569416
896.0,-0.01966451294720173
960.0,-0.023520909249782562
1024.0,-0.013355313800275326
1152.0,-0.007376725785434246
1280.0,-0.010983833111822605
1408.0,0.006476532202214003
1536.0,-0.013616297394037247
1664.0,-0.00584689574316144
1792.0,-0.02692541293799877
1920.0,-0.006160857621580362
2048.0,0.0039870860055089
2304.0,0.012738235294818878
2560.0,0.012521913275122643
2816.0,0.014559727162122726
3072.0,0.004238786641508341
3328.0,-0.005469123832881451
3584.0,-0.008800431154668331
end
