version,3.0
numOfCh,1
type,point
parent_name,c1204_1dot0-0dot01
ch_type,1_1
kcount,1
numberNandB,1
brightnessNandB,1
carpet pos,0
pc,0
Time (ms),CH1 Auto-Correlation
1.0,0.04505176097154617
2.0,0.04199033975601196
3.0,0.03938652575016022
4.0,0.03702022135257721
5.0,0.035023659467697144
6.0,0.033324334770441055
7.0,0.03201041370630264
8.0,0.03083464317023754
9.0,0.029737336561083794
10.0,0.028632158413529396
11.0,0.027565546333789825
12.0,0.026594121009111404
13.0,0.025642897933721542
14.0,0.024794982746243477
15.0,0.02383457124233246
16.0,0.022830305621027946
18.0,0.021210145205259323
20.0,0.01978049986064434
22.0,0.018496429547667503
24.0,0.01733563095331192
26.0,0.0160849429666996
28.0,0.015259641222655773
30.0,0.014647726900875568
32.0,0.014018232002854347
36.0,0.013222708366811275
40.0,0.012521996162831783
44.0,0.012113433331251144
48.0,0.01197951938956976
52.0,0.012011385522782803
56.0,0.011449997313320637
60.0,0.010248333215713501
64.0,0.00931914895772934
72.0,0.008269541896879673
80.0,0.007038203068077564
88.0,0.0058072577230632305
96.0,0.0041148909367620945
104.0,0.0034117845352739096
112.0,0.0025928334798663855
120.0,0.003115536877885461
128.0,0.0035155736841261387
144.0,0.0051988838240504265
160.0,0.005922350101172924
176.0,0.005547731649130583
192.0,0.005428394302725792
208.0,0.008138236589729786
224.0,0.009323524311184883
240.0,0.00976344384253025
256.0,0.008141511119902134
288.0,0.006293989717960358
320.0,0.00455038296058774
352.0,0.0035925135016441345
384.0,0.0005848597502335906
416.0,0.0019501664210110903
448.0,0.0033829319290816784
480.0,0.0040639289654791355
512.0,0.0021519542206078768
576.0,0.000884255685377866
640.0,0.00111044617369771
704.0,0.00026835218886844814
768.0,0.0006883660680614412
832.0,0.0007507007103413343
896.0,0.0023216207046061754
960.0,-5.248047455097549e-05
1024.0,-0.0017391762230545282
1152.0,0.0004545951960608363
1280.0,0.003342999843880534
1408.0,0.002085109008476138
1536.0,0.002215583808720112
1664.0,0.0003456076665315777
1792.0,-0.0020327139645814896
1920.0,-0.0018807736923918128
2048.0,-0.0011734217405319214
2304.0,-0.0014705589273944497
2560.0,-0.00391942635178566
2816.0,-0.003934734035283327
3072.0,-0.005845830775797367
3328.0,-0.003262904705479741
3584.0,0.0003533995768520981
3840.0,-0.0012856298126280308
4096.0,-0.0026030144654214382
end
