version,3.0
numOfCh,1
type,point
parent_name,ff67b_0dot1-0dot01
ch_type,1_1
kcount,1
numberNandB,1
brightnessNandB,1
carpet pos,0
pc,0
Time (ms),CH1 Auto-Correlation
1.0,0.023484762758016586
2.0,0.023289434611797333
3.0,0.023101819679141045
4.0,0.02291891537606716
5.0,0.022733157500624657
6.0,0.022556930780410767
7.0,0.022379551082849503
8.0,0.02221674658358097
9.0,0.022060221061110497
10.0,0.02190770022571087
11.0,0.021747082471847534
12.0,0.021601799875497818
13.0,0.021457243710756302
14.0,0.02131451666355133
15.0,0.021172532811760902
16.0,0.021037274971604347
18.0,0.020751086995005608
20.0,0.0204560998827219
22.0,0.020159974694252014
24.0,0.019869893789291382
26.0,0.019581573083996773
28.0,0.019303541630506516
30.0,0.019030684605240822
32.0,0.0187623780220747
36.0,0.018228726461529732
40.0,0.01773177646100521
44.0,0.017291005700826645
48.0,0.016829848289489746
52.0,0.01639793999493122
56.0,0.016029467806220055
60.0,0.015724563971161842
64.0,0.01543582882732153
72.0,0.01483322586864233
80.0,0.014311145059764385
88.0,0.013797315768897533
96.0,0.013356652110815048
104.0,0.013013418763875961
112.0,0.0126563161611557
120.0,0.012268342077732086
128.0,0.011898730881512165
144.0,0.010920547880232334
160.0,0.009789502248167992
176.0,0.008661696687340736
192.0,0.0074334777891635895
208.0,0.006313334684818983
224.0,0.0052801258862018585
240.0,0.004571025725454092
256.0,0.004129652865231037
288.0,0.00291275791823864
320.0,0.0019151022424921393
352.0,0.0008830063743516803
384.0,-0.0002542479778639972
416.0,-0.0006672116578556597
448.0,-0.00029761905898340046
480.0,-3.2248706702375785e-05
512.0,0.0005032087792642415
576.0,0.0013302935985848308
640.0,0.0015317652141675353
704.0,0.0026531994808465242
768.0,0.0038290624506771564
832.0,0.00490278797224164
896.0,0.0046720802783966064
960.0,0.004725078586488962
1024.0,0.004241242539137602
1152.0,0.0024464046582579613
1280.0,0.000984592130407691
1408.0,-0.0003344523720443249
1536.0,0.00013182879774831235
1664.0,0.0017592726508155465
1792.0,0.0014584887539967895
1920.0,-0.0008202111930586398
2048.0,-0.0035402283538132906
2304.0,-0.005038158036768436
2560.0,-0.004820526577532291
2816.0,-0.0026258090510964394
3072.0,-0.0065980046056210995
3328.0,-0.007802082225680351
3584.0,-0.0049542696215212345
3840.0,-0.005343415774405003
4096.0,-0.0026207391638308764
end
