version,3.0
numOfCh,1
type,point
parent_name,19e3e_3dot0-0dot01
ch_type,1_1
kcount,1
numberNandB,1
brightnessNandB,1
carpet pos,0
pc,0
Time (ms),CH1 Auto-Correlation
1.0,0.40528804063796997
2.0,0.40265214443206787
3.0,0.400374174118042
4.0,0.39836829900741577
5.0,0.39653700590133667
6.0,0.3948890268802643
7.0,0.3934805989265442
8.0,0.3920983672142029
9.0,0.39066508412361145
10.0,0.38933899998664856
11.0,0.3880090117454529
12.0,0.38679996132850647
13.0,0.38564643263816833
14.0,0.38450416922569275
15.0,0.3832845985889435
16.0,0.3821566700935364
18.0,0.37995409965515137
20.0,0.3777144253253937
22.0,0.375529408454895
24.0,0.37327098846435547
26.0,0.3709743618965149
28.0,0.3686676621437073
30.0,0.36627790331840515
32.0,0.3638448715209961
36.0,0.3602834641933441
40.0,0.35645636916160583
44.0,0.3522995710372925
48.0,0.34802788496017456
52.0,0.34350839257240295
56.0,0.3392944037914276
60.0,0.3346874713897705
64.0,0.33018460869789124
72.0,0.32207417488098145
80.0,0.3143753409385681
88.0,0.3067496418952942
96.0,0.2990468144416809
104.0,0.2934790253639221
112.0,0.2874995768070221
120.0,0.28215572237968445
128.0,0.27655017375946045
144.0,0.2674856185913086
160.0,0.2582475543022156
176.0,0.25105199217796326
192.0,0.2472165822982788
208.0,0.24561676383018494
224.0,0.2453102022409439
240.0,0.24328207969665527
256.0,0.24148587882518768
288.0,0.24120038747787476
320.0,0.2397264540195465
352.0,0.24120450019836426
384.0,0.2372145652770996
416.0,0.23286840319633484
448.0,0.22443312406539917
480.0,0.20596098899841309
512.0,0.17949427664279938
576.0,0.14258885383605957
640.0,0.12166007608175278
704.0,0.11358451098203659
768.0,0.08701435476541519
832.0,0.05638695880770683
896.0,0.030848773196339607
960.0,0.023143785074353218
1024.0,0.029765045270323753
1152.0,0.018671369180083275
1280.0,-0.007798160891979933
1408.0,-0.0073200250044465065
1536.0,0.024746138602495193
1664.0,0.049944352358579636
1792.0,0.04882524907588959
1920.0,0.07698951661586761
2048.0,0.11852701008319855
2304.0,0.13653920590877533
2560.0,0.0904630720615387
2816.0,0.0699945017695427
3072.0,0.02591729164123535
3328.0,-0.020856713876128197
3584.0,-0.0780169665813446
3840.0,-0.10238083451986313
4096.0,-0.14629623293876648
4608.0,-0.17947548627853394
5120.0,-0.1905573010444641
5632.0,-0.15174253284931183
6144.0,-0.19200916588306427
6656.0,-0.2940022349357605
7168.0,-0.45579999685287476
end
