version,3.0
numOfCh,1
type,point
parent_name,19e3e_3dot0-0dot01
ch_type,1_1
kcount,1
numberNandB,1
brightnessNandB,1
carpet pos,0
pc,0
Time (ms),CH1 Auto-Correlation
1.0,0.14777132868766785
2.0,0.14335112273693085
3.0,0.13995811343193054
4.0,0.13709023594856262
5.0,0.13461345434188843
6.0,0.13247273862361908
7.0,0.1304427981376648
8.0,0.1286153942346573
9.0,0.12688083946704865
10.0,0.12502925097942352
11.0,0.12347553670406342
12.0,0.12206856906414032
13.0,0.12068910896778107
14.0,0.11945406347513199
15.0,0.11817013472318649
16.0,0.11695573478937149
18.0,0.11442630738019943
20.0,0.11243057996034622
22.0,0.1105261966586113
24.0,0.10860182344913483
26.0,0.10667064785957336
28.0,0.10496600717306137
30.0,0.10323165357112885
32.0,0.10124444961547852
36.0,0.09735741466283798
40.0,0.09412741661071777
44.0,0.09070033580064774
48.0,0.08778315037488937
52.0,0.08525291085243225
56.0,0.08231231570243835
60.0,0.07965733110904694
64.0,0.07738733291625977
72.0,0.07335074245929718
80.0,0.06970257312059402
88.0,0.0658818781375885
96.0,0.06192920729517937
104.0,0.05671660602092743
112.0,0.05234905704855919
120.0,0.04872991889715195
128.0,0.045178331434726715
144.0,0.04317960888147354
160.0,0.04217628762125969
176.0,0.040156785398721695
192.0,0.040047843009233475
208.0,0.03848915174603462
224.0,0.03483859449625015
240.0,0.0318744033575058
256.0,0.028584888204932213
288.0,0.026223216205835342
320.0,0.0240883007645607
352.0,0.021921679377555847
384.0,0.02138121984899044
416.0,0.01549884770065546
448.0,0.009404506534337997
480.0,0.0055192201398313046
512.0,0.0010837764712050557
576.0,0.00169516378082335
640.0,0.005187897011637688
704.0,0.0033079537097364664
768.0,-0.0010448320535942912
832.0,-0.0023906107526272535
896.0,-0.001158301718533039
960.0,0.002068572212010622
1024.0,0.007531383074820042
1152.0,0.006518804933875799
1280.0,0.003675467101857066
1408.0,-0.004860542714595795
1536.0,-0.0009216940961778164
1664.0,-0.00017039735394064337
1792.0,0.007835528813302517
1920.0,0.02901269681751728
2048.0,0.02727004885673523
2304.0,0.04225575923919678
2560.0,0.009455897845327854
2816.0,0.0011384395183995366
3072.0,4.159369382250588e-06
3328.0,0.00039539040881209075
3584.0,-0.009880372323095798
3840.0,-0.007909373380243778
4096.0,-0.0053635286167263985
4608.0,-0.005674483720213175
5120.0,-0.011157938279211521
5632.0,-0.0176431555300951
6144.0,-0.016069190576672554
6656.0,-0.016816599294543266
7168.0,-0.019178763031959534
7680.0,-0.036579664796590805
8192.0,-0.03552449122071266
end
