version,3.0
numOfCh,1
type,point
parent_name,19e3e_3dot0-0dot01
ch_type,1_1
kcount,1
numberNandB,1
brightnessNandB,1
carpet pos,0
pc,0
Time (ms),CH1 Auto-Correlation
1.0,0.11522195488214493
2.0,0.11061697453260422
3.0,0.10710073262453079
4.0,0.10439418256282806
5.0,0.10206644982099533
6.0,0.10007921606302261
7.0,0.0983017235994339
8.0,0.09668438881635666
9.0,0.09504528343677521
10.0,0.09352849423885345
11.0,0.09199997782707214
12.0,0.09070712327957153
13.0,0.08939111977815628
14.0,0.08800622075796127
15.0,0.08673563599586487
16.0,0.08536448329687119
18.0,0.08312483876943588
20.0,0.08090009540319443
22.0,0.0783330649137497
24.0,0.07587246596813202
26.0,0.07407006621360779
28.0,0.0722883939743042
30.0,0.07028383761644363
32.0,0.06830675899982452
36.0,0.06486985087394714
40.0,0.0610286109149456
44.0,0.05709603428840637
48.0,0.053774867206811905
52.0,0.050750717520713806
56.0,0.04835641384124756
60.0,0.04554866999387741
64.0,0.043771013617515564
72.0,0.042310815304517746
80.0,0.0409260168671608
88.0,0.038882918655872345
96.0,0.03730069473385811
104.0,0.0361214354634285
112.0,0.03530585393309593
120.0,0.03350415453314781
128.0,0.032093435525894165
144.0,0.029444286599755287
160.0,0.025684669613838196
176.0,0.021479757502675056
192.0,0.019321361556649208
208.0,0.018393876031041145
224.0,0.01572263240814209
240.0,0.014816191978752613
256.0,0.015679223462939262
288.0,0.020429756492376328
320.0,0.020392512902617455
352.0,0.02027030661702156
384.0,0.023505285382270813
416.0,0.024564413353800774
448.0,0.023445501923561096
480.0,0.021997928619384766
512.0,0.021230759099125862
576.0,0.017792336642742157
640.0,0.018650060519576073
704.0,0.014768707565963268
768.0,0.014952967874705791
832.0,0.01548774167895317
896.0,0.019479691982269287
960.0,0.022957693785429
1024.0,0.02452925592660904
1152.0,0.025158049538731575
1280.0,0.028101932257413864
1408.0,0.016999084502458572
1536.0,0.015370579436421394
1664.0,0.0161813385784626
1792.0,0.009095095098018646
1920.0,0.007496323436498642
2048.0,0.01055868249386549
2304.0,0.009503473527729511
2560.0,0.0036990861408412457
2816.0,-0.00032203528098762035
3072.0,0.002769517246633768
3328.0,0.00044239108683541417
3584.0,-0.0009868808556348085
3840.0,-0.004604372661560774
4096.0,-0.01007511094212532
4608.0,-0.008897025138139725
5120.0,-0.011801855638623238
5632.0,-0.015530494973063469
6144.0,-0.021453652530908585
6656.0,-0.02498530223965645
7168.0,-0.02735499106347561
7680.0,-0.03410502150654793
8192.0,-0.03228253871202469
end
