version,3.0
numOfCh,1
type,point
parent_name,19e3e_3dot0-0dot01
ch_type,1_1
kcount,1
numberNandB,1
brightnessNandB,1
carpet pos,0
pc,0
Time (ms),CH1 Auto-Correlation
1.0,0.33199411630630493
2.0,0.32753127813339233
3.0,0.32367125153541565
4.0,0.320261150598526
5.0,0.31716129183769226
6.0,0.3141440749168396
7.0,0.31135308742523193
8.0,0.3086632490158081
9.0,0.30616340041160583
10.0,0.3035738170146942
11.0,0.3011789917945862
12.0,0.2987457811832428
13.0,0.296405166387558
14.0,0.2941916882991791
15.0,0.2920161485671997
16.0,0.29007717967033386
18.0,0.28632402420043945
20.0,0.2819172143936157
22.0,0.2770926058292389
24.0,0.27202844619750977
26.0,0.2664754092693329
28.0,0.2614586651325226
30.0,0.25683271884918213
32.0,0.2517654001712799
36.0,0.24196206033229828
40.0,0.23270249366760254
44.0,0.22292368113994598
48.0,0.21329185366630554
52.0,0.20369981229305267
56.0,0.1932595819234848
60.0,0.18217185139656067
64.0,0.17147159576416016
72.0,0.15538708865642548
80.0,0.14103980362415314
88.0,0.12693293392658234
96.0,0.11388841271400452
104.0,0.10200852155685425
112.0,0.08968476951122284
120.0,0.08073383569717407
128.0,0.0744665190577507
144.0,0.06330685317516327
160.0,0.05074010789394379
176.0,0.039280135184526443
192.0,0.02540801465511322
208.0,0.010335088707506657
224.0,-0.003922243602573872
240.0,-0.018610771745443344
256.0,-0.030127502977848053
288.0,-0.03463547304272652
320.0,-0.030130259692668915
352.0,-0.030001582577824593
384.0,-0.02449815720319748
416.0,-0.019882533699274063
448.0,-0.010827536694705486
480.0,-0.00019958386837970465
512.0,0.017428971827030182
576.0,0.05183567479252815
640.0,0.057843416929244995
704.0,0.026787180453538895
768.0,-0.0010032992577180266
832.0,-0.010075220838189125
896.0,-0.01404971070587635
960.0,-0.02269025333225727
1024.0,-0.03087764047086239
1152.0,-0.03266260400414467
1280.0,-0.0170188806951046
1408.0,-0.013354192487895489
1536.0,-0.039826586842536926
1664.0,-0.05748559162020683
1792.0,-0.03549700230360031
1920.0,-0.0057371389120817184
2048.0,0.0015857211546972394
2304.0,-0.00035010860301554203
2560.0,0.034971773624420166
2816.0,0.04493322968482971
3072.0,-0.024409573525190353
3328.0,0.09801269322633743
3584.0,-0.0037192855961620808
3840.0,-0.043105389922857285
4096.0,-0.04080968722701073
end
