version,3.0
numOfCh,1
type,point
parent_name,19e3e_3dot0-0dot01
ch_type,1_1
kcount,1
numberNandB,1
brightnessNandB,1
carpet pos,0
pc,0
Time (ms),CH1 Auto-Correlation
1.0,0.13602861762046814
2.0,0.1326838731765747
3.0,0.1302473247051239
4.0,0.12832465767860413
5.0,0.12661144137382507
6.0,0.12512439489364624
7.0,0.12386162579059601
8.0,0.12273764610290527
9.0,0.1217670664191246
10.0,0.12089838087558746
11.0,0.12012239545583725
12.0,0.1193164736032486
13.0,0.11872117221355438
14.0,0.11805383116006851
15.0,0.117320217192173
16.0,0.11666976660490036
18.0,0.11542774736881256
20.0,0.11391656845808029
22.0,0.11256822198629379
24.0,0.111601822078228
26.0,0.11051414161920547
28.0,0.10966560244560242
30.0,0.10893206298351288
32.0,0.10837888717651367
36.0,0.1069093868136406
40.0,0.10528917610645294
44.0,0.10396002978086472
48.0,0.10282960534095764
52.0,0.10197436064481735
56.0,0.10117800533771515
60.0,0.10081207007169724
64.0,0.10023602098226547
72.0,0.09944728016853333
80.0,0.09762636572122574
88.0,0.0957745611667633
96.0,0.09380925446748734
104.0,0.09208585321903229
112.0,0.09038528054952621
120.0,0.08830415457487106
128.0,0.08616474270820618
144.0,0.08332328498363495
160.0,0.07945737987756729
176.0,0.07544722408056259
192.0,0.07108712941408157
208.0,0.06689256429672241
224.0,0.06433961540460587
240.0,0.06309791654348373
256.0,0.06070079654455185
288.0,0.05400397628545761
320.0,0.04967186227440834
352.0,0.04599538818001747
384.0,0.043707225471735
416.0,0.042723193764686584
448.0,0.0403018556535244
480.0,0.037781741470098495
512.0,0.03698413074016571
576.0,0.03771397843956947
640.0,0.037775956094264984
704.0,0.03458521515130997
768.0,0.029002869501709938
832.0,0.025150667876005173
896.0,0.01919184997677803
960.0,0.015081389807164669
1024.0,0.014794904738664627
1152.0,0.01401909627020359
1280.0,0.018202360719442368
1408.0,0.017656855285167694
1536.0,0.02167576737701893
1664.0,0.031150909140706062
1792.0,0.035193026065826416
1920.0,0.03385127708315849
2048.0,0.02613845467567444
2304.0,0.01251958403736353
2560.0,-0.001414547790773213
2816.0,-0.006697152275592089
3072.0,0.0003196825855411589
3328.0,0.005779346916824579
3584.0,0.03037196211516857
3840.0,0.012773220427334309
4096.0,-0.009518185630440712
4608.0,-0.03861866146326065
5120.0,-0.05677414312958717
5632.0,-0.04842967167496681
6144.0,-0.041870955377817154
6656.0,-0.051273733377456665
7168.0,-0.05435420572757721
7680.0,-0.04942503944039345
8192.0,-0.0670262947678566
end
