version,3.0
numOfCh,1
type,point
parent_name,labthresh-0dot04_avgcorrs
ch_type,1_1
kcount,1
numberNandB,1
brightnessNandB,1
carpet pos,0
pc,0
Time (ms),CH1 Auto-Correlation
1.0,0.040468376129865646
2.0,0.03846454620361328
3.0,0.03619741275906563
4.0,0.03413616120815277
5.0,0.032205309718847275
6.0,0.03059033863246441
7.0,0.029048096388578415
8.0,0.027673542499542236
9.0,0.02621431089937687
10.0,0.02467908151447773
11.0,0.02317488193511963
12.0,0.02160208858549595
13.0,0.02026640996336937
14.0,0.0189208947122097
15.0,0.017596138641238213
16.0,0.01611541025340557
18.0,0.01364657562226057
20.0,0.011676996946334839
22.0,0.00956087838858366
24.0,0.00787059310823679
26.0,0.006523446645587683
28.0,0.0051842923276126385
30.0,0.008768160341969634
32.0,0.006239445396931842
36.0,0.013293843346817387
40.0,0.010743440262740479
44.0,0.00825171959064998
48.0,0.0063260745431762185
52.0,0.00483378358912887
56.0,0.0034757327385401974
60.0,0.0024126086272436473
64.0,0.0018152556990874776
72.0,0.0031173968953745706
80.0,0.0013593895481400458
88.0,0.00028424614685631936
96.0,-0.0012009289875138727
104.0,-0.0034369228274694513
112.0,-0.006781376015472536
120.0,-0.010217331823826368
128.0,-0.01280058430468974
144.0,-0.00919578316321489
160.0,-0.011346425468778202
176.0,-0.012981750500889925
192.0,-0.014539696728416648
208.0,-0.015596960151854616
224.0,-0.012926962938553724
240.0,-0.01163353972757856
256.0,-0.006350888220670943
288.0,0.00968212318548467
320.0,0.019152950081560347
352.0,0.01706882690389951
384.0,0.003543884543533851
416.0,-0.005864107320020493
448.0,-0.012388284030344544
480.0,-0.022192094086979825
512.0,-0.02687347659634219
576.0,-0.003435823891777545
640.0,-0.004313407436711714
704.0,-0.005799094680696726
768.0,-0.004980149213224649
832.0,-0.004547651973553002
896.0,-0.004504979995545
960.0,-0.008087644935585558
1024.0,-0.006311734556220472
end
