version,3.0
numOfCh,1
type,point
parent_name,labthresh-0dot04_avgcorrs
ch_type,1_1
kcount,1
numberNandB,1
brightnessNandB,1
carpet pos,0
pc,0
Time (ms),CH1 Auto-Correlation
1.0,0.6626030206680298
2.0,0.5918136239051819
3.0,0.5361620783805847
4.0,0.4841213524341583
5.0,0.4284110367298126
6.0,0.38352152705192566
7.0,0.34892579913139343
8.0,0.31649187207221985
9.0,0.28259608149528503
10.0,0.25289013981819153
11.0,0.22790183126926422
12.0,0.20753934979438782
13.0,0.19066280126571655
14.0,0.17657910287380219
15.0,0.1638956218957901
16.0,0.15328872203826904
18.0,0.13733497262001038
20.0,0.12195957452058792
22.0,0.1047472134232521
24.0,0.08361165225505829
26.0,0.06552199274301529
28.0,0.041331227868795395
30.0,0.023071467876434326
32.0,0.016757236793637276
36.0,0.08236924253995656
40.0,0.06490543172096934
44.0,0.03862764950011026
48.0,0.020208892834095937
52.0,0.008102946266582286
56.0,-0.0005604217672166793
60.0,-0.003143050455643485
64.0,-0.023033423313689936
72.0,-0.020011159854389175
80.0,-0.038407029040778674
88.0,-0.05081851875702678
96.0,-0.07367673116149726
104.0,-0.08149093772388166
112.0,-0.07645672347172405
120.0,-0.08008278622918834
128.0,-0.06918752732767294
144.0,-0.06531841978560099
160.0,-0.0912253997521475
176.0,-0.10492312026407388
192.0,-0.07885243722962008
208.0,-0.07526765505058898
224.0,-0.0934053387803336
240.0,-0.09794866849723108
256.0,-0.06574527702896911
288.0,-0.022889918381614343
320.0,-0.0706616777128407
352.0,-0.10478776999350105
384.0,-0.07490964044284608
416.0,-0.13605351203919522
448.0,-0.12894633658496396
480.0,-0.10793716899518456
512.0,-0.1349356057388442
576.0,-0.12603148352354765
640.0,0.20196066548426947
704.0,0.08368619841833909
768.0,-0.12001845985651016
832.0,-0.20320496335625648
896.0,-0.16799546766560525
960.0,-0.08797334755460422
1024.0,-0.11523452525337537
1152.0,0.31858938932418823
1280.0,0.09985033422708511
1408.0,0.07546473294496536
1536.0,0.026410149410367012
1664.0,0.006893739104270935
1792.0,-0.0033286665566265583
1920.0,0.007234757300466299
2048.0,-0.04095695540308952
end
