version,3.0
numOfCh,1
type,point
parent_name,labthresh-0dot04_avgcorrs
ch_type,1_1
kcount,1
numberNandB,1
brightnessNandB,1
carpet pos,0
pc,0
Time (ms),CH1 Auto-Correlation
1.0,0.022208906710147858
2.0,0.020958010107278824
3.0,0.019713032990694046
4.0,0.018503079190850258
5.0,0.01738687977194786
6.0,0.01632780022919178
7.0,0.015422195196151733
8.0,0.014580168761312962
9.0,0.01383040752261877
10.0,0.01319270022213459
11.0,0.012496662326157093
12.0,0.011920053511857986
13.0,0.01143691223114729
14.0,0.011003918014466763
15.0,0.0106321657076478
16.0,0.010317912325263023
18.0,0.009759662672877312
20.0,0.00927475094795227
22.0,0.008800436742603779
24.0,0.00799546204507351
26.0,0.006977146025747061
28.0,0.005998999811708927
30.0,0.006208908724407333
32.0,0.005802669938670338
36.0,0.006041713260347023
40.0,0.005643047601915896
44.0,0.005035167886526324
48.0,0.004090223526582122
52.0,0.0031007549904461485
56.0,0.002674342130776495
60.0,0.002800502739167617
64.0,0.0025906294419352585
72.0,0.0019271138402733154
80.0,0.0013983520163622285
88.0,0.0015264659360538992
96.0,0.0013940221729821392
104.0,0.0013752451041433406
112.0,0.0011535751317361636
120.0,0.000901524123037234
128.0,0.0007585394681276133
144.0,-0.000938782483755954
160.0,-0.0010348567624245525
176.0,-0.0006482958147228745
192.0,-0.0012541541455950785
208.0,-0.0019790437286964766
224.0,-0.003223050685942565
240.0,-0.0035915589610607747
256.0,-0.002863455654358618
288.0,-0.0034649950258123377
320.0,-0.005891916138352826
352.0,-0.005462486124209439
384.0,-0.007994898726853232
416.0,-0.009743779716275942
448.0,-0.00750018913919727
480.0,-0.007135473952803295
512.0,-0.008598453392429898
576.0,-0.0013950665015727282
640.0,0.0017878744838526472
704.0,-0.002321125994058093
768.0,-0.0019450419204076752
832.0,-0.006019287509843707
896.0,-0.0082146260101581
960.0,-0.008502713491907343
1024.0,-0.005013521295040846
end
