version,3.0
numOfCh,1
type,point
parent_name,labthresh-0dot04_avgcorrs
ch_type,1_1
kcount,1
numberNandB,1
brightnessNandB,1
carpet pos,0
pc,0
Time (ms),CH1 Auto-Correlation
1.0,0.10685449838638306
2.0,0.10353241115808487
3.0,0.10030212253332138
4.0,0.0972127765417099
5.0,0.09447982907295227
6.0,0.09185601025819778
7.0,0.08935420960187912
8.0,0.0870932787656784
9.0,0.08487856388092041
10.0,0.08265594393014908
11.0,0.0807834267616272
12.0,0.07890637218952179
13.0,0.07711486518383026
14.0,0.0754816085100174
15.0,0.07408410310745239
16.0,0.07270290702581406
18.0,0.06916467100381851
20.0,0.06591671705245972
22.0,0.06281627714633942
24.0,0.06047327443957329
26.0,0.05816303566098213
28.0,0.05601147562265396
30.0,0.05338417738676071
32.0,0.05049429088830948
36.0,0.0553964347014478
40.0,0.050269073758196704
44.0,0.045919501158959805
48.0,0.04182098239614403
52.0,0.03908697184405438
56.0,0.03616019391726392
60.0,0.030246703290275387
64.0,0.026036680569016046
72.0,0.025401020224089733
80.0,0.01649248199420981
88.0,0.007882685780059547
96.0,-0.0005152221000753343
104.0,-0.009738302796613425
112.0,-0.020252096807816998
120.0,-0.008528415614146861
128.0,-0.011505822534672916
144.0,-0.007185188922449015
160.0,-0.019082833509725918
176.0,-0.031844767617128254
192.0,-0.045840012067596296
208.0,-0.05651159710084487
224.0,-0.07464484006153985
240.0,-0.09601632909990647
256.0,-0.110389056299547
288.0,-0.031329200170668106
320.0,-0.02519081498862111
352.0,-0.030688337241632065
384.0,-0.06525553907600365
416.0,-0.07878165040996724
448.0,-0.1043623722258157
480.0,-0.016072069260796223
512.0,-0.03666010345720375
576.0,-0.10276411261384055
640.0,-0.11764871052582748
704.0,-0.10643144382629544
768.0,-0.08301867111003958
832.0,-0.013375135138630867
896.0,-0.02613632270367816
960.0,0.008342533838003874
1024.0,-0.06567764687739934
1152.0,-0.0031091824639588594
1280.0,-0.004622766748070717
1408.0,0.0014211420202627778
1536.0,-0.0009681404917500913
1664.0,0.0035042306408286095
1792.0,0.0026350116822868586
1920.0,0.006545347161591053
2048.0,0.0015786318108439445
end
