version,3.0
numOfCh,1
type,point
parent_name,labthresh-0dot04_avgcorrs
ch_type,1_1
kcount,1
numberNandB,1
brightnessNandB,1
carpet pos,0
pc,0
Time (ms),CH1 Auto-Correlation
1.0,0.042596783488988876
2.0,0.041404422372579575
3.0,0.04036370664834976
4.0,0.03926229104399681
5.0,0.03824092820286751
6.0,0.03729921951889992
7.0,0.036381796002388
8.0,0.035438232123851776
9.0,0.034533269703388214
10.0,0.03370101749897003
11.0,0.03284994512796402
12.0,0.032010629773139954
13.0,0.031227529048919678
14.0,0.03048999048769474
15.0,0.029819808900356293
16.0,0.029257914051413536
18.0,0.02830158919095993
20.0,0.027286965399980545
22.0,0.026294710114598274
24.0,0.025438066571950912
26.0,0.024681158363819122
28.0,0.02402987889945507
30.0,0.023998937542949406
32.0,0.023058273159404053
36.0,0.027530980803082153
40.0,0.025853458730853162
44.0,0.024309395065210994
48.0,0.022745016088083502
52.0,0.021441227085112282
56.0,0.02067007457371801
60.0,0.019733260790720426
64.0,0.019349026540779354
72.0,0.028029680917494592
80.0,0.025090948429847645
88.0,0.02305323740471398
96.0,0.021677239777835148
104.0,0.020057213425223545
112.0,0.017786248771782
120.0,0.018446458934617806
128.0,0.018290861807708142
144.0,0.04136855813461201
160.0,0.03657514679071028
176.0,0.031668600943551915
192.0,0.02733463775742469
208.0,0.024532737030919332
224.0,0.02096128723254272
240.0,0.016600024861115042
256.0,0.012696350454765101
288.0,0.007230144401546568
320.0,-0.0044870312049170025
352.0,-0.013970752568411626
384.0,-0.021205752113019116
416.0,-0.027727227355967443
448.0,-0.036886816218611784
480.0,-0.04725905152736232
512.0,-0.05618314372259192
576.0,-0.06433335045585409
640.0,-0.08108896564226598
704.0,-0.08885871479287744
768.0,-0.09904469281900674
832.0,-0.08640230799937854
896.0,-0.08537614985834807
960.0,-0.08597229390094678
1024.0,-0.03740631261219581
1152.0,-0.007391630206257105
1280.0,-0.0038308652583509684
1408.0,-0.003842406440526247
1536.0,-0.005990287754684687
1664.0,-0.006467822007834911
1792.0,-0.012050141580402851
1920.0,-0.009235396049916744
2048.0,-0.005245023872703314
end
