version,3.0
numOfCh,1
type,point
parent_name,labthresh-0dot04_avgcorrs
ch_type,1_1
kcount,1
numberNandB,1
brightnessNandB,1
carpet pos,0
pc,0
Time (ms),CH1 Auto-Correlation
1.0,0.2262173295021057
2.0,0.20360101759433746
3.0,0.18647846579551697
4.0,0.1684786081314087
5.0,0.15449611842632294
6.0,0.144518181681633
7.0,0.1319969892501831
8.0,0.11813078820705414
9.0,0.10634344816207886
10.0,0.09423097968101501
11.0,0.08097271621227264
12.0,0.07033377885818481
13.0,0.06149475276470184
14.0,0.05244826897978783
15.0,0.04418674111366272
16.0,0.03751940652728081
18.0,0.02665720507502556
20.0,0.01926763355731964
22.0,0.016020407900214195
24.0,0.014662398025393486
26.0,0.01198841817677021
28.0,0.013915378600358963
30.0,0.01839343272149563
32.0,0.022763190791010857
36.0,0.014611379086874939
40.0,0.01164980461933361
44.0,0.008807015783908167
48.0,0.0017523540591355413
52.0,-0.0045566095424623325
56.0,-0.00664357403855257
60.0,-0.0042609322197928
64.0,-0.0030050085102818138
72.0,-0.00748046372551471
80.0,-0.010079699538182467
88.0,-0.01456153635022929
96.0,-0.022749820034950973
104.0,-0.02329064950812608
112.0,-0.019344742719549685
120.0,-0.026518169916234912
128.0,-0.026204159837216138
144.0,-0.028240859563298085
160.0,-0.020478161216220436
176.0,-0.01525533594437601
192.0,-0.018624580900102633
208.0,-0.01895465619642945
224.0,-0.017745823709500494
240.0,-0.021631356897106505
256.0,-0.021369112912318942
288.0,0.0025182030762412717
320.0,-0.019536738042786186
352.0,-0.05978828987904957
384.0,-0.07534094161487051
416.0,-0.07953438894557101
448.0,-0.008268753399274178
480.0,0.013953492527694575
512.0,-0.020271076887313808
576.0,-0.07873059343546629
640.0,-0.05290401284582913
704.0,0.02054485399276018
768.0,-0.011639371514320374
832.0,-0.00046702055260539055
896.0,0.01284596354162204
960.0,0.0199589281110093
1024.0,0.18659581989049911
end
