version,3.0
numOfCh,1
type,point
parent_name,labthresh-0dot04_avgcorrs
ch_type,1_1
kcount,1
numberNandB,1
brightnessNandB,1
carpet pos,0
pc,0
Time (ms),CH1 Auto-Correlation
1.0,0.017860138788819313
2.0,0.01682613603770733
3.0,0.015862658619880676
4.0,0.014914345927536488
5.0,0.01406304631382227
6.0,0.013267508707940578
7.0,0.012525263242423534
8.0,0.01181765180081129
9.0,0.011198439635336399
10.0,0.010660049505531788
11.0,0.010166504420340061
12.0,0.009702815674245358
13.0,0.009256552904844284
14.0,0.00885460153222084
15.0,0.008479583077132702
16.0,0.008170001208782196
18.0,0.007449983153492212
20.0,0.006706718821078539
22.0,0.005815595854073763
24.0,0.004987993743270636
26.0,0.0043057771399617195
28.0,0.003596324473619461
30.0,0.003077942645177245
32.0,0.0028947917744517326
36.0,0.003984832498827018
40.0,0.003653540897357743
44.0,0.003367057388095418
48.0,0.00305346818322505
52.0,0.002421203652238546
56.0,0.0017303895328950603
60.0,0.0014229278230662825
64.0,0.0007616406062305415
72.0,0.0032547467686796423
80.0,0.002614350507361383
88.0,0.0018304074263950395
96.0,0.0008158951995601119
104.0,-0.0009379172309612235
112.0,-0.002089284873094315
120.0,-0.0029548889679762605
128.0,-0.0030961702320312793
144.0,-0.0001238893429913065
160.0,-0.0014735878024058526
176.0,-0.0016260290662210215
192.0,-0.0011294165941736162
208.0,-0.00018639100316624323
224.0,-0.0023201825610800263
240.0,-0.003336644370574504
256.0,-0.00293728350661695
288.0,-0.005852464769850485
320.0,-0.009249777553486637
352.0,-0.011474692725460044
384.0,-0.012770716729573906
416.0,-0.016413106000982225
448.0,-0.015149878279771656
480.0,-0.01368869339219398
512.0,-0.01349119959761285
576.0,0.004095635187695734
640.0,0.008461327059194446
704.0,-0.0016999687941279262
768.0,-0.0015357134398072958
832.0,0.002101078862324357
896.0,-0.0024119585286825895
960.0,-0.004121981910429895
1024.0,-0.0073364048730582
end
