version,3.0
numOfCh,1
type,point
parent_name,labthresh-0dot04_avgcorrs
ch_type,1_1
kcount,1
numberNandB,1
brightnessNandB,1
carpet pos,0
pc,0
Time (ms),CH1 Auto-Correlation
1.0,0.28334537148475647
2.0,0.25613486766815186
3.0,0.23246625065803528
4.0,0.2154361605644226
5.0,0.1975078135728836
6.0,0.18481402099132538
7.0,0.1708899587392807
8.0,0.16054143011569977
9.0,0.14810577034950256
10.0,0.13897007703781128
11.0,0.12889009714126587
12.0,0.1198321133852005
13.0,0.11125067621469498
14.0,0.1049831286072731
15.0,0.0965859517455101
16.0,0.0876041054725647
18.0,0.06733132898807526
20.0,0.05081581324338913
22.0,0.039532098919153214
24.0,0.03122258186340332
26.0,0.02569037303328514
28.0,0.018925447016954422
30.0,0.014042088761925697
32.0,0.007680342998355627
36.0,-0.002253460091785254
40.0,-0.012321715640342411
44.0,-0.0075729642583824254
48.0,-0.011124993934679557
52.0,-0.006488021449459826
56.0,-0.010974160101100364
60.0,-0.028035993316734675
64.0,-0.035885901081201155
72.0,-0.029828782831116216
80.0,-0.03653445027505412
88.0,-0.028565344336169328
96.0,-0.005717934638201056
104.0,-0.0056317700174353695
112.0,-0.004913419834338129
120.0,-0.012076745837238495
128.0,-0.013960623637894574
144.0,-0.021328357950551435
160.0,-0.022994040125922766
176.0,-0.01959949549382145
192.0,-0.020568554442434106
208.0,-0.018640053953276947
224.0,-0.021309272779035382
240.0,-0.02228302408343552
256.0,-0.022657119148789207
288.0,-0.05827790378992047
320.0,-0.06611004338732787
352.0,-0.03701730427357169
384.0,-0.022836919857322106
416.0,-0.038053839068327634
448.0,-0.06842376438102551
480.0,-0.07421610158468996
512.0,-0.05528450597609792
576.0,0.003733372315764427
640.0,0.006841786205768585
704.0,0.008266804312976698
768.0,0.0409894964347283
832.0,0.04996445464591185
896.0,0.04663758724927902
960.0,0.01699678972363472
1024.0,-0.08445845963433385
1152.0,-0.06837642192840576
1280.0,-0.005773240700364113
1408.0,-0.09288018196821213
1536.0,0.13002203404903412
1664.0,0.12012004107236862
1792.0,-0.11174645274877548
1920.0,-0.08662916719913483
2048.0,0.047634758055210114
end
