version,3.0
numOfCh,1
type,point
parent_name,labthresh-0dot04_avgcorrs
ch_type,1_1
kcount,1
numberNandB,1
brightnessNandB,1
carpet pos,0
pc,0
Time (ms),CH1 Auto-Correlation
1.0,0.10184872150421143
2.0,0.09955368936061859
3.0,0.0973692461848259
4.0,0.09520813077688217
5.0,0.0931142196059227
6.0,0.09112436324357986
7.0,0.08919114619493484
8.0,0.08743059635162354
9.0,0.08574897050857544
10.0,0.08421007543802261
11.0,0.08270128071308136
12.0,0.08123837411403656
13.0,0.07990191131830215
14.0,0.07842594385147095
15.0,0.07708477228879929
16.0,0.07590394467115402
18.0,0.0736270546913147
20.0,0.07116615027189255
22.0,0.06869042664766312
24.0,0.06630094349384308
26.0,0.06433816999197006
28.0,0.06241457909345627
30.0,0.06081363186240196
32.0,0.05902860686182976
36.0,0.06901416765543653
40.0,0.0648470727047306
44.0,0.060681442099967564
48.0,0.056728653539523846
52.0,0.05300836955828582
56.0,0.049047194064453084
60.0,0.04492518981525158
64.0,0.04122458767075011
72.0,0.04696508139346002
80.0,0.0377967612770994
88.0,0.02818565737672745
96.0,0.02165518141312835
104.0,0.018945303188552823
112.0,0.017896708741318434
120.0,0.016993234516121447
128.0,0.011443020956903638
144.0,0.005271798373238805
160.0,-0.005883305110425378
176.0,-0.016286534994530182
192.0,-0.020802658459312322
208.0,-0.013974485239790132
224.0,-0.01938439345637259
240.0,-0.01754978665121598
256.0,-0.001062005729181692
288.0,-0.014813938629231416
320.0,-0.023496600100770593
352.0,-0.03754308509451221
384.0,-0.050264226549188606
416.0,-0.04792781808646396
448.0,-0.04335742833791301
480.0,-0.05734139835528497
512.0,-0.07451435657484191
576.0,-0.04400439951568842
640.0,-0.047301097578019834
704.0,-0.04161701693665236
768.0,-0.04158825831254944
832.0,-0.05927975750528276
896.0,-0.08172375515569001
960.0,-0.08841613549739122
1024.0,-0.07174606926273555
1152.0,-0.011897404794581234
1280.0,0.04219859639124479
1408.0,0.03390416922047734
1536.0,0.03293914478854276
1664.0,0.08254287374438718
1792.0,0.08535802899859846
1920.0,0.010922727291472256
2048.0,-0.07218946426110051
end
