version,3.0
numOfCh,1
type,point
parent_name,labthresh-0dot04_avgcorrs
ch_type,1_1
kcount,1
numberNandB,1
brightnessNandB,1
carpet pos,0
pc,0
Time (ms),CH1 Auto-Correlation
1.0,0.18614915013313293
2.0,0.1694757044315338
3.0,0.15371231734752655
4.0,0.14132167398929596
5.0,0.12978845834732056
6.0,0.11980138719081879
7.0,0.1084614098072052
8.0,0.09788879752159119
9.0,0.08793731778860092
10.0,0.0820300355553627
11.0,0.07568329572677612
12.0,0.06992284208536148
13.0,0.06377524882555008
14.0,0.059037912636995316
15.0,0.052709486335515976
16.0,0.048954881727695465
18.0,0.04034440591931343
20.0,0.03460466116666794
22.0,0.030497871339321136
24.0,0.025798385962843895
26.0,0.02155357226729393
28.0,0.018345221877098083
30.0,0.015463653951883316
32.0,0.012491428293287754
36.0,0.011683595855720342
40.0,0.01166182763283814
44.0,0.008957457297947257
48.0,0.0010907185043834034
52.0,-0.0045917243231087925
56.0,-0.009857941700443008
60.0,-0.012554455461999955
64.0,-0.012438027150425556
72.0,-0.020091304655500648
80.0,-0.028965458792695048
88.0,-0.03848768506102952
96.0,-0.043252758955097066
104.0,-0.04279343876481542
112.0,-0.04898740069778717
120.0,-0.06942136098985516
128.0,-0.07717237900942564
144.0,-0.03499421113034865
160.0,-0.039068915275856854
176.0,-0.027368688443675637
192.0,-0.025069025011422733
208.0,-0.013644618028774858
224.0,-0.009613592736423015
240.0,0.007905262480822526
256.0,-0.01110901146395398
288.0,-0.016561515318850677
320.0,-0.0010839176053802173
352.0,0.0031935363076627254
384.0,-0.02717216856156786
416.0,-0.03897718528363233
448.0,-0.047630991941938795
480.0,-0.03934507440620413
512.0,-0.019464969635009766
576.0,-0.02350001293234527
640.0,-0.028267465182580054
704.0,-0.06298904120922089
768.0,-0.046288896817713976
832.0,-0.018478003796190023
896.0,0.008917259750887752
960.0,0.04243116080760956
1024.0,0.04553691012552008
1152.0,0.0014411964220926166
1280.0,-0.04200673848390579
1408.0,0.011644545942544937
1536.0,0.01000400073826313
1664.0,0.007540409918874502
1792.0,-0.06946799159049988
1920.0,0.055431220680475235
2048.0,0.09668375551700592
end
