version,3.0
numOfCh,1
type,point
parent_name,labthresh-0dot04_avgcorrs
ch_type,1_1
kcount,1
numberNandB,1
brightnessNandB,1
carpet pos,0
pc,0
Time (ms),CH1 Auto-Correlation
1.0,0.022840209305286407
2.0,0.021464960649609566
3.0,0.020222213119268417
4.0,0.018940020352602005
5.0,0.017730792984366417
6.0,0.01659497804939747
7.0,0.015475040301680565
8.0,0.014394220896065235
9.0,0.013380778022110462
10.0,0.012390644289553165
11.0,0.01155210379511118
12.0,0.010766655206680298
13.0,0.010051876306533813
14.0,0.00942591018974781
15.0,0.008869772776961327
16.0,0.008313179947435856
18.0,0.0069311801344156265
20.0,0.005558458156883717
22.0,0.004123639781028032
24.0,0.002780572045594454
26.0,0.0016666156006976962
28.0,0.0010036792373284698
30.0,0.001206803144711113
32.0,0.00017665145948507586
36.0,0.0028665662989210846
40.0,0.0013560017584468094
44.0,-7.989743740340187e-05
48.0,-0.0012462529098918435
52.0,-0.0015850846054187666
56.0,-0.0015388049227608876
60.0,-0.001372683887232349
64.0,-0.00103341587148889
72.0,0.00037663908369722776
80.0,-1.9156207902900253e-05
88.0,-0.00035357139131519943
96.0,-0.0012257246241157798
104.0,-0.0027224472129698065
112.0,-0.0043207992033179226
120.0,-0.004465288476543113
128.0,-0.004156433089519851
144.0,-0.0025520594426780008
160.0,-0.003222522131181904
176.0,-0.00476028738921741
192.0,-0.00684919381455984
208.0,-0.0070865535162738524
224.0,-0.0050197045638924465
240.0,-0.004440901308165242
256.0,-0.0020469187817070632
288.0,-0.00022408083896152675
320.0,-0.0022942338255234063
352.0,-0.0030477647815132514
384.0,-0.0016470057089463808
416.0,-0.004349503346020356
448.0,-0.005535894146305509
480.0,-0.009286117758165346
512.0,-0.007329140327783534
576.0,-0.002732363063842058
640.0,-0.0036376139032654464
704.0,-0.008369599469006062
768.0,-0.007362940581515431
832.0,-0.00428772356826812
896.0,-0.00885787745937705
960.0,-0.011536875274032354
1024.0,-0.006323030742350966
1152.0,-0.006233335938304663
1280.0,-0.014730291441082954
1408.0,-0.009672882966697216
1536.0,-0.0031192468013614416
1664.0,0.007982481271028519
1792.0,0.014294741675257683
1920.0,0.009661288000643253
2048.0,0.008062286302447319
end
