version,3.0
numOfCh,1
type,point
parent_name,labthresh-0dot04_avgcorrs
ch_type,1_1
kcount,1
numberNandB,1
brightnessNandB,1
carpet pos,0
pc,0
Time (ms),CH1 Auto-Correlation
1.0,0.10915844887495041
2.0,0.10627661645412445
3.0,0.1034422367811203
4.0,0.10064630210399628
5.0,0.09792529046535492
6.0,0.09509354829788208
7.0,0.092443086206913
8.0,0.08974786102771759
9.0,0.08711642026901245
10.0,0.08468785881996155
11.0,0.08235734701156616
12.0,0.08019912987947464
13.0,0.07818784564733505
14.0,0.07637988030910492
15.0,0.07455368340015411
16.0,0.07284083962440491
18.0,0.06980954855680466
20.0,0.06681623309850693
22.0,0.06361403316259384
24.0,0.06031566113233566
26.0,0.05705512315034866
28.0,0.054163601249456406
30.0,0.05148185417056084
32.0,0.04977782815694809
36.0,0.06053750562400987
40.0,0.055238472385169116
44.0,0.05056624487210334
48.0,0.04635899944178863
52.0,0.04260144388983743
56.0,0.03913643454143312
60.0,0.038984406900126486
64.0,0.03460714647866553
72.0,0.0331295344454702
80.0,0.024226247381739084
88.0,0.016616908798459916
96.0,0.012629495949659031
104.0,0.009613025449652923
112.0,0.006260921778448392
120.0,0.005091177030025344
128.0,0.0025142552698717304
144.0,-0.002045863664106411
160.0,-0.00733281351516352
176.0,-0.007228137728388366
192.0,-0.008743781527942595
208.0,-0.012930804699221077
224.0,-0.01781988285095876
240.0,-0.024502432004630786
256.0,-0.0319087634630063
288.0,-0.052391595312986865
320.0,-0.06310716132231226
352.0,-0.07030697191261094
384.0,-0.06645433654987508
416.0,-0.04912384685700421
448.0,-0.031290320086885585
480.0,-0.030586057264978688
512.0,-0.011336702242260799
576.0,-0.028023670136462897
640.0,-0.04389989464834798
704.0,-0.035262480028904974
768.0,-0.05555474560242146
832.0,-0.05969434976577759
896.0,-0.057971194153651595
960.0,-0.03551956219598651
1024.0,0.006650087307207286
1152.0,-0.09560030698776245
1280.0,-0.10120721161365509
1408.0,-0.12456372380256653
1536.0,-0.0386735163629055
1664.0,-0.002095589879900217
1792.0,-0.148087739944458
end
