version,3.0
numOfCh,1
type,point
parent_name,labthresh-0dot04_avgcorrs
ch_type,1_1
kcount,1
numberNandB,1
brightnessNandB,1
carpet pos,0
pc,0
Time (ms),CH1 Auto-Correlation
1.0,0.0543418824672699
2.0,0.05268028751015663
3.0,0.05104060843586922
4.0,0.049488503485918045
5.0,0.04804119095206261
6.0,0.04654034599661827
7.0,0.044966764748096466
8.0,0.04340558126568794
9.0,0.041916701942682266
10.0,0.04044325277209282
11.0,0.03913668170571327
12.0,0.0380033515393734
13.0,0.03698336333036423
14.0,0.035918135195970535
15.0,0.0347638837993145
16.0,0.033717911690473557
18.0,0.031769104301929474
20.0,0.02989332564175129
22.0,0.02805844321846962
24.0,0.026040634140372276
26.0,0.024220263585448265
28.0,0.022335564717650414
30.0,0.020412426441907883
32.0,0.018722208216786385
36.0,0.01830201237316942
40.0,0.015220704711282451
44.0,0.012553151995234657
48.0,0.010940213961778985
52.0,0.009974170234878935
56.0,0.009308485329408237
60.0,0.008798084288476579
64.0,0.008837073248287197
72.0,0.015587347299408387
80.0,0.01908874204930137
88.0,0.01969542948405861
96.0,0.016867106064797983
104.0,0.014294137705720085
112.0,0.010342764260713011
120.0,0.005655018485413166
128.0,0.0015539020150754368
144.0,-0.0015965229637610416
160.0,-0.004987412731376632
176.0,-0.006036864103710589
192.0,-0.009260388382244855
208.0,-0.010692664810145894
224.0,-0.010685991191470142
240.0,-0.01076116759334885
256.0,-0.012213810357934562
288.0,-0.028031670189294446
320.0,-0.03069209284795862
352.0,-0.030131604373713747
384.0,-0.02698089296851928
416.0,-0.025198616113306746
448.0,-0.011442571367499314
480.0,-0.017726712989517383
512.0,-0.04385664336991289
576.0,0.00044728491532926756
640.0,-0.0008982857689261436
704.0,-0.0005305902838396529
768.0,-0.0002215958278005322
832.0,0.0020168827225764594
896.0,0.0005630964102844397
960.0,0.001935059515138467
1024.0,-0.001812365682174762
1152.0,-0.0005234051495790482
1280.0,-0.0027693596202880144
1408.0,-0.0037068957462906837
1536.0,-0.0032560264226049185
1664.0,-0.00262518972158432
1792.0,0.00045858180965296924
1920.0,0.002180818933993578
2048.0,-0.0009607574320398271
end
