version,3.0
numOfCh,1
type,point
parent_name,labthresh-0dot04_avgcorrs
ch_type,1_1
kcount,1
numberNandB,1
brightnessNandB,1
carpet pos,0
pc,0
Time (ms),CH1 Auto-Correlation
1.0,0.03700925037264824
2.0,0.03557891026139259
3.0,0.03424835950136185
4.0,0.03309519961476326
5.0,0.03205862268805504
6.0,0.031203366816043854
7.0,0.03040686435997486
8.0,0.029708104208111763
9.0,0.02909270115196705
10.0,0.02841595932841301
11.0,0.027679406106472015
12.0,0.02696378529071808
13.0,0.02630331926047802
14.0,0.025684097781777382
15.0,0.02503838576376438
16.0,0.024418750777840614
18.0,0.023133471608161926
20.0,0.021743981167674065
22.0,0.02033304236829281
24.0,0.019122960045933723
26.0,0.01801179349422455
28.0,0.017166867852211
30.0,0.017171797598712145
32.0,0.016346252590301445
36.0,0.017007461611893423
40.0,0.015364128502999218
44.0,0.013918193536273275
48.0,0.012894690891978545
52.0,0.011695154416464413
56.0,0.01029323325608927
60.0,0.011431234852352645
64.0,0.010468903315086209
72.0,0.010545329251908698
80.0,0.007440988457528874
88.0,0.004340920950198779
96.0,0.0011184809314727317
104.0,-0.0012280151051527355
112.0,-0.0032193197053857147
120.0,-0.0064222457693080956
128.0,-0.008661796529562898
144.0,-0.015578132170048775
160.0,-0.018956628835439915
176.0,-0.020656291894155743
192.0,-0.02143178107417043
208.0,-0.02174467453885498
224.0,-0.02054390857153976
240.0,-0.019260155929562945
256.0,-0.014688876166474074
288.0,-0.015669165510917082
320.0,-0.0064315460491343405
352.0,0.0015312934527173638
384.0,0.010071621435781709
416.0,0.008118195075076074
448.0,0.004254818777553737
480.0,-0.019630074762972072
512.0,-0.018697494429943617
576.0,-0.017186018330643753
640.0,-0.00798280953728993
704.0,-0.0006257429091160052
768.0,0.0004585480325788792
832.0,-0.0035705427830440123
896.0,-0.002682476570563657
960.0,0.0013793831624622857
1024.0,0.011685794119590096
1152.0,0.005008821841329336
1280.0,0.0021635591983795166
1408.0,-0.0049194954335689545
1536.0,-0.020020589232444763
1664.0,-0.02980029210448265
1792.0,-0.020658547058701515
1920.0,0.02423357404768467
2048.0,0.03154435381293297
end
