version,3.0
numOfCh,1
type,point
parent_name,labthresh-0dot04_avgcorrs
ch_type,1_1
kcount,1
numberNandB,1
brightnessNandB,1
carpet pos,0
pc,0
Time (ms),CH1 Auto-Correlation
1.0,0.4915617108345032
2.0,0.4356977045536041
3.0,0.39375418424606323
4.0,0.3589204251766205
5.0,0.3239578902721405
6.0,0.29785409569740295
7.0,0.2686939239501953
8.0,0.2378731518983841
9.0,0.21284262835979462
10.0,0.19244995713233948
11.0,0.17647549510002136
12.0,0.16513989865779877
13.0,0.1527387946844101
14.0,0.13531138002872467
15.0,0.1226910874247551
16.0,0.11212444305419922
18.0,0.0905163437128067
20.0,0.07384616136550903
22.0,0.06000132858753204
24.0,0.045635078102350235
26.0,0.036453232169151306
28.0,0.025476088747382164
30.0,0.015326287597417831
32.0,0.010439530946314335
36.0,0.011683346182204938
40.0,0.006481569345244982
44.0,0.00285791258890337
48.0,0.0021987844447721727
52.0,0.004816005966858938
56.0,0.0063004291775238625
60.0,0.011033585122988923
64.0,0.00822950297404769
72.0,-0.0015464371842283167
80.0,0.017762074001917715
88.0,0.016151588822463293
96.0,0.023875567173634312
104.0,0.01988683786169675
112.0,-0.00884261059476749
120.0,-0.02417025689775234
128.0,-0.039571955731576854
144.0,-0.03663597228781631
160.0,-0.024896002762640517
176.0,-0.009402982463749746
192.0,-0.0013308358514526237
208.0,0.0008722050600529959
224.0,0.0027609002427197993
240.0,-0.00643844836546729
256.0,-0.015007349119211236
288.0,-0.020655277495582897
320.0,-0.049087255313578576
352.0,-0.06222023918396897
384.0,-0.09269424517535502
416.0,-0.10746015189215541
448.0,-0.1186162626513073
480.0,-0.10007563812865151
512.0,-0.0797472633421421
576.0,0.03386198294659456
640.0,-0.022757781203836203
704.0,-0.021939859492704272
768.0,-0.05192114599049091
832.0,-0.017503650781388085
896.0,-0.004946482678254445
960.0,-0.015665233445664246
1024.0,-0.0031083290620396533
1152.0,0.01183611061424017
1280.0,-0.02181604690849781
1408.0,-0.020646732300519943
1536.0,-0.004642085637897253
1664.0,-0.050090938806533813
1792.0,-0.023151420056819916
1920.0,0.05938401818275452
2048.0,0.06738501787185669
end
