version,3.0
numOfCh,1
type,point
parent_name,labthresh-0dot04_avgcorrs
ch_type,1_1
kcount,1
numberNandB,1
brightnessNandB,1
carpet pos,0
pc,0
Time (ms),CH1 Auto-Correlation
1.0,0.027275845408439636
2.0,0.026054520159959793
3.0,0.024860462173819542
4.0,0.023793311789631844
5.0,0.022737840190529823
6.0,0.021824106574058533
7.0,0.020919056609272957
8.0,0.020081505179405212
9.0,0.01930566318333149
10.0,0.01859518326818943
11.0,0.01792304590344429
12.0,0.01730872131884098
13.0,0.016696225851774216
14.0,0.016175925731658936
15.0,0.01568514294922352
16.0,0.015217488631606102
18.0,0.014220153912901878
20.0,0.013268857263028622
22.0,0.012297537177801132
24.0,0.011612236499786377
26.0,0.011001111008226871
28.0,0.010238283313810825
30.0,0.00954667292535305
32.0,0.008717049844563007
36.0,0.010235480858682422
40.0,0.009316506921459222
44.0,0.00840362923045177
48.0,0.0073657323111547155
52.0,0.005668114290892845
56.0,0.0040948907218989914
60.0,0.003994369149471535
64.0,0.002991703307567437
72.0,0.004431625800983359
80.0,0.003736651503944207
88.0,0.0029614932214220365
96.0,0.00252014774644825
104.0,0.0015977602219209076
112.0,0.0005444794039552411
120.0,-0.00023826505057513713
128.0,-0.00027394719848719735
144.0,0.00047667261969763786
160.0,0.000945392578917866
176.0,0.002223558724836039
192.0,0.0026480038795853034
208.0,0.002275639087505018
224.0,0.001127540520731903
240.0,0.001581571060920727
256.0,0.0017561129008589144
288.0,0.0013128814429769085
320.0,0.00016518063946730562
352.0,-0.0029802145565756494
384.0,-0.006647760553783478
416.0,-0.010342448587632842
448.0,-0.010063447087304667
480.0,-0.008643070087095516
512.0,-0.00703984023615097
576.0,-0.012911470956169069
640.0,-0.014973402780015022
704.0,-0.014593620566301979
768.0,-0.012638130516279489
832.0,0.0022165068658068776
896.0,0.008166171806806233
960.0,-0.004848663666052744
1024.0,0.01024852809496224
1152.0,0.00918297671402494
1280.0,-0.0008050725555222016
1408.0,-0.0008602842766170701
1536.0,-0.009482396300882101
1664.0,-0.01667738302300374
1792.0,-0.021609758026897907
1920.0,-0.013151569602390131
2048.0,-0.005244875559583306
end
