version,3.0
numOfCh,1
type,point
parent_name,labthresh-0dot04_avgcorrs
ch_type,1_1
kcount,1
numberNandB,1
brightnessNandB,1
carpet pos,0
pc,0
Time (ms),CH1 Auto-Correlation
1.0,0.29169756174087524
2.0,0.2584066390991211
3.0,0.2277761697769165
4.0,0.2009671926498413
5.0,0.1825120747089386
6.0,0.16573978960514069
7.0,0.15369316935539246
8.0,0.14369603991508484
9.0,0.13438661396503448
10.0,0.12461283057928085
11.0,0.11297041177749634
12.0,0.10352117568254471
13.0,0.09329723566770554
14.0,0.08375145494937897
15.0,0.07588451355695724
16.0,0.0688243880867958
18.0,0.05690355598926544
20.0,0.04239393398165703
22.0,0.03117172233760357
24.0,0.025155147537589073
26.0,0.022078843787312508
28.0,0.018923789262771606
30.0,0.0179541810961382
32.0,0.011695725651225074
36.0,0.02023229408271921
40.0,0.008550206122527016
44.0,-0.000658646400552243
48.0,-0.013418119427903245
52.0,-0.020021075526407608
56.0,-0.025991721390649522
60.0,-0.02889511967271877
64.0,-0.025845529133221135
72.0,-0.026296892563723737
80.0,-0.026280446676537395
88.0,-0.025938863178626412
96.0,-0.015849940918130977
104.0,-0.01373953694322457
112.0,-0.03348820876895583
120.0,-0.036066590021142646
128.0,-0.03699390749846186
144.0,-0.00896141491830349
160.0,-0.0095782380264539
176.0,-0.024661072789548107
192.0,-0.040971725583613776
208.0,-0.04712993751924772
224.0,-0.056581755043365635
240.0,-0.044380942708812654
256.0,-0.016709812014596537
288.0,0.00671830711265405
320.0,-0.03210491324878401
352.0,0.002395927699075805
384.0,0.0030302361895640693
416.0,-0.03557496424764395
448.0,-0.055967069269778826
480.0,-0.07747474193779959
512.0,-0.012402215636231832
576.0,0.04154853895306587
640.0,-0.02301701158285141
704.0,0.006074906559661031
768.0,-0.013215809274697676
832.0,-0.03871806256938726
896.0,-0.03593666083179414
960.0,-0.04852019855752587
1024.0,-0.035329050035215914
end
