version,3.0
numOfCh,1
type,point
parent_name,labthresh-0dot04_avgcorrs
ch_type,1_1
kcount,1
numberNandB,1
brightnessNandB,1
carpet pos,0
pc,0
Time (ms),CH1 Auto-Correlation
1.0,0.01929847151041031
2.0,0.0180609542876482
3.0,0.016908882185816765
4.0,0.015821756795048714
5.0,0.014806206338107586
6.0,0.013876648619771004
7.0,0.012958481907844543
8.0,0.01209795381873846
9.0,0.01130618155002594
10.0,0.010600929148495197
11.0,0.009864828549325466
12.0,0.009142386727035046
13.0,0.00846414640545845
14.0,0.007829101756215096
15.0,0.007176716811954975
16.0,0.0065578375943005085
18.0,0.005626707337796688
20.0,0.004812382161617279
22.0,0.003988824784755707
24.0,0.0032644758466631174
26.0,0.002510159043595195
28.0,0.001829748973250389
30.0,0.0012056598206982017
32.0,0.0006888356292620301
36.0,0.002653216999412204
40.0,0.0017198090926588824
44.0,0.0010345403107445842
48.0,0.00032273718364497956
52.0,-0.00015228173348684018
56.0,-0.00035312252293806523
60.0,-0.00025652389389318255
64.0,-0.0013464592901010323
72.0,-0.0002189010397573425
80.0,-0.00035555718196436913
88.0,-0.001222313521959057
96.0,-0.0017985733376752416
104.0,-0.001920763040702282
112.0,-0.0016323649377392774
120.0,-0.0016858738100771526
128.0,-0.0013124261916215932
144.0,-0.0022218852187506854
160.0,-0.0020062076936786374
176.0,-0.0008701659098733217
192.0,0.00020917797228321434
208.0,0.0007858444781353077
224.0,-0.0009463594045882928
240.0,-0.0016122577445154699
256.0,-0.0030127910897135733
288.0,-0.0025560757465427743
320.0,-0.003421096527017653
352.0,-0.00244420571543742
384.0,-0.003017638495657593
416.0,-0.0034305385750485586
448.0,-0.0034599352547957096
480.0,-0.005007817837758921
512.0,-0.004845675162505359
576.0,-0.004051084940632184
640.0,-0.0008905145611303548
704.0,0.0015799577037493389
768.0,0.0027435123920440674
832.0,4.844584812720616e-06
896.0,0.0008805918429667751
960.0,0.00595708005130291
1024.0,-0.00022463244386017323
end
