version,3.0
numOfCh,1
type,point
parent_name,labthresh-0dot04_avgcorrs
ch_type,1_1
kcount,1
numberNandB,1
brightnessNandB,1
carpet pos,0
pc,0
Time (ms),CH1 Auto-Correlation
1.0,0.1452842652797699
2.0,0.1422838270664215
3.0,0.13914477825164795
4.0,0.13623127341270447
5.0,0.13311457633972168
6.0,0.1297818422317505
7.0,0.1264285445213318
8.0,0.12332955747842789
9.0,0.11998790502548218
10.0,0.1165003627538681
11.0,0.11305083334445953
12.0,0.10978290438652039
13.0,0.10670298337936401
14.0,0.103673055768013
15.0,0.10062256455421448
16.0,0.09747384488582611
18.0,0.09201955050230026
20.0,0.08680640906095505
22.0,0.08199813216924667
24.0,0.07768546789884567
26.0,0.07435294985771179
28.0,0.07196874916553497
30.0,0.06998419016599655
32.0,0.06828653067350388
36.0,0.10016013789572753
40.0,0.09542687433650313
44.0,0.09061421147223724
48.0,0.08487390980893827
52.0,0.07915496392904417
56.0,0.0734361124670376
60.0,0.06806948656120095
64.0,0.06285638015960222
72.0,0.07123911694936014
80.0,0.0655647162899473
88.0,0.05881160050691841
96.0,0.05243100538408678
104.0,0.045730838325413824
112.0,0.038257084137416984
120.0,0.03224835082226874
128.0,0.026892381328109064
144.0,0.016926188117769712
160.0,-0.0026616972472231068
176.0,-0.013051968478762051
192.0,-0.014180613941896488
208.0,-0.01191459720105152
224.0,-0.012146163444199106
240.0,-0.011487014526638258
256.0,-0.013085335876573534
288.0,-0.014922585622924898
320.0,-0.030154935653424926
352.0,-0.032731079173067376
384.0,-0.0342675393848266
416.0,-0.047058416737450495
448.0,-0.04201750651312371
480.0,-0.03788967182238897
512.0,-0.03364727304627498
576.0,-0.04452725530912479
640.0,-0.048598132096230984
704.0,-0.06459841007987659
768.0,-0.09996086778119206
832.0,-0.12672720632205406
896.0,-0.13117966381832957
960.0,-0.10920332713673513
1024.0,-0.07262163019428651
end
