version,3.0
numOfCh,1
type,point
parent_name,labthresh-0dot04_avgcorrs
ch_type,1_1
kcount,1
numberNandB,1
brightnessNandB,1
carpet pos,0
pc,0
Time (ms),CH1 Auto-Correlation
1.0,0.32928377389907837
2.0,0.2888216972351074
3.0,0.25381606817245483
4.0,0.22281743586063385
5.0,0.19730231165885925
6.0,0.17814050614833832
7.0,0.1641390025615692
8.0,0.15535488724708557
9.0,0.1494501829147339
10.0,0.13987997174263
11.0,0.12951689958572388
12.0,0.11706998199224472
13.0,0.10122573375701904
14.0,0.08935947716236115
15.0,0.07632672041654587
16.0,0.0638493150472641
18.0,0.05700621008872986
20.0,0.052158307284116745
22.0,0.04263835400342941
24.0,0.033376432955265045
26.0,0.023818857967853546
28.0,0.017078669741749763
30.0,0.012318987419500141
32.0,0.007521811846648537
36.0,0.020830845268823107
40.0,0.01211900748488628
44.0,0.010414677428917983
48.0,0.004400212789493564
52.0,0.009329370374632018
56.0,0.008846552026960509
60.0,0.011085771512524743
64.0,0.007929293878583444
72.0,0.008907018340930032
80.0,-0.01236502392081699
88.0,-0.0259735181753058
96.0,-0.03956190143071581
104.0,-0.05320840436858513
112.0,-0.07224152180909489
120.0,-0.09648980832982647
128.0,-0.09876775299705079
144.0,-0.0986092914827168
160.0,-0.11256293571204878
176.0,-0.10563435255446368
192.0,-0.06701619178056717
208.0,-0.02673619259924938
224.0,-0.029285041401938845
240.0,-0.049250390380620956
256.0,-0.03105743360870025
288.0,-0.006992142802725236
320.0,0.019104814001669485
352.0,0.03179805923718959
384.0,0.004010970704257488
416.0,0.004686257879560192
448.0,-0.004431888461112976
480.0,-0.06567244231700897
512.0,-0.07587172240018844
576.0,-0.10189385153353214
640.0,0.005533032119274139
704.0,-0.069574065040797
768.0,-0.03979763956158422
832.0,-0.005256558768451214
896.0,-0.03048473782837391
960.0,-0.08318811779220898
1024.0,-0.023524601322909195
end
