version,3.0
numOfCh,1
type,point
parent_name,labthresh-0dot04_avgcorrs
ch_type,1_1
kcount,1
numberNandB,1
brightnessNandB,1
carpet pos,0
pc,0
Time (ms),CH1 Auto-Correlation
1.0,0.2628100514411926
2.0,0.23566769063472748
3.0,0.2154700607061386
4.0,0.19905748963356018
5.0,0.18034060299396515
6.0,0.1661975085735321
7.0,0.15428763628005981
8.0,0.1397046595811844
9.0,0.12893690168857574
10.0,0.11984482407569885
11.0,0.1110873818397522
12.0,0.1008024588227272
13.0,0.09190699458122253
14.0,0.085945263504982
15.0,0.08083023875951767
16.0,0.07635016739368439
18.0,0.06769789755344391
20.0,0.05504404008388519
22.0,0.04415265843272209
24.0,0.03854038193821907
26.0,0.03392722085118294
28.0,0.03053220547735691
30.0,0.027946369722485542
32.0,0.026443419978022575
36.0,0.035902671368482214
40.0,0.030344093012778708
44.0,0.028886972671413484
48.0,0.026437056252810485
52.0,0.024637521875168506
56.0,0.02370014017409024
60.0,0.023740644897896283
64.0,0.024734205706847895
72.0,0.02548302581999451
80.0,0.008612391106329265
88.0,-0.009211244400251995
96.0,-0.017021521746011622
104.0,-0.028567241666182366
112.0,-0.02978758054351519
120.0,-0.018032945637103347
128.0,-0.007635847030628827
144.0,-0.013249700206021469
160.0,-0.03701844407866398
176.0,-0.04409789910229544
192.0,-0.05047693817565838
208.0,-0.06843144301165012
224.0,-0.05678716568897168
240.0,-0.05928840899529556
256.0,-0.0779785582756934
288.0,-0.06447592555487063
320.0,-0.01770798722282052
352.0,-0.06131577491760254
384.0,-0.03633522556629032
416.0,-0.040478069055825475
448.0,-0.019319433718919754
480.0,-0.03535483825835399
512.0,-0.005013616759970319
576.0,-0.04243190586566925
640.0,-0.008422554781039556
704.0,-0.02849925309419632
768.0,-0.1898015004893144
832.0,-0.15262815480430922
896.0,0.00710012453297774
960.0,0.05172675382345915
1024.0,0.008801196236163378
end
