version,3.0
numOfCh,1
type,point
parent_name,labthresh-0dot04_avgcorrs
ch_type,1_1
kcount,1
numberNandB,1
brightnessNandB,1
carpet pos,0
pc,0
Time (ms),CH1 Auto-Correlation
1.0,0.03262322023510933
2.0,0.03151785582304001
3.0,0.030443448573350906
4.0,0.029432104900479317
5.0,0.028458114713430405
6.0,0.02748730219900608
7.0,0.026533352211117744
8.0,0.025627320632338524
9.0,0.024729322642087936
10.0,0.023889997974038124
11.0,0.023113247007131577
12.0,0.02234499342739582
13.0,0.021597035229206085
14.0,0.020913513377308846
15.0,0.02026466093957424
16.0,0.019653543829917908
18.0,0.018572615459561348
20.0,0.017604710534214973
22.0,0.01672760397195816
24.0,0.015932446345686913
26.0,0.015260442160069942
28.0,0.014680945314466953
30.0,0.014598913068570057
32.0,0.014040665061730653
36.0,0.013903985347817926
40.0,0.012367024330374347
44.0,0.011251504595868348
48.0,0.010451931362481178
52.0,0.009269570994172896
56.0,0.008061814965913072
60.0,0.006965248657224672
64.0,0.005940365720589673
72.0,0.007805955066682405
80.0,0.006377075320675171
88.0,0.005651304369442707
96.0,0.005246832657056595
104.0,0.004856937401720123
112.0,0.004450660849865277
120.0,0.004122060939802655
128.0,0.003922856637343232
144.0,0.009718406472957748
160.0,0.00739205744364025
176.0,0.004867709936875412
192.0,0.00320750693550936
208.0,0.0012656542684828095
224.0,-0.0009478572756052017
240.0,-0.0022352867005110966
256.0,-0.0018897361878771335
288.0,0.0015188075000575434
320.0,-0.001945046565702392
352.0,-0.010122357324386636
384.0,-0.014355293475091457
416.0,-0.018144381646480825
448.0,-0.02195965012328492
480.0,-0.0327693234592314
512.0,-0.042939441123356424
576.0,-0.02023141086101532
640.0,-0.015459733083844185
704.0,-0.006424134495318867
768.0,0.0024016782408580184
832.0,0.007671212079003453
896.0,0.005674239480867982
960.0,0.0036374323535710573
1024.0,0.0071954450104385614
end
