version,3.0
numOfCh,1
type,point
parent_name,labthresh-0dot04_avgcorrs
ch_type,1_1
kcount,1
numberNandB,1
brightnessNandB,1
carpet pos,0
pc,0
Time (ms),CH1 Auto-Correlation
1.0,0.05550260841846466
2.0,0.05440821126103401
3.0,0.053251881152391434
4.0,0.05208504945039749
5.0,0.05096644535660744
6.0,0.04991379380226135
7.0,0.049015384167432785
8.0,0.04817185550928116
9.0,0.047429125756025314
10.0,0.04681010916829109
11.0,0.046270884573459625
12.0,0.045718975365161896
13.0,0.04516886919736862
14.0,0.04461748152971268
15.0,0.04411006346344948
16.0,0.0435900054872036
18.0,0.042511679232120514
20.0,0.04141315817832947
22.0,0.04022703692317009
24.0,0.03917617350816727
26.0,0.038467541337013245
28.0,0.03811948746442795
30.0,0.037777502089738846
32.0,0.037326276302337646
36.0,0.0490071232416085
40.0,0.047997878133628546
44.0,0.046790219472313765
48.0,0.04594770576886731
52.0,0.045333205540373456
56.0,0.04529454399016686
60.0,0.045177094003520324
64.0,0.04557833541002765
72.0,0.054306733284777566
80.0,0.05380172724004036
88.0,0.053114890236299415
96.0,0.05229063900437073
104.0,0.0510640705573938
112.0,0.05041161841083002
120.0,0.05111220724146343
128.0,0.051032308368511234
144.0,0.06465115704684815
160.0,0.0636856267599135
176.0,0.0627626418876885
192.0,0.06152332567779178
208.0,0.0598050403773827
224.0,0.060289678354324264
240.0,0.060979871476196094
256.0,0.061779722093805584
288.0,0.07438525565925778
320.0,0.0722111961513292
352.0,0.06979992425638354
384.0,0.06658751695714374
416.0,0.06507397088636127
448.0,0.06306872837659386
480.0,0.06182720079474772
512.0,0.061163612133693986
576.0,0.10068275285884738
640.0,0.0902562144678086
704.0,0.07872467641718686
768.0,0.07025146316736937
832.0,0.060323674720712005
896.0,0.049828849360346796
960.0,0.05229399958625436
1024.0,0.03816683089826256
1152.0,0.08423921465873718
1280.0,0.007612388115376234
1408.0,-0.06436417996883392
1536.0,-0.12314706295728683
1664.0,-0.16735157370567322
1792.0,-0.19229786098003387
1920.0,-0.2107977569103241
2048.0,-0.22981654107570648
2304.0,-0.2607601284980774
2560.0,-0.3294972777366638
2816.0,-0.4238867461681366
3072.0,-0.55898118019104
3328.0,-0.7151935696601868
3584.0,-0.7855417728424072
3840.0,-0.8003144264221191
4096.0,-0.761138379573822
end
