version,3.0
numOfCh,1
type,point
parent_name,labthresh-0dot04_avgcorrs
ch_type,1_1
kcount,1
numberNandB,1
brightnessNandB,1
carpet pos,0
pc,0
Time (ms),CH1 Auto-Correlation
1.0,0.04248752072453499
2.0,0.04145202413201332
3.0,0.04046277329325676
4.0,0.03942630812525749
5.0,0.03846389427781105
6.0,0.037407051771879196
7.0,0.036461446434259415
8.0,0.03559856116771698
9.0,0.03471225127577782
10.0,0.033886853605508804
11.0,0.03311269357800484
12.0,0.03242719545960426
13.0,0.031809236854314804
14.0,0.031181808561086655
15.0,0.0306475181132555
16.0,0.03011578880250454
18.0,0.029118718579411507
20.0,0.02834330126643181
22.0,0.027701228857040405
24.0,0.026976587250828743
26.0,0.026188289746642113
28.0,0.02536591701209545
30.0,0.02443746104836464
32.0,0.02392559126019478
36.0,0.029150487189168496
40.0,0.02781298204638955
44.0,0.02674223667607926
48.0,0.025931395377404482
52.0,0.024781482230932655
56.0,0.0233236825518796
60.0,0.02140614525516234
64.0,0.01991533704162778
72.0,0.027270428533989213
80.0,0.025882529954995133
88.0,0.02313872709944715
96.0,0.020961959972434368
104.0,0.019259935564655786
112.0,0.01936327233811931
120.0,0.0239066022481893
128.0,0.02332184823535499
144.0,0.032991262327414006
160.0,0.03066377496725181
176.0,0.028775923618619952
192.0,0.026456085266545415
208.0,0.022937046480365098
224.0,0.02097285177054194
240.0,0.019526735588442534
256.0,0.017527856087932985
288.0,0.020208503177855164
320.0,0.011624087754171342
352.0,0.004255135980201885
384.0,3.9368896977975965e-06
416.0,-0.005014591675717384
448.0,-0.013679478302947246
480.0,-0.01050799953684743
512.0,-0.014724830121849664
576.0,-0.032329164701513945
640.0,-0.05138068040832877
704.0,-0.069925747346133
768.0,-0.09490144196897746
832.0,-0.11415733434259892
896.0,-0.1220347236841917
960.0,-0.12534670792520047
1024.0,-0.11635254370048642
1152.0,0.0016551825683563948
1280.0,-0.011906714644283056
1408.0,-0.014585776720196009
1536.0,-0.007341356948018074
1664.0,-0.0019236672669649124
1792.0,-0.0069775814190506935
1920.0,0.015337510267272592
2048.0,-0.0038811732083559036
end
