version,3.0
numOfCh,1
type,point
parent_name,labthresh-0dot04_avgcorrs
ch_type,1_1
kcount,1
numberNandB,1
brightnessNandB,1
carpet pos,0
pc,0
Time (ms),CH1 Auto-Correlation
1.0,0.03478598594665527
2.0,0.033648401498794556
3.0,0.03254673257470131
4.0,0.0315176360309124
5.0,0.030512895435094833
6.0,0.02951931580901146
7.0,0.028645172715187073
8.0,0.027766522020101547
9.0,0.026866968721151352
10.0,0.025996293872594833
11.0,0.025094609707593918
12.0,0.024257546290755272
13.0,0.023425301536917686
14.0,0.02259605936706066
15.0,0.021759700030088425
16.0,0.020923396572470665
18.0,0.019283683970570564
20.0,0.017892273142933846
22.0,0.016631076112389565
24.0,0.015477542765438557
26.0,0.01439280342310667
28.0,0.013251588679850101
30.0,0.01228119432926178
32.0,0.01131454948335886
36.0,0.010829694167254135
40.0,0.009416419262729155
44.0,0.008148125853040256
48.0,0.007285420492945167
52.0,0.006595574565625821
56.0,0.00626165992490804
60.0,0.005820784156430119
64.0,0.005396885107844495
72.0,0.004736011701011607
80.0,0.004153045862701468
88.0,0.00408455812562765
96.0,0.0036864562319930305
104.0,0.002625483347483995
112.0,0.0009847236719493098
120.0,0.00016226484772882292
128.0,0.00011655346662293942
144.0,-0.00047047234289089427
160.0,-0.002420085573653018
176.0,-0.0052512202091747895
192.0,-0.005854227051814733
208.0,-0.0044419745528203845
224.0,-0.004157337699628745
240.0,0.001172557208337821
256.0,-8.98215298851331e-05
288.0,-0.00011914798394880361
320.0,-0.0013803655973687354
352.0,-0.00026979889824158617
384.0,0.0025966085829875534
416.0,0.0005608604244318687
448.0,-0.0006555241286858089
480.0,-0.005145320969556148
512.0,-0.007322216826853239
576.0,-0.002404766855761409
640.0,-0.010781830882478971
704.0,-0.01882056670729071
768.0,-0.021928045185632072
832.0,-0.023316060949582607
896.0,-0.023559515713714063
960.0,-0.022719440865330398
1024.0,-0.014909036224707961
1152.0,-0.05902823805809021
1280.0,-0.06307443231344223
1408.0,0.005468838382512331
1536.0,0.06165944039821625
1664.0,0.05916411057114601
1792.0,0.0636388435959816
1920.0,0.07567381113767624
2048.0,0.054414309561252594
end
