version,3.0
numOfCh,1
type,point
parent_name,labthresh-0dot04_avgcorrs
ch_type,1_1
kcount,1
numberNandB,1
brightnessNandB,1
carpet pos,0
pc,0
Time (ms),CH1 Auto-Correlation
1.0,0.43091416358947754
2.0,0.36370569467544556
3.0,0.3173319697380066
4.0,0.27385810017585754
5.0,0.23916582763195038
6.0,0.20982901751995087
7.0,0.1883329600095749
8.0,0.16953369975090027
9.0,0.15252740681171417
10.0,0.12417930364608765
11.0,0.099724180996418
12.0,0.08218835294246674
13.0,0.06306549161672592
14.0,0.040268730372190475
15.0,0.02705368585884571
16.0,0.015197493135929108
18.0,-0.007620683871209621
20.0,-0.019533218815922737
22.0,-0.029895467683672905
24.0,-0.04047105833888054
26.0,-0.04155324772000313
28.0,-0.03649667650461197
30.0,-0.03735277071320571
32.0,-0.030561197303447838
36.0,-0.04621882405730763
40.0,-0.03873168276498161
44.0,-0.027006126104554693
48.0,-0.017675220091145354
52.0,-0.00523078247039978
56.0,0.007455081820288407
60.0,0.0226854479965718
64.0,0.02677039570139291
72.0,0.016662595492865268
80.0,0.01480658222377921
88.0,0.0016568345098575163
96.0,-0.0010360134636155432
104.0,-0.000544626718490488
112.0,0.012977355974726379
120.0,0.055747331902453234
128.0,0.061897847212522346
144.0,0.026887662081907574
160.0,-0.0360017261432054
176.0,-0.04750776552380277
192.0,-0.05238617674107305
208.0,-0.050260480175403736
224.0,0.03720850003614592
240.0,-0.020310434493391465
256.0,-0.0023579810707209012
288.0,-0.012761865250973238
320.0,-0.030691410311394267
352.0,0.04001409850186772
384.0,-0.0465288660230322
416.0,-0.02291880829984115
448.0,-0.07410679707148422
480.0,-0.0696728776416017
512.0,-0.061023658555414945
576.0,-0.031448398561527334
640.0,-0.15051228553056717
704.0,-0.1069674404958884
768.0,-0.0853855237364769
832.0,0.10068562005956967
896.0,-0.08819808065891266
960.0,-0.0637675157437722
1024.0,-0.1992749385535717
end
