version,3.0
numOfCh,1
type,point
parent_name,labthresh-0dot04_avgcorrs
ch_type,1_1
kcount,1
numberNandB,1
brightnessNandB,1
carpet pos,0
pc,0
Time (ms),CH1 Auto-Correlation
1.0,0.22629892826080322
2.0,0.2017054259777069
3.0,0.17221510410308838
4.0,0.15296341478824615
5.0,0.13574621081352234
6.0,0.12428522109985352
7.0,0.11104495078325272
8.0,0.10180865228176117
9.0,0.09189584106206894
10.0,0.08684006333351135
11.0,0.0858408734202385
12.0,0.08046016097068787
13.0,0.07776777446269989
14.0,0.0712595283985138
15.0,0.06573770940303802
16.0,0.06272351741790771
18.0,0.049571242183446884
20.0,0.041862957179546356
22.0,0.03533470630645752
24.0,0.03059331513941288
26.0,0.025517791509628296
28.0,0.015781229361891747
30.0,0.007578458171337843
32.0,-0.004810526967048645
36.0,0.020398618950114016
40.0,0.023652949184637423
44.0,0.024001007221630535
48.0,0.021571332230922526
52.0,0.020300629829661274
56.0,0.013847900334642164
60.0,0.007107288443000504
64.0,-0.0023319804545112507
72.0,-0.009440911293878392
80.0,-0.012752922202803586
88.0,-0.014780005685200817
96.0,-0.011328556096774073
104.0,-0.002992748442154966
112.0,-0.004981951285643797
120.0,-0.007179656923707465
128.0,-0.007413154690499034
144.0,-0.044493266817880794
160.0,-0.03647073002701456
176.0,-0.03138283741745082
192.0,-0.022024308701723137
208.0,0.0031101747246628456
224.0,0.015891434095630593
240.0,-0.00358521263115108
256.0,-0.03575932315487245
288.0,-0.01657200574741832
320.0,-0.008995884763342994
352.0,-0.029363818200571195
384.0,-0.029021414304484745
416.0,-0.028951609873079827
448.0,-0.05523354506918362
480.0,-0.03578231596787061
512.0,-0.029690301045775414
576.0,-0.07989345975220204
640.0,-0.05592213124036789
704.0,-0.016856762464158237
768.0,0.017056819424033164
832.0,0.030980600416660307
896.0,0.01545046642422676
960.0,0.04998694080859423
1024.0,0.060784914821852
1152.0,-0.07850999385118484
1280.0,-0.1411849707365036
1408.0,-0.16170433163642883
1536.0,-0.11451112478971481
1664.0,-0.0947270318865776
1792.0,0.32974973320961
1920.0,0.20502683520317078
2048.0,-0.04444777965545654
end
