version,3.0
numOfCh,1
type,point
parent_name,labthresh-0dot04_avgcorrs
ch_type,1_1
kcount,1
numberNandB,1
brightnessNandB,1
carpet pos,0
pc,0
Time (ms),CH1 Auto-Correlation
1.0,0.36233454942703247
2.0,0.3289235234260559
3.0,0.29709985852241516
4.0,0.2694481313228607
5.0,0.24462389945983887
6.0,0.22028738260269165
7.0,0.19916990399360657
8.0,0.18106453120708466
9.0,0.16372714936733246
10.0,0.1488451212644577
11.0,0.14007334411144257
12.0,0.12960954010486603
13.0,0.11729248613119125
14.0,0.10667728632688522
15.0,0.09590104222297668
16.0,0.08600175380706787
18.0,0.06895887851715088
20.0,0.05667152628302574
22.0,0.05190408602356911
24.0,0.04823169857263565
26.0,0.045180488377809525
28.0,0.04093552008271217
30.0,0.03241126611828804
32.0,0.024788832291960716
36.0,0.01816837213943169
40.0,0.007984359112257759
44.0,0.0024837425221145774
48.0,0.005987096420722082
52.0,0.007760805659927428
56.0,0.001749394368380308
60.0,-0.0093922477699986
64.0,-0.014746577851474285
72.0,0.005693456707522273
80.0,-0.00031877636443823577
88.0,-0.005678113093599677
96.0,-0.0017742986255325378
104.0,0.0017027695942670106
112.0,-0.005752662681043148
120.0,-0.01391404801979661
128.0,-0.018463538251817225
144.0,-0.02488932982305414
160.0,-0.02255882933968678
176.0,-0.029453513212502003
192.0,-0.035442926303949206
208.0,-0.02463253492023796
224.0,-0.02638216863560956
240.0,-0.020659051026756827
256.0,-0.016967715816511037
288.0,-0.024779878789559007
320.0,-0.040245049710695945
352.0,-0.06202550895977765
384.0,-0.038318588864058256
416.0,-0.05771106643563447
448.0,-0.060849089039644845
480.0,-0.05520033068023622
512.0,-0.028399701695889235
576.0,-0.13008645921945572
640.0,-0.05677429586648941
704.0,-0.07088718935847282
768.0,-0.003124215640127659
832.0,0.07027901709079742
896.0,0.09772621328011155
960.0,0.02389249298721552
1024.0,-0.09630146622657776
end
