version,3.0
numOfCh,1
type,point
parent_name,labthresh-0dot04_avgcorrs
ch_type,1_1
kcount,1
numberNandB,1
brightnessNandB,1
carpet pos,0
pc,0
Time (ms),CH1 Auto-Correlation
1.0,0.28009524941444397
2.0,0.2423827201128006
3.0,0.21297496557235718
4.0,0.19027327001094818
5.0,0.17842823266983032
6.0,0.15738756954669952
7.0,0.13451100885868073
8.0,0.12251174449920654
9.0,0.10867075622081757
10.0,0.09805571287870407
11.0,0.09067663550376892
12.0,0.07909964770078659
13.0,0.07118216156959534
14.0,0.06263569742441177
15.0,0.05269715189933777
16.0,0.047429122030735016
18.0,0.03864370658993721
20.0,0.03486042469739914
22.0,0.03370427340269089
24.0,0.03069608099758625
26.0,0.024746853858232498
28.0,0.021346798166632652
30.0,0.016749730333685875
32.0,0.013399777933955193
36.0,0.01743403256386955
40.0,0.01494900850684644
44.0,0.013250145738879837
48.0,0.015520258660217223
52.0,0.01838416882310412
56.0,0.012466860527638346
60.0,0.01119790825759992
64.0,-0.0038672596519973013
72.0,0.02272948759976619
80.0,0.01173310291596863
88.0,-0.004857119276645487
96.0,-0.01064586907159537
104.0,-0.01717278135280746
112.0,-0.038155150396050885
120.0,-0.05850395787021388
128.0,-0.06922408910063298
144.0,-0.024295978217303532
160.0,-0.03647337749819545
176.0,-0.051850717476233564
192.0,-0.04524661530740559
208.0,-0.06233414467971991
224.0,-0.07448128394453842
240.0,-0.062150390365037736
256.0,-0.05643420451943872
288.0,-0.03596576215932146
320.0,-0.039892237342428416
352.0,-0.04239911327022128
384.0,-0.05284363334067166
416.0,-0.028581405174918473
448.0,-0.04585855931509286
480.0,-0.017227953299880028
512.0,-0.042044093483127654
576.0,-0.06266903365030885
640.0,-0.06996917561627924
704.0,-0.04808220057748258
768.0,0.0042644639033824205
832.0,0.011114885099232197
896.0,0.007958299480378628
960.0,0.005004018545150757
1024.0,-0.012380674636612335
end
