version,3.0
numOfCh,1
type,point
parent_name,labthresh-0dot04_avgcorrs
ch_type,1_1
kcount,1
numberNandB,1
brightnessNandB,1
carpet pos,0
pc,0
Time (ms),CH1 Auto-Correlation
1.0,0.054701365530490875
2.0,0.053699295967817307
3.0,0.052803099155426025
4.0,0.051934171468019485
5.0,0.05104513466358185
6.0,0.05012934282422066
7.0,0.049250923097133636
8.0,0.048451926559209824
9.0,0.04767017066478729
10.0,0.04693354293704033
11.0,0.04618876427412033
12.0,0.045516323298215866
13.0,0.044912081211805344
14.0,0.04430168867111206
15.0,0.04370994120836258
16.0,0.043120045214891434
18.0,0.04185207560658455
20.0,0.040444646030664444
22.0,0.03890678286552429
24.0,0.03736991062760353
26.0,0.03600752353668213
28.0,0.035082049667835236
30.0,0.036014967932929076
32.0,0.03511788005605066
36.0,0.050377614772119356
40.0,0.04761380696689467
44.0,0.04464613243876754
48.0,0.04217715089654793
52.0,0.04014449998802498
56.0,0.03877749398942915
60.0,0.038312132641136566
64.0,0.03823787669534795
72.0,0.051681755680443815
80.0,0.04954341487150247
88.0,0.04641461162521553
96.0,0.04261760504940819
104.0,0.03966691286156052
112.0,0.03741486008871825
120.0,0.0406530536368818
128.0,0.037905685786801556
144.0,0.03751681121454264
160.0,0.03290085665842828
176.0,0.02755729511845857
192.0,0.021273999076220206
208.0,0.016389765223721042
224.0,0.013091268611121146
240.0,0.01008340179687366
256.0,0.006829773487212757
288.0,0.016911238845851686
320.0,0.006620158751805623
352.0,-0.0024189011504252753
384.0,-0.013270754677553972
416.0,-0.019301534940799076
448.0,-0.01595724591364463
480.0,-0.023828436387702823
512.0,-0.038274622056633234
576.0,-0.024832382053136825
640.0,-0.03379027172923088
704.0,-0.03146648555994034
768.0,-0.02495752815157175
832.0,-0.01704665571451187
896.0,-0.03439065106213093
960.0,-0.0497492078691721
1024.0,-0.0866593673825264
1152.0,-0.28014492988586426
1280.0,-0.3206157088279724
1408.0,-0.3329635262489319
1536.0,-0.3322620391845703
1664.0,-0.3880961537361145
1792.0,-0.4683428108692169
1920.0,-0.5157466530799866
2048.0,-0.5896440744400024
end
