version,3.0
numOfCh,1
type,point
parent_name,labthresh-0dot04_avgcorrs
ch_type,1_1
kcount,1
numberNandB,1
brightnessNandB,1
carpet pos,0
pc,0
Time (ms),CH1 Auto-Correlation
1.0,0.020961234346032143
2.0,0.019583970308303833
3.0,0.018301071599125862
4.0,0.017027003690600395
5.0,0.015853101387619972
6.0,0.014649980701506138
7.0,0.013562977313995361
8.0,0.012504080310463905
9.0,0.011524149216711521
10.0,0.010655220597982407
11.0,0.00989433005452156
12.0,0.009258080273866653
13.0,0.00855932105332613
14.0,0.007930437102913857
15.0,0.007391271647065878
16.0,0.006890920922160149
18.0,0.005778846796602011
20.0,0.0048538255505263805
22.0,0.003996660932898521
24.0,0.003263139398768544
26.0,0.0028672642074525356
28.0,0.0024484507739543915
30.0,0.0016272558193577424
32.0,0.0012634118951003377
36.0,0.004063102990210823
40.0,0.003336238601631896
44.0,0.002212762869449387
48.0,0.0008001940612516859
52.0,-0.0005778341337110545
56.0,-0.0015793273812639253
60.0,-0.0014875952768885657
64.0,-0.001702221866832009
72.0,0.0007886828835050134
80.0,0.000132860136848952
88.0,-0.0013934769191716139
96.0,-0.0024862016240755716
104.0,-0.0029260379572709403
112.0,-0.004223233821297375
120.0,-0.0045264996031461205
128.0,-0.004550140967299028
144.0,-0.0017283652648529824
160.0,-0.00323064314579824
176.0,-0.004812123757801601
192.0,-0.005797764686576556
208.0,-0.005789617342543352
224.0,-0.006008530384860933
240.0,-0.0062253567952471455
256.0,-0.006225624805665575
288.0,-0.001997658793698065
320.0,0.001001666547381319
352.0,-0.0005954970083621447
384.0,-0.002508111094357446
416.0,-0.0010493369190953672
448.0,-0.0008491597182000987
480.0,-0.003602194687118754
512.0,-0.005498144717421383
576.0,-0.0019904354121536016
640.0,-0.000586437527090311
704.0,-0.001153280958533287
768.0,-0.00018518813885748386
832.0,0.007615082897245884
896.0,0.0006381492130458355
960.0,-0.0012315204367041588
1024.0,0.009777769912034273
end
