version,3.0
numOfCh,1
type,point
parent_name,labthresh-0dot04_avgcorrs
ch_type,1_1
kcount,1
numberNandB,1
brightnessNandB,1
carpet pos,0
pc,0
Time (ms),CH1 Auto-Correlation
1.0,0.018324492499232292
2.0,0.017140550538897514
3.0,0.015978369861841202
4.0,0.01493791863322258
5.0,0.013910449109971523
6.0,0.012938523665070534
7.0,0.012011798098683357
8.0,0.011149754747748375
9.0,0.01029561460018158
10.0,0.009509100578725338
11.0,0.008729642257094383
12.0,0.008021775633096695
13.0,0.007353433407843113
14.0,0.006750027649104595
15.0,0.006233245600014925
16.0,0.005765680689364672
18.0,0.0047938162460923195
20.0,0.003748066956177354
22.0,0.0025983424857258797
24.0,0.0015413161600008607
26.0,0.0008041590335778892
28.0,0.00019681145204231143
30.0,7.58974517035919e-05
32.0,-0.0005160081264439972
36.0,0.002477037794290625
40.0,0.0016570598113742705
44.0,0.0007557376289026395
48.0,-6.127789090801104e-05
52.0,-0.001378867393692704
56.0,-0.001921171770893699
60.0,-0.002067373174289363
64.0,-0.0021640680769097445
72.0,-0.0014851586335377458
80.0,-0.0023484778284910135
88.0,-0.0027619639149634168
96.0,-0.003289464846602641
104.0,-0.003058496910474181
112.0,-0.0017546017885858116
120.0,-0.0014708215519773228
128.0,-0.0015497647712080557
144.0,-0.0023367408981963913
160.0,-0.0027312572613785355
176.0,-0.0012560218440032462
192.0,4.331047562623603e-05
208.0,-0.001135028142016381
224.0,-0.0026566864754487243
240.0,-0.005231578351145692
256.0,-0.005743058933148859
288.0,-0.005996083423572903
320.0,-0.006680909524826954
352.0,-0.0057285182022800045
384.0,-0.0032315370141683766
416.0,-0.00406806967415226
448.0,-0.0026281895698048174
480.0,-0.004982718080282211
512.0,-0.004942754562944174
576.0,-0.00043619272764772177
640.0,-0.0002779067144729197
704.0,0.0022945613600313663
768.0,0.002860271717509022
832.0,0.0005883095800527371
896.0,1.9962557416874915e-05
960.0,-0.000987876517077287
1024.0,-0.005670272978022695
end
