version,3.0
numOfCh,1
type,point
parent_name,labthresh-0dot04_avgcorrs
ch_type,1_1
kcount,1
numberNandB,1
brightnessNandB,1
carpet pos,0
pc,0
Time (ms),CH1 Auto-Correlation
1.0,0.46335622668266296
2.0,0.4154421091079712
3.0,0.36955079436302185
4.0,0.3350173830986023
5.0,0.29907017946243286
6.0,0.266694575548172
7.0,0.24404756724834442
8.0,0.22666716575622559
9.0,0.2121998369693756
10.0,0.20004667341709137
11.0,0.18770816922187805
12.0,0.17685039341449738
13.0,0.16507834196090698
14.0,0.16002172231674194
15.0,0.15268103778362274
16.0,0.14760856330394745
18.0,0.1350523829460144
20.0,0.1225331723690033
22.0,0.10589519888162613
24.0,0.09101630747318268
26.0,0.07405025511980057
28.0,0.05614984780550003
30.0,0.03766201436519623
32.0,0.026487700641155243
36.0,0.027677442292527606
40.0,0.021223816675289223
44.0,0.012424190481639622
48.0,0.004038686006000111
52.0,0.0038592035280695805
56.0,-0.005314560314582195
60.0,-0.01292153142664271
64.0,-0.014492056107458968
72.0,0.01560120135748192
80.0,-0.004360517092130106
88.0,0.0016467490805434468
96.0,-0.029248767557715917
104.0,-0.05064687123155201
112.0,-0.05496109212222307
120.0,-0.07765544512633073
128.0,-0.08533461528777084
144.0,-0.08921354735087204
160.0,-0.09016896881306431
176.0,-0.0682283911488152
192.0,-0.06558307728153609
208.0,-0.05997443593306733
224.0,-0.04873102776833721
240.0,-0.04444575974983828
256.0,-0.051413930054487925
288.0,-0.05330199553795597
320.0,-0.071632619098048
352.0,-0.0866950793458861
384.0,-0.07800892214564716
416.0,-0.07314160779830725
448.0,-0.005933710627312607
480.0,0.013108314961815875
512.0,0.027333635029693444
576.0,-0.0925437519326806
640.0,-0.12079859711229801
704.0,-0.03132908418774605
768.0,0.10204864805564284
832.0,-0.03229151479899883
896.0,-0.04524634312838316
960.0,0.12438848614692688
1024.0,0.08463956566993147
end
