version,3.0
numOfCh,1
type,point
parent_name,labthresh-0dot04_avgcorrs
ch_type,1_1
kcount,1
numberNandB,1
brightnessNandB,1
carpet pos,0
pc,0
Time (ms),CH1 Auto-Correlation
1.0,0.36685505509376526
2.0,0.3146721124649048
3.0,0.2742748558521271
4.0,0.23710624873638153
5.0,0.21103151142597198
6.0,0.1901789903640747
7.0,0.16883666813373566
8.0,0.14878489077091217
9.0,0.13203364610671997
10.0,0.1198481097817421
11.0,0.10797452926635742
12.0,0.09573185443878174
13.0,0.08107542246580124
14.0,0.07186194509267807
15.0,0.06761538982391357
16.0,0.05975586175918579
18.0,0.05355091765522957
20.0,0.03953868895769119
22.0,0.03329562395811081
24.0,0.027787426486611366
26.0,0.020074190571904182
28.0,0.015362931415438652
30.0,0.010965799663972575
32.0,0.007950616348534823
36.0,0.0238300356930787
40.0,0.020280069300497416
44.0,0.025730273509387707
48.0,0.03365003089753112
52.0,0.019732903265061656
56.0,0.007350443039155964
60.0,-0.014999710519847352
64.0,-0.0441844680187317
72.0,-0.06031185055617243
80.0,-0.06254977800417691
88.0,-0.057170834892895074
96.0,-0.043168252169562035
104.0,-0.04865135165746324
112.0,-0.04597213043598458
120.0,-0.01898028905576977
128.0,-0.029927509567259175
144.0,-0.014518032698833849
160.0,-0.005334987863898277
176.0,-0.03531483327969909
192.0,-0.027148580737411977
208.0,-0.041854297183454035
224.0,-0.05596420152578503
240.0,-0.054788466385798526
256.0,-0.06974473872687667
288.0,-0.015037248738937907
320.0,-0.06495264118226866
352.0,-0.1379862340270645
384.0,-0.13549543489271956
416.0,-0.07006144389096233
448.0,-0.04913356059437825
480.0,-0.043781543732620776
512.0,-0.040209721235441975
576.0,-0.013939829776063561
640.0,-0.03371692821383476
704.0,-0.005820433987537399
768.0,-0.02108688629232347
832.0,0.013087574276141822
896.0,0.0040755473310127854
960.0,-0.007984226394910365
1024.0,0.01753036433365196
1152.0,-0.02384600043296814
1280.0,0.013714570552110672
1408.0,0.03720998764038086
1536.0,0.047204647213220596
1664.0,-0.04315822198987007
1792.0,-0.06747908145189285
1920.0,-0.02036331780254841
2048.0,0.009948378428816795
end
