version,3.0
numOfCh,1
type,point
parent_name,labthresh-0dot04_avgcorrs
ch_type,1_1
kcount,1
numberNandB,1
brightnessNandB,1
carpet pos,0
pc,0
Time (ms),CH1 Auto-Correlation
1.0,0.02262294478714466
2.0,0.021176496520638466
3.0,0.019826171919703484
4.0,0.018673859536647797
5.0,0.017573736608028412
6.0,0.016525177285075188
7.0,0.015513119287788868
8.0,0.01465391181409359
9.0,0.013848436996340752
10.0,0.013077606447041035
11.0,0.012281099334359169
12.0,0.011559444479644299
13.0,0.010856284759938717
14.0,0.010191801004111767
15.0,0.00960863009095192
16.0,0.009028428234159946
18.0,0.007768839597702026
20.0,0.00679600378498435
22.0,0.005888660904020071
24.0,0.004977360833436251
26.0,0.004225318320095539
28.0,0.0035550380125641823
30.0,0.0026031676767969557
32.0,0.0016618345094482519
36.0,0.002229889786071403
40.0,0.0005680319073791099
44.0,-0.0007403517043308562
48.0,-0.0018584260510073768
52.0,-0.0029121688360949824
56.0,-0.0038292974220692283
60.0,-0.0039002440446185777
64.0,-0.0039949559654309675
72.0,-0.00203499014686612
80.0,-0.003125437124927649
88.0,-0.0042236831035956535
96.0,-0.003960486387734784
104.0,-0.003543046520833202
112.0,-0.0037365538759062205
120.0,-0.0038231884482903063
128.0,-0.0033800687017867823
144.0,-0.0029720167727454714
160.0,-0.0038249577199550053
176.0,-0.0031325278564748402
192.0,-0.0025607304230920577
208.0,-0.0025222531816995655
224.0,-0.004427920426487138
240.0,-0.007240997944285886
256.0,-0.008182052526131479
288.0,0.0030480295951877323
320.0,0.003072923539938139
352.0,0.003229159163311124
384.0,0.002015718342071133
416.0,-0.0005106722570157477
448.0,-0.0028592275588640143
480.0,-0.0026332568044641186
512.0,-0.0030266592927676228
576.0,-0.0005597085691988468
640.0,-0.004252223977042983
704.0,-0.0042913641470174
768.0,-0.009286351734772325
832.0,-0.007657517601425449
896.0,-0.008657440970030924
960.0,-0.012318154098466039
1024.0,-0.012917228857986629
1152.0,-0.03324044495820999
1280.0,-0.033331383019685745
1408.0,-0.027943667024374008
1536.0,-0.024390775710344315
1664.0,-0.014836657792329788
1792.0,-0.006211164407432079
1920.0,-0.0018714256584644318
2048.0,0.0030123810283839703
end
