version,3.0
numOfCh,1
type,point
parent_name,labthresh-0dot04_avgcorrs
ch_type,1_1
kcount,1
numberNandB,1
brightnessNandB,1
carpet pos,0
pc,0
Time (ms),CH1 Auto-Correlation
1.0,0.043265797197818756
2.0,0.04119225591421127
3.0,0.039161935448646545
4.0,0.03722495585680008
5.0,0.035234443843364716
6.0,0.0332459919154644
7.0,0.031401779502630234
8.0,0.029534494504332542
9.0,0.027641601860523224
10.0,0.026044808328151703
11.0,0.0245371013879776
12.0,0.023173470050096512
13.0,0.02201261930167675
14.0,0.02072008326649666
15.0,0.019469821825623512
16.0,0.018276356160640717
18.0,0.01622772589325905
20.0,0.014656308107078075
22.0,0.012661304324865341
24.0,0.010807650163769722
26.0,0.009219340048730373
28.0,0.008197449147701263
30.0,0.007269421126693487
32.0,0.006297474727034569
36.0,0.016336235051657523
40.0,0.012820630662363015
44.0,0.009525333267761041
48.0,0.006752825808281818
52.0,0.004812830065553686
56.0,0.003891915084436889
60.0,0.003279267655733716
64.0,0.0026334917558164432
72.0,0.004969517664867453
80.0,0.0020051252003759146
88.0,-0.0012030613725073636
96.0,-0.004705867320299148
104.0,-0.009634119181428105
112.0,-0.013739290714729577
120.0,-0.014355241139419377
128.0,-0.014880457874387503
144.0,-0.011279120503733045
160.0,-0.009898437277811086
176.0,-0.00802760845844579
192.0,-0.009272733600536251
208.0,-0.00962202852112087
224.0,-0.010226011074230294
240.0,-0.011356303583905922
256.0,-0.013822140425498433
288.0,-0.0110903447826526
320.0,-0.0143606463181121
352.0,-0.019847343376438533
384.0,-0.02377928514033556
416.0,-0.0281664865199543
448.0,-0.03881308898728873
480.0,-0.04132980384630563
512.0,-0.055431570284002064
576.0,-0.0031814074609428644
640.0,-0.0043737636879086494
704.0,-0.0030703130760230124
768.0,-0.0012607787502929568
832.0,-0.0006747136358171701
896.0,-0.0043343298602849245
960.0,-0.005461102584376931
1024.0,-0.003062603296712041
end
