version,3.0
numOfCh,1
type,point
parent_name,labthresh-0dot04_avgcorrs
ch_type,1_1
kcount,1
numberNandB,1
brightnessNandB,1
carpet pos,0
pc,0
Time (ms),CH1 Auto-Correlation
1.0,0.14533308148384094
2.0,0.13264907896518707
3.0,0.12258582562208176
4.0,0.1127324029803276
5.0,0.1036873385310173
6.0,0.09655506908893585
7.0,0.08895309269428253
8.0,0.0828903391957283
9.0,0.07655664533376694
10.0,0.06959861516952515
11.0,0.06367169320583344
12.0,0.058572400361299515
13.0,0.053834639489650726
14.0,0.05069093033671379
15.0,0.04858659580349922
16.0,0.04557536914944649
18.0,0.038301728665828705
20.0,0.03208741173148155
22.0,0.026590479537844658
24.0,0.022126441821455956
26.0,0.01806539110839367
28.0,0.014313442632555962
30.0,0.010564496740698814
32.0,0.007872345857322216
36.0,0.004688880091998726
40.0,0.0006373794341925532
44.0,-0.0014761522250410053
48.0,-0.0047847492998698725
52.0,-0.008576782851014287
56.0,-0.007533536023402121
60.0,-0.0009662877970473154
64.0,-0.0023345497642080055
72.0,-0.005319038374970357
80.0,-0.005798059253720567
88.0,-0.005565355403814465
96.0,-0.004610205433952312
104.0,-0.006372392910998314
112.0,-0.0032522859517484905
120.0,-0.005380979677041372
128.0,-0.007056974173368266
144.0,-0.014604348706294937
160.0,-0.011850155657157302
176.0,-0.011824727247585543
192.0,-0.008365920735135054
208.0,-0.004146631389933948
224.0,-0.005786262248875573
240.0,-0.00626027291979302
256.0,-0.003930739254098047
288.0,-0.009196071925948167
320.0,-0.017187389959063794
352.0,-0.014494965318590403
384.0,-0.004919753642752767
416.0,0.0028045378009361834
448.0,0.005926054171545224
480.0,0.0024179096799343824
512.0,-0.01456839978022294
576.0,-0.012247411883436143
640.0,-0.00906003755517304
704.0,-0.0024347282014787197
768.0,0.007386657875031233
832.0,0.01024398056119935
896.0,0.006204771518241614
960.0,-0.004548252793028951
1024.0,0.000838146370369941
1152.0,-0.005590918134354676
1280.0,-0.0010221495758742094
1408.0,-0.01013177198668321
1536.0,-0.005175678874365985
1664.0,-0.015196772757917643
1792.0,-0.01288497137526671
1920.0,-0.033584149864812694
2048.0,-0.07649813623478015
end
