version,3.0
numOfCh,1
type,point
parent_name,labthresh-0dot04_avgcorrs
ch_type,1_1
kcount,1
numberNandB,1
brightnessNandB,1
carpet pos,0
pc,0
Time (ms),CH1 Auto-Correlation
1.0,0.0227711983025074
2.0,0.021436717361211777
3.0,0.0202689990401268
4.0,0.019152313470840454
5.0,0.01813683658838272
6.0,0.017143379896879196
7.0,0.01616593450307846
8.0,0.01525760255753994
9.0,0.014463361352682114
10.0,0.013649645261466503
11.0,0.012877780944108963
12.0,0.012125200591981411
13.0,0.01136246882379055
14.0,0.010730234906077385
15.0,0.010102467611432076
16.0,0.00939046312123537
18.0,0.008105168119072914
20.0,0.007070700637996197
22.0,0.006227265577763319
24.0,0.00544999074190855
26.0,0.0045942384749650955
28.0,0.004052095580846071
30.0,0.0032398393377661705
32.0,0.0023129733745008707
36.0,0.004290184033379774
40.0,0.0027891691473390288
44.0,0.0013658752310827065
48.0,-0.0002522762491328952
52.0,-0.0020738220894903256
56.0,-0.004145080165471882
60.0,-0.005259654459829714
64.0,-0.005173434329359831
72.0,-0.0023457480041543023
80.0,-0.0032447811943711715
88.0,-0.002444507656036876
96.0,-0.002193872668794938
104.0,-0.003057564447954064
112.0,-0.0033040559823348304
120.0,0.0018121565808542073
128.0,0.0015451256021103625
144.0,-0.0011754430355116103
160.0,-0.002979274974980702
176.0,-0.004441512707368626
192.0,-0.004397727859516938
208.0,-0.0046027290033331765
224.0,-0.006103815127668592
240.0,-0.006669175292093617
256.0,-0.005866161562153138
288.0,6.886150367790833e-05
320.0,-0.0008886001887731254
352.0,-0.003439915002672933
384.0,-0.004230548074701801
416.0,0.001327117373875808
448.0,0.0036158221773803234
480.0,-0.0021452215927032134
512.0,-0.00035849004658909206
576.0,-0.0006230506514839362
640.0,-0.0003959143359679729
704.0,0.0002257727028336376
768.0,-0.0012148749665357172
832.0,-0.003447692550253123
896.0,-0.007435773994075134
960.0,-0.007739472886896692
1024.0,-0.005699588538846001
1152.0,-0.0033612643237574957
1280.0,-0.00747314776526764
1408.0,-0.010292741819284856
1536.0,-0.00969804753549397
1664.0,-0.004144165301113389
1792.0,-0.0041024755337275565
1920.0,0.003915986977517605
2048.0,0.004422490485012531
end
