version,3.0
numOfCh,1
type,point
parent_name,labthresh-0dot04_avgcorrs
ch_type,1_1
kcount,1
numberNandB,1
brightnessNandB,1
carpet pos,0
pc,0
Time (ms),CH1 Auto-Correlation
1.0,0.1379893273115158
2.0,0.13455191254615784
3.0,0.13100405037403107
4.0,0.12758991122245789
5.0,0.1243111714720726
6.0,0.12097760289907455
7.0,0.11773702502250671
8.0,0.11453531682491302
9.0,0.11121729761362076
10.0,0.10803380608558655
11.0,0.10468577593564987
12.0,0.10165295749902725
13.0,0.09862968325614929
14.0,0.09552310407161713
15.0,0.09277456998825073
16.0,0.09021690487861633
18.0,0.084599070250988
20.0,0.07996825128793716
22.0,0.0759221613407135
24.0,0.07208124548196793
26.0,0.06821482628583908
28.0,0.06441150605678558
30.0,0.06110822409391403
32.0,0.059310052543878555
36.0,0.0713800819077213
40.0,0.06522443262916308
44.0,0.05916140622035267
48.0,0.05516334561148791
52.0,0.049700897564564785
56.0,0.04429916264988216
60.0,0.04155621035304783
64.0,0.03781703414656308
72.0,0.03396346033854491
80.0,0.022549932651758274
88.0,0.010432447408042524
96.0,0.0029394625579816816
104.0,-0.0051638559063734565
112.0,-0.010879754792372494
120.0,-0.014522754694388079
128.0,-0.015046957103715447
144.0,0.02175086851847092
160.0,0.016582147326386933
176.0,0.010620159737300128
192.0,0.006852957750587458
208.0,0.0025595981611071955
224.0,-0.0014044870705609874
240.0,-0.0071217512678621074
256.0,-0.007073341752402484
288.0,-0.011553761365410703
320.0,-0.01699151967791708
352.0,-0.021613379117545926
384.0,-0.026423254748806357
416.0,-0.005198193175601773
448.0,-0.006397616160525517
480.0,-0.02168752101715654
512.0,-0.039943997445516286
576.0,-0.08082146275167663
640.0,-0.09361695777624846
704.0,-0.10385414643678814
768.0,-0.11783470679074526
832.0,-0.1506811873987317
896.0,-0.17010239503967264
960.0,-0.18939334039653963
1024.0,-0.17946587223559618
end
