version,3.0
numOfCh,1
type,point
parent_name,labthresh-0dot04_avgcorrs
ch_type,1_1
kcount,1
numberNandB,1
brightnessNandB,1
carpet pos,0
pc,0
Time (ms),CH1 Auto-Correlation
1.0,0.33562231063842773
2.0,0.295098215341568
3.0,0.262865275144577
4.0,0.23675599694252014
5.0,0.21645796298980713
6.0,0.2037806212902069
7.0,0.18495847284793854
8.0,0.17046256363391876
9.0,0.16125327348709106
10.0,0.15116222202777863
11.0,0.14023379981517792
12.0,0.1306568682193756
13.0,0.1221199706196785
14.0,0.1129831075668335
15.0,0.10393199324607849
16.0,0.09505493938922882
18.0,0.08918283134698868
20.0,0.08067523688077927
22.0,0.07044044137001038
24.0,0.0620710514485836
26.0,0.05460761860013008
28.0,0.05077105388045311
30.0,0.04751264303922653
32.0,0.04606439918279648
36.0,0.05001111065768568
40.0,0.044053281318423725
44.0,0.03132452254238374
48.0,0.02267891671234632
52.0,0.014071547987816088
56.0,0.0072244061516625255
60.0,0.004232219202976646
64.0,-2.3904020164274808e-05
72.0,-0.004486430750187972
80.0,-0.013688321478421922
88.0,-0.017234388116301725
96.0,-0.030321119828959523
104.0,-0.041765565568905164
112.0,-0.04850571357604602
120.0,-0.04471364373381695
128.0,-0.03848331080466185
144.0,-0.0665522629990139
160.0,-0.07964139920012611
176.0,-0.07470933391919567
192.0,-0.07694533194686907
208.0,-0.08387916388326427
224.0,-0.048934735144333295
240.0,-0.022260825025538604
256.0,-0.06108500631526113
288.0,-0.06662885753030423
320.0,-0.03931349814714243
352.0,-0.0023252465325640514
384.0,0.0017598725159283883
416.0,0.004768551986974974
448.0,0.008102965579989055
480.0,0.01222191140986979
512.0,0.02078413786366582
576.0,0.011743126902729273
640.0,-0.02827711179270409
704.0,-0.06839203822892159
768.0,-0.055345683824270964
832.0,-0.0008594616665504873
896.0,0.013584240223281085
960.0,-0.008151677747567495
1024.0,0.021304320655569125
end
