version,3.0
numOfCh,1
type,point
parent_name,0cd20_0dot08-0dot1
ch_type,1_1
kcount,1
numberNandB,1
brightnessNandB,1
carpet pos,0
pc,0
Time (ms),CH1 Auto-Correlation
1.0,0.1098591536283493
2.0,0.10892250388860703
3.0,0.1080462709069252
4.0,0.1072053462266922
5.0,0.1064085066318512
6.0,0.10568644106388092
7.0,0.10496828705072403
8.0,0.10430510342121124
9.0,0.10373589396476746
10.0,0.10318171977996826
11.0,0.10256478190422058
12.0,0.10189853608608246
13.0,0.10121327638626099
14.0,0.10054265707731247
15.0,0.09994477033615112
16.0,0.09931705892086029
18.0,0.09817958623170853
20.0,0.09710487723350525
22.0,0.0960804894566536
24.0,0.09515941143035889
26.0,0.09415192902088165
28.0,0.093119777739048
30.0,0.09217537194490433
32.0,0.09123452752828598
36.0,0.08916828036308289
40.0,0.08695682138204575
44.0,0.08489801734685898
48.0,0.08292116224765778
52.0,0.08097544312477112
56.0,0.07890956848859787
60.0,0.07696941494941711
64.0,0.07504952698945999
72.0,0.07122822850942612
80.0,0.06782900542020798
88.0,0.0646042600274086
96.0,0.061492253094911575
104.0,0.05809107422828674
112.0,0.054996930062770844
120.0,0.05218595638871193
128.0,0.049735281616449356
144.0,0.045173563063144684
160.0,0.040970757603645325
176.0,0.03719668835401535
192.0,0.03496550768613815
208.0,0.033063892275094986
224.0,0.03202648088335991
240.0,0.030583785846829414
256.0,0.028830884024500847
288.0,0.02418653853237629
320.0,0.01975761540234089
352.0,0.016230033710598946
384.0,0.011799389496445656
416.0,0.006588179152458906
448.0,0.003925161901861429
480.0,0.00304132467135787
512.0,0.0038688660133630037
576.0,0.006022459827363491
640.0,0.011842877604067326
704.0,0.01909799501299858
768.0,0.02773977816104889
832.0,0.030564337968826294
896.0,0.028298746794462204
960.0,0.024538913741707802
1024.0,0.02200215682387352
1152.0,0.02271871268749237
1280.0,0.006004901137202978
1408.0,0.001600532908923924
1536.0,-0.004842435009777546
1664.0,-0.010075974278151989
1792.0,-0.007789415307343006
1920.0,-0.013068579137325287
2048.0,-0.0072186789475381374
2304.0,-0.0019377757562324405
2560.0,-0.011369962245225906
2816.0,-0.027485115453600883
3072.0,-0.014259125106036663
3328.0,0.0006533061387017369
3584.0,-0.010870391502976418
3840.0,-0.0039735655300319195
4096.0,0.010594882071018219
4608.0,0.00831445399671793
5120.0,0.008425706997513771
5632.0,0.01136776152998209
6144.0,-0.0111216576769948
6656.0,-0.014714786782860756
7168.0,-0.03063703328371048
7680.0,-0.020863302052021027
8192.0,-0.021621571853756905
end
