version,3.0
numOfCh,1
type,point
parent_name,0cd20_0dot08-0dot1
ch_type,1_1
kcount,1
numberNandB,1
brightnessNandB,1
carpet pos,0
pc,0
Time (ms),CH1 Auto-Correlation
1.0,0.10346430540084839
2.0,0.10289499163627625
3.0,0.10233186185359955
4.0,0.10177580267190933
5.0,0.10123095661401749
6.0,0.10068628191947937
7.0,0.10015147179365158
8.0,0.09961984306573868
9.0,0.09909055382013321
10.0,0.09856589883565903
11.0,0.09806971251964569
12.0,0.09756410866975784
13.0,0.0970723032951355
14.0,0.0966019555926323
15.0,0.09613066911697388
16.0,0.09565979242324829
18.0,0.09476816654205322
20.0,0.09393111616373062
22.0,0.09313377737998962
24.0,0.09234046190977097
26.0,0.09154690057039261
28.0,0.09078261256217957
30.0,0.09005492180585861
32.0,0.0893503725528717
36.0,0.08799441158771515
40.0,0.08674084395170212
44.0,0.08547566086053848
48.0,0.08421150594949722
52.0,0.08301065117120743
56.0,0.08186744153499603
60.0,0.08081281185150146
64.0,0.07980020344257355
72.0,0.0779162049293518
80.0,0.07616911828517914
88.0,0.07469871640205383
96.0,0.0733550637960434
104.0,0.072081558406353
112.0,0.07075812667608261
120.0,0.06966374069452286
128.0,0.06881724298000336
144.0,0.06743567436933517
160.0,0.06643453985452652
176.0,0.06572066247463226
192.0,0.06504697352647781
208.0,0.06427916884422302
224.0,0.0629984512925148
240.0,0.061910513788461685
256.0,0.06066146492958069
288.0,0.05790888890624046
320.0,0.05550329014658928
352.0,0.052802957594394684
384.0,0.05048051103949547
416.0,0.04924250394105911
448.0,0.04823172837495804
480.0,0.04764016345143318
512.0,0.04569445550441742
576.0,0.043665170669555664
640.0,0.04106665402650833
704.0,0.03776514157652855
768.0,0.03462442755699158
832.0,0.030006250366568565
896.0,0.027939630672335625
960.0,0.02672440931200981
1024.0,0.02466871589422226
1152.0,0.020270081236958504
1280.0,0.021008361130952835
1408.0,0.016410594806075096
1536.0,0.011025107465684414
1664.0,0.010357777588069439
1792.0,0.00819679070264101
1920.0,0.008878549560904503
2048.0,0.004134669434279203
2304.0,-0.000733065651729703
2560.0,-0.01027036551386118
2816.0,-0.017195524647831917
3072.0,-0.014539939351379871
3328.0,-0.01787387952208519
3584.0,-0.022013509646058083
3840.0,-0.025104353204369545
4096.0,-0.02883116528391838
4608.0,-0.03193296492099762
5120.0,-0.040963903069496155
5632.0,-0.045306283980607986
6144.0,-0.03577302396297455
6656.0,-0.02427513524889946
7168.0,-0.012348736636340618
7680.0,0.0011873777257278562
8192.0,0.008310789242386818
end
