version,3.0
numOfCh,1
type,point
parent_name,0cd20_0dot08-0dot1
ch_type,1_1
kcount,1
numberNandB,1
brightnessNandB,1
carpet pos,0
pc,0
Time (ms),CH1 Auto-Correlation
1.0,0.442401647567749
2.0,0.43376240134239197
3.0,0.42498594522476196
4.0,0.41762855648994446
5.0,0.4107401371002197
6.0,0.40437576174736023
7.0,0.39821431040763855
8.0,0.390714168548584
9.0,0.3848192095756531
10.0,0.3791041374206543
11.0,0.37304192781448364
12.0,0.36855968832969666
13.0,0.36422938108444214
14.0,0.36065125465393066
15.0,0.3574366867542267
16.0,0.35370180010795593
18.0,0.3435298204421997
20.0,0.3345452547073364
22.0,0.325286328792572
24.0,0.3174256384372711
26.0,0.30671462416648865
28.0,0.2965083122253418
30.0,0.2873576283454895
32.0,0.2792782783508301
36.0,0.26276299357414246
40.0,0.24998198449611664
44.0,0.24148136377334595
48.0,0.2348743975162506
52.0,0.23124456405639648
56.0,0.22985082864761353
60.0,0.22874188423156738
64.0,0.22953061759471893
72.0,0.2382163554430008
80.0,0.24891962110996246
88.0,0.2582129240036011
96.0,0.2665330171585083
104.0,0.2702655494213104
112.0,0.26688089966773987
120.0,0.256093829870224
128.0,0.24960249662399292
144.0,0.23392589390277863
160.0,0.21791154146194458
176.0,0.21249517798423767
192.0,0.207306906580925
208.0,0.20906807482242584
224.0,0.21086016297340393
240.0,0.21153976023197174
256.0,0.19801774621009827
288.0,0.18414483964443207
320.0,0.19496069848537445
352.0,0.19362005591392517
384.0,0.18474480509757996
416.0,0.16790850460529327
448.0,0.1572331190109253
480.0,0.18247345089912415
512.0,0.17671237885951996
576.0,0.158066064119339
640.0,0.15605640411376953
704.0,0.14548537135124207
768.0,0.12337767332792282
832.0,0.12670442461967468
896.0,0.13002905249595642
960.0,0.11393715441226959
1024.0,0.09162826091051102
1152.0,0.07610803842544556
1280.0,0.06207224354147911
1408.0,0.05626131221652031
1536.0,0.04776845499873161
1664.0,0.022122571244835854
1792.0,0.007723718415945768
1920.0,0.008258101530373096
2048.0,0.0034512497950345278
2304.0,-0.017213011160492897
2560.0,-0.04103480279445648
2816.0,-0.03693368658423424
3072.0,-0.04481383413076401
3328.0,-0.048848170787096024
3584.0,-0.06859194487333298
3840.0,-0.06970737129449844
4096.0,-0.08204604685306549
4608.0,-0.07313616573810577
5120.0,-0.06724123656749725
5632.0,-0.11432646214962006
6144.0,-0.09733785688877106
6656.0,-0.08594807237386703
7168.0,-0.1857941746711731
7680.0,-0.2521689832210541
8192.0,-0.16120290756225586
end
