version,3.0
numOfCh,1
type,point
parent_name,0cd20_0dot08-0dot1
ch_type,1_1
kcount,1
numberNandB,1
brightnessNandB,1
carpet pos,0
pc,0
Time (ms),CH1 Auto-Correlation
1.0,0.1122831404209137
2.0,0.11047761142253876
3.0,0.10854247212409973
4.0,0.10643763840198517
5.0,0.10490937530994415
6.0,0.10353409498929977
7.0,0.10230174660682678
8.0,0.10143771022558212
9.0,0.10074634104967117
10.0,0.09951060265302658
11.0,0.09812863916158676
12.0,0.0965779721736908
13.0,0.09490079432725906
14.0,0.093465156853199
15.0,0.09227420389652252
16.0,0.09116355329751968
18.0,0.08970870077610016
20.0,0.08787425607442856
22.0,0.08565589785575867
24.0,0.08293165266513824
26.0,0.08116039633750916
28.0,0.07982398569583893
30.0,0.07810508459806442
32.0,0.07615573704242706
36.0,0.0732802152633667
40.0,0.07154595851898193
44.0,0.07046391814947128
48.0,0.06957952678203583
52.0,0.06939123570919037
56.0,0.0691663920879364
60.0,0.06818844377994537
64.0,0.06733737885951996
72.0,0.06393122673034668
80.0,0.06075635552406311
88.0,0.056383345276117325
96.0,0.05101089924573898
104.0,0.0459236316382885
112.0,0.041388776153326035
120.0,0.03828942030668259
128.0,0.03619686886668205
144.0,0.031425200402736664
160.0,0.02878591977059841
176.0,0.026121890172362328
192.0,0.023485934361815453
208.0,0.02149089425802231
224.0,0.021619215607643127
240.0,0.022815212607383728
256.0,0.022684236988425255
288.0,0.02154499851167202
320.0,0.020569102838635445
352.0,0.020009875297546387
384.0,0.017691731452941895
416.0,0.016742859035730362
448.0,0.012642678804695606
480.0,0.012011737562716007
512.0,0.010250808671116829
576.0,0.011910592205822468
640.0,0.018782539293169975
704.0,0.017578694969415665
768.0,0.00972609594464302
832.0,-0.0006795515073463321
896.0,-0.004729526117444038
960.0,-0.0001930536818690598
1024.0,0.003953850828111172
1152.0,-0.0029783917125314474
1280.0,-0.003373565850779414
1408.0,0.0077106584794819355
1536.0,-0.003304851008579135
1664.0,0.0008788487175479531
1792.0,0.006305080372840166
1920.0,0.004084896761924028
2048.0,0.013264383189380169
2304.0,0.010861995629966259
2560.0,-0.0033743225503712893
2816.0,-0.009120493195950985
3072.0,-0.010344409383833408
3328.0,-0.008823111653327942
3584.0,-0.005468990653753281
3840.0,0.0058841397985816
4096.0,0.011783597059547901
4608.0,0.014838519506156445
5120.0,-0.008128662593662739
5632.0,-0.02703460492193699
6144.0,-0.01451297290623188
6656.0,-0.012713898904621601
7168.0,-0.022839514538645744
7680.0,-0.027029022574424744
8192.0,-0.002875044010579586
end
