version,3.0
numOfCh,1
type,point
parent_name,19e3e_10dot0-0dot01
ch_type,1_1
kcount,1
numberNandB,1
brightnessNandB,1
carpet pos,0
pc,0
Time (ms),CH1 Auto-Correlation
1.0,0.055577121675014496
2.0,0.0482923649251461
3.0,0.04407386854290962
4.0,0.040875256061553955
5.0,0.03917023912072182
6.0,0.03797049820423126
7.0,0.0366431400179863
8.0,0.03587597236037254
9.0,0.03571954369544983
10.0,0.03578419238328934
11.0,0.03548188880085945
12.0,0.03497074916958809
13.0,0.03470831736922264
14.0,0.03446804732084274
15.0,0.03430785611271858
16.0,0.033500704914331436
18.0,0.03201543167233467
20.0,0.030886922031641006
22.0,0.03158634528517723
24.0,0.03264547139406204
26.0,0.03282240405678749
28.0,0.03217761963605881
30.0,0.031902015209198
32.0,0.030901875346899033
36.0,0.03280830383300781
40.0,0.03335626795887947
44.0,0.03224371001124382
48.0,0.030838754028081894
52.0,0.030642222613096237
56.0,0.02920858934521675
60.0,0.028030797839164734
64.0,0.027885250747203827
72.0,0.027887988835573196
80.0,0.027827510610222816
88.0,0.026588791981339455
96.0,0.025014234706759453
104.0,0.022987836971879005
112.0,0.022165730595588684
120.0,0.021397309377789497
128.0,0.021767107769846916
144.0,0.019786501303315163
160.0,0.01831161603331566
176.0,0.017055343836545944
192.0,0.015373529866337776
208.0,0.014730183407664299
224.0,0.011562111787497997
240.0,0.010825896635651588
256.0,0.011201090179383755
288.0,0.009162983857095242
320.0,0.008108187466859818
352.0,0.007113349158316851
384.0,0.00747797591611743
416.0,0.007166159804910421
448.0,0.00738739687949419
480.0,0.007031109184026718
512.0,0.006290726829320192
576.0,0.008236273191869259
640.0,0.009475816041231155
704.0,0.010488488711416721
768.0,0.009647057391703129
832.0,0.008051974698901176
896.0,0.004266554489731789
960.0,-0.00019851341494359076
1024.0,-0.0022291478235274553
1152.0,-0.005369463469833136
1280.0,-0.003798565361648798
1408.0,-0.003304731100797653
1536.0,-0.00034812575904652476
1664.0,-0.000377100077457726
1792.0,-0.0011786357499659061
1920.0,-0.004120504949241877
2048.0,-0.005227996967732906
2304.0,-0.003917957656085491
2560.0,-0.006698621436953545
2816.0,-0.009341448545455933
3072.0,-0.012307902798056602
3328.0,-0.008840998634696007
3584.0,-0.00948479026556015
3840.0,-0.011459197849035263
4096.0,-0.0007498676422983408
end
