version,3.0
numOfCh,1
type,point
parent_name,484af_0dot069-0dot1
ch_type,1_1
kcount,1
numberNandB,1
brightnessNandB,1
carpet pos,0
pc,0
Time (ms),CH1 Auto-Correlation
1.0,0.08248654752969742
2.0,0.08190301060676575
3.0,0.08135100454092026
4.0,0.08080649375915527
5.0,0.08026701211929321
6.0,0.07973922044038773
7.0,0.07922325283288956
8.0,0.078712597489357
9.0,0.07822607457637787
10.0,0.0777525082230568
11.0,0.0772891491651535
12.0,0.0768243744969368
13.0,0.0763668641448021
14.0,0.0759529396891594
15.0,0.07554557919502258
16.0,0.07514621317386627
18.0,0.07439515739679337
20.0,0.07369492202997208
22.0,0.07305260747671127
24.0,0.07247119396924973
26.0,0.07189220935106277
28.0,0.07127609103918076
30.0,0.07066188007593155
32.0,0.07002945244312286
36.0,0.0687684416770935
40.0,0.06762982159852982
44.0,0.06652891635894775
48.0,0.06547881662845612
52.0,0.06441771984100342
56.0,0.06331638991832733
60.0,0.06218286603689194
64.0,0.06106390058994293
72.0,0.059271059930324554
80.0,0.057958535850048065
88.0,0.05687526613473892
96.0,0.05571376904845238
104.0,0.05438676476478577
112.0,0.05292924493551254
120.0,0.051391080021858215
128.0,0.04982398450374603
144.0,0.04742192104458809
160.0,0.045298147946596146
176.0,0.043660588562488556
192.0,0.04283349588513374
208.0,0.04280257970094681
224.0,0.042559947818517685
240.0,0.04195413365960121
256.0,0.04141928628087044
288.0,0.04022681340575218
320.0,0.03930697217583656
352.0,0.03751368448138237
384.0,0.03494343161582947
416.0,0.03277722746133804
448.0,0.032396767288446426
480.0,0.03159968554973602
512.0,0.03117789514362812
576.0,0.03192015364766121
640.0,0.032721128314733505
704.0,0.031226539984345436
768.0,0.03251791372895241
832.0,0.032457925379276276
896.0,0.030997082591056824
960.0,0.029597723856568336
1024.0,0.027757003903388977
1152.0,0.0236241202801466
1280.0,0.018050316721200943
1408.0,0.01614413410425186
1536.0,0.012959304265677929
1664.0,0.011791356839239597
1792.0,0.01861928403377533
1920.0,0.022768624126911163
2048.0,0.021935725584626198
2304.0,0.009972197003662586
2560.0,0.007720662746578455
2816.0,0.014108900912106037
3072.0,0.008442583493888378
3328.0,-0.004435296636074781
3584.0,-0.009171879850327969
3840.0,-0.00833060685545206
4096.0,-0.009236273355782032
4608.0,-0.020589817315340042
5120.0,-0.03088383376598358
5632.0,-0.03416799381375313
6144.0,-0.030724281445145607
6656.0,-0.026043713092803955
7168.0,-0.02232215739786625
7680.0,-0.02761317417025566
8192.0,-0.0265638567507267
end
