version,3.0
numOfCh,1
type,point
parent_name,484af_0dot069-0dot1
ch_type,1_1
kcount,1
numberNandB,1
brightnessNandB,1
carpet pos,0
pc,0
Time (ms),CH1 Auto-Correlation
1.0,0.08445776253938675
2.0,0.08395791798830032
3.0,0.08345863223075867
4.0,0.0829678550362587
5.0,0.08251770585775375
6.0,0.08207792788743973
7.0,0.08164524286985397
8.0,0.08123894780874252
9.0,0.08083861321210861
10.0,0.0804360955953598
11.0,0.08003699779510498
12.0,0.07963773608207703
13.0,0.07923752814531326
14.0,0.07884387671947479
15.0,0.07844902575016022
16.0,0.07806005328893661
18.0,0.07728336751461029
20.0,0.07654455304145813
22.0,0.0758390948176384
24.0,0.0751243308186531
26.0,0.07446112483739853
28.0,0.07383368909358978
30.0,0.07323118299245834
32.0,0.07264501601457596
36.0,0.071523018181324
40.0,0.0704403892159462
44.0,0.06936553120613098
48.0,0.06834394484758377
52.0,0.06729194521903992
56.0,0.06615517288446426
60.0,0.06502587348222733
64.0,0.06400695443153381
72.0,0.062177300453186035
80.0,0.06064354255795479
88.0,0.05921611189842224
96.0,0.057724036276340485
104.0,0.05621457099914551
112.0,0.05455584079027176
120.0,0.05303099378943443
128.0,0.051635030657052994
144.0,0.049089252948760986
160.0,0.04654849320650101
176.0,0.04437018558382988
192.0,0.04218466579914093
208.0,0.040120258927345276
224.0,0.03782782703638077
240.0,0.03571329265832901
256.0,0.033585380762815475
288.0,0.029116740450263023
320.0,0.025868138298392296
352.0,0.02371753193438053
384.0,0.023274540901184082
416.0,0.0229570884257555
448.0,0.022219225764274597
480.0,0.021374139934778214
512.0,0.019816022366285324
576.0,0.0157066211104393
640.0,0.014013893902301788
704.0,0.01248009130358696
768.0,0.01037021167576313
832.0,0.007550905924290419
896.0,0.007950805127620697
960.0,0.010042992420494556
1024.0,0.011656382121145725
1152.0,0.01696869358420372
1280.0,0.017310775816440582
1408.0,0.015156911686062813
1536.0,0.011454704217612743
1664.0,0.01366571243852377
1792.0,0.017347240820527077
1920.0,0.016128892078995705
2048.0,0.014294235967099667
2304.0,0.01158351730555296
2560.0,-0.0002797282941173762
2816.0,-0.000606254325248301
3072.0,-0.0017684379126876593
3328.0,-0.00217786175198853
3584.0,-0.00029921249370090663
3840.0,0.003889065468683839
4096.0,-0.005845478270202875
4608.0,-0.014545710757374763
5120.0,-0.017910566180944443
5632.0,-0.011792413890361786
6144.0,-0.0011569843627512455
6656.0,-0.01874081790447235
7168.0,-0.010978740639984608
7680.0,-0.002852758625522256
8192.0,0.010926117189228535
end
