version,3.0
numOfCh,1
type,point
parent_name,labthresh-0dot04_avgcorrs
ch_type,1_1
kcount,1
numberNandB,1
brightnessNandB,1
carpet pos,0
pc,0
Time (ms),CH1 Auto-Correlation
1.0,0.21191558241844177
2.0,0.2055887132883072
3.0,0.19881680607795715
4.0,0.19319665431976318
5.0,0.18769067525863647
6.0,0.1826099008321762
7.0,0.1773832142353058
8.0,0.17185066640377045
9.0,0.16629767417907715
10.0,0.16085028648376465
11.0,0.1556587517261505
12.0,0.15028245747089386
13.0,0.14559264481067657
14.0,0.14167305827140808
15.0,0.13806875050067902
16.0,0.134307861328125
18.0,0.1259058266878128
20.0,0.11765249073505402
22.0,0.10995185375213623
24.0,0.10295331478118896
26.0,0.09738630056381226
28.0,0.09258952736854553
30.0,0.09047373704877253
32.0,0.08501836098747317
36.0,0.09678311847974327
40.0,0.0848653626764038
44.0,0.07629262919338847
48.0,0.07318875581937997
52.0,0.07091179876976336
56.0,0.06722343766062598
60.0,0.06454643412726
64.0,0.0594120546279252
72.0,0.12613858820067866
80.0,0.11125227394912049
88.0,0.09094346463921522
96.0,0.06960963128796338
104.0,0.04749837141150094
112.0,0.027802750005656362
120.0,0.013014766246717619
128.0,-4.110390344928754e-05
144.0,-0.03354672235048686
160.0,-0.060247421528523165
176.0,-0.07842746640866001
192.0,-0.09378823582082987
208.0,-0.09593706587329506
224.0,-0.08742765090428292
240.0,-0.09777571299734215
256.0,-0.12146699381216118
288.0,-0.048409544940417014
320.0,-0.08810806496896678
352.0,-0.11560769104916188
384.0,-0.09925392337997134
416.0,-0.08145173734778331
448.0,-0.10334000063853131
480.0,-0.10760333140691121
512.0,-0.11651636794623402
576.0,-0.07659336443369587
640.0,-0.10852153676872452
704.0,-0.15443563453542689
768.0,-0.14806208790590367
832.0,-0.15015823595846692
896.0,-0.11824863380752504
960.0,-0.008295876478465894
1024.0,0.06251921136087428
1152.0,0.007989177480340004
1280.0,-0.006237435154616833
1408.0,-0.01613166183233261
1536.0,0.002457540715113282
1664.0,0.01413299422711134
1792.0,0.000764591502957046
1920.0,-0.013682819902896881
2048.0,-0.00886799581348896
end
