version,3.0
numOfCh,1
type,point
parent_name,labthresh-0dot04_avgcorrs
ch_type,1_1
kcount,1
numberNandB,1
brightnessNandB,1
carpet pos,0
pc,0
Time (ms),CH1 Auto-Correlation
1.0,0.00965786725282669
2.0,0.009351926855742931
3.0,0.009032649919390678
4.0,0.008724041283130646
5.0,0.008411107584834099
6.0,0.008096905425190926
7.0,0.007782188709825277
8.0,0.007479766849428415
9.0,0.007195198908448219
10.0,0.006894326768815517
11.0,0.006634262856096029
12.0,0.006357687059789896
13.0,0.006100722588598728
14.0,0.005824901629239321
15.0,0.005553841590881348
16.0,0.005291055887937546
18.0,0.00468673137947917
20.0,0.004165772348642349
22.0,0.00370219349861145
24.0,0.003263246500864625
26.0,0.0029131665360182524
28.0,0.002833007602021098
30.0,0.0036453167738681003
32.0,0.003341393316543709
36.0,0.004208601963910041
40.0,0.0033926315310444416
44.0,0.0027265835220272754
48.0,0.002148664466793499
52.0,0.0016361289058945008
56.0,0.0013326760195013776
60.0,0.0011917812707207094
64.0,0.0009854283069636528
72.0,0.001897331458167173
80.0,0.0006884382795154428
88.0,-0.00048612341439972323
96.0,-0.001195064481483617
104.0,-0.0014601484775387992
112.0,-0.001757245617530619
120.0,-0.0027525843915474765
128.0,-0.004483905744992252
144.0,-0.0012457576096774293
160.0,-0.001174549196058741
176.0,-0.0007466285113388529
192.0,-7.64273102574337e-05
208.0,0.00016692024655640125
224.0,0.0003177458926914439
240.0,0.001148256532663557
256.0,0.0021154359225571775
288.0,0.001637583189424024
320.0,-8.397849645310392e-05
352.0,-0.0019256689411122352
384.0,-0.0033424548584864372
416.0,-0.00416232688843997
448.0,-0.004684009311151587
480.0,-0.00531437009663528
512.0,-0.004046034203687062
576.0,0.0001800892350729555
640.0,-0.0018774275667965412
704.0,-0.00445082294754684
768.0,-0.006640865040632586
832.0,-0.006799000237757961
896.0,-0.007668346399441361
960.0,-0.0084820935735479
1024.0,-0.0054408668850859
end
