version,3.0
numOfCh,1
type,point
parent_name,labthresh-0dot04_avgcorrs
ch_type,1_1
kcount,1
numberNandB,1
brightnessNandB,1
carpet pos,0
pc,0
Time (ms),CH1 Auto-Correlation
1.0,0.014482259750366211
2.0,0.014144881628453732
3.0,0.013826586306095123
4.0,0.013509715907275677
5.0,0.013202774338424206
6.0,0.012898077256977558
7.0,0.012603593058884144
8.0,0.012302192859351635
9.0,0.011992131359875202
10.0,0.011683003045618534
11.0,0.011388239450752735
12.0,0.01112104207277298
13.0,0.010847293771803379
14.0,0.010588777251541615
15.0,0.010341271758079529
16.0,0.010075168684124947
18.0,0.009586182422935963
20.0,0.009183399379253387
22.0,0.008853558450937271
24.0,0.008471709676086903
26.0,0.008006766438484192
28.0,0.007605006452649832
30.0,0.0072733317501842976
32.0,0.006876104045659304
36.0,0.009172696340101538
40.0,0.008247933535636144
44.0,0.00747923573524329
48.0,0.006677255749107442
52.0,0.005858315866337054
56.0,0.005098610717040073
60.0,0.004421745641997809
64.0,0.003690770684948398
72.0,0.005466326085817335
80.0,0.004187535340731431
88.0,0.0030974521775663432
96.0,0.0022983793002952424
104.0,0.001596663284414847
112.0,0.0011737420157130276
120.0,0.001180864147110177
128.0,0.001234054274391383
144.0,0.0029474180297587404
160.0,0.0033364439150318503
176.0,0.003923802713292058
192.0,0.00411680570290297
208.0,0.0044199192910706515
224.0,0.003823722490448166
240.0,0.0041504527166993785
256.0,0.0030875632285394454
288.0,0.0011577581399251358
320.0,-0.0004330768460931722
352.0,-0.0011432448663981631
384.0,-0.0027598010765359504
416.0,-0.004874984984780895
448.0,-0.0063453852897055185
480.0,-0.0076337789255376265
512.0,-0.008797552582109347
576.0,-0.010233626002445817
640.0,-0.01210319043769102
704.0,-0.010930053374197866
768.0,-0.010389780060255102
832.0,-0.00847021331927473
896.0,-0.006667589107694637
960.0,-0.0110768654745438
1024.0,-0.01408120958201055
1152.0,-0.00044543470721691847
1280.0,0.000962437130510807
1408.0,0.0021065350010758266
1536.0,-0.0008301716297864914
1664.0,0.0007413759594783187
1792.0,0.0015593953430652618
1920.0,-5.1950395572930574e-05
2048.0,-0.0032712227548472583
end
