version,3.0
numOfCh,1
type,point
parent_name,labthresh-0dot04_avgcorrs
ch_type,1_1
kcount,1
numberNandB,1
brightnessNandB,1
carpet pos,0
pc,0
Time (ms),CH1 Auto-Correlation
1.0,0.11540275067090988
2.0,0.11140131950378418
3.0,0.10790348052978516
4.0,0.10433033853769302
5.0,0.10112126171588898
6.0,0.09767283499240875
7.0,0.09460043907165527
8.0,0.09161508083343506
9.0,0.08818797022104263
10.0,0.08489193022251129
11.0,0.08179445564746857
12.0,0.07878946512937546
13.0,0.07619665563106537
14.0,0.0738026574254036
15.0,0.07135961204767227
16.0,0.06913868337869644
18.0,0.06431327015161514
20.0,0.05980054289102554
22.0,0.05560426786541939
24.0,0.05136774107813835
26.0,0.04820674657821655
28.0,0.046032968908548355
30.0,0.046310325052164605
32.0,0.044877953152509316
36.0,0.06347685444168746
40.0,0.0577239427389577
44.0,0.051223560654980245
48.0,0.046293519772589206
52.0,0.04254522097064182
56.0,0.03788525181123987
60.0,0.03309961180202663
64.0,0.02944979980122298
72.0,0.033550600740311076
80.0,0.023083370466912657
88.0,0.015538998769204082
96.0,0.010890919270949732
104.0,0.008117862645074064
112.0,0.0033964197347430805
120.0,-0.004346811755870779
128.0,-0.009216968862650296
144.0,-0.006683525287856659
160.0,-0.013262027222663165
176.0,-0.018261927358495692
192.0,-0.021588041028007866
208.0,-0.021601640297255167
224.0,-0.020645955920917912
240.0,-0.01530990100062419
256.0,-0.014205827643828732
288.0,-0.020923627819865943
320.0,-0.03682204309152439
352.0,-0.03438545855460688
384.0,-0.02648619287647307
416.0,-0.03142408414278179
448.0,-0.014796113874763251
480.0,-0.010248538688756526
512.0,-0.01018711447250098
576.0,-0.0023289481177926064
640.0,0.027432931959629057
704.0,0.01807042439468205
768.0,0.03388843024149537
832.0,0.007460147887468338
896.0,-0.033217869971122124
960.0,-0.06846177438274026
1024.0,-0.06547473793034442
end
