version,3.0
numOfCh,1
type,point
parent_name,labthresh-0dot04_avgcorrs
ch_type,1_1
kcount,1
numberNandB,1
brightnessNandB,1
carpet pos,0
pc,0
Time (ms),CH1 Auto-Correlation
1.0,0.052935533225536346
2.0,0.04851604253053665
3.0,0.04469240456819534
4.0,0.0411347821354866
5.0,0.0375182218849659
6.0,0.03371398523449898
7.0,0.030509749427437782
8.0,0.02730279229581356
9.0,0.02479497529566288
10.0,0.0228186696767807
11.0,0.020975373685359955
12.0,0.019290799275040627
13.0,0.01785568706691265
14.0,0.01660056598484516
15.0,0.015714751556515694
16.0,0.015157504938542843
18.0,0.014250220730900764
20.0,0.013242429122328758
22.0,0.012432808056473732
24.0,0.011702545918524265
26.0,0.010813232511281967
28.0,0.010127922520041466
30.0,0.01051497082722236
32.0,0.009642697641305485
36.0,0.010228534974755479
40.0,0.008415155213047651
44.0,0.006391833646505672
48.0,0.004660388954757114
52.0,0.0027437530051039566
56.0,0.0032117742523821236
60.0,0.003998136099688474
64.0,0.005401546704188849
72.0,0.0075846982621846516
80.0,0.007695576363605344
88.0,0.0030050544171697563
96.0,0.0011549403105972386
104.0,0.003381537589626128
112.0,0.005084460070065688
120.0,0.005729836832923705
128.0,0.0034118948285194006
144.0,-0.002302081798776411
160.0,-0.007059184753765853
176.0,-0.008034166886668222
192.0,-0.009882538231837455
208.0,-0.011925339367455589
224.0,-0.00859612890277416
240.0,-0.006003072165185586
256.0,-0.005123611719682231
288.0,-0.003363898156547091
320.0,-0.008343899357391315
352.0,-0.010071810955802599
384.0,-0.015083980982631652
416.0,-0.023151346188872896
448.0,-0.033888791985292405
480.0,-0.03314454780451746
512.0,-0.02955370964223726
576.0,-0.007390851009404287
640.0,0.0018858843638251226
704.0,0.017054619655633967
768.0,-0.008717891624352584
832.0,-0.0032704159966669977
896.0,-0.004316882540782292
960.0,-0.0028627715849628053
1024.0,0.004158394566426675
end
