version,3.0
numOfCh,1
type,point
parent_name,labthresh-0dot04_avgcorrs
ch_type,1_1
kcount,1
numberNandB,1
brightnessNandB,1
carpet pos,0
pc,0
Time (ms),CH1 Auto-Correlation
1.0,0.025942636653780937
2.0,0.025557726621627808
3.0,0.025168925523757935
4.0,0.024799510836601257
5.0,0.02442946285009384
6.0,0.02409246936440468
7.0,0.023750362917780876
8.0,0.02341376431286335
9.0,0.02306879684329033
10.0,0.02274199388921261
11.0,0.022409645840525627
12.0,0.02207460254430771
13.0,0.02172795683145523
14.0,0.021379059180617332
15.0,0.021057022735476494
16.0,0.02074749581515789
18.0,0.020048225298523903
20.0,0.01941436156630516
22.0,0.018814122304320335
24.0,0.018247641623020172
26.0,0.01770498789846897
28.0,0.017176667228341103
30.0,0.016686275601387024
32.0,0.016164831817150116
36.0,0.016927397514033753
40.0,0.015818861142906825
44.0,0.014632109580998077
48.0,0.01349842658576866
52.0,0.012448027322534472
56.0,0.011417948098096532
60.0,0.011025288443839787
64.0,0.010109086268067616
72.0,0.010869223713525571
80.0,0.008753908335929737
88.0,0.007003085220931098
96.0,0.005351715359720402
104.0,0.003623617650009692
112.0,0.002017329551745206
120.0,0.0004770391575827186
128.0,-0.0010189104658214394
144.0,-0.004030060348870595
160.0,-0.007620593744731095
176.0,-0.010374511495077362
192.0,-0.013613928329303034
208.0,-0.014283091070764285
224.0,-0.013851265895128664
240.0,-0.014305862819823875
256.0,-0.015779099273084497
288.0,-0.005409924114549843
320.0,-0.007144268878619187
352.0,-0.009607459040125832
384.0,-0.010529886712902226
416.0,-0.011197767176781781
448.0,-0.008841978173829071
480.0,-0.009298258179721111
512.0,-0.007140439025533851
576.0,-0.023013304259317618
640.0,-0.027405308559536934
704.0,-0.0287488450606664
768.0,-0.03016038052737713
832.0,-0.03607684373855591
896.0,-0.04520253588755926
960.0,-0.05120263869563738
1024.0,-0.05843664581576983
end
