version,3.0
numOfCh,1
type,point
parent_name,labthresh-0dot04_avgcorrs
ch_type,1_1
kcount,1
numberNandB,1
brightnessNandB,1
carpet pos,0
pc,0
Time (ms),CH1 Auto-Correlation
1.0,0.025888139382004738
2.0,0.02532494068145752
3.0,0.024744486436247826
4.0,0.024213680997490883
5.0,0.023696962743997574
6.0,0.02321237325668335
7.0,0.02273021824657917
8.0,0.02230210043489933
9.0,0.021898115053772926
10.0,0.021457230672240257
11.0,0.021019222214818
12.0,0.020573562011122704
13.0,0.020116301253437996
14.0,0.019669855013489723
15.0,0.019268948584794998
16.0,0.018865495920181274
18.0,0.018116621300578117
20.0,0.017269177362322807
22.0,0.016392532736063004
24.0,0.0155464643612504
26.0,0.0148283326998353
28.0,0.014264815486967564
30.0,0.013701021671295166
32.0,0.013100558891892433
36.0,0.015234229381348996
40.0,0.01418596827594835
44.0,0.012840164795913248
48.0,0.011324410822453501
52.0,0.010136485542261653
56.0,0.008876330401714464
60.0,0.007085429146172828
64.0,0.0054860140850602574
72.0,0.011459481823668979
80.0,0.010050965596747119
88.0,0.00870525382582427
96.0,0.007157396185100558
104.0,0.005229087097070399
112.0,0.003748076344730661
120.0,0.0029101829677529167
128.0,0.00102564757798973
144.0,-0.0012480745402475197
160.0,-0.003478648475720547
176.0,-0.004912370495731011
192.0,-0.005692518317421976
208.0,-0.005852432213335608
224.0,-0.0052341861398114515
240.0,-0.004118107826798223
256.0,-0.005088717152830213
288.0,-0.002480443094908777
320.0,-0.003641449319224598
352.0,-0.006168592229692472
384.0,-0.008197613898422182
416.0,-0.009173588898395084
448.0,-0.009600598707846884
480.0,-0.009047852880838845
512.0,-0.006721646638147326
576.0,0.004036707803606987
640.0,0.012754594907164574
704.0,0.016827624291181564
768.0,0.004774567671120167
832.0,-0.009069652917484442
896.0,-0.012354150569687286
960.0,-0.015073410545786222
1024.0,-0.0394368606309096
1152.0,-0.005450574215501547
1280.0,-0.0023100299295037985
1408.0,0.0021457080729305744
1536.0,0.005158490035682917
1664.0,0.008580810390412807
1792.0,0.004520978778600693
1920.0,0.0038531776517629623
2048.0,-9.262685489375144e-05
end
