version,3.0
numOfCh,1
type,point
parent_name,labthresh-0dot04_avgcorrs
ch_type,1_1
kcount,1
numberNandB,1
brightnessNandB,1
carpet pos,0
pc,0
Time (ms),CH1 Auto-Correlation
1.0,0.010694037191569805
2.0,0.010394211858510971
3.0,0.010116453282535076
4.0,0.009836267679929733
5.0,0.009571812115609646
6.0,0.009318787604570389
7.0,0.009075597859919071
8.0,0.00883959885686636
9.0,0.008625603280961514
10.0,0.008430997841060162
11.0,0.008242066949605942
12.0,0.00804510060697794
13.0,0.007841493934392929
14.0,0.007626389618963003
15.0,0.007387509569525719
16.0,0.007161565590649843
18.0,0.006694635841995478
20.0,0.006223955657333136
22.0,0.005726727657020092
24.0,0.00525699881836772
26.0,0.004831935744732618
28.0,0.004441400058567524
30.0,0.004045670852065086
32.0,0.003728592535480857
36.0,0.006045779904040197
40.0,0.00552667590030372
44.0,0.005012585209139313
48.0,0.0044067217168048956
52.0,0.003818891707427004
56.0,0.003250059839289558
60.0,0.0028705220814525343
64.0,0.0023856629647117846
72.0,0.0035370245988650077
80.0,0.0030041724028044632
88.0,0.002437281307886058
96.0,0.0018184930972479792
104.0,0.0011176038543370933
112.0,0.00039157323375217277
120.0,-0.00024205440491814877
128.0,-0.0008334471023685875
144.0,-0.0006720606860956953
160.0,-0.002501962830622991
176.0,-0.003943889147679632
192.0,-0.005479691262261592
208.0,-0.006788996045603805
224.0,-0.008115688652227011
240.0,-0.009043737264194836
256.0,-0.009159707678675962
288.0,-0.005631254700710997
320.0,-0.004939492861740291
352.0,-0.0032238882296951486
384.0,-0.0012716476412606426
416.0,5.910852196393535e-05
448.0,0.0024376883404329417
480.0,0.003915074182441458
512.0,0.004872638802521578
576.0,0.000418228756946822
640.0,-0.0016434857388958335
704.0,-0.0037353140457222858
768.0,-0.009402484012146791
832.0,-0.008100765369211635
896.0,-0.009326643931368986
960.0,-0.01443711039610207
1024.0,-0.014785055071115494
end
