version,3.0
numOfCh,1
type,point
parent_name,labthresh-0dot04_avgcorrs
ch_type,1_1
kcount,1
numberNandB,1
brightnessNandB,1
carpet pos,0
pc,0
Time (ms),CH1 Auto-Correlation
1.0,0.060542088001966476
2.0,0.05462173372507095
3.0,0.04856327176094055
4.0,0.04365057870745659
5.0,0.03893067315220833
6.0,0.03454773128032684
7.0,0.030868718400597572
8.0,0.027067577466368675
9.0,0.02350902184844017
10.0,0.019982358440756798
11.0,0.01724434643983841
12.0,0.01535598374903202
13.0,0.013991614803671837
14.0,0.012323493137955666
15.0,0.011272570118308067
16.0,0.009977200999855995
18.0,0.007315747439861298
20.0,0.005836104042828083
22.0,0.0058585526421666145
24.0,0.005750043783336878
26.0,0.006131314672529697
28.0,0.006157458759844303
30.0,0.006674447562545538
32.0,0.008197515271604061
36.0,0.006989244556969039
40.0,0.004859917897922996
44.0,0.0007574370047223056
48.0,-0.0027349507721406885
52.0,-0.004285711699512004
56.0,-0.001424298297162309
60.0,0.008453332267949478
64.0,0.00821228606453646
72.0,0.006270377848268254
80.0,0.0038404354435624555
88.0,0.002202773744938895
96.0,0.0015433184144785627
104.0,0.0015951698295975803
112.0,-0.000916361701383721
120.0,-0.0035194617644858386
128.0,-0.006228065363994456
144.0,-0.0012656662947847508
160.0,-0.00146026726412986
176.0,0.000360816708832447
192.0,-0.006950623821467161
208.0,-0.009732045333034225
224.0,-0.01364049274707213
240.0,-0.013588991675143396
256.0,-0.014530944662900376
288.0,-0.004062433586763551
320.0,-0.007204962087728616
352.0,-0.007737631028118942
384.0,-0.008890351704654418
416.0,-0.008632969635073096
448.0,-0.0025257901953799383
480.0,-0.008000218387072286
512.0,-0.008414339429388443
576.0,-0.006324710120679811
640.0,-0.009941712254658341
704.0,-0.008410945651121438
768.0,-0.011717391083948314
832.0,-0.006054015830159187
896.0,-0.008872166625224054
960.0,0.0035019454856713614
1024.0,-0.0037529933033511043
1152.0,-0.004546290263533592
1280.0,-0.002208610763773322
1408.0,0.0025996945332735777
1536.0,0.006953412666916847
1664.0,0.009428109042346478
1792.0,0.006740252021700144
1920.0,0.001055562519468367
2048.0,-0.0033431812189519405
end
