version,3.0
numOfCh,1
type,point
parent_name,labthresh-0dot04_avgcorrs
ch_type,1_1
kcount,1
numberNandB,1
brightnessNandB,1
carpet pos,0
pc,0
Time (ms),CH1 Auto-Correlation
1.0,0.2179948389530182
2.0,0.2119566649198532
3.0,0.20577499270439148
4.0,0.1995237022638321
5.0,0.19406059384346008
6.0,0.18773409724235535
7.0,0.1820066273212433
8.0,0.17582067847251892
9.0,0.1692596822977066
10.0,0.1629972755908966
11.0,0.1563863903284073
12.0,0.1500057429075241
13.0,0.14376409351825714
14.0,0.13775967061519623
15.0,0.13209041953086853
16.0,0.12636278569698334
18.0,0.11448001116514206
20.0,0.10232151299715042
22.0,0.09146551787853241
24.0,0.0818561241030693
26.0,0.07295502722263336
28.0,0.06521730870008469
30.0,0.059749387204647064
32.0,0.054496850818395615
36.0,0.056261342637299094
40.0,0.04601379192088947
44.0,0.036240803657468255
48.0,0.027458837095764466
52.0,0.01842241249869403
56.0,0.010350673507976657
60.0,0.0045605961289159795
64.0,0.00019611818909955522
72.0,0.05547006769270143
80.0,0.05012701959554654
88.0,0.043637518627185595
96.0,0.03431508249110159
104.0,0.021854670143083614
112.0,0.013504958780044141
120.0,0.008818232465273468
128.0,-0.0016357483473257162
144.0,0.01600244779062147
160.0,6.060795082400243e-06
176.0,-0.014311025840773558
192.0,-0.027630476844933582
208.0,-0.03414271295090051
224.0,-0.03285737070837058
240.0,-0.028035978367673426
256.0,-0.027044983879022766
288.0,-0.004235045829166968
320.0,-0.012950710279660093
352.0,0.008026405360497948
384.0,0.029684309019810624
416.0,0.013572948053479195
448.0,0.002621517723633183
480.0,-0.002842367122260233
512.0,-0.031811954686418176
576.0,-0.03948038133482138
640.0,-0.04620599498351415
704.0,-0.047721812540354826
768.0,-0.06423689289173733
832.0,-0.043029160083582006
896.0,-0.02276965044438839
960.0,-0.021179580129683018
1024.0,-0.03368223225697875
1152.0,-0.0021051536314189434
1280.0,-0.006089354399591684
1408.0,-0.03449128940701485
1536.0,-0.06121080368757248
1664.0,-0.0611276738345623
1792.0,-0.08382214605808258
1920.0,-0.12031768262386322
2048.0,-0.11920074373483658
end
