version,3.0
numOfCh,1
type,point
parent_name,labthresh-0dot04_avgcorrs
ch_type,1_1
kcount,1
numberNandB,1
brightnessNandB,1
carpet pos,0
pc,0
Time (ms),CH1 Auto-Correlation
1.0,0.02335580252110958
2.0,0.022760843858122826
3.0,0.022194107994437218
4.0,0.0216263048350811
5.0,0.021107224747538567
6.0,0.020631931722164154
7.0,0.0201485063880682
8.0,0.019667908549308777
9.0,0.019214699044823647
10.0,0.018731772899627686
11.0,0.0182343777269125
12.0,0.01773829758167267
13.0,0.017253102734684944
14.0,0.016784802079200745
15.0,0.01632319949567318
16.0,0.01586563140153885
18.0,0.015018956735730171
20.0,0.014189043082296848
22.0,0.013369493186473846
24.0,0.012613536790013313
26.0,0.011999079026281834
28.0,0.01132011879235506
30.0,0.011585605001528165
32.0,0.010940504877953571
36.0,0.014946791989495977
40.0,0.013538904950837604
44.0,0.012113710229217152
48.0,0.010716914075965178
52.0,0.00917011229127335
56.0,0.007541418393763403
60.0,0.006522929263782912
64.0,0.005333948178429574
72.0,0.009864255695858793
80.0,0.008263099291417305
88.0,0.007178716773133991
96.0,0.006004518042789728
104.0,0.005008782365859501
112.0,0.003914545046254283
120.0,0.0037925168144283816
128.0,0.0020348609978100285
144.0,0.00039035136489054333
160.0,-0.0037579635391011834
176.0,-0.006618177683916516
192.0,-0.009601273573935032
208.0,-0.01262188764835278
224.0,-0.014716969659695258
240.0,-0.016699071599689957
256.0,-0.018668218113956615
288.0,-0.01275736923344084
320.0,-0.014502650417853147
352.0,-0.01658890980297656
384.0,-0.019786329779890366
416.0,-0.02122925357616623
448.0,-0.019458459923043847
480.0,-0.01680920937724295
512.0,-0.012244223831658019
576.0,0.01009938221735259
640.0,0.02463626515721747
704.0,0.035158889601007104
768.0,0.031595040345564485
832.0,0.015715980165017147
896.0,-0.009051541176935038
960.0,-0.033696007604400315
1024.0,-0.05742251127958298
1152.0,-0.013480820693075657
1280.0,-0.024426573887467384
1408.0,-0.03288751840591431
1536.0,-0.04957541823387146
1664.0,-0.0452757328748703
1792.0,-0.05041398108005524
1920.0,-0.027178315445780754
2048.0,-0.009784570895135403
end
