version,3.0
numOfCh,1
type,point
parent_name,labthresh-0dot04_avgcorrs
ch_type,1_1
kcount,1
numberNandB,1
brightnessNandB,1
carpet pos,0
pc,0
Time (ms),CH1 Auto-Correlation
1.0,0.05045027285814285
2.0,0.04529204219579697
3.0,0.04064391553401947
4.0,0.03704533725976944
5.0,0.033677928149700165
6.0,0.0311259962618351
7.0,0.029273655265569687
8.0,0.02746831439435482
9.0,0.02563968114554882
10.0,0.024020779877901077
11.0,0.02271421253681183
12.0,0.021891551092267036
13.0,0.021278604865074158
14.0,0.020528845489025116
15.0,0.019525421783328056
16.0,0.018494533374905586
18.0,0.01694316603243351
20.0,0.015263467095792294
22.0,0.013627090491354465
24.0,0.01224080566316843
26.0,0.011806727387011051
28.0,0.011071651242673397
30.0,0.011316593346866565
32.0,0.01157132244686811
36.0,0.012740749892448852
40.0,0.01236040205670482
44.0,0.011122381441964535
48.0,0.01061423644387105
52.0,0.009600660812793649
56.0,0.007853748697622601
60.0,0.006377863478216265
64.0,0.005074510079339234
72.0,0.005569561618141874
80.0,0.006046042496260877
88.0,0.004275427599471489
96.0,0.004641091670020528
104.0,-0.00024397541572051566
112.0,-0.002171299219342126
120.0,-0.003009925728076182
128.0,-0.001607759555467748
144.0,-0.00410449129584081
160.0,-0.004868463921251104
176.0,-0.004445966531741707
192.0,-0.004842614319760983
208.0,-0.003606045286527232
224.0,-0.003435578947092461
240.0,-0.00079836360322695
256.0,0.0036213543807046816
288.0,-0.005335819170630368
320.0,-0.005458251673685895
352.0,-0.0042285846588625145
384.0,-0.005183300375806125
416.0,-0.0034017950158820236
448.0,-0.006846283811186863
480.0,-0.010107475076802075
512.0,-0.007834441331215202
576.0,0.004993281472707167
640.0,-0.005203148621755342
704.0,-0.01297962282357427
768.0,-0.02098595112329349
832.0,-0.010343509668018669
896.0,-0.02262188191525638
960.0,-0.025182637572288512
1024.0,-0.029309042292879894
1152.0,0.009280831553041935
1280.0,-0.003059477312490344
1408.0,-0.012006309814751148
1536.0,-0.012174008414149284
1664.0,-0.0135278245434165
1792.0,-0.013271047733724117
end
