version,3.0
numOfCh,1
type,point
parent_name,labthresh-0dot04_avgcorrs
ch_type,1_1
kcount,1
numberNandB,1
brightnessNandB,1
carpet pos,0
pc,0
Time (ms),CH1 Auto-Correlation
1.0,0.31948208808898926
2.0,0.31097957491874695
3.0,0.3025248348712921
4.0,0.29350346326828003
5.0,0.2840564250946045
6.0,0.27528202533721924
7.0,0.26622796058654785
8.0,0.2569906413555145
9.0,0.24817892909049988
10.0,0.23852401971817017
11.0,0.22894428670406342
12.0,0.21944467723369598
13.0,0.20995940268039703
14.0,0.201133593916893
15.0,0.193639874458313
16.0,0.18620789051055908
18.0,0.1729666143655777
20.0,0.15960276126861572
22.0,0.14669419825077057
24.0,0.13438071310520172
26.0,0.12250614166259766
28.0,0.11148679256439209
30.0,0.100255087018013
32.0,0.09155314415693283
36.0,0.11495539293622035
40.0,0.09951131942410332
44.0,0.08619538488565012
48.0,0.07586465862113982
52.0,0.06831942644591132
56.0,0.06187110910347352
60.0,0.05562410302227363
64.0,0.051201402893154106
72.0,0.045348410286048114
80.0,0.03289981592388358
88.0,0.0188492151646642
96.0,0.0047403365703454865
104.0,-0.0056599071200859425
112.0,-0.016999200563683797
120.0,-0.017345230451926753
128.0,-0.02053286572260296
144.0,-0.008978280074456158
160.0,-0.008349127848358714
176.0,-0.02406903691863751
192.0,-0.03470378134892706
208.0,-0.041918867007445765
224.0,-0.0635349033982493
240.0,-0.08640621648074183
256.0,-0.09737217058222193
288.0,-0.0948927653953433
320.0,-0.09672936973058516
352.0,-0.0726914859066407
384.0,-0.07804511686036777
416.0,-0.1390052442956302
448.0,-0.22073797467682096
480.0,-0.23799837223486975
512.0,-0.24736464000307024
576.0,-0.04818910639733076
640.0,-0.0139168796595186
704.0,-0.027489068394061178
768.0,-0.05542285356204957
832.0,-0.06786039413418621
896.0,-0.09926577005535364
960.0,-0.1532667333376594
1024.0,-0.13213255745358765
end
