version,3.0
numOfCh,1
type,point
parent_name,labthresh-0dot04_avgcorrs
ch_type,1_1
kcount,1
numberNandB,1
brightnessNandB,1
carpet pos,0
pc,0
Time (ms),CH1 Auto-Correlation
1.0,0.2764025330543518
2.0,0.27176734805107117
3.0,0.2675921618938446
4.0,0.2629545032978058
5.0,0.2583494782447815
6.0,0.2538735568523407
7.0,0.2492438107728958
8.0,0.24466153979301453
9.0,0.2403002679347992
10.0,0.23632828891277313
11.0,0.2321787178516388
12.0,0.22785980999469757
13.0,0.22395029664039612
14.0,0.21987111866474152
15.0,0.21564839780330658
16.0,0.21132157742977142
18.0,0.2027054876089096
20.0,0.1945325881242752
22.0,0.18676109611988068
24.0,0.17923377454280853
26.0,0.17173194885253906
28.0,0.16455556452274323
30.0,0.15763363242149353
32.0,0.1516280472278595
36.0,0.1498632135027527
40.0,0.13677830645051123
44.0,0.12364026611164892
48.0,0.1134205096605001
52.0,0.10420349523281822
56.0,0.09654815546281707
60.0,0.08828228788087682
64.0,0.07943580844081365
72.0,0.06990599807415326
80.0,0.05397578229398774
88.0,0.036144741186448795
96.0,0.019780432620212774
104.0,0.005504517411199314
112.0,-0.0092853200674819
120.0,-0.02466688558862578
128.0,-0.03588613004553952
144.0,-0.04334782458802996
160.0,-0.07338316386772527
176.0,-0.10733909839473199
192.0,-0.13587736447031298
208.0,-0.14473328896888737
224.0,-0.14249592908244166
240.0,-0.11586571384686976
256.0,-0.11291089681908488
288.0,-0.11325938922042648
320.0,-0.11564363684091303
352.0,-0.12574716160694757
384.0,-0.1328348909672867
416.0,-0.10812624119636086
448.0,-0.0832009879199581
480.0,-0.04961919725044734
512.0,-0.009781698250056555
576.0,-0.1276412862353027
640.0,-0.12891684111673385
704.0,-0.08934681990649551
768.0,-0.05157599598169327
832.0,-0.06364270835183561
896.0,-0.09268441866151989
960.0,-0.17225499611231498
1024.0,-0.19212927592252527
1152.0,-0.01219868753105402
1280.0,0.0006978646269999444
1408.0,-0.00444637518376112
1536.0,0.007074776105582714
1664.0,0.006921456195414066
1792.0,0.00150912010576576
1920.0,-0.00808870792388916
2048.0,-0.008557765744626522
end
