version,3.0
numOfCh,1
type,point
parent_name,labthresh-0dot04_avgcorrs
ch_type,1_1
kcount,1
numberNandB,1
brightnessNandB,1
carpet pos,0
pc,0
Time (ms),CH1 Auto-Correlation
1.0,0.009927863255143166
2.0,0.009630171582102776
3.0,0.009316346608102322
4.0,0.009009553119540215
5.0,0.008685728535056114
6.0,0.008366321213543415
7.0,0.00806257501244545
8.0,0.0077584609389305115
9.0,0.007461989764124155
10.0,0.007164306007325649
11.0,0.006889954209327698
12.0,0.006641213782131672
13.0,0.006392873823642731
14.0,0.006138911005109549
15.0,0.005879634525626898
16.0,0.005609492771327496
18.0,0.005032015033066273
20.0,0.004530362784862518
22.0,0.004033071920275688
24.0,0.00353851611725986
26.0,0.003028025384992361
28.0,0.002549475524574518
30.0,0.0020713037811219692
32.0,0.0015771922189742327
36.0,0.002426756316951166
40.0,0.0017386663441963416
44.0,0.0011303858996446555
48.0,0.0006903946040741478
52.0,0.0003554151044227183
56.0,0.0001766594350556261
60.0,-3.38914129921856e-05
64.0,-0.0003390327920593942
72.0,0.00266554696626324
80.0,0.0023823313292125115
88.0,0.002217513982414905
96.0,0.0019346539598987683
104.0,0.001633044838902271
112.0,0.0011833506491951227
120.0,0.0005709543520903313
128.0,0.00018055621981865873
144.0,-0.0004616485466613085
160.0,-0.0012228176311737116
176.0,-0.0020793550029338803
192.0,-0.0028112318304920336
208.0,-0.0027250220082351007
224.0,-0.002610018085761112
240.0,-0.003025435908542325
256.0,-0.0025988696152732397
288.0,-0.0015509733348153532
320.0,-0.0008127678956952877
352.0,-0.0006049968869774602
384.0,-0.0009764403439476155
416.0,-0.0010645897418726236
448.0,-0.0016620650130789727
480.0,-0.002242998396468465
512.0,-0.002586893613624852
576.0,-0.004620956334595879
640.0,-0.0033796499289261797
704.0,-0.003936977436145146
768.0,-0.008293746039271355
832.0,-0.008724018465727568
896.0,-0.005259517580270767
960.0,-0.00017573529233535132
1024.0,-0.0033528385683894157
1152.0,-0.013916446827352047
1280.0,-0.01154295727610588
1408.0,-0.004814960528165102
1536.0,-0.0034720285329967737
1664.0,0.006085156928747892
1792.0,0.0078670559450984
1920.0,0.004501198418438435
2048.0,0.013772087171673775
end
