version,3.0
numOfCh,1
type,point
parent_name,labthresh-0dot04_avgcorrs
ch_type,1_1
kcount,1
numberNandB,1
brightnessNandB,1
carpet pos,0
pc,0
Time (ms),CH1 Auto-Correlation
1.0,0.016569826751947403
2.0,0.016226597130298615
3.0,0.015891673043370247
4.0,0.015544750727713108
5.0,0.015196365304291248
6.0,0.01486926432698965
7.0,0.01456103753298521
8.0,0.014265043660998344
9.0,0.013984039425849915
10.0,0.013700077310204506
11.0,0.01343704666942358
12.0,0.013210324570536613
13.0,0.012996692210435867
14.0,0.012781636789441109
15.0,0.012549160979688168
16.0,0.012327739037573338
18.0,0.01183528732508421
20.0,0.011328915134072304
22.0,0.010810340754687786
24.0,0.010277404449880123
26.0,0.009729055687785149
28.0,0.00921030342578888
30.0,0.009203532842140452
32.0,0.00878983770787178
36.0,0.010837091507369223
40.0,0.009836673419075933
44.0,0.008911781023202408
48.0,0.008030603940410814
52.0,0.007117545574146789
56.0,0.006188580102223734
60.0,0.005263107812921094
64.0,0.004437116750357911
72.0,0.006636586363847049
80.0,0.005053541025470048
88.0,0.003535853907937723
96.0,0.001977183540140303
104.0,0.0002980033015391152
112.0,-0.0011405600418679808
120.0,-0.0023015681536459227
128.0,-0.003532531775387102
144.0,-0.005537105439968096
160.0,-0.007698838263362025
176.0,-0.009161227041234572
192.0,-0.009296297058851148
208.0,-0.0088325079161829
224.0,-0.00855525027582189
240.0,-0.007647962394791345
256.0,-0.007042379060294479
288.0,-0.003921949118375778
320.0,-0.0037930537946522236
352.0,-0.002882674103602767
384.0,-0.001363616541493684
416.0,-0.000753171305404976
448.0,-0.0008955144323408604
480.0,-0.0006597856641747058
512.0,0.0004384528088849038
576.0,0.004878721432760358
640.0,0.004630484036169946
704.0,0.0020548831089399755
768.0,-0.0004064693348482251
832.0,-0.004289145348593593
896.0,-0.006356820464134216
960.0,-0.005481116473674774
1024.0,-0.008307017385959625
1152.0,0.0005660782917402685
1280.0,-0.0006304802955128253
1408.0,0.0004114171024411917
1536.0,-0.007385527715086937
1664.0,-0.009158014319837093
1792.0,-0.012112424708902836
1920.0,-0.013570117764174938
2048.0,-0.009206301532685757
2304.0,-0.005282253958284855
2560.0,-0.005012884736061096
2816.0,-0.01185558456927538
3072.0,-0.006546637509018183
3328.0,0.004386921878904104
3584.0,0.0054079219698905945
3840.0,0.0008243969059549272
4096.0,-0.00752453226596117
end
