version,3.0
numOfCh,1
type,point
parent_name,labthresh-0dot04_avgcorrs
ch_type,1_1
kcount,1
numberNandB,1
brightnessNandB,1
carpet pos,0
pc,0
Time (ms),CH1 Auto-Correlation
1.0,0.15846313536167145
2.0,0.1549391895532608
3.0,0.1514514833688736
4.0,0.14826607704162598
5.0,0.1448334902524948
6.0,0.14140282571315765
7.0,0.13797172904014587
8.0,0.13463285565376282
9.0,0.1315872073173523
10.0,0.1288207620382309
11.0,0.1262226551771164
12.0,0.12363757193088531
13.0,0.12121621519327164
14.0,0.11895446479320526
15.0,0.11660654842853546
16.0,0.11431977897882462
18.0,0.11101119220256805
20.0,0.10830048471689224
22.0,0.10545893758535385
24.0,0.10352957248687744
26.0,0.10173653066158295
28.0,0.10000820457935333
30.0,0.09801691770553589
32.0,0.09532954543828964
36.0,0.1158639242990334
40.0,0.11175574216758832
44.0,0.10847779629561542
48.0,0.10511768325390718
52.0,0.10017271631460806
56.0,0.09452610155990855
60.0,0.09512375450936988
64.0,0.0913134467499774
72.0,0.10808265839295927
80.0,0.09762755879637552
88.0,0.08634307248757978
96.0,0.07995563010626938
104.0,0.07014475579489954
112.0,0.06295280353515409
120.0,0.059709231627493864
128.0,0.051380838343902724
144.0,0.09858259677779503
160.0,0.08747531059914483
176.0,0.07495974177996126
192.0,0.06367789362915434
208.0,0.05258721728415157
224.0,0.044486956644015245
240.0,0.0402634349391939
256.0,0.03515936147568237
288.0,0.050403614703100175
320.0,0.02440818742616102
352.0,-0.010527312915655784
384.0,-0.039997567570935644
416.0,-0.057234401057939976
448.0,-0.06836468068649992
480.0,-0.0888725450495258
512.0,-0.08874837763141841
576.0,-0.08719773373256128
640.0,-0.10936006849321227
704.0,-0.13004841407140097
768.0,-0.17355880296478668
832.0,-0.19709221033068994
896.0,-0.19682934678470096
960.0,-0.19259335162738958
1024.0,-0.19827368886520466
1152.0,-0.09034424554556608
1280.0,-0.15999353537335992
1408.0,-0.2293313241098076
1536.0,-0.2791090745013207
1664.0,-0.3338544494472444
1792.0,-0.377466146601364
1920.0,-0.2880220643710345
2048.0,-0.1598372112493962
end
