version,3.0
numOfCh,1
type,point
parent_name,labthresh-0dot04_avgcorrs
ch_type,1_1
kcount,1
numberNandB,1
brightnessNandB,1
carpet pos,0
pc,0
Time (ms),CH1 Auto-Correlation
1.0,0.1188289076089859
2.0,0.11507435142993927
3.0,0.11136062443256378
4.0,0.10747015476226807
5.0,0.10388076305389404
6.0,0.10082906484603882
7.0,0.09764772653579712
8.0,0.09474613517522812
9.0,0.0919475257396698
10.0,0.08898573368787766
11.0,0.08590538799762726
12.0,0.08293166756629944
13.0,0.07966487109661102
14.0,0.07591953873634338
15.0,0.07245694100856781
16.0,0.06903767585754395
18.0,0.06240706890821457
20.0,0.05738149210810661
22.0,0.05205259099602699
24.0,0.045967575162649155
26.0,0.0406552329659462
28.0,0.03515773266553879
30.0,0.030556958650170902
32.0,0.026262978544536963
36.0,0.05051172107992256
40.0,0.04397329637739698
44.0,0.03692116805348847
48.0,0.029280436762185086
52.0,0.02178333815168919
56.0,0.014885879520614468
60.0,0.00881191902590217
64.0,0.003618472900019366
72.0,0.002028536900979816
80.0,-0.010433758638100699
88.0,-0.02101662895195962
96.0,-0.02688264117750805
104.0,-0.032251484789109476
112.0,-0.03625963305239566
120.0,-0.03995604580774417
128.0,-0.04389393723407841
144.0,-0.006943868502276018
160.0,-0.012551525054732338
176.0,-0.0236885325757612
192.0,-0.03296625018629129
208.0,-0.043997122691507684
224.0,-0.0513657874398632
240.0,-0.0639220316994137
256.0,-0.0678494693337208
288.0,-0.06130264783860184
320.0,-0.05250432368484326
352.0,-0.04794967648922466
384.0,-0.038540315930731595
416.0,-0.019691866298671812
448.0,0.002320026542292908
480.0,0.0046755498624406755
512.0,0.008558322522731032
576.0,-0.0008951136842370033
640.0,-0.012091994285583496
704.0,-0.002524556271964684
768.0,-0.0061486042104661465
832.0,-0.02562523167580366
896.0,-0.03164341673254967
960.0,0.015925017767585814
1024.0,0.029771706089377403
end
