version,3.0
numOfCh,1
type,point
parent_name,labthresh-0dot04_avgcorrs
ch_type,1_1
kcount,1
numberNandB,1
brightnessNandB,1
carpet pos,0
pc,0
Time (ms),CH1 Auto-Correlation
1.0,0.0357491672039032
2.0,0.03428182005882263
3.0,0.033119045197963715
4.0,0.032002732157707214
5.0,0.031176697462797165
6.0,0.030266879126429558
7.0,0.028820734471082687
8.0,0.02744702622294426
9.0,0.02606874518096447
10.0,0.02481837384402752
11.0,0.02376706339418888
12.0,0.0228229109197855
13.0,0.021747583523392677
14.0,0.020738866180181503
15.0,0.019681498408317566
16.0,0.018737882375717163
18.0,0.01684713549911976
20.0,0.01548818126320839
22.0,0.014095992781221867
24.0,0.012585124000906944
26.0,0.01277040597051382
28.0,0.012378556653857231
30.0,0.013439502062283282
32.0,0.012431559185824882
36.0,0.012845995001870588
40.0,0.010297599764078657
44.0,0.008529389338174511
48.0,0.006976145941845254
52.0,0.005540305612764011
56.0,0.004296435655719092
60.0,0.0030740725273972203
64.0,0.001951484758137667
72.0,0.0034872371586970987
80.0,0.0010657285916386172
88.0,-0.0009671180008444935
96.0,-0.004095690975373145
104.0,-0.007746580109524075
112.0,-0.011434047403745352
120.0,-0.016339248591975775
128.0,-0.02038058262587583
144.0,-0.0047241425709216855
160.0,-0.005578974745731102
176.0,-0.00614096132630948
192.0,-0.0071871136788104195
208.0,-0.007598857155244332
224.0,-0.007365474601101596
240.0,-0.007825447820747893
256.0,-0.009512493916554376
288.0,-0.004488197617320111
320.0,-0.010091653559356928
352.0,-0.013727741927141324
384.0,-0.015071854977577459
416.0,-0.01686930819414556
448.0,-0.01751332826097496
480.0,-0.019237660482758656
512.0,-0.021389248897321522
576.0,0.005908243052545004
640.0,0.004407561500556767
704.0,0.005072658765129745
768.0,0.007682901108637452
832.0,-0.0011065779253840446
896.0,-0.008141924627125263
960.0,0.0014405706897377968
1024.0,-0.0025314897065982223
end
