version,3.0
numOfCh,1
type,point
parent_name,labthresh-0dot04_avgcorrs
ch_type,1_1
kcount,1
numberNandB,1
brightnessNandB,1
carpet pos,0
pc,0
Time (ms),CH1 Auto-Correlation
1.0,0.04705977812409401
2.0,0.046527791768312454
3.0,0.04602338373661041
4.0,0.045524001121520996
5.0,0.045027244836091995
6.0,0.04452676698565483
7.0,0.04399320110678673
8.0,0.043469298630952835
9.0,0.04298503324389458
10.0,0.04246453940868378
11.0,0.04195350781083107
12.0,0.041452016681432724
13.0,0.04099871590733528
14.0,0.04053858295083046
15.0,0.040049534291028976
16.0,0.0395965613424778
18.0,0.03862873464822769
20.0,0.03786495327949524
22.0,0.03705804422497749
24.0,0.03634073585271835
26.0,0.03565879538655281
28.0,0.03503922000527382
30.0,0.03453392535448074
32.0,0.03386333957314491
36.0,0.03567991299099627
40.0,0.03422021260352763
44.0,0.032741288594975645
48.0,0.031247158159120856
52.0,0.02992721072289648
56.0,0.028762611825103788
60.0,0.02764918281735101
64.0,0.026443997463502456
72.0,0.02756615102116484
80.0,0.02509549613459967
88.0,0.0230278030881891
96.0,0.021295992180785105
104.0,0.019776963609911036
112.0,0.01763274363183882
120.0,0.01539889961713925
128.0,0.012940987632119734
144.0,0.009803995831616168
160.0,0.003919546910979347
176.0,-0.0005531238001661704
192.0,-0.004690406395478503
208.0,-0.005699231056496501
224.0,-0.008604751314337859
240.0,-0.012634309538043453
256.0,-0.015190600707342128
288.0,-0.022772612649602637
320.0,-0.02787370873668876
352.0,-0.031100591823745232
384.0,-0.03329488437157124
416.0,-0.034469670741460644
448.0,-0.0334464782510902
480.0,-0.03869223168779475
512.0,-0.034655464735502996
576.0,-0.020087531248074292
640.0,-0.015476638451218605
704.0,-0.019138315825590065
768.0,-0.01868293367858444
832.0,-0.01561120109233473
896.0,-0.011691799653427941
960.0,-0.010846183014412722
1024.0,0.0006818707721928755
1152.0,-0.048060450702905655
1280.0,-0.02622438408434391
1408.0,0.021312031894922256
1536.0,0.03016648069024086
1664.0,0.027424780651926994
1792.0,0.06866751611232758
1920.0,0.08685922622680664
2048.0,0.06438469886779785
end
