version,3.0
numOfCh,1
type,point
parent_name,labthresh-0dot04_avgcorrs
ch_type,1_1
kcount,1
numberNandB,1
brightnessNandB,1
carpet pos,0
pc,0
Time (ms),CH1 Auto-Correlation
1.0,0.06456102430820465
2.0,0.05855323374271393
3.0,0.053416889160871506
4.0,0.04834581911563873
5.0,0.04321402311325073
6.0,0.03844344988465309
7.0,0.032930031418800354
8.0,0.029114916920661926
9.0,0.025038814172148705
10.0,0.02232944965362549
11.0,0.019392434507608414
12.0,0.017373336479067802
13.0,0.015085343271493912
14.0,0.013139069080352783
15.0,0.011870719492435455
16.0,0.010368816554546356
18.0,0.0074218339286744595
20.0,0.005661000497639179
22.0,0.004574435763061047
24.0,0.004129912704229355
26.0,0.0038358180318027735
28.0,0.003192722797393799
30.0,0.0023063221015036106
32.0,0.0007881949422881007
36.0,-0.0014797918718220506
40.0,-0.0036345851442240165
44.0,-0.0050750661250485544
48.0,-0.005874706937410755
52.0,-0.006253587643260363
56.0,-0.0059707844887492
60.0,-0.0047008672182250345
64.0,-0.003537301849822446
72.0,-0.003970387312026856
80.0,-0.005022411630662922
88.0,-0.0058759022282649075
96.0,-0.006306165929898903
104.0,-0.007103075379943576
112.0,-0.007365282401777855
120.0,-0.007696134502032731
128.0,-0.007849353640188423
144.0,-0.009042324171787186
160.0,-0.008898720941942884
176.0,-0.004119357279705582
192.0,-0.0005479826540977228
208.0,0.003780281560466392
224.0,0.001900636765640229
240.0,-0.0011116801251773722
256.0,-0.006301761646227533
288.0,-0.00013899159966968
320.0,-5.2428164053708315e-05
352.0,-0.001963794813491404
384.0,-0.0036093840487107323
416.0,-0.00894440314732492
448.0,-0.004614551005943213
480.0,-0.0011546439258381725
512.0,-0.001371169602498412
576.0,-0.005798404415448506
640.0,-0.0014839861541986465
704.0,-0.016029758068422478
768.0,-0.017820507287979126
832.0,-0.013950696680694818
896.0,-0.01204993164477249
960.0,-0.008858778436357776
1024.0,-0.007413454664250215
1152.0,-0.006395915523171425
1280.0,-0.014095088467001915
1408.0,-0.009932562708854675
1536.0,0.007198713254183531
1664.0,0.0010583883849903941
1792.0,0.004927794449031353
1920.0,-0.006857173517346382
2048.0,0.04739456996321678
end
