version,3.0
numOfCh,1
type,point
parent_name,labthresh-0dot04_avgcorrs
ch_type,1_1
kcount,1
numberNandB,1
brightnessNandB,1
carpet pos,0
pc,0
Time (ms),CH1 Auto-Correlation
1.0,0.024223636835813522
2.0,0.023607073351740837
3.0,0.023019596934318542
4.0,0.022406194359064102
5.0,0.021764623001217842
6.0,0.02112904191017151
7.0,0.020526612177491188
8.0,0.019929395988583565
9.0,0.019342713057994843
10.0,0.018747370690107346
11.0,0.018152207136154175
12.0,0.01758597232401371
13.0,0.01704522781074047
14.0,0.01653946191072464
15.0,0.016086461022496223
16.0,0.015650523826479912
18.0,0.014861715957522392
20.0,0.014051164500415325
22.0,0.013170489110052586
24.0,0.012284587137401104
26.0,0.011487499810755253
28.0,0.010731211863458157
30.0,0.01064893360258297
32.0,0.009956717379695461
36.0,0.011949592354423472
40.0,0.011213426315372579
44.0,0.010642638085604025
48.0,0.010199437607531227
52.0,0.009698008290471103
56.0,0.009364376715730498
60.0,0.009048300585560262
64.0,0.008642343222816588
72.0,0.010597732095301316
80.0,0.009551255106587985
88.0,0.00868767420216764
96.0,0.007374595089664405
104.0,0.00494205637486659
112.0,0.0028273211313306445
120.0,0.0021197921571377986
128.0,0.00038423231232847117
144.0,0.0006315251591385116
160.0,-0.0016074329263681326
176.0,-0.0030352656946942102
192.0,-0.0045220307896242425
208.0,-0.006497221835696323
224.0,-0.007400361256098703
240.0,-0.00858650906208341
256.0,-0.008876735650975368
288.0,-0.007495509814665032
320.0,-0.012233292974997312
352.0,-0.01889476793197294
384.0,-0.026439478439796302
416.0,-0.030123708148797352
448.0,-0.02996944925851292
480.0,-0.02907966691418551
512.0,-0.03183983564849768
576.0,-0.035469094291329384
640.0,-0.02571392711251974
704.0,-0.007273771509062499
768.0,0.010662896558642387
832.0,0.013512521516531706
896.0,0.023186351638287306
960.0,0.026632969733327627
1024.0,0.04556777613470331
end
