version,3.0
numOfCh,1
type,point
parent_name,labthresh-0dot04_avgcorrs
ch_type,1_1
kcount,1
numberNandB,1
brightnessNandB,1
carpet pos,0
pc,0
Time (ms),CH1 Auto-Correlation
1.0,0.03579432889819145
2.0,0.03283999487757683
3.0,0.029713839292526245
4.0,0.027114342898130417
5.0,0.025234462693333626
6.0,0.023654194548726082
7.0,0.022151712328195572
8.0,0.021117860451340675
9.0,0.019672805443406105
10.0,0.01907557249069214
11.0,0.018194204196333885
12.0,0.017277568578720093
13.0,0.01617632620036602
14.0,0.015268344432115555
15.0,0.014031250961124897
16.0,0.01345128659158945
18.0,0.011530782096087933
20.0,0.01038881205022335
22.0,0.009688475169241428
24.0,0.008476859889924526
26.0,0.00671274634078145
28.0,0.0055260369554162025
30.0,0.0042384834960103035
32.0,0.003428157651796937
36.0,0.0035878174350364132
40.0,0.0020018573285778985
44.0,0.0022755989128199873
48.0,0.001498881779552903
52.0,0.0012248570658266544
56.0,0.0019012850199942477
60.0,0.0016389676310003172
64.0,0.0021138736707750163
72.0,-0.0017714772832169686
80.0,-0.006176409697911281
88.0,-0.008699138020996802
96.0,-0.01118144765912023
104.0,-0.013106956378795161
112.0,-0.0143628792651552
120.0,-0.01591753348059553
128.0,-0.014009738290865027
144.0,0.002593932955278433
160.0,-0.0026217939903290244
176.0,-0.0018554144207882928
192.0,-0.000824002132503665
208.0,0.000285469985101372
224.0,0.000263704693679756
240.0,-0.0012644433920892576
256.0,-0.0033130348737662038
288.0,-0.004187049486467408
320.0,-0.00494744145059182
352.0,-0.006149903799976326
384.0,-0.007911872804268368
416.0,-0.006551503449574941
448.0,-0.0026138089726575548
480.0,-0.003708171761900303
512.0,-0.002941326063591987
576.0,-0.004311976703926727
640.0,-0.003014974994584918
704.0,-0.0012401729666938384
768.0,-0.004211158957332373
832.0,-0.001737277799596389
896.0,0.0003293723954508702
960.0,-0.0017337830892453592
1024.0,-0.003954495574968557
1152.0,-0.005439027678221464
1280.0,0.0019068066030740738
1408.0,0.011491208337247372
1536.0,0.015176178887486458
1664.0,0.003977187909185886
1792.0,-0.0027544228360056877
1920.0,0.006201545242220163
2048.0,0.001399066997691989
end
