version,3.0
numOfCh,1
type,point
parent_name,labthresh-0dot04_avgcorrs
ch_type,1_1
kcount,1
numberNandB,1
brightnessNandB,1
carpet pos,0
pc,0
Time (ms),CH1 Auto-Correlation
1.0,0.05759992077946663
2.0,0.053013723343610764
3.0,0.04897082597017288
4.0,0.04502823203802109
5.0,0.041842710226774216
6.0,0.03878452628850937
7.0,0.036019522696733475
8.0,0.03372493386268616
9.0,0.03161470592021942
10.0,0.03004533424973488
11.0,0.02785784937441349
12.0,0.025989927351474762
13.0,0.024425994604825974
14.0,0.02327907271683216
15.0,0.022362764924764633
16.0,0.021846596151590347
18.0,0.020970260724425316
20.0,0.020298006013035774
22.0,0.019299665465950966
24.0,0.019602123647928238
26.0,0.020254040136933327
28.0,0.02063867822289467
30.0,0.02041466534137726
32.0,0.019381370395421982
36.0,0.02373268832526776
40.0,0.01878803786894423
44.0,0.014104454754885865
48.0,0.011331832884934556
52.0,0.008043167340929358
56.0,0.005586824967394932
60.0,0.004659336641452683
64.0,0.003128193611246388
72.0,0.004862492604713354
80.0,0.006692488390919087
88.0,0.005903091084162172
96.0,0.007847340307697388
104.0,0.007960715173144959
112.0,0.005872350445445461
120.0,0.0054288363015595155
128.0,0.0047439072264491445
144.0,0.0042849862392441455
160.0,0.00216084397966783
176.0,-0.006903502031822096
192.0,-0.00815050110263242
208.0,-0.008037469619673422
224.0,-0.006888703554233705
240.0,-0.00549805817718152
256.0,-0.0048772494985976
288.0,-0.006982610289317866
320.0,-0.008117244591832988
352.0,-0.007237374715310175
384.0,-0.007116020657122135
416.0,-0.008311914386770999
448.0,-0.00845981773454696
480.0,-0.004769770751914216
512.0,-0.0065549105121236705
576.0,-0.009729368262924254
640.0,-0.012277953712873569
704.0,-0.014478862774558366
768.0,-0.009248267742805183
832.0,-0.011539246281608939
896.0,-0.0019355586206074803
960.0,0.0009369471808895469
1024.0,0.0005069556646049023
1152.0,-0.01153678447008133
1280.0,-0.010469614528119564
1408.0,-0.002556062303483486
1536.0,-0.0005265247309580445
1664.0,0.0035827746614813805
1792.0,0.00031203703838400543
1920.0,-0.008013507351279259
2048.0,-0.007534784264862537
2304.0,0.0038664594758301973
2560.0,-0.00961425993591547
2816.0,0.0021588997915387154
3072.0,0.007488209288567305
3328.0,-0.0028608853463083506
3584.0,-0.01649545691907406
3840.0,0.015101900324225426
4096.0,-0.006490286439657211
end
