version,3.0
numOfCh,1
type,point
parent_name,labthresh-0dot04_avgcorrs
ch_type,1_1
kcount,1
numberNandB,1
brightnessNandB,1
carpet pos,0
pc,0
Time (ms),CH1 Auto-Correlation
1.0,0.032822322100400925
2.0,0.032215725630521774
3.0,0.03162062540650368
4.0,0.030996102839708328
5.0,0.030374184250831604
6.0,0.02974874898791313
7.0,0.029130563139915466
8.0,0.028530893847346306
9.0,0.027967659756541252
10.0,0.02741168439388275
11.0,0.02684050239622593
12.0,0.026278262957930565
13.0,0.025734608992934227
14.0,0.02523738332092762
15.0,0.02471274882555008
16.0,0.024165716022253036
18.0,0.02298370748758316
20.0,0.021938007324934006
22.0,0.02087034285068512
24.0,0.01980465091764927
26.0,0.018773721531033516
28.0,0.01785292476415634
30.0,0.017089253291487694
32.0,0.016080237925052643
36.0,0.03229338294627739
40.0,0.03062271438077381
44.0,0.029102551234998452
48.0,0.02766170501628698
52.0,0.026128688386585244
56.0,0.024384313560058844
60.0,0.02262318695811073
64.0,0.02090144546748669
72.0,0.021977055405732245
80.0,0.01853422152926214
88.0,0.01569832036475418
96.0,0.012999255026807077
104.0,0.010364312813617289
112.0,0.008243905592244118
120.0,0.006398884250957053
128.0,0.004446262645069509
144.0,0.015943617416162265
160.0,0.013471616664901376
176.0,0.009996381345177618
192.0,0.007306642111336046
208.0,0.004823403789059204
224.0,0.00015011555104352096
240.0,-0.004117204520084402
256.0,-0.006900840943083441
288.0,0.008967276250976803
320.0,0.001397071173414588
352.0,-0.0066586485398667196
384.0,-0.014160422741302423
416.0,-0.016286675419126238
448.0,-0.017208329235602702
480.0,-0.020977679640054703
512.0,-0.023845889306228076
576.0,-0.05512698367238045
640.0,-0.08319609612226486
704.0,-0.10710002109408379
768.0,-0.13077808544039726
832.0,-0.15720755234360695
896.0,-0.1713000237941742
960.0,-0.17691581696271896
1024.0,-0.18932826817035675
end
