version,3.0
numOfCh,1
type,point
parent_name,labthresh-0dot04_avgcorrs
ch_type,1_1
kcount,1
numberNandB,1
brightnessNandB,1
carpet pos,0
pc,0
Time (ms),CH1 Auto-Correlation
1.0,0.11165951192378998
2.0,0.10898411273956299
3.0,0.10628175735473633
4.0,0.10416626930236816
5.0,0.10184921324253082
6.0,0.09960125386714935
7.0,0.09766169637441635
8.0,0.0959293469786644
9.0,0.09405770152807236
10.0,0.09209509193897247
11.0,0.09018196165561676
12.0,0.08840619027614594
13.0,0.0867130383849144
14.0,0.08466605842113495
15.0,0.08288499712944031
16.0,0.08126795291900635
18.0,0.07790323346853256
20.0,0.07445422559976578
22.0,0.07084892690181732
24.0,0.06689059734344482
26.0,0.06267517805099487
28.0,0.05811433866620064
30.0,0.05651965085417032
32.0,0.05107107159512287
36.0,0.05288686777930707
40.0,0.04228350469943857
44.0,0.03155665165160407
48.0,0.024036454286453172
52.0,0.017629001308075834
56.0,0.012121739457283044
60.0,0.00253703150435915
64.0,0.0021772275893174363
72.0,0.02236609056017187
80.0,0.014814814634883077
88.0,0.00903745150717441
96.0,0.004248932159680407
104.0,0.0001365011474263156
112.0,-0.0035759863021667115
120.0,-0.00746296383367735
128.0,-0.012618888476572465
144.0,-0.020080554989464063
160.0,-0.02858845687781771
176.0,-0.033702784932554804
192.0,-0.03603650525070003
208.0,-0.03882142157656037
224.0,-0.042041157955989346
240.0,-0.045980607977124985
256.0,-0.04711560171563178
288.0,-0.0673912416677922
320.0,-0.010450559062064713
352.0,0.014457353827310726
384.0,0.013838189508533105
416.0,0.01149613194866106
448.0,0.008511683729011565
480.0,0.004818677552975714
512.0,0.005210747360251844
576.0,-0.0438199732452631
640.0,-0.04836917947977781
704.0,-0.0508378897793591
768.0,-0.054005349753424525
832.0,-0.05999328522011638
896.0,-0.05743560945848003
960.0,-0.04686106799636036
1024.0,-0.03346582083031535
1152.0,-0.05606045573949814
1280.0,-0.06344351917505264
1408.0,-0.018310533836483955
1536.0,-0.019203247502446175
1664.0,-0.013652950525283813
1792.0,-0.0016025834484025836
1920.0,-0.02916613593697548
2048.0,-0.04960167780518532
end
