version,3.0
numOfCh,1
type,point
parent_name,labthresh-0dot04_avgcorrs
ch_type,1_1
kcount,1
numberNandB,1
brightnessNandB,1
carpet pos,0
pc,0
Time (ms),CH1 Auto-Correlation
1.0,0.015501334331929684
2.0,0.015141602605581284
3.0,0.014770416542887688
4.0,0.014395391568541527
5.0,0.01403255295008421
6.0,0.013680154457688332
7.0,0.013303029350936413
8.0,0.01293069589883089
9.0,0.012547962367534637
10.0,0.012162231840193272
11.0,0.011785180307924747
12.0,0.01139923557639122
13.0,0.011011945083737373
14.0,0.010649850592017174
15.0,0.010294578969478607
16.0,0.009933801367878914
18.0,0.009161153808236122
20.0,0.008494488894939423
22.0,0.00789694208651781
24.0,0.0073360358364880085
26.0,0.006793813314288855
28.0,0.006433924660086632
30.0,0.006393188545916928
32.0,0.006163009536744539
36.0,0.00833418000940976
40.0,0.007331574043869418
44.0,0.006437612917825636
48.0,0.005536270571364848
52.0,0.004731332161542456
56.0,0.00402679228456101
60.0,0.003786014044686049
64.0,0.002793900480658825
72.0,0.005398193867877126
80.0,0.003831047600542661
88.0,0.0024863828048910363
96.0,0.001716064874199219
104.0,0.0010657983971759676
112.0,0.000627814611652866
120.0,-0.0002443634448750147
128.0,-0.0003619154946215491
144.0,-0.002602352206992009
160.0,-0.004108923578314716
176.0,-0.004970372800016776
192.0,-0.005125477062392747
208.0,-0.004471632132663217
224.0,-0.004545529060123954
240.0,-0.004098570331310233
256.0,-0.005261147604323923
288.0,-0.002299023128580302
320.0,-0.008134124975185841
352.0,-0.013516008807346224
384.0,-0.017981192143633962
416.0,-0.021903261356055737
448.0,-0.024254674886469728
480.0,-0.024130274821072818
512.0,-0.01778625134320464
576.0,-0.002530406170990318
640.0,-0.0009692525491118431
704.0,-0.0019011013209819794
768.0,-0.0018936516717076302
832.0,-0.0018776156939566135
896.0,-0.00011925073340535164
end
