version,3.0
numOfCh,1
type,point
parent_name,labthresh-0dot04_avgcorrs
ch_type,1_1
kcount,1
numberNandB,1
brightnessNandB,1
carpet pos,0
pc,0
Time (ms),CH1 Auto-Correlation
1.0,0.032122619450092316
2.0,0.02998444251716137
3.0,0.028029534965753555
4.0,0.02619120664894581
5.0,0.024778442457318306
6.0,0.023619262501597404
7.0,0.022724712267518044
8.0,0.021815380081534386
9.0,0.020981624722480774
10.0,0.019851675257086754
11.0,0.01900363899767399
12.0,0.018057474866509438
13.0,0.01730518229305744
14.0,0.016613470390439034
15.0,0.01583498902618885
16.0,0.015245392918586731
18.0,0.014226692728698254
20.0,0.013825376518070698
22.0,0.013298525474965572
24.0,0.012529546394944191
26.0,0.011803492903709412
28.0,0.011018705554306507
30.0,0.01084239636111306
32.0,0.009782766895551942
36.0,0.011976424114484536
40.0,0.009963765403402871
44.0,0.007612072155002113
48.0,0.006169015046141699
52.0,0.004708264359291398
56.0,0.0039143371564262595
60.0,0.0030470258758501395
64.0,0.002404028078384918
72.0,0.004185080586466938
80.0,0.0034375723625998944
88.0,0.0032777129890746437
96.0,0.0024523503670934588
104.0,0.0008809425662548165
112.0,0.0004605782050930429
120.0,0.000348657529684715
128.0,-0.0009999260277254508
144.0,2.713820252280969e-07
160.0,0.0008917073137126863
176.0,-0.0003077527597689858
192.0,-0.001818901427143898
208.0,-0.0031528256558186305
224.0,-0.004672095801932021
240.0,-0.004060745094858038
256.0,-0.003936196957231284
288.0,-0.0016811903203941053
320.0,-0.0019391838900951876
352.0,0.0006546190965713726
384.0,-0.0011803983102759554
416.0,-0.0038518216331592863
448.0,-0.004539380574391948
480.0,-0.004170187542008029
512.0,-0.00368095747560599
576.0,-0.0075814124041547375
640.0,-0.011115260072983801
704.0,-0.010942186093113074
768.0,-0.009171185723971575
832.0,-0.004657963475134845
896.0,-0.006916969767189585
960.0,-0.008018682507099584
1024.0,0.006000077022084345
1152.0,-0.01600082963705063
1280.0,-0.012244836427271366
1408.0,-0.015016830526292324
1536.0,4.83192088722717e-05
1664.0,-0.007490746211260557
1792.0,0.0033246020320802927
1920.0,0.00036551477387547493
2048.0,-0.007486026268452406
end
