version,3.0
numOfCh,1
type,point
parent_name,labthresh-0dot04_avgcorrs
ch_type,1_1
kcount,1
numberNandB,1
brightnessNandB,1
carpet pos,0
pc,0
Time (ms),CH1 Auto-Correlation
1.0,0.05119980499148369
2.0,0.04665379971265793
3.0,0.042292386293411255
4.0,0.03878108039498329
5.0,0.034892406314611435
6.0,0.03133353218436241
7.0,0.02784857153892517
8.0,0.024533526971936226
9.0,0.02163461036980152
10.0,0.01909877359867096
11.0,0.01735430769622326
12.0,0.01580047234892845
13.0,0.014117839746177197
14.0,0.012682758271694183
15.0,0.01125368382781744
16.0,0.010182587429881096
18.0,0.006935918238013983
20.0,0.004689756315201521
22.0,0.0028607340063899755
24.0,0.0015306004788726568
26.0,0.0008136326796375215
28.0,0.0012713128235191107
30.0,0.0034937724769861234
32.0,0.0052506539431457595
36.0,0.000996340759516706
40.0,-0.000342062482326056
44.0,-0.001114600182661793
48.0,-0.0018329593034363107
52.0,-0.0002370197004270985
56.0,0.0004924214931394856
60.0,0.0014981735304091773
64.0,-2.8610981315877223e-05
72.0,-0.0006135311705293134
80.0,-0.002538205588280107
88.0,-0.004371443207977184
96.0,-0.00654804564085983
104.0,-0.008221281192201483
112.0,-0.007391587202628595
120.0,-0.008243528311971244
128.0,-0.010276385894900633
144.0,-0.009217194803770527
160.0,-0.004888087712364116
176.0,0.0017393313254514295
192.0,0.0007883259839016116
208.0,0.001375205724293159
224.0,0.007333273748776669
240.0,0.006920380285009742
256.0,-0.0009064308799091069
288.0,-0.02888421204018717
320.0,-0.030724340315221827
352.0,-0.018223823552640777
384.0,0.0046775487523215515
416.0,0.022213502631833155
448.0,0.020496729771063354
480.0,-0.004754050355404616
512.0,-0.008770853513851762
576.0,-0.006338595179840922
640.0,-0.012912816542666405
704.0,-0.007704164614551701
768.0,-0.00409655156545341
832.0,0.003018434744035403
896.0,0.005887520965188742
960.0,-0.005955739102015893
1024.0,-0.018029795338710148
end
