version,3.0
numOfCh,1
type,point
parent_name,labthresh-0dot04_avgcorrs
ch_type,1_1
kcount,1
numberNandB,1
brightnessNandB,1
carpet pos,0
pc,0
Time (ms),CH1 Auto-Correlation
1.0,0.07566147297620773
2.0,0.07370074838399887
3.0,0.071857750415802
4.0,0.07000662386417389
5.0,0.06835224479436874
6.0,0.06685879081487656
7.0,0.0653509572148323
8.0,0.06399571150541306
9.0,0.06262530386447906
10.0,0.06123611703515053
11.0,0.05999753251671791
12.0,0.058719225227832794
13.0,0.057301513850688934
14.0,0.055905479937791824
15.0,0.05447642132639885
16.0,0.05293900892138481
18.0,0.05017588287591934
20.0,0.04733710363507271
22.0,0.044639237225055695
24.0,0.041919611394405365
26.0,0.03930109366774559
28.0,0.036798637360334396
30.0,0.034477513283491135
32.0,0.03282709792256355
36.0,0.03825543146707456
40.0,0.035307911901988766
44.0,0.03331627553895735
48.0,0.031139871568567203
52.0,0.02900842680008447
56.0,0.02747778571607672
60.0,0.025666695527351378
64.0,0.023829459863587876
72.0,0.02458657342695484
80.0,0.02128042659942845
88.0,0.016935668753974727
96.0,0.014814204328056229
104.0,0.013342146375706713
112.0,0.01219800836100292
120.0,0.010773120233544
128.0,0.007728046075882096
144.0,0.008489523771762228
160.0,0.007130151032470167
176.0,0.009578918676803974
192.0,0.01378774301459392
208.0,0.017400350428943057
224.0,0.017752269234430667
240.0,0.00925676398522531
256.0,-0.004150022519752383
288.0,0.002952002842600147
320.0,-0.021020032556003168
352.0,-0.033888275269418955
384.0,-0.03423313801694247
416.0,-0.03597149003245351
448.0,-0.03442959709920817
480.0,-0.03454796224832535
512.0,-0.030668057850562036
576.0,-0.045526500605046746
640.0,-0.03615183793008327
704.0,-0.036623188247904184
768.0,-0.02220858884975314
832.0,-0.03271980490535498
896.0,-0.03462464205222204
960.0,-0.03625444043427706
1024.0,-0.045873507112264636
1152.0,-0.007883400656282902
1280.0,-0.026160696521401405
1408.0,-0.030172808095812798
1536.0,-0.0019560677465051413
1664.0,-0.0502401702105999
1792.0,-0.05265715345740318
1920.0,0.038044389337301254
2048.0,0.02078503929078579
end
