version,3.0
numOfCh,1
type,point
parent_name,labthresh-0dot04_avgcorrs
ch_type,1_1
kcount,1
numberNandB,1
brightnessNandB,1
carpet pos,0
pc,0
Time (ms),CH1 Auto-Correlation
1.0,0.025088753551244736
2.0,0.022153493016958237
3.0,0.019477682188153267
4.0,0.017366815358400345
5.0,0.016126984730362892
6.0,0.015028711408376694
7.0,0.013895200565457344
8.0,0.012680135667324066
9.0,0.011659984476864338
10.0,0.010967649519443512
11.0,0.010363859124481678
12.0,0.009812496602535248
13.0,0.009119844064116478
14.0,0.008353724144399166
15.0,0.0076693021692335606
16.0,0.007285077124834061
18.0,0.006732353940606117
20.0,0.005864331964403391
22.0,0.0052118427120149136
24.0,0.0042372834868729115
26.0,0.0033607138320803642
28.0,0.0030302226077765226
30.0,0.00315487293637213
32.0,0.002940605960316823
36.0,0.00484661764662283
40.0,0.003976500214776024
44.0,0.002605304604423089
48.0,0.0015396752211157805
52.0,0.000890201956141167
56.0,0.000274082478147018
60.0,-0.0003707067024571678
64.0,-0.0008364609479590749
72.0,-0.0007661187602934661
80.0,-0.001700816426455276
88.0,-0.001883713716233615
96.0,-0.0013735668813751544
104.0,-0.0005174142715986818
112.0,-0.001179577352013439
120.0,-0.0017890896560857072
128.0,-0.0025182733952533454
144.0,-0.0025894540659565893
160.0,-0.0024965770749582183
176.0,-0.003427743368471662
192.0,-0.0014906863293112514
208.0,-0.0005622723660457672
224.0,-0.0003989829419879243
240.0,-0.002081375242115053
256.0,-0.0026619530698928215
288.0,0.00021496623230632395
320.0,-0.001033881948387716
352.0,-0.0032557722297497094
384.0,-0.004094211195479147
416.0,-0.004887414530458045
448.0,-0.004097469372936757
480.0,-0.00604600912265596
512.0,-0.005647458019666374
576.0,0.0010904064401984215
640.0,-0.00124516268260777
704.0,-0.0062760847504250705
768.0,-0.006694352719932795
832.0,-0.006943363230675459
896.0,-0.006781590287573636
960.0,-0.012920881505124271
1024.0,-0.011873845127411187
1152.0,-0.005822638515383005
1280.0,-0.005169387441128492
1408.0,-0.011115329340100288
1536.0,-0.013474216684699059
1664.0,-0.012004737742245197
1792.0,-0.0027085854671895504
1920.0,0.000893005111720413
2048.0,-0.004324516747146845
end
