version,3.0
numOfCh,1
type,point
parent_name,labthresh-0dot04_avgcorrs
ch_type,1_1
kcount,1
numberNandB,1
brightnessNandB,1
carpet pos,0
pc,0
Time (ms),CH1 Auto-Correlation
1.0,0.027997149154543877
2.0,0.024972323328256607
3.0,0.021817129105329514
4.0,0.019831519573926926
5.0,0.018024180084466934
6.0,0.016900453716516495
7.0,0.01604388654232025
8.0,0.015437503345310688
9.0,0.014783184044063091
10.0,0.014205742627382278
11.0,0.013360237702727318
12.0,0.012873648665845394
13.0,0.012144741602241993
14.0,0.011601369827985764
15.0,0.011189177632331848
16.0,0.01086074486374855
18.0,0.009336423128843307
20.0,0.008186194114387035
22.0,0.007281139958649874
24.0,0.005869902204722166
26.0,0.004340698942542076
28.0,0.0025634844787418842
30.0,0.0015802016916192467
32.0,0.0006472520702926784
36.0,-0.001695420847916525
40.0,-0.0026414204609952114
44.0,-0.0035982388437860798
48.0,-0.004346748119719597
52.0,-0.005013025251701625
56.0,-0.005264092764557591
60.0,-0.0036380978822957593
64.0,-0.0031106126542519113
72.0,-0.0010659543993163177
80.0,-0.0012335071074961559
88.0,-0.0009621080230731009
96.0,-0.0008897320711350238
104.0,-0.0007980202817737915
112.0,-0.0007164704412306575
120.0,-0.0011222891892733362
128.0,-0.0016917925358506008
144.0,-0.0026068747808624592
160.0,-0.0037603093972263324
176.0,-0.0031008494967993882
192.0,-0.0012234322013162974
208.0,-0.00045702160943099964
224.0,-0.0002762409338694332
240.0,-0.0018030079712237541
256.0,-0.001687443832148953
288.0,-0.0012511414404596305
320.0,-0.0004982917388487193
352.0,-0.0050209884712886475
384.0,-0.006818889394505984
416.0,-0.006093549490388896
448.0,-0.0059549257631361895
480.0,-0.006774277542717755
512.0,-0.003989464713312272
576.0,-0.006980663374997675
640.0,-0.004491188330575824
704.0,-0.0008552326355129481
768.0,0.0033218017546460033
832.0,0.003039561561308801
896.0,0.008801722340285778
960.0,0.004032851968077011
1024.0,0.0060879944103362504
end
