version,3.0
numOfCh,1
type,point
parent_name,labthresh-0dot04_avgcorrs
ch_type,1_1
kcount,1
numberNandB,1
brightnessNandB,1
carpet pos,0
pc,0
Time (ms),CH1 Auto-Correlation
1.0,0.03300115093588829
2.0,0.0288690272718668
3.0,0.024987222626805305
4.0,0.02223094180226326
5.0,0.020571067929267883
6.0,0.019259609282016754
7.0,0.0178978368639946
8.0,0.016079995781183243
9.0,0.014449656009674072
10.0,0.01274743303656578
11.0,0.011739186011254787
12.0,0.011070176027715206
13.0,0.010638370178639889
14.0,0.01020876970142126
15.0,0.009373556822538376
16.0,0.008289001882076263
18.0,0.006975275464355946
20.0,0.0063046617433428764
22.0,0.005817058961838484
24.0,0.006583763752132654
26.0,0.007330972235649824
28.0,0.006871020421385765
30.0,0.006919347949638735
32.0,0.006101563566707502
36.0,0.0066637009196028885
40.0,0.005297898709272886
44.0,0.002220824639152852
48.0,-0.0008968537204054883
52.0,-0.0028633143479055434
56.0,-0.00391437213829704
60.0,-0.004060092505472224
64.0,-0.004971344172278599
72.0,-0.00504880782020998
80.0,-0.007102851063708923
88.0,-0.005763070414435457
96.0,-0.004142914776325183
104.0,-0.003394891761920669
112.0,-0.0019800361202132162
120.0,-0.004354454317644056
128.0,-0.0028145520426776436
144.0,-0.002436791656821567
160.0,-0.0032824160360697924
176.0,-0.0035717779220638996
192.0,-0.003475473135560086
208.0,-0.0026201852654464475
224.0,-0.00399781772076884
240.0,-0.0047361057835847275
256.0,-0.005595090429518937
288.0,-0.003951344161274998
320.0,-0.0029100491519784555
352.0,0.0010964998436975293
384.0,0.00018013383184249202
416.0,-0.0020976353844162077
448.0,-0.003197547085922755
480.0,-0.0035599471061686927
512.0,-0.006353991024904341
576.0,-0.004499791888520122
640.0,-0.007291014151026805
704.0,-0.0062752775847911835
768.0,0.0020221297551567354
832.0,0.0031760326819494367
896.0,-0.00155382021330297
960.0,-0.00019882293418049812
1024.0,-0.008576945285312831
end
