version,3.0
numOfCh,1
type,point
parent_name,labthresh-0dot04_avgcorrs
ch_type,1_1
kcount,1
numberNandB,1
brightnessNandB,1
carpet pos,0
pc,0
Time (ms),CH1 Auto-Correlation
1.0,0.055232707411050797
2.0,0.049925629049539566
3.0,0.04607020691037178
4.0,0.042988330125808716
5.0,0.04029633477330208
6.0,0.03832252696156502
7.0,0.03585134074091911
8.0,0.0334746353328228
9.0,0.03136612847447395
10.0,0.028958069160580635
11.0,0.027243608608841896
12.0,0.025741618126630783
13.0,0.02401604875922203
14.0,0.022408779710531235
15.0,0.021033236756920815
16.0,0.019527465105056763
18.0,0.0166998952627182
20.0,0.014996795915067196
22.0,0.013240660540759563
24.0,0.012148888781666756
26.0,0.011511890217661858
28.0,0.010172693990170956
30.0,0.008944030061898315
32.0,0.007767359638819471
36.0,0.007476657015934546
40.0,0.004496245900594184
44.0,0.002618281777596048
48.0,0.001454251614632085
52.0,0.0013681142707988013
56.0,0.0011821647931355983
60.0,0.001995179038203787
64.0,0.002223114891777463
72.0,0.00029141259141110104
80.0,-0.0030107977126087797
88.0,-0.004858890425805983
96.0,-0.0046167024135540585
104.0,-0.004265537471694283
112.0,-0.005953091529112211
120.0,-0.005465994736261885
128.0,-0.00425861803095733
144.0,-0.002177751960698515
160.0,-0.0036538084600276004
176.0,-0.00313594902982004
192.0,-0.0030891031385787454
208.0,-0.002851180557627231
224.0,-0.0006467014400186599
240.0,0.0006684279311836386
256.0,0.00021052430965937675
288.0,-0.007711833329974777
320.0,-0.007923276900934676
352.0,-0.011912125945349948
384.0,-0.006158060413630058
416.0,-0.006408739369362593
448.0,0.000271844444796443
480.0,-0.002037499245489016
512.0,-0.007789218157995492
576.0,-0.023874300066381693
640.0,-0.019967446010559796
704.0,-0.01358454804867506
768.0,-0.018254286021692677
832.0,-0.008977393084205688
896.0,-0.01662479666993022
960.0,-0.0059333531185984615
1024.0,-0.003934510983526707
1152.0,0.004972109571099281
1280.0,0.06260381639003754
1408.0,-0.006811965722590685
1536.0,0.002998167183250189
1664.0,-0.0679556354880333
1792.0,-0.04526039585471153
1920.0,0.05253300443291664
2048.0,0.04516364634037018
end
