version,3.0
numOfCh,1
type,point
parent_name,labthresh-0dot04_avgcorrs
ch_type,1_1
kcount,1
numberNandB,1
brightnessNandB,1
carpet pos,0
pc,0
Time (ms),CH1 Auto-Correlation
1.0,0.06731432676315308
2.0,0.06522423774003983
3.0,0.06297560781240463
4.0,0.060879796743392944
5.0,0.05894496664404869
6.0,0.05712997913360596
7.0,0.05513967201113701
8.0,0.053312622010707855
9.0,0.05139562487602234
10.0,0.04961131140589714
11.0,0.04823877289891243
12.0,0.04696556553244591
13.0,0.045553166419267654
14.0,0.0442141517996788
15.0,0.042656309902668
16.0,0.04131369665265083
18.0,0.038971275091171265
20.0,0.03644367307424545
22.0,0.03405921161174774
24.0,0.031991250813007355
26.0,0.030170246958732605
28.0,0.028297388926148415
30.0,0.026755735278129578
32.0,0.025604164227843285
36.0,0.02706145729216052
40.0,0.025024006550565633
44.0,0.021653053287403
48.0,0.01861173899327268
52.0,0.01486625782939989
56.0,0.010146645777721834
60.0,0.006708325747240451
64.0,0.0022717055931025243
72.0,0.0067880356104781285
80.0,0.0024475201903639927
88.0,0.0007311060041462516
96.0,0.00086539524415022
104.0,0.00452804446546867
112.0,0.007295153712418497
120.0,0.012066766782284147
128.0,0.01478357668004363
144.0,0.025535109569318593
160.0,0.020199754299028427
176.0,0.013760493015070097
192.0,0.0084347768263342
208.0,0.004727962143078912
224.0,0.003685080067953095
240.0,0.003840874602246913
256.0,0.0035782168270088732
288.0,0.006681757164187729
320.0,0.0013927642389067582
352.0,-0.005835922301879951
384.0,-0.01087190952551152
416.0,-0.010373025799968414
448.0,-0.004621658391053123
480.0,-0.0008308344653674535
512.0,-0.002542766010654824
576.0,-0.006650067400187254
640.0,-0.012820675658682982
704.0,-0.010977769891421
768.0,-0.01729837680856387
832.0,-0.030162650470932324
896.0,-0.032927820614228644
960.0,-0.051944001422574125
1024.0,-0.03165603056550026
1152.0,-0.09243728220462799
1280.0,-0.10874761641025543
1408.0,-0.09327340871095657
1536.0,-0.08327847719192505
1664.0,-0.16323834657669067
1792.0,-0.20365431904792786
1920.0,-0.29476726055145264
2048.0,-0.3698565363883972
end
