version,3.0
numOfCh,1
type,point
parent_name,labthresh-0dot04_avgcorrs
ch_type,1_1
kcount,1
numberNandB,1
brightnessNandB,1
carpet pos,0
pc,0
Time (ms),CH1 Auto-Correlation
1.0,0.024301737546920776
2.0,0.02386363595724106
3.0,0.023414606228470802
4.0,0.02297445945441723
5.0,0.022560248151421547
6.0,0.02213132753968239
7.0,0.02171553298830986
8.0,0.02134304866194725
9.0,0.02094973623752594
10.0,0.020611796528100967
11.0,0.020293371751904488
12.0,0.019977640360593796
13.0,0.01966853067278862
14.0,0.01936601847410202
15.0,0.01908162422478199
16.0,0.018852008506655693
18.0,0.01829402893781662
20.0,0.017711443826556206
22.0,0.017147181555628777
24.0,0.016632456332445145
26.0,0.016280125826597214
28.0,0.015906980261206627
30.0,0.015828767791859835
32.0,0.015311300478119407
36.0,0.021630756997974062
40.0,0.020820695806912187
44.0,0.019882126154540027
48.0,0.01862117451990185
52.0,0.01740835658489706
56.0,0.016494375680454337
60.0,0.015343314335990252
64.0,0.01349814186624312
72.0,0.020898909499759182
80.0,0.018842391765621656
88.0,0.0167226151594043
96.0,0.014646216357077184
104.0,0.012759491620646954
112.0,0.010954496919807485
120.0,0.009306118401582353
128.0,0.007846684249884942
144.0,0.006008497530516858
160.0,0.003745185988433756
176.0,0.001688701909733936
192.0,0.00018185436056228355
208.0,-0.0006259428686462343
224.0,-0.0005123069509863854
240.0,0.002269592445112981
256.0,0.0022998086100674948
288.0,0.005029513659379022
320.0,0.005252307439646261
352.0,0.005306431745835157
384.0,0.004257235776590692
416.0,0.00215045377262868
448.0,-0.0016966514945538206
480.0,-0.00530380488965999
512.0,-0.012374589410187169
576.0,-0.051862278720363975
640.0,-0.05292039808409754
704.0,-0.05172035645932738
768.0,-0.06208156107459217
832.0,-0.10229414619971067
896.0,-0.14879233634565026
960.0,-0.1919713284878526
1024.0,-0.21481834942824207
1152.0,-0.0033562094904482365
1280.0,-0.00433658342808485
1408.0,-0.0026487938594073057
1536.0,-0.0024540307931602
1664.0,0.0024223767686635256
1792.0,0.002213904866948724
1920.0,-0.00034094357397407293
2048.0,6.822262434980075e-07
end
