version,3.0
numOfCh,1
type,point
parent_name,labthresh-0dot04_avgcorrs
ch_type,1_1
kcount,1
numberNandB,1
brightnessNandB,1
carpet pos,0
pc,0
Time (ms),CH1 Auto-Correlation
1.0,0.05628802999854088
2.0,0.05048757418990135
3.0,0.04541582986712456
4.0,0.04148932173848152
5.0,0.038974564522504807
6.0,0.03656518831849098
7.0,0.033347394317388535
8.0,0.029498279094696045
9.0,0.025366956368088722
10.0,0.02259008400142193
11.0,0.020725592970848083
12.0,0.0194097887724638
13.0,0.017719760537147522
14.0,0.014566466212272644
15.0,0.011011258698999882
16.0,0.0076497215777635574
18.0,0.00456446735188365
20.0,0.0019441297044977546
22.0,-0.0008963992004282773
24.0,0.00026835687458515167
26.0,0.003255978226661682
28.0,0.00037073963903822005
30.0,-0.00039607658982276917
32.0,0.004176164511591196
36.0,-0.001570456554569925
40.0,0.0012958595717565105
44.0,0.003751724646362062
48.0,0.006320521189384938
52.0,0.005266255081045933
56.0,0.00529075638734058
60.0,0.008189235581893526
64.0,0.009465338309787007
72.0,0.00021692155288682052
80.0,-0.0004314386211003044
88.0,-0.001030016400493748
96.0,-0.0005829001545082844
104.0,-5.794637711785201e-05
112.0,0.0011359577654924838
120.0,0.0011103518357101297
128.0,-0.001788550169554323
144.0,-0.002999114870114929
160.0,-0.003856200394114818
176.0,-0.0059498660623582755
192.0,-0.006693458808513242
208.0,-0.007423045759258623
224.0,-0.005237241675124757
240.0,-0.0028077773670454258
256.0,-0.002435251337539574
288.0,0.0030241680797189474
320.0,0.0011839778926514555
352.0,-0.0006398841069312766
384.0,-0.0023533182393293828
416.0,-0.0035704910624190234
448.0,-0.002294337064085994
480.0,-0.0010652303390088491
512.0,-0.0014835398687864654
576.0,-0.0005736780419413533
640.0,-0.0030133408810278134
704.0,-0.005683361949715098
768.0,-0.00796558491336847
832.0,-0.001154806331864425
896.0,-0.0009828656745542372
960.0,-0.012631126413387912
1024.0,-0.015077824637826
1152.0,0.0009159229230135679
1280.0,0.005293905269354582
1408.0,-0.002211760962381959
1536.0,-0.0021280241780914366
1664.0,-0.004982011276297271
1792.0,-0.005238235811702907
1920.0,0.0009819560218602419
2048.0,0.006599227664992213
end
