version,3.0
numOfCh,1
type,point
parent_name,labthresh-0dot04_avgcorrs
ch_type,1_1
kcount,1
numberNandB,1
brightnessNandB,1
carpet pos,0
pc,0
Time (ms),CH1 Auto-Correlation
1.0,0.14834913611412048
2.0,0.14465849101543427
3.0,0.14128117263317108
4.0,0.13789817690849304
5.0,0.13450145721435547
6.0,0.13121674954891205
7.0,0.1280718743801117
8.0,0.12487338483333588
9.0,0.12200398743152618
10.0,0.11929242312908173
11.0,0.11664608120918274
12.0,0.11413899809122086
13.0,0.111666239798069
14.0,0.10923279821872711
15.0,0.10691507160663605
16.0,0.10475557297468185
18.0,0.10131043940782547
20.0,0.09774529188871384
22.0,0.09413719922304153
24.0,0.09114840626716614
26.0,0.08784694969654083
28.0,0.08494830876588821
30.0,0.08496267534039738
32.0,0.08208995858199317
36.0,0.10309417158764105
40.0,0.09685685934064994
44.0,0.09168467380169948
48.0,0.08577765680622013
52.0,0.07700441719696921
56.0,0.0679748922358902
60.0,0.057427103657656436
64.0,0.04506970635107295
72.0,0.062259301697945614
80.0,0.05101323726136654
88.0,0.04112478586428456
96.0,0.032985150979488696
104.0,0.026920070271252802
112.0,0.02144707753445561
120.0,0.01752786570853603
128.0,0.015072509873119233
144.0,0.011960027999399851
160.0,-0.00793123891732345
176.0,-0.02606904611578405
192.0,-0.0411174229811877
208.0,-0.06171063728785763
224.0,-0.07082847881441315
240.0,-0.06966140052924553
256.0,-0.061665074651439986
288.0,0.022959969518706203
320.0,-0.008371241204440594
352.0,-0.02208964414894581
384.0,-0.037540824711322786
416.0,-0.038066790625453
448.0,-0.01781559707596898
480.0,0.0194644863717258
512.0,0.027978319255635143
576.0,0.06423809565603733
640.0,0.05174880474805832
704.0,0.005688995122909546
768.0,-0.03416273754555732
832.0,-0.046421509236097336
896.0,-0.05047744564944878
960.0,-0.011842839419841766
1024.0,0.03250342980027199
1152.0,-0.07306796312332153
1280.0,-0.07359105348587036
1408.0,-0.09287681430578232
1536.0,-0.10311809182167053
1664.0,-0.09583691507577896
1792.0,-0.0742160752415657
1920.0,-0.0466073714196682
2048.0,-0.06663177162408829
2304.0,-0.1140749454498291
2560.0,-0.13572083413600922
2816.0,-0.09363091737031937
3072.0,-0.0655820369720459
3328.0,-0.07140551507472992
3584.0,0.01732265017926693
3840.0,0.018806060776114464
4096.0,-0.008346004411578178
end
