version,3.0
numOfCh,1
type,point
parent_name,labthresh-0dot04_avgcorrs
ch_type,1_1
kcount,1
numberNandB,1
brightnessNandB,1
carpet pos,0
pc,0
Time (ms),CH1 Auto-Correlation
1.0,0.06512615084648132
2.0,0.058971866965293884
3.0,0.05455345660448074
4.0,0.05107574537396431
5.0,0.048198677599430084
6.0,0.04576325789093971
7.0,0.042707715183496475
8.0,0.039836399257183075
9.0,0.036169834434986115
10.0,0.033170219510793686
11.0,0.031000057235360146
12.0,0.02912137843668461
13.0,0.027142895385622978
14.0,0.02568637579679489
15.0,0.024587353691458702
16.0,0.02281130664050579
18.0,0.017919501289725304
20.0,0.013444464653730392
22.0,0.010792630724608898
24.0,0.008278102613985538
26.0,0.0066230264492332935
28.0,0.0059790038503706455
30.0,0.004675074480473995
32.0,0.0033544658217579126
36.0,0.003549090438961381
40.0,0.0010749158924833562
44.0,-0.0020390932559166686
48.0,-0.0041973750512624974
52.0,-0.0051930354235688965
56.0,-0.006007129821227863
60.0,-0.006427312276766474
64.0,-0.005985063701107561
72.0,-0.0051508649056287185
80.0,-0.003057528581274183
88.0,0.0002388843368910449
96.0,0.0037162569994842144
104.0,0.0009155304953884823
112.0,-0.00649969471200357
120.0,0.0029373437834746097
128.0,0.000778062898247941
144.0,0.011065733700888813
160.0,0.010942720601936648
176.0,0.0030499343362559253
192.0,-0.0006362266894939239
208.0,-0.004535478274192428
224.0,0.0007790116214891896
240.0,0.008795663345760355
256.0,0.008170960679611502
288.0,0.00014600685487190881
320.0,-0.0026348840393539933
352.0,-0.00505745323931074
384.0,-0.008147700702668063
416.0,-0.006213448385501074
448.0,-0.0055037124451094615
480.0,-0.005938558515885638
512.0,-0.007823626213293109
576.0,-0.0027265395037829876
640.0,-0.007475547570114334
704.0,-0.010638390124465028
768.0,-0.015280157057228886
832.0,-0.01197517899951587
896.0,-0.010506997544628879
960.0,-0.025400842442953337
1024.0,-0.02920986124081537
1152.0,-0.02664863131940365
1280.0,-0.012848090380430222
1408.0,-0.008922908455133438
1536.0,-0.006654038559645414
1664.0,-0.011521875858306885
1792.0,-0.016476722434163094
1920.0,-0.020523767918348312
2048.0,-0.003698881482705474
end
