version,3.0
numOfCh,1
type,point
parent_name,labthresh-0dot04_avgcorrs
ch_type,1_1
kcount,1
numberNandB,1
brightnessNandB,1
carpet pos,0
pc,0
Time (ms),CH1 Auto-Correlation
1.0,0.05492015555500984
2.0,0.0499982051551342
3.0,0.04630595073103905
4.0,0.04270750284194946
5.0,0.03917381539940834
6.0,0.036169566214084625
7.0,0.03318961709737778
8.0,0.030794838443398476
9.0,0.028871309012174606
10.0,0.027047669515013695
11.0,0.025432001799345016
12.0,0.02381497621536255
13.0,0.022094381973147392
14.0,0.020436542108654976
15.0,0.019040949642658234
16.0,0.017950303852558136
18.0,0.015491644851863384
20.0,0.012644280679523945
22.0,0.010301904752850533
24.0,0.008117137476801872
26.0,0.006692005321383476
28.0,0.006055659148842096
30.0,0.005369732956023654
32.0,0.005810451494875856
36.0,0.005798112949479319
40.0,0.005286468554534925
44.0,0.004412886795156131
48.0,0.004391606319384462
52.0,0.00417754462816649
56.0,0.0027324229558871593
60.0,0.000862810130222767
64.0,-0.0007335495191260374
72.0,0.0008254911486541719
80.0,-0.00044397134063599097
88.0,-0.0009036413635580434
96.0,-0.0018625426538554685
104.0,-0.001185343081098316
112.0,-0.002425212004579537
120.0,-0.003609300848135414
128.0,-0.004517166945906529
144.0,-0.006198332156791863
160.0,-0.008552053480525502
176.0,-0.00995091703662183
192.0,-0.01783994927391177
208.0,-0.015949263924267144
224.0,-0.014524864850682207
240.0,-0.014525731938958512
256.0,-0.018034206640502242
288.0,-0.0258665337896673
320.0,-0.01941694802371785
352.0,-0.01147841228521429
384.0,-0.007451660894730594
416.0,-0.027129022193548735
448.0,0.006759367031918373
480.0,0.02061162016720378
512.0,-0.02285021574269714
576.0,-0.01668787202409779
640.0,-0.0015153180186947186
704.0,-0.003935093913848202
768.0,0.004045447334647179
832.0,0.005305647694816192
896.0,-0.005665648903232068
960.0,-0.007331542670726776
1024.0,-0.003909607417881489
end
