version,3.0
numOfCh,1
type,point
parent_name,labthresh-0dot04_avgcorrs
ch_type,1_1
kcount,1
numberNandB,1
brightnessNandB,1
carpet pos,0
pc,0
Time (ms),CH1 Auto-Correlation
1.0,0.02231236733496189
2.0,0.021824531257152557
3.0,0.0213509239256382
4.0,0.02088726870715618
5.0,0.020433226600289345
6.0,0.019962919875979424
7.0,0.019513143226504326
8.0,0.019093157723546028
9.0,0.018621068447828293
10.0,0.0181387010961771
11.0,0.0176690686494112
12.0,0.017200635746121407
13.0,0.016750050708651543
14.0,0.01632632501423359
15.0,0.015921631827950478
16.0,0.015531151555478573
18.0,0.014690715819597244
20.0,0.013889429159462452
22.0,0.013190827332437038
24.0,0.012519539333879948
26.0,0.011821761727333069
28.0,0.011137357912957668
30.0,0.01060029212385416
32.0,0.010101727209985256
36.0,0.012419838845380582
40.0,0.011213554789095984
44.0,0.010002913699177692
48.0,0.008776168287606976
52.0,0.007525507094604629
56.0,0.00633999627981601
60.0,0.005472356112607356
64.0,0.004857615817620951
72.0,0.009055258962650196
80.0,0.008263581967185019
88.0,0.007627566125637923
96.0,0.006676424428825647
104.0,0.005742549523767173
112.0,0.004691344213614894
120.0,0.0031599982909392564
128.0,0.002135230493731797
144.0,0.008785369945204973
160.0,0.005213703345604396
176.0,0.0011660380579996855
192.0,-0.0022465490891287725
208.0,-0.00497551990847569
224.0,-0.00725223655172158
240.0,-0.008441882077992584
256.0,-0.008938707880831013
288.0,-0.014985195723420474
320.0,-0.02249859118601307
352.0,-0.027914469165625632
384.0,-0.029567439516540617
416.0,-0.028014646528754385
448.0,-0.026903220065287316
480.0,-0.031062821811065077
512.0,-0.0347863785456866
576.0,-0.018433790653944016
640.0,-0.01569654978811741
704.0,-0.016459648497402668
768.0,-0.012278145179152489
832.0,-0.003912748768925667
896.0,-0.005047048442065716
960.0,0.003063720650970936
1024.0,0.0028508491814136505
end
