version,3.0
numOfCh,1
type,point
parent_name,labthresh-0dot04_avgcorrs
ch_type,1_1
kcount,1
numberNandB,1
brightnessNandB,1
carpet pos,0
pc,0
Time (ms),CH1 Auto-Correlation
1.0,0.20859114825725555
2.0,0.20261912047863007
3.0,0.19627106189727783
4.0,0.1899377405643463
5.0,0.18388919532299042
6.0,0.1778796911239624
7.0,0.17230074107646942
8.0,0.16711267828941345
9.0,0.1618708372116089
10.0,0.15637394785881042
11.0,0.15089501440525055
12.0,0.14542701840400696
13.0,0.13983501493930817
14.0,0.134758859872818
15.0,0.12964771687984467
16.0,0.12468520551919937
18.0,0.11420559883117676
20.0,0.10607218742370605
22.0,0.09858349710702896
24.0,0.09130358695983887
26.0,0.0834365040063858
28.0,0.07507918030023575
30.0,0.06716226041316986
32.0,0.05966268107295036
36.0,0.06968494949978776
40.0,0.05912415976054035
44.0,0.04932084296597168
48.0,0.03938203226134647
52.0,0.028747932492115068
56.0,0.011450656138670941
60.0,-0.0038995476148556917
64.0,-0.01144342646196795
72.0,0.09162550591128438
80.0,0.0787418666234436
88.0,0.06400802777429099
96.0,0.053951235844962
104.0,0.045534286105784735
112.0,0.031750068249254436
120.0,0.01477987398807033
128.0,-0.00022010808798337452
144.0,-0.00702922377968207
160.0,-0.015808198295417242
176.0,-0.025905635877279565
192.0,-0.028847034140198957
208.0,-0.03937998676701682
224.0,-0.06250768311292632
240.0,-0.07571000159950927
256.0,-0.0790006328340193
288.0,-0.0730364244809607
320.0,-0.09327063495584298
352.0,-0.12128420541193918
384.0,-0.14386432367609814
416.0,-0.18070680601522326
448.0,-0.20158996169629972
480.0,-0.2111234941985458
512.0,-0.2724163614329882
576.0,-0.07911857590079308
640.0,-0.08371628324190776
704.0,-0.0664129468301932
768.0,-0.05944090895354748
832.0,-0.07765851728618145
896.0,-0.07255955412983894
960.0,-0.039248005797465645
1024.0,-0.007355616117517154
1152.0,0.025975342839956284
1280.0,0.07142835855484009
1408.0,0.11010958254337311
1536.0,0.07207775115966797
1664.0,0.04994722083210945
1792.0,0.02072521299123764
1920.0,-0.010047567076981068
2048.0,-0.02388458512723446
end
