version,3.0
numOfCh,1
type,point
parent_name,labthresh-0dot04_avgcorrs
ch_type,1_1
kcount,1
numberNandB,1
brightnessNandB,1
carpet pos,0
pc,0
Time (ms),CH1 Auto-Correlation
1.0,0.01802947372198105
2.0,0.017673347145318985
3.0,0.01732976920902729
4.0,0.016989227384328842
5.0,0.016667557880282402
6.0,0.016340645030140877
7.0,0.01604379713535309
8.0,0.015746206045150757
9.0,0.015470137819647789
10.0,0.015185480937361717
11.0,0.014895451255142689
12.0,0.014636564999818802
13.0,0.014339877292513847
14.0,0.014027307741343975
15.0,0.013721782714128494
16.0,0.013437737710773945
18.0,0.012919755652546883
20.0,0.01246168464422226
22.0,0.012027938850224018
24.0,0.011540700681507587
26.0,0.01109627727419138
28.0,0.010662121698260307
30.0,0.010299721732735634
32.0,0.009921119548380375
36.0,0.011919990889369868
40.0,0.010945772762240197
44.0,0.010036154346520422
48.0,0.009029645290026495
52.0,0.008075657248599991
56.0,0.007299670018255711
60.0,0.0068446607224177565
64.0,0.0059456956735812125
72.0,0.009015146188176004
80.0,0.00790791624240228
88.0,0.006915766069869278
96.0,0.006019141940805639
104.0,0.005150195058376994
112.0,0.004444995613630454
120.0,0.003669329654076137
128.0,0.002480067507349304
144.0,0.005763980594705432
160.0,0.004199131105381709
176.0,0.0029563905062297215
192.0,0.0015907889588001685
208.0,0.0006555848152717003
224.0,-0.0003694837483075949
240.0,-0.0019393493421375751
256.0,-0.003603581554041459
288.0,-0.006610248005017638
320.0,-0.009872992178497953
352.0,-0.012756814924068749
384.0,-0.01505140951485373
416.0,-0.01578304200374987
448.0,-0.01603516765171662
480.0,-0.01808469754178077
512.0,-0.018479202152229847
576.0,-0.0032613776358110563
640.0,-0.003903881513646671
704.0,-0.006086702109314501
768.0,-0.007622693860737074
832.0,-0.008625203876623086
896.0,-0.008518616821155385
960.0,-0.00836952295503579
1024.0,-0.008549017754072944
end
