version,3.0
numOfCh,1
type,point
parent_name,labthresh-0dot04_avgcorrs
ch_type,1_1
kcount,1
numberNandB,1
brightnessNandB,1
carpet pos,0
pc,0
Time (ms),CH1 Auto-Correlation
1.0,0.1033429503440857
2.0,0.10003773123025894
3.0,0.09720351547002792
4.0,0.094248928129673
5.0,0.0911378562450409
6.0,0.08814632892608643
7.0,0.08521942049264908
8.0,0.08250590413808823
9.0,0.0801246389746666
10.0,0.07789228856563568
11.0,0.07584130018949509
12.0,0.0736423060297966
13.0,0.07119280099868774
14.0,0.06899672001600266
15.0,0.06718773394823074
16.0,0.06509033590555191
18.0,0.060691896826028824
20.0,0.05676083639264107
22.0,0.053230177611112595
24.0,0.04991954565048218
26.0,0.04691557586193085
28.0,0.04369090870022774
30.0,0.04037634655833244
32.0,0.037198517471551895
36.0,0.03846500951985945
40.0,0.03083886520253145
44.0,0.022187443335315037
48.0,0.01367343089732458
52.0,0.005494595442814898
56.0,-0.002598433312596171
60.0,0.01732275173497711
64.0,0.01378961438269088
72.0,0.014837957732163853
80.0,0.007770929826182072
88.0,0.0017666066575017154
96.0,-0.002967689677865969
104.0,-0.005893960124080035
112.0,-0.009206918878825727
120.0,-0.012711718956360038
128.0,-0.014607735643109594
144.0,-0.013116619351100834
160.0,-0.021025624040596408
176.0,-0.031828832559232766
192.0,-0.04622564450769192
208.0,-0.0683799549279844
224.0,-0.09081167472279905
240.0,-0.05474168347815673
256.0,-0.05634482105573018
288.0,-0.042582512309309095
320.0,-0.025849405210465193
352.0,-0.03276767983043101
384.0,-0.03954809080460109
416.0,-0.04277786630555056
448.0,-0.038261468603741376
480.0,-0.027389430767571967
512.0,-0.01733771019240117
576.0,-0.10106821614317596
640.0,-0.05011490569449961
704.0,-0.021084513806272298
768.0,0.08712755294982344
832.0,0.06407272617798299
896.0,-0.03941958770155907
960.0,-0.12384606059640646
1024.0,-0.15406798431649804
end
