version,3.0
numOfCh,1
type,point
parent_name,labthresh-0dot04_avgcorrs
ch_type,1_1
kcount,1
numberNandB,1
brightnessNandB,1
carpet pos,0
pc,0
Time (ms),CH1 Auto-Correlation
1.0,0.047312553972005844
2.0,0.042562175542116165
3.0,0.03792548552155495
4.0,0.03298800066113472
5.0,0.02839035354554653
6.0,0.0241845715790987
7.0,0.020698336884379387
8.0,0.01867814175784588
9.0,0.01716003008186817
10.0,0.016079936176538467
11.0,0.01600361242890358
12.0,0.01583990827202797
13.0,0.015136298723518848
14.0,0.014258107170462608
15.0,0.013409907929599285
16.0,0.012316676788032055
18.0,0.008497899398207664
20.0,0.005545052699744701
22.0,0.003094568382948637
24.0,0.0013208970194682479
26.0,-0.0008916570222936571
28.0,-0.0033000323455780745
30.0,-0.005840701516717672
32.0,-0.0065881418995559216
36.0,0.00031144506647251546
40.0,-0.0016444869660240922
44.0,-0.003744010921250067
48.0,-0.005432004403859458
52.0,-0.007354768867314661
56.0,-0.009541052168139646
60.0,-0.010431716163388362
64.0,-0.005799935483082663
72.0,0.0005612233103925569
80.0,0.0001679739927769535
88.0,-8.070108176778174e-07
96.0,-0.0012008727236308106
104.0,-0.003112003158700342
112.0,-0.0035750838627185053
120.0,-8.149777931976132e-05
128.0,0.00023458732357539702
144.0,0.0007045756065053865
160.0,-0.0006114940103240466
176.0,-0.0008549803266456971
192.0,-0.0025756515988177853
208.0,-0.0032692397629337697
224.0,9.017561630268271e-05
240.0,0.001128699038721
256.0,0.0009674574255313928
288.0,-0.004498920061450917
320.0,-0.0034214635816169903
352.0,-0.0005236393117229454
384.0,0.0011305549851385877
416.0,0.0008250180198956514
448.0,0.00031600004876963794
480.0,-0.0019282121585482465
512.0,-0.005118222225324384
576.0,-0.0033169504487887023
640.0,-0.0018793055322021246
704.0,-0.002370900963433087
768.0,-6.6285952925682064e-06
832.0,0.0025978815741837026
896.0,0.003179350949358195
960.0,0.002375073463190347
1024.0,0.0013993718719575554
1152.0,-0.0033950074830499943
1280.0,-0.006587932351976633
1408.0,-0.008175869414117187
1536.0,-0.006034514110069722
1664.0,-0.0032581202685832977
1792.0,-0.0018186294473707676
1920.0,-0.009568701265379786
2048.0,-0.006603514309972525
end
