version,3.0
numOfCh,1
type,point
parent_name,labthresh-0dot04_avgcorrs
ch_type,1_1
kcount,1
numberNandB,1
brightnessNandB,1
carpet pos,0
pc,0
Time (ms),CH1 Auto-Correlation
1.0,0.014601672999560833
2.0,0.014325287193059921
3.0,0.01405011024326086
4.0,0.013783757574856281
5.0,0.013525656424462795
6.0,0.013251516968011856
7.0,0.01296999678015709
8.0,0.012687833048403263
9.0,0.012396986596286297
10.0,0.012105107307434082
11.0,0.011829043738543987
12.0,0.011565390042960644
13.0,0.011285945773124695
14.0,0.011017100885510445
15.0,0.010746595449745655
16.0,0.010468864813446999
18.0,0.00990528054535389
20.0,0.009353467263281345
22.0,0.008800191804766655
24.0,0.008329332806169987
26.0,0.007886623032391071
28.0,0.0074208262376487255
30.0,0.007244962225377094
32.0,0.006845954602340498
36.0,0.010583842676424112
40.0,0.009801774330769368
44.0,0.009100064018074873
48.0,0.008466956982437265
52.0,0.00789695746212162
56.0,0.007381053968103892
60.0,0.007523604560576912
64.0,0.007122665385915232
72.0,0.008281997965557663
80.0,0.007137748812649237
88.0,0.0060442562117595635
96.0,0.005251146621088517
104.0,0.004495895840354142
112.0,0.0038243026368866635
120.0,0.004061165106825435
128.0,0.003442578093447744
144.0,0.004930928981463824
160.0,0.0029015366952600224
176.0,0.0007043589264087911
192.0,-0.0015473338114264021
208.0,-0.003608436531586839
224.0,-0.005202269214870674
240.0,-0.006792658973219139
256.0,-0.007893259969672986
288.0,-0.001364599756198004
320.0,-0.003302394860656932
352.0,-0.005013010412221774
384.0,-0.006816145358607173
416.0,-0.008252453466775478
448.0,-0.009440180251840503
480.0,-0.013219313663689213
512.0,-0.013427078588089595
576.0,-0.012004104163497686
640.0,-0.015180070791393519
704.0,-0.015194531669840217
768.0,-0.015848438325338065
832.0,-0.014824668690562249
896.0,-0.01936478102579713
960.0,-0.026813787049832172
1024.0,-0.022066674486268312
end
