version,3.0
numOfCh,1
type,point
parent_name,labthresh-0dot04_avgcorrs
ch_type,1_1
kcount,1
numberNandB,1
brightnessNandB,1
carpet pos,0
pc,0
Time (ms),CH1 Auto-Correlation
1.0,0.22104021906852722
2.0,0.21405090391635895
3.0,0.20731057226657867
4.0,0.2009791135787964
5.0,0.19463932514190674
6.0,0.1885107010602951
7.0,0.1826041340827942
8.0,0.17696455121040344
9.0,0.1717488169670105
10.0,0.16708731651306152
11.0,0.16279539465904236
12.0,0.15873196721076965
13.0,0.15554404258728027
14.0,0.1526239663362503
15.0,0.14909444749355316
16.0,0.145402193069458
18.0,0.14027906954288483
20.0,0.13535527884960175
22.0,0.13056054711341858
24.0,0.12595635652542114
26.0,0.12013338506221771
28.0,0.11295095086097717
30.0,0.10594574362039566
32.0,0.09933730214834213
36.0,0.10132638398596706
40.0,0.08561268154905216
44.0,0.06952031756736687
48.0,0.05562910533917602
52.0,0.04148978026836024
56.0,0.02804564455533788
60.0,0.012122166614669064
64.0,-0.0011512671985353033
72.0,0.0012400276307016611
80.0,-0.023297418914735316
88.0,-0.047067572058876975
96.0,-0.06775862864917144
104.0,-0.0824741283734329
112.0,-0.0984895590879023
120.0,-0.10644072726834565
128.0,-0.09377072092378512
144.0,-0.06359562307479791
160.0,-0.0489246931130765
176.0,-0.03619081064243801
192.0,-0.025497633960912935
208.0,-0.014683864927792455
224.0,-0.015273559426714201
240.0,-0.008041113247025734
256.0,-0.018865283727216974
288.0,-0.031665024522226304
320.0,-0.03982229134029088
352.0,-0.0587878028745763
384.0,-0.031269749956360705
416.0,0.011229176303459099
448.0,0.026386237839081634
480.0,0.007317821541801095
512.0,0.0033560366104211426
576.0,-0.034423040226101875
640.0,-0.030641672667115927
704.0,-0.028753811842761934
768.0,-0.023943631385918707
832.0,-0.010395016521215439
896.0,-0.012020515743643045
960.0,-0.006482151336967945
1024.0,0.005416341475211084
end
