version,3.0
numOfCh,1
type,point
parent_name,34a6d_10dot0-0dot01
ch_type,1_1
kcount,1
numberNandB,1
brightnessNandB,1
carpet pos,0
pc,0
Time (ms),CH1 Auto-Correlation
1.0,0.03252159804105759
2.0,0.026593375951051712
3.0,0.02350902557373047
4.0,0.021277224645018578
5.0,0.02013724111020565
6.0,0.018861304968595505
7.0,0.01835969276726246
8.0,0.018036652356386185
9.0,0.01749541237950325
10.0,0.016593676060438156
11.0,0.016043027862906456
12.0,0.01659473404288292
13.0,0.016192711889743805
14.0,0.015308347530663013
15.0,0.01481596753001213
16.0,0.01476183533668518
18.0,0.015150080434978008
20.0,0.014936676248908043
22.0,0.014338789507746696
24.0,0.014013150706887245
26.0,0.013221999630331993
28.0,0.012450993061065674
30.0,0.01225293055176735
32.0,0.012039532884955406
36.0,0.012353327125310898
40.0,0.012676404789090157
44.0,0.01251350250095129
48.0,0.011475550942122936
52.0,0.010479956865310669
56.0,0.01052090898156166
60.0,0.010946613736450672
64.0,0.011119105853140354
72.0,0.010539249517023563
80.0,0.010515889152884483
88.0,0.009658541530370712
96.0,0.00914637092500925
104.0,0.009568145498633385
112.0,0.009368323720991611
120.0,0.009650010615587234
128.0,0.008742636069655418
144.0,0.00819806382060051
160.0,0.0074494341388344765
176.0,0.0066728899255394936
192.0,0.006902833469212055
208.0,0.006701033096760511
224.0,0.006167000159621239
240.0,0.006598170846700668
256.0,0.006581889931112528
288.0,0.005908189807087183
320.0,0.00488757248967886
352.0,0.004386563319712877
384.0,0.00379505124874413
416.0,0.0019292624201625586
448.0,0.0015030930517241359
480.0,0.0006891559460200369
512.0,0.0003641227085608989
576.0,1.1036840078304522e-05
640.0,0.0011501649860292673
704.0,0.0013984721153974533
768.0,0.0020921698305755854
832.0,0.0015519441803917289
896.0,0.0004988984437659383
960.0,0.00216661486774683
1024.0,0.0025859822053462267
1152.0,0.001306380843743682
1280.0,0.001558732590638101
1408.0,0.0006505746277980506
1536.0,-0.0016474659787490964
1664.0,-0.00342748686671257
1792.0,-0.005113278515636921
1920.0,-0.002748853759840131
2048.0,0.00023236701963469386
2304.0,0.0020048937294632196
2560.0,0.0009659939678385854
2816.0,-0.0013152244500815868
3072.0,-0.0007695456733927131
3328.0,-1.1738376997527666e-05
3584.0,-0.003390724305063486
3840.0,-0.008774847723543644
4096.0,-0.009244426153600216
end
