version,3.0
numOfCh,1
type,point
parent_name,34a6d_10dot0-0dot01
ch_type,1_1
kcount,1
numberNandB,1
brightnessNandB,1
carpet pos,0
pc,0
Time (ms),CH1 Auto-Correlation
1.0,0.32161274552345276
2.0,0.3178073763847351
3.0,0.31473982334136963
4.0,0.3121567368507385
5.0,0.3097526431083679
6.0,0.30745354294776917
7.0,0.305545836687088
8.0,0.30321815609931946
9.0,0.30108803510665894
10.0,0.29921722412109375
11.0,0.2969508767127991
12.0,0.2948054373264313
13.0,0.29286518692970276
14.0,0.291074275970459
15.0,0.2890598177909851
16.0,0.28731635212898254
18.0,0.2833687663078308
20.0,0.2797100841999054
22.0,0.27605533599853516
24.0,0.27265629172325134
26.0,0.2695431709289551
28.0,0.2662067115306854
30.0,0.26308825612068176
32.0,0.26001834869384766
36.0,0.2537257969379425
40.0,0.24759714305400848
44.0,0.24141603708267212
48.0,0.23653852939605713
52.0,0.23162628710269928
56.0,0.22604845464229584
60.0,0.2208312749862671
64.0,0.21589045226573944
72.0,0.20498813688755035
80.0,0.19460810720920563
88.0,0.18637366592884064
96.0,0.17916086316108704
104.0,0.17637285590171814
112.0,0.1758175492286682
120.0,0.17690855264663696
128.0,0.17729730904102325
144.0,0.17713183164596558
160.0,0.17914465069770813
176.0,0.1806497424840927
192.0,0.18326979875564575
208.0,0.1845521330833435
224.0,0.180754616856575
240.0,0.17543256282806396
256.0,0.16949687898159027
288.0,0.15346182882785797
320.0,0.13452713191509247
352.0,0.1142350360751152
384.0,0.09714605659246445
416.0,0.09813617169857025
448.0,0.10238967090845108
480.0,0.09863118827342987
512.0,0.07604950666427612
576.0,0.011882203631103039
640.0,-0.01431471761316061
704.0,-0.02736080437898636
768.0,-0.03908978030085564
832.0,-0.06056853383779526
896.0,-0.06297419220209122
960.0,-0.05197421833872795
1024.0,-0.05632511153817177
1152.0,-0.04875561222434044
1280.0,-0.019270142540335655
1408.0,0.02794576808810234
1536.0,0.05941183865070343
1664.0,0.0704943910241127
1792.0,0.056794218719005585
1920.0,0.04363436624407768
2048.0,0.010464991442859173
2304.0,-0.06704822182655334
2560.0,-0.1074492409825325
2816.0,-0.10994572937488556
3072.0,-0.09001395106315613
3328.0,-0.048710793256759644
3584.0,-0.04553978890180588
3840.0,-0.03400736302137375
4096.0,-0.06850489974021912
end
