version,3.0
numOfCh,1
type,point
parent_name,fe81d_10dot0-0dot01
ch_type,1_1
kcount,1
numberNandB,1
brightnessNandB,1
carpet pos,0
pc,0
Time (ms),CH1 Auto-Correlation
1.0,0.06631068140268326
2.0,0.05844343826174736
3.0,0.053648583590984344
4.0,0.04973277077078819
5.0,0.04708526283502579
6.0,0.045191723853349686
7.0,0.04302185773849487
8.0,0.04147106409072876
9.0,0.04030976817011833
10.0,0.039299968630075455
11.0,0.03820856660604477
12.0,0.03642722964286804
13.0,0.035066042095422745
14.0,0.03401465341448784
15.0,0.032671306282281876
16.0,0.030721334740519524
18.0,0.02602064236998558
20.0,0.022617341950535774
22.0,0.019375167787075043
24.0,0.017226459458470345
26.0,0.015330644324421883
28.0,0.012991652823984623
30.0,0.01049338560551405
32.0,0.008271237835288048
36.0,0.00583009934052825
40.0,0.0064353640191257
44.0,0.0062616197392344475
48.0,0.005676275119185448
52.0,0.006115209311246872
56.0,0.006218152120709419
60.0,0.005155594553798437
64.0,0.004581067245453596
72.0,0.0039223856292665005
80.0,0.0028387904167175293
88.0,0.0008753128349781036
96.0,0.0013286429457366467
104.0,0.002332324394956231
112.0,0.0018308070721104741
120.0,0.0014749172842130065
128.0,0.0003942792827729136
144.0,-0.0003240101505070925
160.0,9.458289423491806e-05
176.0,0.00010708795889513567
192.0,-0.0002786693803500384
208.0,0.0005557743133977056
224.0,0.0009066300699487329
240.0,0.0023354310542345047
256.0,0.0016672046622261405
288.0,0.0004739294236060232
320.0,0.0013949646381661296
352.0,0.001211129012517631
384.0,7.752597593935207e-05
416.0,-0.00035835246671922505
448.0,-0.0005605155602097511
480.0,-0.0008986788452602923
512.0,0.0006201763171702623
576.0,0.00118915643543005
640.0,0.0014111674390733242
704.0,0.001988916425034404
768.0,0.001806579064577818
832.0,0.0011834828183054924
896.0,0.0028201481327414513
960.0,0.00035108678275719285
1024.0,0.0006083293119445443
1152.0,-3.22288615279831e-05
1280.0,-0.0006009260541759431
1408.0,-7.508254202548414e-05
1536.0,0.0012210012646391988
1664.0,0.0010925378883257508
1792.0,0.0013977894559502602
1920.0,-0.0008803841192275286
2048.0,-0.00035177014069631696
2304.0,-0.0006933992845006287
2560.0,-0.0005023907287977636
2816.0,-0.0016065993113443255
3072.0,-0.002236817730590701
3328.0,0.00046598873450420797
3584.0,-0.0009351870976388454
3840.0,-0.0011032780166715384
4096.0,0.0014542354037985206
end
