version,3.0
numOfCh,1
type,point
parent_name,714af_0dot08-0dot1
ch_type,1_1
kcount,1
numberNandB,1
brightnessNandB,1
carpet pos,0
pc,0
Time (ms),CH1 Auto-Correlation
1.0,0.10317641496658325
2.0,0.10015865415334702
3.0,0.0972011387348175
4.0,0.09459275007247925
5.0,0.09231559187173843
6.0,0.09013292193412781
7.0,0.08827204257249832
8.0,0.0862075537443161
9.0,0.08378680795431137
10.0,0.08136966079473495
11.0,0.07877334207296371
12.0,0.07606532424688339
13.0,0.07339058816432953
14.0,0.07096369564533234
15.0,0.07047238200902939
16.0,0.07005053013563156
18.0,0.06920011341571808
20.0,0.06882549822330475
22.0,0.06846227496862411
24.0,0.0682593435049057
26.0,0.06808977574110031
28.0,0.06797466427087784
30.0,0.06776807457208633
32.0,0.0674176886677742
36.0,0.06623384356498718
40.0,0.06503833830356598
44.0,0.06352712959051132
48.0,0.061979860067367554
52.0,0.0605611614882946
56.0,0.0592317171394825
60.0,0.058376628905534744
64.0,0.05772388353943825
72.0,0.05624479055404663
80.0,0.0542188361287117
88.0,0.05258498340845108
96.0,0.051436882466077805
104.0,0.04971742630004883
112.0,0.04863928258419037
120.0,0.048120755702257156
128.0,0.04701022058725357
144.0,0.04495740309357643
160.0,0.04313172399997711
176.0,0.04228568822145462
192.0,0.04076759144663811
208.0,0.03996451571583748
224.0,0.0387643501162529
240.0,0.03873271495103836
256.0,0.0388215146958828
288.0,0.03785694018006325
320.0,0.03565683960914612
352.0,0.03418886289000511
384.0,0.03483957052230835
416.0,0.03456949442625046
448.0,0.03329155966639519
480.0,0.0317448191344738
512.0,0.02910749614238739
576.0,0.025596141815185547
640.0,0.026303807273507118
704.0,0.026544006541371346
768.0,0.021163586527109146
832.0,0.01872062496840954
896.0,0.01935911551117897
960.0,0.02108074724674225
1024.0,0.016310246661305428
1152.0,0.010949937626719475
1280.0,0.006651291158050299
1408.0,0.0031098828185349703
1536.0,0.0011256326688453555
1664.0,-0.002672312082722783
1792.0,-0.005730348639190197
1920.0,-0.003976733423769474
2048.0,-0.0015688796993345022
2304.0,0.0006658846978098154
2560.0,0.0023381372448056936
2816.0,0.0022958340123295784
3072.0,0.0008251254912465811
3328.0,0.0026753812562674284
3584.0,0.00017393988673575222
3840.0,-0.010730169713497162
4096.0,-0.019022542983293533
4608.0,-0.02081952802836895
5120.0,-0.023284101858735085
5632.0,-0.01377753634005785
6144.0,-0.015619487501680851
6656.0,-0.02882249467074871
7168.0,-0.036810219287872314
7680.0,-0.03153649717569351
8192.0,-0.0030923669692128897
end
