version,3.0
numOfCh,1
type,point
parent_name,robust_thresh-2
ch_type,1_1
kcount,1
numberNandB,1
brightnessNandB,1
carpet pos,0
pc,0
Time (ms),CH1 Auto-Correlation
1.0,0.3784814178943634
2.0,0.37740781903266907
3.0,0.3763958811759949
4.0,0.3754219114780426
5.0,0.37447264790534973
6.0,0.3735884726047516
7.0,0.372766375541687
8.0,0.3719632029533386
9.0,0.37118834257125854
10.0,0.37044957280158997
11.0,0.36971455812454224
12.0,0.36901265382766724
13.0,0.36830422282218933
14.0,0.3676348924636841
15.0,0.3669700026512146
16.0,0.3663107752799988
18.0,0.3650937080383301
20.0,0.3638720214366913
22.0,0.36263442039489746
24.0,0.361503005027771
26.0,0.3604090213775635
28.0,0.35930755734443665
30.0,0.3581595718860626
32.0,0.3570234477519989
36.0,0.3548741340637207
40.0,0.35276535153388977
44.0,0.35067710280418396
48.0,0.34852612018585205
52.0,0.3463241755962372
56.0,0.34410202503204346
60.0,0.3418855369091034
64.0,0.33949944376945496
72.0,0.3345683813095093
80.0,0.32969677448272705
88.0,0.3246956765651703
96.0,0.31956401467323303
104.0,0.31455451250076294
112.0,0.3096875548362732
120.0,0.3050892651081085
128.0,0.3006144165992737
144.0,0.2933329641819
160.0,0.28674784302711487
176.0,0.2804065942764282
192.0,0.2734440863132477
208.0,0.2659841775894165
224.0,0.2589147686958313
240.0,0.25253620743751526
256.0,0.2457275688648224
288.0,0.2324926108121872
320.0,0.21746209263801575
352.0,0.20309722423553467
384.0,0.1889880746603012
416.0,0.17455844581127167
448.0,0.16110022366046906
480.0,0.14823618531227112
512.0,0.13597674667835236
576.0,0.11357229202985764
640.0,0.09012798219919205
704.0,0.06809540838003159
768.0,0.055224113166332245
832.0,0.05227323994040489
896.0,0.05722760781645775
960.0,0.06209411844611168
1024.0,0.06887619197368622
1152.0,0.08057796955108643
1280.0,0.09279307723045349
1408.0,0.10319020599126816
1536.0,0.10637204349040985
1664.0,0.10066726803779602
1792.0,0.11031442880630493
1920.0,0.1005021259188652
2048.0,0.09044299274682999
2304.0,0.07659744471311569
2560.0,0.03637034818530083
2816.0,-0.01793215423822403
3072.0,-0.05054404214024544
3328.0,-0.036224883049726486
3584.0,0.024128703400492668
3840.0,0.05644402280449867
4096.0,0.014099515974521637
4608.0,-0.07525812834501266
5120.0,-0.08100330084562302
5632.0,-0.10267824679613113
6144.0,-0.10535896569490433
6656.0,-0.10009688138961792
7168.0,-0.12605296075344086
7680.0,-0.10820065438747406
8192.0,-0.10323616117238998
end
