version,3.0
numOfCh,1
type,point
parent_name,robust_thresh-2
ch_type,1_1
kcount,1
numberNandB,1
brightnessNandB,1
carpet pos,0
pc,0
Time (ms),CH1 Auto-Correlation
1.0,0.1578945368528366
2.0,0.14969433844089508
3.0,0.14253175258636475
4.0,0.13625024259090424
5.0,0.1308770775794983
6.0,0.12619315087795258
7.0,0.12192198634147644
8.0,0.118026964366436
9.0,0.11447427421808243
10.0,0.1109076663851738
11.0,0.10780869424343109
12.0,0.10492368787527084
13.0,0.1022220179438591
14.0,0.09916678816080093
15.0,0.0959973856806755
16.0,0.09347537904977798
18.0,0.08952301740646362
20.0,0.08644412457942963
22.0,0.08352049440145493
24.0,0.08031299710273743
26.0,0.07721458375453949
28.0,0.07369465380907059
30.0,0.07087050378322601
32.0,0.06922070682048798
36.0,0.06596032530069351
40.0,0.06291716545820236
44.0,0.06058311462402344
48.0,0.058467574417591095
52.0,0.056647393852472305
56.0,0.054032664746046066
60.0,0.05131025239825249
64.0,0.04903454706072807
72.0,0.04437815397977829
80.0,0.039345186203718185
88.0,0.03733181208372116
96.0,0.03598403185606003
104.0,0.03399772197008133
112.0,0.0315520204603672
120.0,0.026531320065259933
128.0,0.022661825641989708
144.0,0.024373723194003105
160.0,0.02967659756541252
176.0,0.03103201650083065
192.0,0.02660895325243473
208.0,0.025596419349312782
224.0,0.023418286815285683
240.0,0.02019060030579567
256.0,0.020143713802099228
288.0,0.02057337947189808
320.0,0.01518641971051693
352.0,0.01546856202185154
384.0,0.013060440309345722
416.0,0.005876994226127863
448.0,0.005426479037851095
480.0,0.0035421280190348625
512.0,0.008310668170452118
576.0,0.012133337557315826
640.0,0.006596273276954889
704.0,0.00829619262367487
768.0,0.012451371178030968
832.0,0.012960926629602909
896.0,0.016579868271946907
960.0,0.006020191125571728
1024.0,0.004102923907339573
1152.0,0.0029860136564821005
1280.0,-0.0013168436707928777
1408.0,0.0005171355442143977
1536.0,-0.0028628851287066936
1664.0,-0.010892840102314949
1792.0,-0.01142622996121645
1920.0,-0.002446151338517666
2048.0,-0.01403837837278843
2304.0,-0.01654539629817009
2560.0,-0.0016194359632208943
2816.0,0.004655663389712572
3072.0,-0.0010526711121201515
3328.0,-0.007068767677992582
3584.0,-0.0006122009945102036
3840.0,0.009552744217216969
4096.0,0.0047691804356873035
4608.0,-0.012548664584755898
5120.0,-0.020299963653087616
5632.0,-0.01127608772367239
6144.0,-0.01297151017934084
6656.0,-1.3142816897016019e-05
7168.0,-0.0016871570842340589
7680.0,-0.004394146613776684
8192.0,0.005800805054605007
end
