version,3.0
numOfCh,1
type,point
parent_name,robust_thresh-2
ch_type,1_1
kcount,1
numberNandB,1
brightnessNandB,1
carpet pos,0
pc,0
Time (ms),CH1 Auto-Correlation
1.0,0.3306277394294739
2.0,0.3190380036830902
3.0,0.30906811356544495
4.0,0.3001173734664917
5.0,0.2918796241283417
6.0,0.28417593240737915
7.0,0.2768624722957611
8.0,0.2709641754627228
9.0,0.26511892676353455
10.0,0.2599148452281952
11.0,0.2548999786376953
12.0,0.25039607286453247
13.0,0.2458944171667099
14.0,0.24116010963916779
15.0,0.2363012582063675
16.0,0.23187318444252014
18.0,0.22471171617507935
20.0,0.21822254359722137
22.0,0.2125163972377777
24.0,0.20694048702716827
26.0,0.20081688463687897
28.0,0.19563128054141998
30.0,0.19105643033981323
32.0,0.18677206337451935
36.0,0.1781173050403595
40.0,0.1690976619720459
44.0,0.16012658178806305
48.0,0.15200595557689667
52.0,0.14627735316753387
56.0,0.1404922604560852
60.0,0.13509787619113922
64.0,0.13173365592956543
72.0,0.12098933756351471
80.0,0.10908570140600204
88.0,0.09637812525033951
96.0,0.08533838391304016
104.0,0.07666297256946564
112.0,0.07252506166696548
120.0,0.0703992024064064
128.0,0.07026059925556183
144.0,0.06595829874277115
160.0,0.059369899332523346
176.0,0.05562581121921539
192.0,0.04905925691127777
208.0,0.0466020442545414
224.0,0.036976609379053116
240.0,0.025922106578946114
256.0,0.020104646682739258
288.0,0.024844881147146225
320.0,0.03507459536194801
352.0,0.05562664940953255
384.0,0.054682858288288116
416.0,0.06391026079654694
448.0,0.05433297157287598
480.0,0.05410459265112877
512.0,0.06226803734898567
576.0,0.06100333482027054
640.0,0.03145788609981537
704.0,0.022756164893507957
768.0,0.007196338381618261
832.0,-0.003567315870895982
896.0,0.0016535145696252584
960.0,-0.0006903359899297357
1024.0,-0.00517973443493247
1152.0,-0.004212283529341221
1280.0,-0.022294556722044945
1408.0,-0.02925022318959236
1536.0,-0.011244804598391056
1664.0,-0.0016726369503885508
1792.0,-0.015390719287097454
1920.0,-0.020213186740875244
2048.0,0.007990269921720028
2304.0,0.0006604989757761359
2560.0,-0.004391487222164869
2816.0,-0.00605415552854538
3072.0,-0.028078420087695122
3328.0,-0.022139618173241615
3584.0,-0.036976926028728485
3840.0,0.0006234439788386226
4096.0,-0.00014339103654492646
4608.0,0.04114715754985809
5120.0,0.012388361617922783
5632.0,-0.021754374727606773
6144.0,-0.01708335429430008
6656.0,0.0290510356426239
7168.0,0.027493955567479134
7680.0,-0.010422183200716972
8192.0,-0.02553657814860344
end
