version,3.0
numOfCh,1
type,point
parent_name,robust_thresh-2
ch_type,1_1
kcount,1
numberNandB,1
brightnessNandB,1
carpet pos,0
pc,0
Time (ms),CH1 Auto-Correlation
1.0,0.13632766902446747
2.0,0.12900355458259583
3.0,0.12269110977649689
4.0,0.1169968694448471
5.0,0.11191466450691223
6.0,0.10758405923843384
7.0,0.10373862832784653
8.0,0.10012849420309067
9.0,0.09709011763334274
10.0,0.09422460198402405
11.0,0.09147725999355316
12.0,0.0886426568031311
13.0,0.08612369745969772
14.0,0.0836089476943016
15.0,0.08139673620462418
16.0,0.07949493825435638
18.0,0.07557515799999237
20.0,0.0720708966255188
22.0,0.06863332539796829
24.0,0.06605608016252518
26.0,0.06376292556524277
28.0,0.06125019118189812
30.0,0.05831359326839447
32.0,0.05558866262435913
36.0,0.051909904927015305
40.0,0.04867478832602501
44.0,0.045357607305049896
48.0,0.04284604638814926
52.0,0.04175502806901932
56.0,0.04004891216754913
60.0,0.038455717265605927
64.0,0.03818625584244728
72.0,0.03784069046378136
80.0,0.03605257347226143
88.0,0.03403988853096962
96.0,0.0336260125041008
104.0,0.03313146159052849
112.0,0.030668456107378006
120.0,0.02662787027657032
128.0,0.022200865671038628
144.0,0.021826067939400673
160.0,0.021781733259558678
176.0,0.01922103390097618
192.0,0.014974392019212246
208.0,0.015018114820122719
224.0,0.015648720785975456
240.0,0.013820050284266472
256.0,0.012150092981755733
288.0,0.014861712232232094
320.0,0.012053180485963821
352.0,0.014768334105610847
384.0,0.02318202145397663
416.0,0.024302035570144653
448.0,0.026224372908473015
480.0,0.025356214493513107
512.0,0.01948436349630356
576.0,0.01777423545718193
640.0,0.02093450166285038
704.0,0.022753367200493813
768.0,0.01825321465730667
832.0,0.021228481084108353
896.0,0.01828828640282154
960.0,0.018481412902474403
1024.0,0.01586085744202137
1152.0,0.01410150807350874
1280.0,0.015731271356344223
1408.0,0.019410304725170135
1536.0,0.01580209657549858
1664.0,0.019237300381064415
1792.0,0.016703739762306213
1920.0,0.013999599032104015
2048.0,0.012396696954965591
2304.0,0.008122454397380352
2560.0,0.009287452325224876
2816.0,0.011264738626778126
3072.0,0.0037514090072363615
3328.0,0.009766238741576672
3584.0,-0.002542659407481551
3840.0,0.0016539498465135694
4096.0,-0.003708252217620611
4608.0,-0.005034266505390406
5120.0,-0.01414412073791027
5632.0,-0.013392149470746517
6144.0,-0.016006777063012123
6656.0,-0.021216290071606636
7168.0,-0.02046472392976284
7680.0,-0.020919376984238625
8192.0,-0.020637916401028633
end
