version,3.0
numOfCh,1
type,point
parent_name,robust_thresh-2
ch_type,1_1
kcount,1
numberNandB,1
brightnessNandB,1
carpet pos,0
pc,0
Time (ms),CH1 Auto-Correlation
1.0,0.2337157130241394
2.0,0.22424878180027008
3.0,0.21567152440547943
4.0,0.2080935537815094
5.0,0.2008746713399887
6.0,0.19460240006446838
7.0,0.18903036415576935
8.0,0.18418200314044952
9.0,0.17930422723293304
10.0,0.17494213581085205
11.0,0.17069889605045319
12.0,0.16666878759860992
13.0,0.16312801837921143
14.0,0.16064444184303284
15.0,0.15820004045963287
16.0,0.15570123493671417
18.0,0.15009896457195282
20.0,0.14382579922676086
22.0,0.13856790959835052
24.0,0.13412357866764069
26.0,0.130470409989357
28.0,0.12672387063503265
30.0,0.12324196100234985
32.0,0.11981149017810822
36.0,0.1129104346036911
40.0,0.10698787122964859
44.0,0.10147172957658768
48.0,0.09608415514230728
52.0,0.09037251770496368
56.0,0.08605021983385086
60.0,0.08185417205095291
64.0,0.07832275331020355
72.0,0.07025859504938126
80.0,0.06469486653804779
88.0,0.06025946885347366
96.0,0.05855381488800049
104.0,0.05937560275197029
112.0,0.057398971170186996
120.0,0.05647237226366997
128.0,0.05646025016903877
144.0,0.049308665096759796
160.0,0.04244481399655342
176.0,0.04115073010325432
192.0,0.03938105329871178
208.0,0.03283185511827469
224.0,0.028785215690732002
240.0,0.022891845554113388
256.0,0.026125142350792885
288.0,0.035827506333589554
320.0,0.032594822347164154
352.0,0.02800978347659111
384.0,0.022455791011452675
416.0,0.011875152587890625
448.0,0.009147236123681068
480.0,0.012039540335536003
512.0,0.01770266704261303
576.0,0.015088395215570927
640.0,0.017862876877188683
704.0,0.013135741464793682
768.0,0.003052040934562683
832.0,0.005113857798278332
896.0,0.0035216507967561483
960.0,0.00735924718901515
1024.0,0.008266516961157322
1152.0,0.0005398260545916855
1280.0,-0.007982281967997551
1408.0,-0.013392368331551552
1536.0,-0.025013916194438934
1664.0,-0.01243269257247448
1792.0,-0.0143295181915164
1920.0,-0.018962139263749123
2048.0,-0.012844976037740707
2304.0,-0.0019234351348131895
2560.0,0.001300570904277265
2816.0,0.016689298674464226
3072.0,0.0028228526934981346
3328.0,-0.006157876458019018
3584.0,-0.0013809030642732978
3840.0,0.016217252239584923
4096.0,0.006277602165937424
4608.0,-0.011003374122083187
5120.0,-0.010865387506783009
5632.0,-0.010092223063111305
6144.0,-0.0011723305797204375
6656.0,0.02199358306825161
7168.0,0.025562815368175507
7680.0,-0.0013104218523949385
8192.0,-0.0436190627515316
end
