version,3.0
numOfCh,1
type,point
parent_name,484af_0dot08-0dot1
ch_type,1_1
kcount,1
numberNandB,1
brightnessNandB,1
carpet pos,0
pc,0
Time (ms),CH1 Auto-Correlation
1.0,0.09557359665632248
2.0,0.094980888068676
3.0,0.09440849721431732
4.0,0.09386864304542542
5.0,0.09336699545383453
6.0,0.09288054704666138
7.0,0.09240688383579254
8.0,0.09194191545248032
9.0,0.09147757291793823
10.0,0.0910283550620079
11.0,0.0905899778008461
12.0,0.09018872678279877
13.0,0.08980968594551086
14.0,0.08942800015211105
15.0,0.08904575556516647
16.0,0.08865991234779358
18.0,0.08789193630218506
20.0,0.08715210855007172
22.0,0.08643675595521927
24.0,0.08575334399938583
26.0,0.08502135425806046
28.0,0.08435548096895218
30.0,0.08372379839420319
32.0,0.08316955715417862
36.0,0.08212954550981522
40.0,0.081078439950943
44.0,0.08006639033555984
48.0,0.07917694002389908
52.0,0.07825876027345657
56.0,0.07729453593492508
60.0,0.07631319016218185
64.0,0.07542629539966583
72.0,0.07357068359851837
80.0,0.07167142629623413
88.0,0.0696592628955841
96.0,0.06760988384485245
104.0,0.0656685158610344
112.0,0.06398065388202667
120.0,0.06225486099720001
128.0,0.06076563894748688
144.0,0.05766388773918152
160.0,0.055077534168958664
176.0,0.05250183492898941
192.0,0.04940202087163925
208.0,0.046097200363874435
224.0,0.04291855916380882
240.0,0.03968467935919762
256.0,0.036464232951402664
288.0,0.0313352532684803
320.0,0.02759026736021042
352.0,0.02505563013255596
384.0,0.023202404379844666
416.0,0.022245466709136963
448.0,0.021598080173134804
480.0,0.02049754373729229
512.0,0.020102253183722496
576.0,0.018788769841194153
640.0,0.01901714876294136
704.0,0.020090602338314056
768.0,0.02004985138773918
832.0,0.014649445191025734
896.0,0.006615930702537298
960.0,1.884963785414584e-05
1024.0,-0.007259915582835674
1152.0,-0.019809668883681297
1280.0,-0.017840681597590446
1408.0,-0.010521391406655312
1536.0,-0.005567342042922974
1664.0,-0.008543153293430805
1792.0,-0.007955201901495457
1920.0,-0.007849504239857197
2048.0,-0.005030383821576834
2304.0,-0.0016863414784893394
2560.0,0.00036220799665898085
2816.0,0.006434697192162275
3072.0,0.002261336660012603
3328.0,0.00020342505013104528
3584.0,0.01190487202256918
3840.0,0.011216262355446815
4096.0,0.0015337499789893627
4608.0,-0.010604074224829674
5120.0,-0.03179604187607765
5632.0,-0.022702397778630257
6144.0,0.0012481817975640297
6656.0,-0.003403516486287117
7168.0,-0.004675477743148804
7680.0,0.002184671815484762
8192.0,-0.009775505401194096
end
