version,3.0
numOfCh,1
type,point
parent_name,484af_0dot08-0dot1
ch_type,1_1
kcount,1
numberNandB,1
brightnessNandB,1
carpet pos,0
pc,0
Time (ms),CH1 Auto-Correlation
1.0,0.07278727740049362
2.0,0.07206190377473831
3.0,0.07137105613946915
4.0,0.07070617377758026
5.0,0.07005498558282852
6.0,0.06944897770881653
7.0,0.06884120404720306
8.0,0.06824437528848648
9.0,0.06767219305038452
10.0,0.0670829564332962
11.0,0.06650293618440628
12.0,0.06591649353504181
13.0,0.06534375995397568
14.0,0.06479495763778687
15.0,0.06426262110471725
16.0,0.06373530626296997
18.0,0.06272543221712112
20.0,0.061735037714242935
22.0,0.060802582651376724
24.0,0.059878475964069366
26.0,0.058953192085027695
28.0,0.05804688483476639
30.0,0.057186711579561234
32.0,0.05641617625951767
36.0,0.05488448962569237
40.0,0.0533195324242115
44.0,0.05184333398938179
48.0,0.05056656524538994
52.0,0.04939120635390282
56.0,0.04807846248149872
60.0,0.04673204571008682
64.0,0.04556114971637726
72.0,0.04328775405883789
80.0,0.04105040058493614
88.0,0.03939339891076088
96.0,0.03804429620504379
104.0,0.036918994039297104
112.0,0.03598153963685036
120.0,0.035382725298404694
128.0,0.034907806664705276
144.0,0.03438486531376839
160.0,0.03329341858625412
176.0,0.032482925802469254
192.0,0.031825605779886246
208.0,0.0308737400919199
224.0,0.029734715819358826
240.0,0.02846887893974781
256.0,0.02746540494263172
288.0,0.023905111476778984
320.0,0.021108029410243034
352.0,0.01768139936029911
384.0,0.015195856802165508
416.0,0.011938837356865406
448.0,0.009557773359119892
480.0,0.0073952991515398026
512.0,0.0054796002805233
576.0,0.004425484221428633
640.0,0.0014251384418457747
704.0,0.0006617258186452091
768.0,0.00212178030051291
832.0,0.0016293037915602326
896.0,0.002246589632704854
960.0,0.0011722728377208114
1024.0,0.0007748971111141145
1152.0,0.005143907852470875
1280.0,0.01356454472988844
1408.0,0.016282713040709496
1536.0,0.02314171940088272
1664.0,0.023776330053806305
1792.0,0.018466489389538765
1920.0,0.013662118464708328
2048.0,0.012044429779052734
2304.0,0.002443657722324133
2560.0,-0.0020341600757092237
2816.0,-0.00664134044200182
3072.0,-4.7281482693506405e-05
3328.0,0.002479510847479105
3584.0,-0.006865852512419224
3840.0,-0.016549481078982353
4096.0,-0.010819434188306332
4608.0,-0.010429653339087963
5120.0,-0.01876775734126568
5632.0,-0.013139355927705765
6144.0,-0.0107200276106596
6656.0,-0.024471621960401535
7168.0,-0.01103460043668747
7680.0,0.010724660940468311
8192.0,-0.007275028619915247
end
