version,3.0
numOfCh,1
type,point
parent_name,484af_0dot08-0dot1
ch_type,1_1
kcount,1
numberNandB,1
brightnessNandB,1
carpet pos,0
pc,0
Time (ms),CH1 Auto-Correlation
1.0,0.07983813434839249
2.0,0.0790332779288292
3.0,0.07823480665683746
4.0,0.0774896964430809
5.0,0.07679002732038498
6.0,0.07613137364387512
7.0,0.07549946755170822
8.0,0.07485540211200714
9.0,0.07422414422035217
10.0,0.07357092946767807
11.0,0.07293505221605301
12.0,0.0722947046160698
13.0,0.07168914377689362
14.0,0.07111671566963196
15.0,0.07053907960653305
16.0,0.06999295949935913
18.0,0.06892861425876617
20.0,0.0678870752453804
22.0,0.06686491519212723
24.0,0.06591465324163437
26.0,0.06505130231380463
28.0,0.06426137685775757
30.0,0.0634465143084526
32.0,0.06263836473226547
36.0,0.061135370284318924
40.0,0.0596502386033535
44.0,0.058143846690654755
48.0,0.0568380169570446
52.0,0.055553194135427475
56.0,0.05437766760587692
60.0,0.05334631726145744
64.0,0.05227573215961456
72.0,0.05035128816962242
80.0,0.048930298537015915
88.0,0.04775714501738548
96.0,0.04655585065484047
104.0,0.044999394565820694
112.0,0.0436689667403698
120.0,0.0425880067050457
128.0,0.041635576635599136
144.0,0.039310894906520844
160.0,0.03731078654527664
176.0,0.03556695953011513
192.0,0.034956205636262894
208.0,0.03423970565199852
224.0,0.03301151469349861
240.0,0.03172951564192772
256.0,0.0302644744515419
288.0,0.027839340269565582
320.0,0.02752576768398285
352.0,0.02746075764298439
384.0,0.025700228288769722
416.0,0.02478652074933052
448.0,0.02481718175113201
480.0,0.022764815017580986
512.0,0.021680042147636414
576.0,0.020892245694994926
640.0,0.018222084268927574
704.0,0.01692364364862442
768.0,0.014232434332370758
832.0,0.011727181263267994
896.0,0.010195023380219936
960.0,0.01100343931466341
1024.0,0.00795934908092022
1152.0,0.003474943106994033
1280.0,0.004027353134006262
1408.0,0.0044138068333268166
1536.0,0.005191176198422909
1664.0,0.0036531409714370966
1792.0,0.0054767560213804245
1920.0,0.00915332417935133
2048.0,0.012098737992346287
2304.0,0.005907526705414057
2560.0,0.003418871434405446
2816.0,0.00136979587841779
3072.0,-0.006999986246228218
3328.0,-0.005322976037859917
3584.0,-0.0032386973034590483
3840.0,-0.007618635892868042
4096.0,-0.011246675625443459
4608.0,-0.010125587694346905
5120.0,-0.013339437544345856
5632.0,-0.01810421235859394
6144.0,-0.019052738323807716
6656.0,-0.008225259371101856
7168.0,-0.022895893082022667
7680.0,-0.023816797882318497
8192.0,-0.02395261637866497
end
