version,3.0
numOfCh,1
type,point
parent_name,484af_0dot08-0dot1
ch_type,1_1
kcount,1
numberNandB,1
brightnessNandB,1
carpet pos,0
pc,0
Time (ms),CH1 Auto-Correlation
1.0,0.10442397743463516
2.0,0.10385027527809143
3.0,0.10328471660614014
4.0,0.10272718220949173
5.0,0.10217590630054474
6.0,0.10162313282489777
7.0,0.10107821226119995
8.0,0.1005375012755394
9.0,0.10000545531511307
10.0,0.09947605431079865
11.0,0.09896144270896912
12.0,0.09844032675027847
13.0,0.09793619066476822
14.0,0.09743327647447586
15.0,0.09694614261388779
16.0,0.09645839780569077
18.0,0.09554606676101685
20.0,0.09469690918922424
22.0,0.09389350563287735
24.0,0.09307478368282318
26.0,0.0922580435872078
28.0,0.09149006754159927
30.0,0.09075681865215302
32.0,0.09006430208683014
36.0,0.08871962130069733
40.0,0.08744421601295471
44.0,0.08618365228176117
48.0,0.08489623665809631
52.0,0.08364874124526978
56.0,0.08250939846038818
60.0,0.0814405009150505
64.0,0.08038347959518433
72.0,0.07853028923273087
80.0,0.0767962858080864
88.0,0.07513175159692764
96.0,0.07363513112068176
104.0,0.0721714198589325
112.0,0.07085536420345306
120.0,0.06980226933956146
128.0,0.0689251497387886
144.0,0.0674925297498703
160.0,0.06663673371076584
176.0,0.06586872041225433
192.0,0.0650428757071495
208.0,0.06428329646587372
224.0,0.06315144151449203
240.0,0.06197386234998703
256.0,0.06080412492156029
288.0,0.057966191321611404
320.0,0.055167704820632935
352.0,0.05250812694430351
384.0,0.05000566691160202
416.0,0.04892534390091896
448.0,0.04797437787055969
480.0,0.04756544157862663
512.0,0.0455772839486599
576.0,0.04359123110771179
640.0,0.041049774736166
704.0,0.0376138798892498
768.0,0.03443363681435585
832.0,0.029997099190950394
896.0,0.027618564665317535
960.0,0.026465604081749916
1024.0,0.02459747903048992
1152.0,0.020498475059866905
1280.0,0.020916031673550606
1408.0,0.01698346808552742
1536.0,0.01115710474550724
1664.0,0.010652579367160797
1792.0,0.008814613334834576
1920.0,0.0090480400249362
2048.0,0.0047080558724701405
2304.0,-0.0003527951776050031
2560.0,-0.010505412705242634
2816.0,-0.017313187941908836
3072.0,-0.014414854347705841
3328.0,-0.018221959471702576
3584.0,-0.021980375051498413
3840.0,-0.025233685970306396
4096.0,-0.02924935519695282
4608.0,-0.03199419751763344
5120.0,-0.0418839156627655
5632.0,-0.04561406746506691
6144.0,-0.03615004941821098
6656.0,-0.025209300220012665
7168.0,-0.01311240904033184
7680.0,0.001205309061333537
8192.0,0.008181067183613777
end
