version,3.0
numOfCh,1
type,point
parent_name,484af_0dot08-0dot1
ch_type,1_1
kcount,1
numberNandB,1
brightnessNandB,1
carpet pos,0
pc,0
Time (ms),CH1 Auto-Correlation
1.0,0.09361841529607773
2.0,0.09284327179193497
3.0,0.09207078069448471
4.0,0.0913466215133667
5.0,0.09063062071800232
6.0,0.08998661488294601
7.0,0.08931799232959747
8.0,0.08864688128232956
9.0,0.08805981278419495
10.0,0.08753856271505356
11.0,0.08699032664299011
12.0,0.08646214008331299
13.0,0.08593013137578964
14.0,0.08540570735931396
15.0,0.08486945927143097
16.0,0.08436190336942673
18.0,0.08331971615552902
20.0,0.08229945600032806
22.0,0.08127602189779282
24.0,0.08030663430690765
26.0,0.07937904447317123
28.0,0.07855649292469025
30.0,0.07778570801019669
32.0,0.07701700180768967
36.0,0.07555855810642242
40.0,0.07429780811071396
44.0,0.0730695128440857
48.0,0.07185723632574081
52.0,0.07084977626800537
56.0,0.07005728036165237
60.0,0.06930422782897949
64.0,0.06848753988742828
72.0,0.0668700709939003
80.0,0.06533343344926834
88.0,0.06400717049837112
96.0,0.06275453418493271
104.0,0.06125577166676521
112.0,0.059674616903066635
120.0,0.058064594864845276
128.0,0.05654752627015114
144.0,0.05404938757419586
160.0,0.05321367830038071
176.0,0.05236842483282089
192.0,0.0509086512029171
208.0,0.04983659088611603
224.0,0.04936012253165245
240.0,0.049369316548109055
256.0,0.05004333704710007
288.0,0.0477239266037941
320.0,0.04615975543856621
352.0,0.045093100517988205
384.0,0.04348903149366379
416.0,0.04254954680800438
448.0,0.04142844304442406
480.0,0.03893940895795822
512.0,0.03653048723936081
576.0,0.03662438318133354
640.0,0.03786112740635872
704.0,0.03585034981369972
768.0,0.03307133913040161
832.0,0.03226877376437187
896.0,0.03448398411273956
960.0,0.034654274582862854
1024.0,0.03336001932621002
1152.0,0.027206646278500557
1280.0,0.02574745938181877
1408.0,0.026384245604276657
1536.0,0.02254291996359825
1664.0,0.019086254760622978
1792.0,0.015263497829437256
1920.0,0.01820099726319313
2048.0,0.022708095610141754
2304.0,0.015585863031446934
2560.0,0.002611988689750433
2816.0,-0.0043695536442101
3072.0,-0.004835687577724457
3328.0,-0.006910567171871662
3584.0,-0.010012829676270485
3840.0,-0.014055111445486546
4096.0,-0.016538331285119057
4608.0,-0.0253963191062212
5120.0,-0.03434576094150543
5632.0,-0.03271731361746788
6144.0,-0.028494035825133324
6656.0,-0.02159973978996277
7168.0,-0.026169192045927048
7680.0,-0.0174416471272707
8192.0,-0.009290392510592937
end
