version,3.0
numOfCh,1
type,point
parent_name,714af_3dot0-0dot01
ch_type,1_1
kcount,1
numberNandB,1
brightnessNandB,1
carpet pos,0
pc,0
Time (ms),CH1 Auto-Correlation
1.0,0.030103731900453568
2.0,0.026199571788311005
3.0,0.023433789610862732
4.0,0.02122984454035759
5.0,0.01948726363480091
6.0,0.018057944253087044
7.0,0.01725023239850998
8.0,0.016627345234155655
9.0,0.01572508178651333
10.0,0.015147690661251545
11.0,0.014489197172224522
12.0,0.013827177695930004
13.0,0.013391120359301567
14.0,0.012481468729674816
15.0,0.01177565474063158
16.0,0.011094840243458748
18.0,0.010387388058006763
20.0,0.009594464674592018
22.0,0.009035026654601097
24.0,0.008680526167154312
26.0,0.009006543084979057
28.0,0.008991284295916557
30.0,0.008624613285064697
32.0,0.00817507691681385
36.0,0.008231792598962784
40.0,0.00793653354048729
44.0,0.00708517013117671
48.0,0.006428578868508339
52.0,0.005838469602167606
56.0,0.005082024727016687
60.0,0.00444800965487957
64.0,0.00483493460342288
72.0,0.005287632346153259
80.0,0.005411827005445957
88.0,0.0056792558170855045
96.0,0.004920768551528454
104.0,0.004028594121336937
112.0,0.003700240748003125
120.0,0.003277311334386468
128.0,0.002850472228601575
144.0,0.0020410786382853985
160.0,0.0015727475984022021
176.0,0.0014469379093497992
192.0,0.001863914425484836
208.0,0.0025808310601860285
224.0,0.002480901312083006
240.0,0.0026876956690102816
256.0,0.0020727477967739105
288.0,0.0013933199224993587
320.0,0.0007864437066018581
352.0,-0.00024395222135353833
384.0,-2.2340204850479495e-06
416.0,0.00016765047621447593
448.0,0.0013013160787522793
480.0,0.0007723036105744541
512.0,0.001362440874800086
576.0,-0.0015394063666462898
640.0,0.0008547173929400742
704.0,0.00047593002091161907
768.0,0.0017879370134323835
832.0,0.00037523865466937423
896.0,-0.0015297704376280308
960.0,-0.0010745635954663157
1024.0,-0.0006638470804318786
1152.0,-0.00179269106592983
1280.0,-0.001923557952977717
1408.0,-0.0027001434937119484
1536.0,-0.002276515820994973
1664.0,-0.002275266917422414
1792.0,-0.002436379436403513
1920.0,-0.0027022575959563255
2048.0,8.574275125283748e-05
2304.0,0.002166788326576352
2560.0,-0.00011912088666576892
2816.0,0.000980571610853076
3072.0,0.0011162366718053818
3328.0,0.0014030569000169635
3584.0,-0.0014539991971105337
3840.0,-0.00033270829590037465
4096.0,0.00020319635223131627
end
