version,3.0
numOfCh,1
type,point
parent_name,19e3e_50dot0-0dot01
ch_type,1_1
kcount,1
numberNandB,1
brightnessNandB,1
carpet pos,0
pc,0
Time (ms),CH1 Auto-Correlation
1.0,0.008707905188202858
2.0,0.0062314425595104694
3.0,0.006072752643376589
4.0,0.005219316575676203
5.0,0.0047961995005607605
6.0,0.004554752726107836
7.0,0.005147374235093594
8.0,0.004894616547971964
9.0,0.004999690223485231
10.0,0.004579127766191959
11.0,0.0047394162975251675
12.0,0.004337449558079243
13.0,0.004421501886099577
14.0,0.004082624800503254
15.0,0.004076187498867512
16.0,0.0040513016283512115
18.0,0.004101649392396212
20.0,0.0038152835331857204
22.0,0.004133901558816433
24.0,0.004169972147792578
26.0,0.003963817376643419
28.0,0.0033340263180434704
30.0,0.0035179106052964926
32.0,0.0036067345645278692
36.0,0.0033923392184078693
40.0,0.0035974043421447277
44.0,0.0032901016529649496
48.0,0.0034880340099334717
52.0,0.0031661870889365673
56.0,0.0033792874310165644
60.0,0.0031988215632736683
64.0,0.0032110540196299553
72.0,0.002661986742168665
80.0,0.0028514345176517963
88.0,0.0026017846539616585
96.0,0.0027094604447484016
104.0,0.0024367335718125105
112.0,0.0021809402387589216
120.0,0.0021229637786746025
128.0,0.0021689864806830883
144.0,0.0019358777208253741
160.0,0.0019182878313586116
176.0,0.0014026026474311948
192.0,0.0011759117478504777
208.0,0.0012169064721092582
224.0,0.0012456539552658796
240.0,0.0011780470376834273
256.0,0.0010163731640204787
288.0,0.0014388422714546323
320.0,0.0013767604250460863
352.0,0.0014414231991395354
384.0,0.001709386589936912
416.0,0.0018020289717242122
448.0,0.001763674314133823
480.0,0.001416482962667942
512.0,0.0011904530692845583
576.0,0.0004928640555590391
640.0,-1.3913673683418892e-05
704.0,-0.00011676154099404812
768.0,-0.00026885210536420345
832.0,-0.000272749166470021
896.0,-0.0004970477893948555
960.0,-0.0005547541077248752
1024.0,-0.00032439560163766146
1152.0,0.0004307716735638678
1280.0,-0.000252605153946206
1408.0,-0.0004008496762253344
1536.0,0.00020452457829378545
1664.0,-8.650446034152992e-06
1792.0,-0.0006590841803699732
1920.0,-0.0010153285693377256
2048.0,-0.0008598065469413996
2304.0,-0.0007999680237844586
2560.0,-0.000615563418250531
2816.0,0.0003359575930517167
3072.0,0.00032730455859564245
3328.0,0.0009314318303950131
3584.0,0.001139150932431221
3840.0,0.0008329313131980598
4096.0,0.00033632537815719843
end
