version,3.0
numOfCh,1
type,point
parent_name,19e3e_50dot0-0dot01
ch_type,1_1
kcount,1
numberNandB,1
brightnessNandB,1
carpet pos,0
pc,0
Time (ms),CH1 Auto-Correlation
1.0,0.01048337947577238
2.0,0.00837037991732359
3.0,0.007892106659710407
4.0,0.007694892585277557
5.0,0.0073157125152647495
6.0,0.007184109650552273
7.0,0.00735317962244153
8.0,0.007342168595641851
9.0,0.007216366473585367
10.0,0.007232665549963713
11.0,0.00686204107478261
12.0,0.006891011726111174
13.0,0.006263591814786196
14.0,0.006427086889743805
15.0,0.006610742304474115
16.0,0.0063931904733181
18.0,0.006346442736685276
20.0,0.00629611499607563
22.0,0.005935434717684984
24.0,0.005709126126021147
26.0,0.0055588181130588055
28.0,0.005611330270767212
30.0,0.0055543784983456135
32.0,0.005197879392653704
36.0,0.005337154492735863
40.0,0.005332077853381634
44.0,0.005205722525715828
48.0,0.0046573057770729065
52.0,0.004705362021923065
56.0,0.004496239125728607
60.0,0.00455887196585536
64.0,0.004516763146966696
72.0,0.004009626340121031
80.0,0.0038849986158311367
88.0,0.0036640188191086054
96.0,0.003375140018761158
104.0,0.0029437297489494085
112.0,0.002768341451883316
120.0,0.002400066703557968
128.0,0.0021379138343036175
144.0,0.0016739857383072376
160.0,0.0015702382661402225
176.0,0.0016209740424528718
192.0,0.001462231040932238
208.0,0.00122454937081784
224.0,0.0013988559367135167
240.0,0.0010685614543035626
256.0,0.0009170402190648019
288.0,0.0010415752185508609
320.0,0.000800966692622751
352.0,0.0008063316927291453
384.0,0.0008468403248116374
416.0,0.0010188157903030515
448.0,0.0012461825972422957
480.0,0.001009719562716782
512.0,0.0010063558584079146
576.0,0.0010552045423537493
640.0,0.00107712356839329
704.0,0.0012474159011617303
768.0,0.0011787236435338855
832.0,0.0012013298692181706
896.0,0.0007631808402948081
960.0,0.00031355847022496164
1024.0,2.1105497580720112e-05
1152.0,0.0003196319448761642
1280.0,-0.00010418458987260237
1408.0,-0.0006308603915385902
1536.0,-0.000793504761531949
1664.0,-0.0008954608929343522
1792.0,-0.0004839812754653394
1920.0,-0.0014952286146581173
2048.0,-0.0009902978781610727
2304.0,-0.0008468269370496273
2560.0,-0.0005413485341705382
2816.0,0.0005596794071607292
3072.0,-0.0007922721561044455
3328.0,-0.001738451886922121
3584.0,0.0008559448760934174
3840.0,-0.0006868804339319468
4096.0,-0.002537027932703495
end
