version,3.0
numOfCh,1
type,point
parent_name,34766_3dot0-0dot01
ch_type,1_1
kcount,1
numberNandB,1
brightnessNandB,1
carpet pos,0
pc,0
Time (ms),CH1 Auto-Correlation
1.0,0.8164166212081909
2.0,0.8144375681877136
3.0,0.8128204345703125
4.0,0.8114907145500183
5.0,0.8104230165481567
6.0,0.8094988465309143
7.0,0.8086775541305542
8.0,0.807823896408081
9.0,0.806909441947937
10.0,0.8060460090637207
11.0,0.8052502870559692
12.0,0.8043800592422485
13.0,0.8035478591918945
14.0,0.80275958776474
15.0,0.8018490672111511
16.0,0.8010337352752686
18.0,0.7996724247932434
20.0,0.7983033657073975
22.0,0.7968850135803223
24.0,0.7957650423049927
26.0,0.7946865558624268
28.0,0.7935230731964111
30.0,0.7925289273262024
32.0,0.791660487651825
36.0,0.7898381352424622
40.0,0.7879608273506165
44.0,0.786443293094635
48.0,0.7846800684928894
52.0,0.7830154895782471
56.0,0.7814533114433289
60.0,0.7798262238502502
64.0,0.7782096862792969
72.0,0.776329755783081
80.0,0.7742511034011841
88.0,0.7715070843696594
96.0,0.7685142755508423
104.0,0.7655512094497681
112.0,0.7624293565750122
120.0,0.7598349452018738
128.0,0.756284236907959
144.0,0.7476341724395752
160.0,0.739097535610199
176.0,0.7290049195289612
192.0,0.7162565588951111
208.0,0.7042179703712463
224.0,0.6925759315490723
240.0,0.6796948313713074
256.0,0.6646751761436462
288.0,0.637047290802002
320.0,0.6150356531143188
352.0,0.5898418426513672
384.0,0.5661759376525879
416.0,0.5454870462417603
448.0,0.5251166820526123
480.0,0.50490802526474
512.0,0.48719292879104614
576.0,0.44879257678985596
640.0,0.40499740839004517
704.0,0.3525128662586212
768.0,0.29734718799591064
832.0,0.240430548787117
896.0,0.17568394541740417
960.0,0.12067624926567078
1024.0,0.0707615315914154
1152.0,0.011019877158105373
1280.0,-0.022371510043740273
1408.0,-0.03272165358066559
1536.0,-0.04085632786154747
1664.0,-0.046121276915073395
1792.0,-0.04898284375667572
1920.0,-0.0554821603000164
2048.0,-0.06609546393156052
2304.0,-0.06927838176488876
2560.0,-0.0753212496638298
2816.0,-0.08784332126379013
3072.0,-0.09064876288175583
3328.0,-0.09728896617889404
3584.0,-0.1284080147743225
3840.0,-0.16619372367858887
4096.0,-0.2074829488992691
end
