version,3.0
numOfCh,1
type,point
parent_name,34766_3dot0-0dot01
ch_type,1_1
kcount,1
numberNandB,1
brightnessNandB,1
carpet pos,0
pc,0
Time (ms),CH1 Auto-Correlation
1.0,0.13817447423934937
2.0,0.13538917899131775
3.0,0.13334472477436066
4.0,0.13155284523963928
5.0,0.12998884916305542
6.0,0.12859319150447845
7.0,0.12735937535762787
8.0,0.12612920999526978
9.0,0.12523971498012543
10.0,0.1245494857430458
11.0,0.12376981228590012
12.0,0.12288965284824371
13.0,0.12219828367233276
14.0,0.12141088396310806
15.0,0.12068252265453339
16.0,0.1197187602519989
18.0,0.11846531182527542
20.0,0.11723238974809647
22.0,0.11622221767902374
24.0,0.11557487398386002
26.0,0.1144852265715599
28.0,0.11330200731754303
30.0,0.112497478723526
32.0,0.11156690865755081
36.0,0.11050577461719513
40.0,0.10903912782669067
44.0,0.10728931427001953
48.0,0.1056712418794632
52.0,0.10367051512002945
56.0,0.10177119821310043
60.0,0.10035030543804169
64.0,0.09888360649347305
72.0,0.09594272822141647
80.0,0.09282109141349792
88.0,0.09060642123222351
96.0,0.08720054477453232
104.0,0.08336769044399261
112.0,0.08076535910367966
120.0,0.07765724509954453
128.0,0.07412909716367722
144.0,0.06556922942399979
160.0,0.05655061826109886
176.0,0.04837604612112045
192.0,0.03948960825800896
208.0,0.03247012943029404
224.0,0.026340067386627197
240.0,0.01971561461687088
256.0,0.013160171918570995
288.0,-0.001593964290805161
320.0,-0.010668936185538769
352.0,-0.016868622973561287
384.0,-0.021086126565933228
416.0,-0.021193642169237137
448.0,-0.022853344678878784
480.0,-0.02277793362736702
512.0,-0.022020826116204262
576.0,-0.025095390155911446
640.0,-0.019221583381295204
704.0,-0.012330444529652596
768.0,-0.0061520240269601345
832.0,-0.00015380597324110568
896.0,0.0031474134884774685
960.0,0.0038292838726192713
1024.0,0.004348841030150652
1152.0,0.001235302654094994
1280.0,-0.01238672062754631
1408.0,-0.038530297577381134
1536.0,-0.03829175606369972
1664.0,-0.021841958165168762
1792.0,-0.010701537132263184
1920.0,0.0014121466083452106
2048.0,0.012574676424264908
2304.0,-0.005588095169514418
2560.0,-0.004534090403467417
2816.0,0.01529827993363142
3072.0,0.008345142938196659
3328.0,-0.028668390586972237
3584.0,-0.021450508385896683
end
