version,3.0
numOfCh,1
type,point
parent_name,34766_3dot0-0dot01
ch_type,1_1
kcount,1
numberNandB,1
brightnessNandB,1
carpet pos,0
pc,0
Time (ms),CH1 Auto-Correlation
1.0,0.37752649188041687
2.0,0.3726292848587036
3.0,0.3684540390968323
4.0,0.3648844063282013
5.0,0.3614646792411804
6.0,0.3584170937538147
7.0,0.35535928606987
8.0,0.35247740149497986
9.0,0.349650502204895
10.0,0.34701260924339294
11.0,0.34443169832229614
12.0,0.3420647382736206
13.0,0.33973798155784607
14.0,0.33764177560806274
15.0,0.33561286330223083
16.0,0.3336517810821533
18.0,0.33018961548805237
20.0,0.3268863558769226
22.0,0.3232537508010864
24.0,0.31944140791893005
26.0,0.31614136695861816
28.0,0.3127017319202423
30.0,0.3092745542526245
32.0,0.3056022822856903
36.0,0.29872196912765503
40.0,0.2914133667945862
44.0,0.28440457582473755
48.0,0.2775171399116516
52.0,0.27067387104034424
56.0,0.2638799548149109
60.0,0.25634774565696716
64.0,0.24941539764404297
72.0,0.24096721410751343
80.0,0.22901052236557007
88.0,0.2136416733264923
96.0,0.201211079955101
104.0,0.19014152884483337
112.0,0.17801056802272797
120.0,0.16422142088413239
128.0,0.15202322602272034
144.0,0.13422031700611115
160.0,0.11109961569309235
176.0,0.08391837030649185
192.0,0.05681433156132698
208.0,0.039506252855062485
224.0,0.035524267703294754
240.0,0.031197654083371162
256.0,0.02708839438855648
288.0,0.02169165387749672
320.0,0.016165439039468765
352.0,0.012955480255186558
384.0,0.012108700349926949
416.0,0.013287932612001896
448.0,0.014870848506689072
480.0,0.0156289990991354
512.0,0.020296920090913773
576.0,0.031039532274007797
640.0,0.03312600776553154
704.0,0.02844756655395031
768.0,0.022205963730812073
832.0,0.04406515508890152
896.0,0.06200611591339111
960.0,0.0919833555817604
1024.0,0.08402342349290848
1152.0,0.07386671006679535
1280.0,0.05784257501363754
1408.0,0.014031099155545235
1536.0,-0.009036364033818245
1664.0,0.00026272606919519603
1792.0,0.008130034431815147
1920.0,0.005211397539824247
2048.0,-0.0014244024641811848
2304.0,0.0005609499057754874
2560.0,-0.004936940968036652
2816.0,-0.006459101103246212
3072.0,-0.007942864671349525
3328.0,-0.0013264762237668037
3584.0,-0.005750189069658518
3840.0,-0.021855399012565613
4096.0,-0.020311905071139336
4608.0,-0.02790144644677639
5120.0,-0.03376695141196251
5632.0,-0.029011253267526627
6144.0,-0.0513644814491272
6656.0,-0.07579266279935837
7168.0,-0.07526901364326477
7680.0,-0.0993998721241951
8192.0,-0.039228711277246475
end
