version,3.0
numOfCh,1
type,point
parent_name,labthresh-0dot04_cutandshift_0dot08-0dot01
ch_type,1_1
kcount,1
numberNandB,1
brightnessNandB,1
carpet pos,0
pc,0
Time (ms),CH1 Auto-Correlation
1.0,0.027987008914351463
2.0,0.02763455919921398
3.0,0.027304306626319885
4.0,0.026993630453944206
5.0,0.026710258796811104
6.0,0.026434997096657753
7.0,0.02616950124502182
8.0,0.025888562202453613
9.0,0.02560553327202797
10.0,0.025322431698441505
11.0,0.025046518072485924
12.0,0.024779440835118294
13.0,0.024523355066776276
14.0,0.024264927953481674
15.0,0.024014830589294434
16.0,0.023784086108207703
18.0,0.02335454896092415
20.0,0.022945092990994453
22.0,0.022542012855410576
24.0,0.02214875817298889
26.0,0.021782903000712395
28.0,0.021464070305228233
30.0,0.0211567934602499
32.0,0.020864337682724
36.0,0.020255476236343384
40.0,0.019626740366220474
44.0,0.019033165648579597
48.0,0.018388735130429268
52.0,0.017782777547836304
56.0,0.017226150259375572
60.0,0.01672208681702614
64.0,0.01635838858783245
72.0,0.015658119693398476
80.0,0.015006684698164463
88.0,0.014488623477518559
96.0,0.013753517530858517
104.0,0.012904684990644455
112.0,0.011966482736170292
120.0,0.011095166206359863
128.0,0.010148363187909126
144.0,0.008119684644043446
160.0,0.006535027176141739
176.0,0.0057738483883440495
192.0,0.005371444392949343
208.0,0.005381578579545021
224.0,0.005509117618203163
240.0,0.004997126292437315
256.0,0.0040953936986625195
288.0,0.0025966062676161528
320.0,0.0008355560712516308
352.0,-0.0010029191616922617
384.0,-0.0023162467405200005
416.0,-0.0022101416252553463
448.0,-0.0012408782495185733
480.0,0.00022490730043500662
512.0,0.0017438629874959588
576.0,0.001055024447850883
640.0,-0.002479504095390439
704.0,-0.0037866542115807533
768.0,-0.001798792276531458
832.0,-2.8638231015065685e-05
896.0,-0.00033467417233623564
960.0,-0.00010140544327441603
1024.0,0.0008899957756511867
1152.0,-0.0014840858057141304
1280.0,-0.002776660257950425
1408.0,0.0033600025344640017
1536.0,0.004782162606716156
1664.0,0.004670940339565277
1792.0,-0.0030209727119654417
1920.0,-0.006548493169248104
2048.0,-0.007845010608434677
2304.0,-0.009278506971895695
2560.0,0.00805598869919777
2816.0,0.002676502102985978
3072.0,0.009898454882204533
3328.0,0.0011692451080307364
3584.0,-0.0027016031090170145
3840.0,-0.003076444147154689
4096.0,0.006905843038111925
end
