version,3.0
numOfCh,1
type,point
parent_name,labthresh-0dot04_cutandshift_0dot08-0dot1
ch_type,1_1
kcount,1
numberNandB,1
brightnessNandB,1
carpet pos,0
pc,0
Time (ms),CH1 Auto-Correlation
1.0,0.08136409521102905
2.0,0.08064641803503036
3.0,0.07997376471757889
4.0,0.07932104170322418
5.0,0.0786995142698288
6.0,0.07811877131462097
7.0,0.07755681127309799
8.0,0.07697129249572754
9.0,0.0763862133026123
10.0,0.07582022249698639
11.0,0.0752517431974411
12.0,0.07466825842857361
13.0,0.07411907613277435
14.0,0.07359864562749863
15.0,0.07308880984783173
16.0,0.0726023018360138
18.0,0.07168067991733551
20.0,0.07078037410974503
22.0,0.06990906596183777
24.0,0.06906963139772415
26.0,0.06823113560676575
28.0,0.06740743666887283
30.0,0.06661488860845566
32.0,0.0658702552318573
36.0,0.0644773617386818
40.0,0.06319906562566757
44.0,0.061963316053152084
48.0,0.06081250682473183
52.0,0.059753336012363434
56.0,0.05875113606452942
60.0,0.057806894183158875
64.0,0.056935377418994904
72.0,0.055348772555589676
80.0,0.053724389523267746
88.0,0.05219230800867081
96.0,0.05086930841207504
104.0,0.04932691156864166
112.0,0.04770404100418091
120.0,0.04626861959695816
128.0,0.04484657198190689
144.0,0.04245603457093239
160.0,0.0405554473400116
176.0,0.0389212891459465
192.0,0.03671209141612053
208.0,0.03441708907485008
224.0,0.033151451498270035
240.0,0.03204357996582985
256.0,0.030681006610393524
288.0,0.02926384098827839
320.0,0.027633417397737503
352.0,0.026033051311969757
384.0,0.025472696870565414
416.0,0.025225259363651276
448.0,0.024025075137615204
480.0,0.02369232475757599
512.0,0.022831976413726807
576.0,0.021604405716061592
640.0,0.019405584782361984
704.0,0.019260810688138008
768.0,0.02164323814213276
832.0,0.022886931896209717
896.0,0.02474880777299404
960.0,0.024474147707223892
1024.0,0.02217118628323078
1152.0,0.02129444107413292
1280.0,0.02186175249516964
1408.0,0.025693044066429138
1536.0,0.02444269508123398
1664.0,0.017109446227550507
1792.0,0.009968279860913754
1920.0,0.013168096542358398
2048.0,0.016014549881219864
2304.0,0.019269872456789017
2560.0,0.024112045764923096
2816.0,0.015604487620294094
3072.0,0.004410655703395605
3328.0,0.0013104869285598397
3584.0,0.0087904566898942
3840.0,0.011127626523375511
4096.0,0.006404567044228315
4608.0,-0.005500557832419872
5120.0,-0.005591679364442825
5632.0,-0.01901271566748619
6144.0,-0.0320773608982563
6656.0,-0.026129838079214096
7168.0,-0.02958783507347107
7680.0,-0.022962646558880806
8192.0,-0.025701070204377174
end
