version,3.0
numOfCh,1
type,point
parent_name,fe81d_0dot069-1dot0
ch_type,1_1
kcount,1
numberNandB,1
brightnessNandB,1
carpet pos,0
pc,0
Time (ms),CH1 Auto-Correlation
1.0,0.09454161673784256
2.0,0.09398654103279114
3.0,0.09344103187322617
4.0,0.0929000973701477
5.0,0.09236506372690201
6.0,0.09184302389621735
7.0,0.09133758395910263
8.0,0.09084368497133255
9.0,0.09035300463438034
10.0,0.08986032754182816
11.0,0.08938724547624588
12.0,0.08892305940389633
13.0,0.0884784385561943
14.0,0.0880257785320282
15.0,0.08758055418729782
16.0,0.08715332299470901
18.0,0.08631580322980881
20.0,0.08550341427326202
22.0,0.08471415191888809
24.0,0.08395110070705414
26.0,0.08317653834819794
28.0,0.08237658441066742
30.0,0.08160264790058136
32.0,0.08085078746080399
36.0,0.07945702970027924
40.0,0.07810667157173157
44.0,0.07680704444646835
48.0,0.07558443397283554
52.0,0.074393130838871
56.0,0.07319831848144531
60.0,0.07201533764600754
64.0,0.07086240500211716
72.0,0.0689430832862854
80.0,0.0671951025724411
88.0,0.06550297886133194
96.0,0.0640619620680809
104.0,0.06264550238847733
112.0,0.061121098697185516
120.0,0.059556227177381516
128.0,0.05803984776139259
144.0,0.05462672933936119
160.0,0.05108051747083664
176.0,0.04768970236182213
192.0,0.044073060154914856
208.0,0.04084915667772293
224.0,0.038203559815883636
240.0,0.03557690978050232
256.0,0.03278466686606407
288.0,0.02773795835673809
320.0,0.024256670847535133
352.0,0.02140047959983349
384.0,0.01901714876294136
416.0,0.01676216721534729
448.0,0.014867219142615795
480.0,0.012387107126414776
512.0,0.009082052856683731
576.0,0.0036960456054657698
640.0,-0.000536378298420459
704.0,-0.004328552167862654
768.0,-0.004665956366807222
832.0,-0.004519343841820955
896.0,-0.0029354640282690525
960.0,-0.001011190004646778
1024.0,-0.002340273465961218
1152.0,0.004361319821327925
1280.0,0.010499948635697365
1408.0,0.00880462396889925
1536.0,0.008471539244055748
1664.0,0.007740226108580828
1792.0,0.008776799775660038
1920.0,0.012177045457065105
2048.0,0.013465666212141514
2304.0,0.013261332176625729
2560.0,0.0022715136874467134
2816.0,-0.008629174903035164
3072.0,-0.02175307646393776
3328.0,-0.02069293148815632
3584.0,-0.008837246336042881
3840.0,-0.00947780441492796
4096.0,-0.004688108805567026
4608.0,-0.0012138064485043287
5120.0,-0.009356517344713211
5632.0,0.006820173934102058
6144.0,0.010261076502501965
6656.0,0.00041978765511885285
7168.0,0.004875249229371548
7680.0,0.012678280472755432
8192.0,0.0032546776346862316
end
