version,3.0
numOfCh,1
type,point
parent_name,fe81d_0dot069-1dot0
ch_type,1_1
kcount,1
numberNandB,1
brightnessNandB,1
carpet pos,0
pc,0
Time (ms),CH1 Auto-Correlation
1.0,0.10492696613073349
2.0,0.10392746329307556
3.0,0.10307472199201584
4.0,0.10242275148630142
5.0,0.10174265503883362
6.0,0.10110384970903397
7.0,0.10050547868013382
8.0,0.09985324740409851
9.0,0.09926667809486389
10.0,0.09871065616607666
11.0,0.0981815904378891
12.0,0.09771029651165009
13.0,0.0972212702035904
14.0,0.0968097522854805
15.0,0.09637770056724548
16.0,0.0959613099694252
18.0,0.09513665735721588
20.0,0.09431687742471695
22.0,0.09355638921260834
24.0,0.09282813221216202
26.0,0.09211812913417816
28.0,0.09135303646326065
30.0,0.09057705104351044
32.0,0.08987672626972198
36.0,0.08863300085067749
40.0,0.08756427466869354
44.0,0.0865701287984848
48.0,0.08548641204833984
52.0,0.08443289250135422
56.0,0.0835397019982338
60.0,0.0825708732008934
64.0,0.08171644061803818
72.0,0.08018919080495834
80.0,0.07840574532747269
88.0,0.07671594619750977
96.0,0.07517463713884354
104.0,0.07396326214075089
112.0,0.07277168333530426
120.0,0.07139676064252853
128.0,0.06990516185760498
144.0,0.06760221719741821
160.0,0.06498569995164871
176.0,0.06260441988706589
192.0,0.060527075082063675
208.0,0.058242060244083405
224.0,0.056495532393455505
240.0,0.055058084428310394
256.0,0.053505562245845795
288.0,0.051502421498298645
320.0,0.04912671446800232
352.0,0.046111322939395905
384.0,0.04504592716693878
416.0,0.04565050080418587
448.0,0.0445890799164772
480.0,0.04135370999574661
512.0,0.037960950285196304
576.0,0.03401394188404083
640.0,0.032743703573942184
704.0,0.027187911793589592
768.0,0.022011468186974525
832.0,0.01867569610476494
896.0,0.01965893618762493
960.0,0.020710771903395653
1024.0,0.022055722773075104
1152.0,0.02302500791847706
1280.0,0.020805945619940758
1408.0,0.018969668075442314
1536.0,0.018810739740729332
1664.0,0.016703126952052116
1792.0,0.012959549203515053
1920.0,0.009596890769898891
2048.0,0.0073588816449046135
2304.0,0.004410388879477978
2560.0,0.0029669376090168953
2816.0,0.0007177083170972764
3072.0,-0.003964200150221586
3328.0,-0.010240749455988407
3584.0,-0.015659620985388756
3840.0,-0.013635857962071896
4096.0,-0.008079913444817066
4608.0,-0.007434973493218422
5120.0,-0.0006440015858970582
5632.0,-0.012577139772474766
6144.0,-0.016339056193828583
6656.0,-0.01298387162387371
7168.0,-0.018313026055693626
7680.0,-0.032972145825624466
8192.0,-0.0650743693113327
end
