version,3.0
numOfCh,1
type,point
parent_name,fe81d_0dot069-1dot0
ch_type,1_1
kcount,1
numberNandB,1
brightnessNandB,1
carpet pos,0
pc,0
Time (ms),CH1 Auto-Correlation
1.0,0.07613587379455566
2.0,0.07529332488775253
3.0,0.07454022020101547
4.0,0.07389476895332336
5.0,0.0732310488820076
6.0,0.07256319373846054
7.0,0.07194952666759491
8.0,0.07134125381708145
9.0,0.07071201503276825
10.0,0.07013824582099915
11.0,0.06962087005376816
12.0,0.06912293285131454
13.0,0.06863529235124588
14.0,0.06813044100999832
15.0,0.06764962524175644
16.0,0.06715808063745499
18.0,0.0661129355430603
20.0,0.06515668332576752
22.0,0.0642099678516388
24.0,0.06333059072494507
26.0,0.06254831701517105
28.0,0.06179679557681084
30.0,0.06110217049717903
32.0,0.060440029948949814
36.0,0.05905469134449959
40.0,0.05762339383363724
44.0,0.05609670653939247
48.0,0.05460905283689499
52.0,0.05306725203990936
56.0,0.05165702477097511
60.0,0.05037626996636391
64.0,0.0492011159658432
72.0,0.04700290039181709
80.0,0.04469604045152664
88.0,0.04259587824344635
96.0,0.04072589427232742
104.0,0.039007071405649185
112.0,0.03739743307232857
120.0,0.035704031586647034
128.0,0.034124135971069336
144.0,0.03223935887217522
160.0,0.03110811486840248
176.0,0.030177656561136246
192.0,0.0292296651750803
208.0,0.028496770188212395
224.0,0.0280146561563015
240.0,0.027411868795752525
256.0,0.02700432948768139
288.0,0.025163955986499786
320.0,0.02382626198232174
352.0,0.022493252530694008
384.0,0.02233867533504963
416.0,0.022425929084420204
448.0,0.022204123437404633
480.0,0.02055944874882698
512.0,0.018714753910899162
576.0,0.016708625480532646
640.0,0.01561503205448389
704.0,0.014371841214597225
768.0,0.014332212507724762
832.0,0.012584183365106583
896.0,0.012359426356852055
960.0,0.010817799717187881
1024.0,0.01151769608259201
1152.0,0.008797300979495049
1280.0,0.008700979873538017
1408.0,0.008433249779045582
1536.0,0.006059485021978617
1664.0,0.00434877397492528
1792.0,0.002802167786285281
1920.0,0.0002401313540758565
2048.0,-0.002854730002582073
2304.0,-0.0013759747380390763
2560.0,0.000976986950263381
2816.0,0.0069181183353066444
3072.0,-0.003606225363910198
3328.0,-0.008266536518931389
3584.0,-0.009644901379942894
3840.0,-0.01347785722464323
4096.0,-0.006617795675992966
4608.0,-0.01880257949233055
5120.0,-0.01938871666789055
5632.0,-0.019852055236697197
6144.0,-0.024181272834539413
6656.0,-0.012052597478032112
7168.0,-0.005782516673207283
7680.0,-0.011852615512907505
8192.0,-0.002089802408590913
end
