version,3.0
numOfCh,1
type,point
parent_name,fe81d_0dot069-1dot0
ch_type,1_1
kcount,1
numberNandB,1
brightnessNandB,1
carpet pos,0
pc,0
Time (ms),CH1 Auto-Correlation
1.0,0.10425400733947754
2.0,0.10342127829790115
3.0,0.1026226282119751
4.0,0.101882703602314
5.0,0.10117844492197037
6.0,0.1004825159907341
7.0,0.09982483088970184
8.0,0.09920621663331985
9.0,0.09860990941524506
10.0,0.09800434112548828
11.0,0.09742189943790436
12.0,0.09687528014183044
13.0,0.09632011502981186
14.0,0.09573540836572647
15.0,0.0951826199889183
16.0,0.0946035236120224
18.0,0.09354443103075027
20.0,0.09258051961660385
22.0,0.09163358062505722
24.0,0.09073521941900253
26.0,0.08985286951065063
28.0,0.0890033021569252
30.0,0.08817439526319504
32.0,0.08735428750514984
36.0,0.08566917479038239
40.0,0.08400674164295197
44.0,0.08242505043745041
48.0,0.08080596476793289
52.0,0.07925009727478027
56.0,0.07783298194408417
60.0,0.07643123716115952
64.0,0.07511957734823227
72.0,0.0727347657084465
80.0,0.07041154056787491
88.0,0.06846582889556885
96.0,0.066416896879673
104.0,0.06427200883626938
112.0,0.0624564103782177
120.0,0.06098845228552818
128.0,0.05957275629043579
144.0,0.0567103773355484
160.0,0.05431728437542915
176.0,0.052242573350667953
192.0,0.04998725652694702
208.0,0.04735492542386055
224.0,0.04519139230251312
240.0,0.04303077608346939
256.0,0.0414908230304718
288.0,0.041527457535266876
320.0,0.04194395989179611
352.0,0.03889957442879677
384.0,0.034174006432294846
416.0,0.030616262927651405
448.0,0.026153821498155594
480.0,0.022632408887147903
512.0,0.021274231374263763
576.0,0.01864658296108246
640.0,0.018388979136943817
704.0,0.01941562071442604
768.0,0.016946688294410706
832.0,0.015661409124732018
896.0,0.015758804976940155
960.0,0.012587931007146835
1024.0,0.01065129041671753
1152.0,0.003125952323898673
1280.0,-0.0009573166607879102
1408.0,-0.005917898844927549
1536.0,-0.010305575095117092
1664.0,-0.01602134481072426
1792.0,-0.022537177428603172
1920.0,-0.03233613818883896
2048.0,-0.03463510423898697
2304.0,-0.029525404796004295
2560.0,-0.023957522585988045
2816.0,-0.022992154583334923
3072.0,-0.008348594419658184
3328.0,0.0036661175545305014
3584.0,0.0046303244307637215
3840.0,0.003679689485579729
4096.0,0.011975026689469814
4608.0,0.012483702972531319
5120.0,-0.0033711649011820555
5632.0,-0.02551875449717045
6144.0,-0.026025932282209396
6656.0,-0.022581487894058228
7168.0,-0.006715121679008007
7680.0,0.00389160867780447
8192.0,0.014860290102660656
end
