version,3.0
numOfCh,1
type,point
parent_name,fe81d_0dot069-1dot0
ch_type,1_1
kcount,1
numberNandB,1
brightnessNandB,1
carpet pos,0
pc,0
Time (ms),CH1 Auto-Correlation
1.0,0.07637646049261093
2.0,0.0753018856048584
3.0,0.07448156923055649
4.0,0.07382559776306152
5.0,0.07320423424243927
6.0,0.07250822335481644
7.0,0.07188839465379715
8.0,0.07132543623447418
9.0,0.07081025093793869
10.0,0.07037635147571564
11.0,0.06995004415512085
12.0,0.06949184089899063
13.0,0.06911478191614151
14.0,0.06877795606851578
15.0,0.06841123104095459
16.0,0.06802595406770706
18.0,0.06727112084627151
20.0,0.06644593179225922
22.0,0.06560888141393661
24.0,0.064667247235775
26.0,0.06374853849411011
28.0,0.06292136013507843
30.0,0.06201494485139847
32.0,0.06118176877498627
36.0,0.05961434543132782
40.0,0.05821005627512932
44.0,0.056745678186416626
48.0,0.055379752069711685
52.0,0.05419111251831055
56.0,0.05305112525820732
60.0,0.0518401563167572
64.0,0.050655119121074677
72.0,0.04839315637946129
80.0,0.046522993594408035
88.0,0.04504568874835968
96.0,0.0438506156206131
104.0,0.04267968609929085
112.0,0.04159726947546005
120.0,0.04032818600535393
128.0,0.03922780230641365
144.0,0.03717168793082237
160.0,0.035840362310409546
176.0,0.03481745347380638
192.0,0.033329322934150696
208.0,0.031716398894786835
224.0,0.030501917004585266
240.0,0.029483791440725327
256.0,0.028303083032369614
288.0,0.0267803892493248
320.0,0.024486666545271873
352.0,0.022981340065598488
384.0,0.021973950788378716
416.0,0.020110923796892166
448.0,0.017896749079227448
480.0,0.0167717095464468
512.0,0.016335567459464073
576.0,0.013522225432097912
640.0,0.010133164003491402
704.0,0.007529094349592924
768.0,0.006261256989091635
832.0,0.007118569687008858
896.0,0.005739202722907066
960.0,0.004067724104970694
1024.0,0.0023280123714357615
1152.0,0.004758037626743317
1280.0,0.007096990942955017
1408.0,0.0041554695926606655
1536.0,0.003330547595396638
1664.0,0.0025824217591434717
1792.0,0.0024533201940357685
1920.0,0.003011285327374935
2048.0,0.007464994210749865
2304.0,0.009557540528476238
2560.0,0.010767792351543903
2816.0,0.0037473500706255436
3072.0,0.0061559174209833145
3328.0,0.005930728279054165
3584.0,0.0010824966011568904
3840.0,-0.001398485153913498
4096.0,-0.007838071323931217
4608.0,0.00791946891695261
5120.0,0.009221384301781654
5632.0,0.002980074379593134
6144.0,-0.0037723896093666553
6656.0,-0.006673959083855152
7168.0,0.0005132539663463831
7680.0,-0.001648130128160119
8192.0,0.0003612630534917116
end
