version,3.0
numOfCh,1
type,point
parent_name,fe81d_0dot069-1dot0
ch_type,1_1
kcount,1
numberNandB,1
brightnessNandB,1
carpet pos,0
pc,0
Time (ms),CH1 Auto-Correlation
1.0,0.09686663746833801
2.0,0.09600064903497696
3.0,0.09520391374826431
4.0,0.09444938600063324
5.0,0.09368918836116791
6.0,0.09302330762147903
7.0,0.09241246432065964
8.0,0.09185374528169632
9.0,0.09122134000062943
10.0,0.09063565731048584
11.0,0.09006733447313309
12.0,0.0894797071814537
13.0,0.0889148861169815
14.0,0.08839499205350876
15.0,0.08787041902542114
16.0,0.08736639469861984
18.0,0.08640142530202866
20.0,0.08547501266002655
22.0,0.0845848098397255
24.0,0.0837150514125824
26.0,0.08293870836496353
28.0,0.08212850987911224
30.0,0.08140242099761963
32.0,0.0806942954659462
36.0,0.07938016951084137
40.0,0.07816416025161743
44.0,0.07696906477212906
48.0,0.07582706212997437
52.0,0.07470786571502686
56.0,0.07360682636499405
60.0,0.07252030074596405
64.0,0.07147107273340225
72.0,0.06954015791416168
80.0,0.06776140630245209
88.0,0.06593801081180573
96.0,0.0645262822508812
104.0,0.06336288899183273
112.0,0.06237390637397766
120.0,0.061290252953767776
128.0,0.060215987265110016
144.0,0.05887586995959282
160.0,0.05746469274163246
176.0,0.055291250348091125
192.0,0.05286131426692009
208.0,0.05076407268643379
224.0,0.04877561703324318
240.0,0.04701712355017662
256.0,0.045745253562927246
288.0,0.04281843081116676
320.0,0.04027007520198822
352.0,0.037485066801309586
384.0,0.033689796924591064
416.0,0.030077382922172546
448.0,0.0266034584492445
480.0,0.023439347743988037
512.0,0.020626163110136986
576.0,0.0163071658462286
640.0,0.015286236070096493
704.0,0.012066426686942577
768.0,0.010141827166080475
832.0,0.008098402991890907
896.0,0.0049549248069524765
960.0,0.007607055362313986
1024.0,0.007621602155268192
1152.0,0.0030884207226336002
1280.0,-0.0012308502336964011
1408.0,0.0020137252286076546
1536.0,0.004211864434182644
1664.0,0.007735772058367729
1792.0,0.0033362063113600016
1920.0,-0.0005062800482846797
2048.0,-0.000695090158842504
2304.0,-0.0020233243703842163
2560.0,-0.0107766417786479
2816.0,-0.027375034987926483
3072.0,-0.029316948726773262
3328.0,-0.016974546015262604
3584.0,-0.014092917554080486
3840.0,-0.013243153691291809
4096.0,-0.008564131334424019
4608.0,-0.011808625422418118
5120.0,-0.016670646145939827
5632.0,-0.01656515710055828
6144.0,-0.019550781697034836
6656.0,-0.015972953289747238
7168.0,0.010439433157444
7680.0,0.01615702547132969
8192.0,0.017811423167586327
end
