version,3.0
numOfCh,1
type,point
parent_name,19e3e_0dot1-0dot01
ch_type,1_1
kcount,1
numberNandB,1
brightnessNandB,1
carpet pos,0
pc,0
Time (ms),CH1 Auto-Correlation
1.0,0.08203652501106262
2.0,0.08155810832977295
3.0,0.08108706027269363
4.0,0.08060365170240402
5.0,0.08013220131397247
6.0,0.07969111949205399
7.0,0.07924270629882812
8.0,0.07879281789064407
9.0,0.07835405319929123
10.0,0.07796730101108551
11.0,0.07751938700675964
12.0,0.07708992063999176
13.0,0.076659195125103
14.0,0.07624991238117218
15.0,0.07586179673671722
16.0,0.07548771053552628
18.0,0.07470380514860153
20.0,0.07378775626420975
22.0,0.07285841554403305
24.0,0.07185506075620651
26.0,0.07084512710571289
28.0,0.06993751227855682
30.0,0.06915118545293808
32.0,0.06834811717271805
36.0,0.06686557829380035
40.0,0.06542713195085526
44.0,0.06404032558202744
48.0,0.06260933727025986
52.0,0.06121070310473442
56.0,0.059825651347637177
60.0,0.0585012212395668
64.0,0.05731851980090141
72.0,0.05507154390215874
80.0,0.053204696625471115
88.0,0.05115460231900215
96.0,0.04896340146660805
104.0,0.04681720584630966
112.0,0.04466531053185463
120.0,0.04280555993318558
128.0,0.041443295776844025
144.0,0.038702577352523804
160.0,0.03519564867019653
176.0,0.032051943242549896
192.0,0.02884860895574093
208.0,0.025321530178189278
224.0,0.02165062725543976
240.0,0.01785760186612606
256.0,0.014547265134751797
288.0,0.014737234450876713
320.0,0.018536077812314034
352.0,0.02100156620144844
384.0,0.01953391544520855
416.0,0.015886394307017326
448.0,0.013102794997394085
480.0,0.012530031614005566
512.0,0.012330036610364914
576.0,0.008514068089425564
640.0,0.0024583591148257256
704.0,0.0023922401014715433
768.0,0.0020228519570082426
832.0,0.0031179790385067463
896.0,0.009914477355778217
960.0,0.011880236677825451
1024.0,0.010314121842384338
1152.0,-9.386410238221288e-05
1280.0,-0.004105605185031891
1408.0,-0.0006366820889525115
1536.0,-0.00099276308901608
1664.0,-0.011019155383110046
1792.0,-0.016134923323988914
1920.0,-0.017499826848506927
2048.0,-0.020049190148711205
2304.0,-0.015220883302390575
2560.0,-0.009686300531029701
2816.0,-0.013698442839086056
3072.0,-0.015875164419412613
3328.0,-0.015227170661091805
3584.0,-0.004981670994311571
3840.0,-0.0048464518040418625
4096.0,-0.008198073133826256
end
