version,3.0
numOfCh,1
type,point
parent_name,19e3e_0dot1-0dot01
ch_type,1_1
kcount,1
numberNandB,1
brightnessNandB,1
carpet pos,0
pc,0
Time (ms),CH1 Auto-Correlation
1.0,0.1597786843776703
2.0,0.1588476449251175
3.0,0.15792010724544525
4.0,0.1569739282131195
5.0,0.15600427985191345
6.0,0.15502750873565674
7.0,0.15406852960586548
8.0,0.15311779081821442
9.0,0.15216012299060822
10.0,0.15121491253376007
11.0,0.15027914941310883
12.0,0.14943183958530426
13.0,0.1485697478055954
14.0,0.1477024108171463
15.0,0.14681313931941986
16.0,0.1459347903728485
18.0,0.14425556361675262
20.0,0.14259609580039978
22.0,0.14095957577228546
24.0,0.13935458660125732
26.0,0.13774564862251282
28.0,0.13609746098518372
30.0,0.13450859487056732
32.0,0.1330551654100418
36.0,0.13009965419769287
40.0,0.1270706206560135
44.0,0.12400476634502411
48.0,0.12093214690685272
52.0,0.11793842911720276
56.0,0.11541210114955902
60.0,0.11323446780443192
64.0,0.11130228638648987
72.0,0.10721838474273682
80.0,0.10314065217971802
88.0,0.0992252379655838
96.0,0.09536133706569672
104.0,0.0914367213845253
112.0,0.08745741099119186
120.0,0.08381045609712601
128.0,0.08116961270570755
144.0,0.07619591057300568
160.0,0.07268749177455902
176.0,0.07046330720186234
192.0,0.06873349100351334
208.0,0.06761722266674042
224.0,0.06587780267000198
240.0,0.06430374830961227
256.0,0.06430412083864212
288.0,0.06157715991139412
320.0,0.05716869980096817
352.0,0.05250047519803047
384.0,0.048876550048589706
416.0,0.046460047364234924
448.0,0.04434492439031601
480.0,0.04075714573264122
512.0,0.041099753230810165
576.0,0.04184965789318085
640.0,0.046671099960803986
704.0,0.03864845633506775
768.0,0.03282889723777771
832.0,0.04176528751850128
896.0,0.05028394237160683
960.0,0.04944833368062973
1024.0,0.03390306606888771
1152.0,0.03345054015517235
1280.0,0.03015024960041046
1408.0,0.022403933107852936
1536.0,0.01087397150695324
1664.0,0.02071988955140114
1792.0,0.0024292487651109695
1920.0,0.004566669464111328
2048.0,-0.002394435228779912
2304.0,-0.014219215139746666
2560.0,-0.0018806627485901117
2816.0,-0.00944155640900135
3072.0,-0.0483994260430336
3328.0,-0.049742598086595535
3584.0,-0.049307066947221756
3840.0,-0.08627226203680038
4096.0,-0.11088681221008301
end
