version,3.0
numOfCh,1
type,point
parent_name,19e3e_0dot1-0dot01
ch_type,1_1
kcount,1
numberNandB,1
brightnessNandB,1
carpet pos,0
pc,0
Time (ms),CH1 Auto-Correlation
1.0,0.04466446861624718
2.0,0.044294193387031555
3.0,0.043946053832769394
4.0,0.04360312968492508
5.0,0.04323939234018326
6.0,0.0428776741027832
7.0,0.04252791404724121
8.0,0.04218001663684845
9.0,0.0418526828289032
10.0,0.04154524207115173
11.0,0.04121638834476471
12.0,0.04090398922562599
13.0,0.04060286656022072
14.0,0.04031964763998985
15.0,0.04003622382879257
16.0,0.039765335619449615
18.0,0.03923349827528
20.0,0.0387381836771965
22.0,0.03825452923774719
24.0,0.03774987906217575
26.0,0.0372832752764225
28.0,0.03686303645372391
30.0,0.03640618920326233
32.0,0.035938896238803864
36.0,0.03495388478040695
40.0,0.0338381752371788
44.0,0.03273431956768036
48.0,0.03171723335981369
52.0,0.030855713412165642
56.0,0.0299964752048254
60.0,0.02914871647953987
64.0,0.02835800312459469
72.0,0.02685682475566864
80.0,0.025326034054160118
88.0,0.0240336786955595
96.0,0.022693078964948654
104.0,0.02136372961103916
112.0,0.019882500171661377
120.0,0.018204035237431526
128.0,0.01669960655272007
144.0,0.013991410844027996
160.0,0.011477668769657612
176.0,0.009705246426165104
192.0,0.008100191131234169
208.0,0.006636114791035652
224.0,0.005688583943992853
240.0,0.0047639417462050915
256.0,0.004022432025521994
288.0,0.0033818581141531467
320.0,0.00201965169981122
352.0,0.0006344918510876596
384.0,-0.00025776459369808435
416.0,4.970435838913545e-05
448.0,0.001008898951113224
480.0,0.000877825019415468
512.0,0.00015433206863235682
576.0,-0.0006086808280088007
640.0,-0.0004609712050296366
704.0,0.0021163157653063536
768.0,0.00450365524739027
832.0,0.005167494062334299
896.0,0.0049489033408463
960.0,0.00513717345893383
1024.0,0.006625940557569265
1152.0,0.005925349425524473
1280.0,0.005024595186114311
1408.0,0.006431948393583298
1536.0,0.0022005995269864798
1664.0,-0.00262316782027483
1792.0,-0.003330998821184039
1920.0,-0.004863103851675987
2048.0,-0.005522959399968386
2304.0,0.0004154190537519753
2560.0,0.003776551689952612
2816.0,-0.0031069638207554817
3072.0,-0.021261580288410187
3328.0,-0.006780958268791437
3584.0,-0.0050811474211514
3840.0,-0.013172674924135208
4096.0,-0.008592095226049423
4608.0,-0.008574173785746098
5120.0,0.005320136435329914
5632.0,-0.008122553117573261
6144.0,0.009847323410212994
6656.0,0.004534736275672913
7168.0,0.009018657729029655
end
