version,3.0
numOfCh,1
type,point
parent_name,0cd20_0dot6-0dot01
ch_type,1_1
kcount,1
numberNandB,1
brightnessNandB,1
carpet pos,0
pc,0
Time (ms),CH1 Auto-Correlation
1.0,0.07584720104932785
2.0,0.07476884871721268
3.0,0.07377566397190094
4.0,0.07283075898885727
5.0,0.07197345793247223
6.0,0.07121435552835464
7.0,0.07047205418348312
8.0,0.06981826573610306
9.0,0.06919166445732117
10.0,0.06860759109258652
11.0,0.06804358214139938
12.0,0.067511186003685
13.0,0.06698871403932571
14.0,0.06650417298078537
15.0,0.06602390110492706
16.0,0.06556309759616852
18.0,0.0647415891289711
20.0,0.06395107507705688
22.0,0.06313731521368027
24.0,0.06228805333375931
26.0,0.061475686728954315
28.0,0.06074947491288185
30.0,0.060037560760974884
32.0,0.059345144778490067
36.0,0.05785156786441803
40.0,0.05629798397421837
44.0,0.05472373217344284
48.0,0.05329951271414757
52.0,0.05191180482506752
56.0,0.050764523446559906
60.0,0.049981120973825455
64.0,0.049082547426223755
72.0,0.047612264752388
80.0,0.04586239531636238
88.0,0.04408341273665428
96.0,0.042768336832523346
104.0,0.04131642356514931
112.0,0.040144819766283035
120.0,0.03917308524250984
128.0,0.03850590065121651
144.0,0.038641612976789474
160.0,0.03925676643848419
176.0,0.040391117334365845
192.0,0.04137618467211723
208.0,0.042040832340717316
224.0,0.04234476387500763
240.0,0.04176022484898567
256.0,0.04091095179319382
288.0,0.036945052444934845
320.0,0.03258632868528366
352.0,0.030445493757724762
384.0,0.02866329997777939
416.0,0.028865566477179527
448.0,0.02659815549850464
480.0,0.025021955370903015
512.0,0.025400040671229362
576.0,0.021447477862238884
640.0,0.015512553043663502
704.0,0.010795258916914463
768.0,0.009097532369196415
832.0,0.0055160075426101685
896.0,0.0010109669528901577
960.0,-0.0007856599986553192
1024.0,-0.003808437380939722
1152.0,-0.009245725348591805
1280.0,-0.009548197500407696
1408.0,-0.007618642412126064
1536.0,-0.0051783486269414425
1664.0,-0.0027716918848454952
1792.0,-0.0024106299970299006
1920.0,0.00031398620922118425
2048.0,0.0029056300409138203
2304.0,0.00645951833575964
2560.0,0.005823437124490738
2816.0,0.002586592920124531
3072.0,-0.002583511173725128
3328.0,-0.008860423229634762
3584.0,-0.008965623565018177
3840.0,-0.00887721125036478
4096.0,-0.010654089972376823
4608.0,-0.018583793193101883
5120.0,-0.03288474306464195
5632.0,-0.027062201872467995
6144.0,-0.01724700815975666
6656.0,-0.01214178279042244
7168.0,-0.0011287707602605224
end
