version,3.0
numOfCh,1
type,point
parent_name,34766_0dot6-0dot01
ch_type,1_1
kcount,1
numberNandB,1
brightnessNandB,1
carpet pos,0
pc,0
Time (ms),CH1 Auto-Correlation
1.0,0.5598539113998413
2.0,0.5582219362258911
3.0,0.5566452145576477
4.0,0.5551460385322571
5.0,0.5536828637123108
6.0,0.5522462725639343
7.0,0.5508086681365967
8.0,0.5494092106819153
9.0,0.5480372905731201
10.0,0.5467227697372437
11.0,0.5454251766204834
12.0,0.5441588163375854
13.0,0.542966365814209
14.0,0.5417714715003967
15.0,0.5405649542808533
16.0,0.5393611788749695
18.0,0.5370031595230103
20.0,0.5347761511802673
22.0,0.5327207446098328
24.0,0.5307297110557556
26.0,0.5288264751434326
28.0,0.526755154132843
30.0,0.5246325731277466
32.0,0.5226596593856812
36.0,0.5184902548789978
40.0,0.5148497819900513
44.0,0.5115020275115967
48.0,0.5081437230110168
52.0,0.5046024918556213
56.0,0.5011181235313416
60.0,0.4974171221256256
64.0,0.49329498410224915
72.0,0.48463281989097595
80.0,0.4765026867389679
88.0,0.4680090844631195
96.0,0.460115909576416
104.0,0.452056884765625
112.0,0.4439515471458435
120.0,0.4350278675556183
128.0,0.4264918863773346
144.0,0.40971189737319946
160.0,0.39283499121665955
176.0,0.3749288022518158
192.0,0.3574608862400055
208.0,0.3431735634803772
224.0,0.3296149969100952
240.0,0.3157971203327179
256.0,0.30329430103302
288.0,0.28158488869667053
320.0,0.2672610282897949
352.0,0.2510795593261719
384.0,0.2353573441505432
416.0,0.227767214179039
448.0,0.22696436941623688
480.0,0.23187008500099182
512.0,0.24125732481479645
576.0,0.25024449825286865
640.0,0.237601637840271
704.0,0.20681607723236084
768.0,0.17904464900493622
832.0,0.1525273621082306
896.0,0.13433434069156647
960.0,0.11353139579296112
1024.0,0.08701076358556747
1152.0,0.027946263551712036
1280.0,-0.004737424198538065
1408.0,-0.015195422805845737
1536.0,-0.015889795497059822
1664.0,-0.02116384170949459
1792.0,-0.028561927378177643
1920.0,-0.03761037811636925
2048.0,-0.04206570237874985
2304.0,-0.04074382781982422
2560.0,-0.05234251543879509
2816.0,-0.05119863152503967
3072.0,-0.03720720857381821
3328.0,-0.028847388923168182
3584.0,-0.032682355493307114
3840.0,-0.047589998692274094
4096.0,-0.06868409365415573
4608.0,-0.09274119883775711
5120.0,-0.10532565414905548
5632.0,-0.13407181203365326
6144.0,-0.2172667682170868
6656.0,-0.33973267674446106
7168.0,-0.38452622294425964
end
