version,3.0
numOfCh,1
type,point
parent_name,0cd20_0dot069-0dot1
ch_type,1_1
kcount,1
numberNandB,1
brightnessNandB,1
carpet pos,0
pc,0
Time (ms),CH1 Auto-Correlation
1.0,0.08901118487119675
2.0,0.08852053433656693
3.0,0.0880531519651413
4.0,0.08760466426610947
5.0,0.08717188239097595
6.0,0.08672460913658142
7.0,0.08629333972930908
8.0,0.08587220311164856
9.0,0.08545004576444626
10.0,0.08503450453281403
11.0,0.08462236076593399
12.0,0.08423182368278503
13.0,0.08385911583900452
14.0,0.0834839940071106
15.0,0.08309943974018097
16.0,0.08274496346712112
18.0,0.08206981420516968
20.0,0.08143985271453857
22.0,0.08086307346820831
24.0,0.08029082417488098
26.0,0.07977687567472458
28.0,0.07927442342042923
30.0,0.07876870036125183
32.0,0.07824534922838211
36.0,0.07722447067499161
40.0,0.07624275237321854
44.0,0.07523851841688156
48.0,0.07430768758058548
52.0,0.07347272336483002
56.0,0.07271242886781693
60.0,0.07199391722679138
64.0,0.071285180747509
72.0,0.06980877369642258
80.0,0.0681646391749382
88.0,0.06660006940364838
96.0,0.0653187483549118
104.0,0.06423213332891464
112.0,0.06317127496004105
120.0,0.061933133751153946
128.0,0.06084316596388817
144.0,0.05865970253944397
160.0,0.05612899735569954
176.0,0.053854990750551224
192.0,0.05200694501399994
208.0,0.050249241292476654
224.0,0.04840000718832016
240.0,0.04678681492805481
256.0,0.045551151037216187
288.0,0.0443093366920948
320.0,0.04266935586929321
352.0,0.04088252782821655
384.0,0.03879610821604729
416.0,0.0368814542889595
448.0,0.035730812698602676
480.0,0.03466268256306648
512.0,0.03415435925126076
576.0,0.033864576369524
640.0,0.03223956748843193
704.0,0.03009805455803871
768.0,0.027191517874598503
832.0,0.026372462511062622
896.0,0.027256323024630547
960.0,0.029116149991750717
1024.0,0.02980753593146801
1152.0,0.029262501746416092
1280.0,0.02680952474474907
1408.0,0.027254339307546616
1536.0,0.03011845052242279
1664.0,0.027287166565656662
1792.0,0.023071467876434326
1920.0,0.017806731164455414
2048.0,0.015097311697900295
2304.0,0.016755471006035805
2560.0,0.013349439017474651
2816.0,0.004176208283752203
3072.0,-0.004377541597932577
3328.0,-0.013845367357134819
3584.0,-0.015273071825504303
3840.0,-0.011819264851510525
4096.0,-0.005209601484239101
4608.0,-0.007618494797497988
5120.0,-0.019885890185832977
5632.0,-0.016591569408774376
6144.0,-0.008692167699337006
6656.0,-0.015599451959133148
7168.0,-0.005720087792724371
7680.0,-0.014154703356325626
8192.0,-0.01633467711508274
end
