version,3.0
numOfCh,1
type,point
parent_name,0cd20_0dot069-0dot1
ch_type,1_1
kcount,1
numberNandB,1
brightnessNandB,1
carpet pos,0
pc,0
Time (ms),CH1 Auto-Correlation
1.0,0.09733365476131439
2.0,0.09451808780431747
3.0,0.09162884205579758
4.0,0.0902511402964592
5.0,0.08909657597541809
6.0,0.08787239342927933
7.0,0.08675021678209305
8.0,0.0856400579214096
9.0,0.08453542739152908
10.0,0.08349385112524033
11.0,0.08236823230981827
12.0,0.08133532851934433
13.0,0.08029989898204803
14.0,0.07930826395750046
15.0,0.07826253026723862
16.0,0.07725926488637924
18.0,0.07526275515556335
20.0,0.07332439720630646
22.0,0.07154078036546707
24.0,0.06991641968488693
26.0,0.06835243105888367
28.0,0.06682831794023514
30.0,0.06543509662151337
32.0,0.06395253539085388
36.0,0.06138188764452934
40.0,0.059269823133945465
44.0,0.057419560849666595
48.0,0.05616134777665138
52.0,0.05474386736750603
56.0,0.05340311676263809
60.0,0.052374280989170074
64.0,0.051725346595048904
72.0,0.050663068890571594
80.0,0.04925188049674034
88.0,0.04657093062996864
96.0,0.04293493553996086
104.0,0.03963175415992737
112.0,0.03644080087542534
120.0,0.03356252238154411
128.0,0.03197433054447174
144.0,0.03187032416462898
160.0,0.031168557703495026
176.0,0.02894090674817562
192.0,0.026399271562695503
208.0,0.025795113295316696
224.0,0.028163384646177292
240.0,0.03074312023818493
256.0,0.03175903484225273
288.0,0.028268638998270035
320.0,0.027143901214003563
352.0,0.024670511484146118
384.0,0.018516965210437775
416.0,0.015105236321687698
448.0,0.012469100765883923
480.0,0.011506713926792145
512.0,0.013066590763628483
576.0,0.012185443192720413
640.0,0.008689988404512405
704.0,0.007875707000494003
768.0,0.005882819648832083
832.0,0.008940367959439754
896.0,0.010892007499933243
960.0,0.013340200297534466
1024.0,0.010462267324328423
1152.0,0.007657687179744244
1280.0,0.005658604670315981
1408.0,0.010001174174249172
1536.0,0.013112782500684261
1664.0,0.016698885709047318
1792.0,0.01790720224380493
1920.0,0.02141474187374115
2048.0,0.02555897645652294
2304.0,0.009956581518054008
2560.0,0.004132729023694992
2816.0,-0.010995859280228615
3072.0,-0.0065522752702236176
3328.0,-0.0016977495979517698
3584.0,0.0027434357907623053
3840.0,-0.004141840618103743
4096.0,-0.0008986159227788448
4608.0,-0.009697474539279938
5120.0,-0.01912793330848217
5632.0,-0.0021728177089244127
6144.0,-0.021660083904862404
6656.0,-0.02209622599184513
7168.0,-0.029688991606235504
7680.0,-0.016001027077436447
8192.0,-0.027042759582400322
end
