version,3.0
numOfCh,1
type,point
parent_name,0cd20_0dot069-0dot1
ch_type,1_1
kcount,1
numberNandB,1
brightnessNandB,1
carpet pos,0
pc,0
Time (ms),CH1 Auto-Correlation
1.0,0.069877028465271
2.0,0.06931176781654358
3.0,0.06877882778644562
4.0,0.06829707324504852
5.0,0.06781709939241409
6.0,0.0673651173710823
7.0,0.06693396717309952
8.0,0.06649397313594818
9.0,0.06608896702528
10.0,0.06572258472442627
11.0,0.06534524261951447
12.0,0.06497769057750702
13.0,0.06459599733352661
14.0,0.06421881169080734
15.0,0.06383347511291504
16.0,0.06345559656620026
18.0,0.06268466264009476
20.0,0.061943378299474716
22.0,0.06122970208525658
24.0,0.060518551617860794
26.0,0.05981437489390373
28.0,0.05916576832532883
30.0,0.05853612348437309
32.0,0.05791020020842552
36.0,0.05671216547489166
40.0,0.05559789016842842
44.0,0.05450024455785751
48.0,0.053479768335819244
52.0,0.05248656123876572
56.0,0.051474783569574356
60.0,0.050446219742298126
64.0,0.04950209707021713
72.0,0.04774758219718933
80.0,0.045985087752342224
88.0,0.04460935667157173
96.0,0.043400172144174576
104.0,0.04200286045670509
112.0,0.04061834514141083
120.0,0.03908529505133629
128.0,0.03748461976647377
144.0,0.03424575924873352
160.0,0.03157446160912514
176.0,0.029370831325650215
192.0,0.02762763202190399
208.0,0.02668759413063526
224.0,0.025996021926403046
240.0,0.024811869487166405
256.0,0.023641038686037064
288.0,0.021895339712500572
320.0,0.021644776687026024
352.0,0.02153121493756771
384.0,0.02166842110455036
416.0,0.021324949339032173
448.0,0.020754199475049973
480.0,0.019247574731707573
512.0,0.01800922118127346
576.0,0.014212610200047493
640.0,0.01384903583675623
704.0,0.015363935381174088
768.0,0.015380792319774628
832.0,0.013722928240895271
896.0,0.011221763677895069
960.0,0.00917885173112154
1024.0,0.009339007548987865
1152.0,0.011560473591089249
1280.0,0.01167391613125801
1408.0,0.01125827431678772
1536.0,0.011512242257595062
1664.0,0.006456518545746803
1792.0,0.005032907240092754
1920.0,0.007798853330314159
2048.0,0.010597415268421173
2304.0,0.006171141751110554
2560.0,0.008790274150669575
2816.0,-0.0002671221736818552
3072.0,2.5552080842317082e-05
3328.0,-0.0030182264745235443
3584.0,-0.0051275030709803104
3840.0,-0.006599557586014271
4096.0,-0.007662294432520866
4608.0,-0.007770807482302189
5120.0,-0.006635523401200771
5632.0,-0.013932681642472744
6144.0,-0.024917887523770332
6656.0,-0.023530539125204086
7168.0,-0.018307063728570938
7680.0,-0.012111579068005085
8192.0,-0.022094106301665306
end
