version,3.0
numOfCh,1
type,point
parent_name,0cd20_0dot069-0dot1
ch_type,1_1
kcount,1
numberNandB,1
brightnessNandB,1
carpet pos,0
pc,0
Time (ms),CH1 Auto-Correlation
1.0,0.07308441400527954
2.0,0.07225802540779114
3.0,0.07147073745727539
4.0,0.07073547691106796
5.0,0.07002897560596466
6.0,0.06941279023885727
7.0,0.06882885098457336
8.0,0.06824604421854019
9.0,0.06764458119869232
10.0,0.06706798076629639
11.0,0.06647290289402008
12.0,0.0659627765417099
13.0,0.06552790105342865
14.0,0.06503275781869888
15.0,0.06453385204076767
16.0,0.06404338777065277
18.0,0.0630938932299614
20.0,0.062147658318281174
22.0,0.06106552481651306
24.0,0.05999517813324928
26.0,0.0590551383793354
28.0,0.058263782411813736
30.0,0.05747217312455177
32.0,0.05676324665546417
36.0,0.055602140724658966
40.0,0.05444706603884697
44.0,0.053017500787973404
48.0,0.05167176201939583
52.0,0.05032362788915634
56.0,0.04903727024793625
60.0,0.04784749820828438
64.0,0.04673048108816147
72.0,0.0443338006734848
80.0,0.04193315654993057
88.0,0.03973832726478577
96.0,0.03773580864071846
104.0,0.03617532178759575
112.0,0.03485000133514404
120.0,0.03354135900735855
128.0,0.03230014815926552
144.0,0.02989577315747738
160.0,0.027638835832476616
176.0,0.025675779208540916
192.0,0.023902136832475662
208.0,0.02271145209670067
224.0,0.022224176675081253
240.0,0.021470457315444946
256.0,0.02099059522151947
288.0,0.020389731973409653
320.0,0.019127342849969864
352.0,0.018178442493081093
384.0,0.017715705558657646
416.0,0.01745019108057022
448.0,0.015770144760608673
480.0,0.013789373449981213
512.0,0.010506384074687958
576.0,0.007375779096037149
640.0,0.00663816649466753
704.0,0.008695695549249649
768.0,0.0079655097797513
832.0,0.006312476005405188
896.0,0.005229856353253126
960.0,0.005161469802260399
1024.0,0.005368949379771948
1152.0,-0.0031896857544779778
1280.0,-0.00684316223487258
1408.0,-0.01287511270493269
1536.0,-0.007211863994598389
1664.0,-0.00814583245664835
1792.0,-0.00914572924375534
1920.0,-0.008581061847507954
2048.0,-0.007898789830505848
2304.0,-0.005606397986412048
2560.0,0.0008313949219882488
2816.0,-0.004737192299216986
3072.0,-0.010449208319187164
3328.0,-0.005397886503487825
3584.0,-0.004302993416786194
3840.0,-0.010355385951697826
4096.0,-0.01200832799077034
4608.0,-0.012269722297787666
5120.0,-0.003117445157840848
5632.0,-0.003789733164012432
6144.0,0.010965629480779171
6656.0,0.0023060296662151814
7168.0,0.006059220526367426
7680.0,0.0033777342177927494
8192.0,-0.0025116854812949896
end
