version,3.0
numOfCh,1
type,point
parent_name,0cd20_0dot069-0dot1
ch_type,1_1
kcount,1
numberNandB,1
brightnessNandB,1
carpet pos,0
pc,0
Time (ms),CH1 Auto-Correlation
1.0,0.07840065658092499
2.0,0.07732203602790833
3.0,0.0763641819357872
4.0,0.07544293254613876
5.0,0.07455379515886307
6.0,0.07375333458185196
7.0,0.07288985699415207
8.0,0.07202807813882828
9.0,0.07116062939167023
10.0,0.07028358429670334
11.0,0.06937839090824127
12.0,0.06852913647890091
13.0,0.06784221529960632
14.0,0.0670260414481163
15.0,0.06629975885152817
16.0,0.06563222408294678
18.0,0.06423594057559967
20.0,0.06273756921291351
22.0,0.06148526817560196
24.0,0.06026437133550644
26.0,0.0591135248541832
28.0,0.05814018473029137
30.0,0.0573420450091362
32.0,0.05645858496427536
36.0,0.05478943511843681
40.0,0.053854137659072876
44.0,0.05265827104449272
48.0,0.05179062858223915
52.0,0.050687432289123535
56.0,0.04991123080253601
60.0,0.04890938103199005
64.0,0.04791634902358055
72.0,0.04558420926332474
80.0,0.043153539299964905
88.0,0.04134288430213928
96.0,0.03916168212890625
104.0,0.03718014433979988
112.0,0.03589740768074989
120.0,0.03522395342588425
128.0,0.03490521386265755
144.0,0.033298272639513016
160.0,0.03149206563830376
176.0,0.02989543043076992
192.0,0.02814164012670517
208.0,0.027904337272047997
224.0,0.02771785296499729
240.0,0.02552882581949234
256.0,0.024869350716471672
288.0,0.024409189820289612
320.0,0.023832766339182854
352.0,0.023904426023364067
384.0,0.022310394793748856
416.0,0.0217926986515522
448.0,0.02205831930041313
480.0,0.022513296455144882
512.0,0.020069854333996773
576.0,0.018624139949679375
640.0,0.014594990760087967
704.0,0.013461193069815636
768.0,0.009770197793841362
832.0,0.006561751011759043
896.0,0.006123280618339777
960.0,0.0009370000334456563
1024.0,-0.0010819565504789352
1152.0,-0.004035795573145151
1280.0,-0.004255195148289204
1408.0,-0.00034592056181281805
1536.0,0.0013898916076868773
1664.0,-0.005289894528687
1792.0,-0.006056733429431915
1920.0,-0.0054335324093699455
2048.0,-0.0018291129963472486
2304.0,-0.003169792238622904
2560.0,0.004717477131634951
2816.0,0.008811745792627335
3072.0,0.012402748689055443
3328.0,0.001513406285084784
3584.0,5.7933815696742386e-05
3840.0,-0.008214284665882587
4096.0,-0.011204631067812443
4608.0,-0.0130574656650424
5120.0,-0.007336427923291922
5632.0,0.006134143099188805
6144.0,0.016907719895243645
6656.0,0.016962837427854538
7168.0,0.008044010028243065
7680.0,-0.008779502473771572
8192.0,-0.014257503673434258
end
