version,3.0
numOfCh,1
type,point
parent_name,0cd20_0dot069-0dot1
ch_type,1_1
kcount,1
numberNandB,1
brightnessNandB,1
carpet pos,0
pc,0
Time (ms),CH1 Auto-Correlation
1.0,0.09515069425106049
2.0,0.0940285474061966
3.0,0.09293801337480545
4.0,0.0918831005692482
5.0,0.09086049348115921
6.0,0.08989143371582031
7.0,0.08887609094381332
8.0,0.08788798004388809
9.0,0.08703736215829849
10.0,0.0861479714512825
11.0,0.08535445481538773
12.0,0.08459606766700745
13.0,0.08392047137022018
14.0,0.0832308977842331
15.0,0.08259283006191254
16.0,0.08193444460630417
18.0,0.08053358644247055
20.0,0.07915707677602768
22.0,0.07787179201841354
24.0,0.07669335603713989
26.0,0.07557110488414764
28.0,0.07454604655504227
30.0,0.07369845360517502
32.0,0.07280595600605011
36.0,0.07086805254220963
40.0,0.06925202161073685
44.0,0.0676846131682396
48.0,0.06591692566871643
52.0,0.06403489410877228
56.0,0.06228029727935791
60.0,0.06088907644152641
64.0,0.05979694053530693
72.0,0.05757250264286995
80.0,0.05562830716371536
88.0,0.05381949990987778
96.0,0.052008938044309616
104.0,0.0501970611512661
112.0,0.04893825948238373
120.0,0.0479939728975296
128.0,0.04709222540259361
144.0,0.04499998688697815
160.0,0.0443926565349102
176.0,0.04358094930648804
192.0,0.04246879741549492
208.0,0.04111082851886749
224.0,0.04020977020263672
240.0,0.03740612417459488
256.0,0.034942466765642166
288.0,0.028617357835173607
320.0,0.02236705832183361
352.0,0.01627793349325657
384.0,0.013002203777432442
416.0,0.009881106205284595
448.0,0.007849490270018578
480.0,0.0076446570456027985
512.0,0.00997200794517994
576.0,0.011497572995722294
640.0,0.010597487911581993
704.0,0.009454251267015934
768.0,0.011533839628100395
832.0,0.01077622827142477
896.0,0.008351555094122887
960.0,0.005938345566391945
1024.0,0.0074942889623343945
1152.0,0.0037530511617660522
1280.0,1.8980746972374618e-05
1408.0,0.0035503923427313566
1536.0,0.006068442482501268
1664.0,0.010537146590650082
1792.0,0.010997294448316097
1920.0,0.012081804685294628
2048.0,0.012744744308292866
2304.0,0.009564079344272614
2560.0,-0.003861898323521018
2816.0,-0.009571071714162827
3072.0,0.001339551410637796
3328.0,0.0075720809400081635
3584.0,-0.00037270731991156936
3840.0,-0.006130638532340527
4096.0,-0.007247495464980602
4608.0,-0.01178138516843319
5120.0,-0.018745094537734985
5632.0,-0.008420540951192379
6144.0,-0.003118320368230343
6656.0,-0.0191176887601614
7168.0,-0.025199932977557182
7680.0,-0.01255993451923132
8192.0,-0.0033819496165961027
end
