version,3.0
numOfCh,1
type,point
parent_name,labthresh-0dot04_cutandshift_3dot0-0dot01
ch_type,1_1
kcount,1
numberNandB,1
brightnessNandB,1
carpet pos,0
pc,0
Time (ms),CH1 Auto-Correlation
1.0,0.03025413118302822
2.0,0.025467650964856148
3.0,0.021634571254253387
4.0,0.018918661400675774
5.0,0.01662939228117466
6.0,0.014934150502085686
7.0,0.013517661020159721
8.0,0.012617663480341434
9.0,0.012004231102764606
10.0,0.01139338780194521
11.0,0.010674993507564068
12.0,0.009862539358437061
13.0,0.009327204897999763
14.0,0.008882582187652588
15.0,0.008583097718656063
16.0,0.008548751473426819
18.0,0.008803089149296284
20.0,0.008639347739517689
22.0,0.00881617795675993
24.0,0.008035007864236832
26.0,0.007181752938777208
28.0,0.006907076574862003
30.0,0.006912610027939081
32.0,0.00677238404750824
36.0,0.00646322313696146
40.0,0.005582386627793312
44.0,0.004972925875335932
48.0,0.005626172758638859
52.0,0.006560126785188913
56.0,0.006131082773208618
60.0,0.004962415900081396
64.0,0.004440625198185444
72.0,0.002965777413919568
80.0,0.0011168471537530422
88.0,0.0008125356980599463
96.0,0.0019263295689597726
104.0,0.0023649921640753746
112.0,0.0014156792312860489
120.0,0.0010635199723765254
128.0,0.001993347890675068
144.0,0.0012046644696965814
160.0,0.0022030845284461975
176.0,0.001234588329680264
192.0,0.0007414267165586352
208.0,0.002040072111412883
224.0,0.0015710978768765926
240.0,0.0005236745928414166
256.0,0.0013562107924371958
288.0,0.0014772254507988691
320.0,0.0019181693205609918
352.0,0.0008816137560643256
384.0,-0.0008427262073382735
416.0,-0.001546701998449862
448.0,-0.0009804107248783112
480.0,-0.00088549341307953
512.0,-0.0010762824676930904
576.0,-0.0021791085600852966
640.0,-0.0019980468787252903
704.0,-0.0015451670624315739
768.0,-0.0008490968612022698
832.0,-0.0007376336143352091
896.0,-0.0017975918017327785
960.0,-0.0021614846773445606
1024.0,-0.0004531060694716871
1152.0,0.0009251367882825434
1280.0,-5.816238626721315e-05
1408.0,0.0006507948855869472
1536.0,-0.0007322891033254564
1664.0,-0.0008446280262432992
1792.0,-0.001365414704196155
1920.0,-0.0011935620568692684
2048.0,-0.0008329676347784698
2304.0,0.0015165640506893396
2560.0,0.0006528213270939887
2816.0,0.002340434119105339
3072.0,-0.0001396800362272188
3328.0,-0.0033145397901535034
3584.0,-0.005022868514060974
3840.0,3.875370748573914e-05
4096.0,-0.0004439871700014919
end
