version,3.0
numOfCh,1
type,point
parent_name,labthresh-0dot04_cutandshift_3dot0-0dot01
ch_type,1_1
kcount,1
numberNandB,1
brightnessNandB,1
carpet pos,0
pc,0
Time (ms),CH1 Auto-Correlation
1.0,0.02555958926677704
2.0,0.02108079195022583
3.0,0.017940504476428032
4.0,0.015717651695013046
5.0,0.014067763462662697
6.0,0.012951704673469067
7.0,0.011836083605885506
8.0,0.011260122060775757
9.0,0.01065067108720541
10.0,0.010034670121967793
11.0,0.009448636323213577
12.0,0.008987229317426682
13.0,0.008784526959061623
14.0,0.008381874300539494
15.0,0.008031951263546944
16.0,0.007593517191708088
18.0,0.007021411322057247
20.0,0.006215381436049938
22.0,0.005683422088623047
24.0,0.0057632713578641415
26.0,0.005323696415871382
28.0,0.0049866242334246635
30.0,0.005102503579109907
32.0,0.0051328642293810844
36.0,0.00498497299849987
40.0,0.004349653143435717
44.0,0.0039359526708722115
48.0,0.0035832521971315145
52.0,0.003590342588722706
56.0,0.003761880798265338
60.0,0.003899440634995699
64.0,0.004155281465500593
72.0,0.004279120825231075
80.0,0.0038829308468848467
88.0,0.003400226589292288
96.0,0.002811175538226962
104.0,0.0029683723114430904
112.0,0.0027132639661431313
120.0,0.0029331252444535494
128.0,0.002727395622059703
144.0,0.0028388332575559616
160.0,0.00297705945558846
176.0,0.0025620409287512302
192.0,0.0012253363383933902
208.0,0.0008851432939991355
224.0,0.0019441153854131699
240.0,0.0024954925756901503
256.0,0.002263786504045129
288.0,0.002377323806285858
320.0,0.002375300507992506
352.0,0.0020435801707208157
384.0,0.0029883740935474634
416.0,0.003068663878366351
448.0,0.002465063240379095
480.0,0.0018419795669615269
512.0,0.0017195200780406594
576.0,0.002649580826982856
640.0,0.0032906976994127035
704.0,0.0016335000982508063
768.0,-0.0002558580308686942
832.0,0.00028703457792289555
896.0,-7.696974353166297e-05
960.0,0.00034539392800070345
1024.0,0.00039067119359970093
1152.0,-1.1435281521698926e-05
1280.0,-0.0013822936452925205
1408.0,-0.001674657454714179
1536.0,-0.0009115210850723088
1664.0,-0.001855898997746408
1792.0,-0.0016778568970039487
1920.0,-0.003393573220819235
2048.0,-0.0013611357426270843
2304.0,-0.0016683628782629967
2560.0,-0.0023333157878369093
2816.0,-0.0011325310915708542
3072.0,-0.0006114639109000564
3328.0,0.0003091110847890377
3584.0,0.00041104594129137695
3840.0,0.0003521874314174056
4096.0,0.0009611880523152649
end
