version,3.0
numOfCh,1
type,point
parent_name,labthresh-0dot04_cutandshift_3dot0-0dot01
ch_type,1_1
kcount,1
numberNandB,1
brightnessNandB,1
carpet pos,0
pc,0
Time (ms),CH1 Auto-Correlation
1.0,0.029479673132300377
2.0,0.024780170992016792
3.0,0.02163376472890377
4.0,0.019112586975097656
5.0,0.016920842230319977
6.0,0.015287680551409721
7.0,0.01404626201838255
8.0,0.012980347499251366
9.0,0.012001675553619862
10.0,0.011228369548916817
11.0,0.01059684157371521
12.0,0.009834883734583855
13.0,0.009186179377138615
14.0,0.008754142560064793
15.0,0.008825805969536304
16.0,0.009005283005535603
18.0,0.00874337274581194
20.0,0.008527235127985477
22.0,0.008297632448375225
24.0,0.007857698015868664
26.0,0.0076423040591180325
28.0,0.007492661941796541
30.0,0.006886961869895458
32.0,0.006545877084136009
36.0,0.005911588203161955
40.0,0.0055208103731274605
44.0,0.005240840371698141
48.0,0.004522454924881458
52.0,0.004280247259885073
56.0,0.003623302560299635
60.0,0.002811780432239175
64.0,0.0023925667628645897
72.0,0.001902141491882503
80.0,0.0020971549674868584
88.0,0.0017603455344215035
96.0,0.001968777971342206
104.0,0.0005694904830306768
112.0,0.0005755111342296004
120.0,0.0010290576610714197
128.0,0.0012177650351077318
144.0,0.0009840354323387146
160.0,0.001103171263821423
176.0,-4.274322054698132e-05
192.0,-0.0003400408022571355
208.0,-0.001239617238752544
224.0,5.6610926549183205e-05
240.0,0.0009856215910986066
256.0,0.0023778926115483046
288.0,0.00228024716489017
320.0,0.0011184077011421323
352.0,0.0010381172178313136
384.0,0.0002930283371824771
416.0,-0.00010953502351185307
448.0,-0.0007059174822643399
480.0,-0.0013905439991503954
512.0,0.00048755801981315017
576.0,0.0011737452587112784
640.0,0.0003552101843524724
704.0,-0.0002405050618108362
768.0,-0.00013602100079879165
832.0,8.872018952388316e-05
896.0,0.0004698142292909324
960.0,0.0013189796591177583
1024.0,-0.000675272080115974
1152.0,-0.0009644012316130102
1280.0,-0.0009285193518735468
1408.0,0.0004193303466308862
1536.0,0.0005610483349300921
1664.0,-0.00020342190691735595
1792.0,-0.000689375854562968
1920.0,-0.00048230212996713817
2048.0,-0.0002555590181145817
2304.0,-0.0009950660169124603
2560.0,-0.0019502369686961174
2816.0,-0.0015832361532375216
3072.0,-0.0012752097100019455
3328.0,-0.00035924106487073004
3584.0,0.0008853793842718005
3840.0,-0.001517447060905397
4096.0,-0.00026040576631203294
end
