version,3.0
numOfCh,1
type,point
parent_name,fe81d_50dot0-0dot01
ch_type,1_1
kcount,1
numberNandB,1
brightnessNandB,1
carpet pos,0
pc,0
Time (ms),CH1 Auto-Correlation
1.0,0.02813590131700039
2.0,0.026627976447343826
3.0,0.02568960376083851
4.0,0.02443772926926613
5.0,0.02416255511343479
6.0,0.02422534115612507
7.0,0.02377699501812458
8.0,0.023288019001483917
9.0,0.023640187457203865
10.0,0.023045044392347336
11.0,0.023193327710032463
12.0,0.02290436066687107
13.0,0.022590607404708862
14.0,0.022307423874735832
15.0,0.022008376196026802
16.0,0.021681340411305428
18.0,0.02231023646891117
20.0,0.02176610194146633
22.0,0.020966824144124985
24.0,0.02108912728726864
26.0,0.021084755659103394
28.0,0.020773237571120262
30.0,0.020553290843963623
32.0,0.020348940044641495
36.0,0.01996263861656189
40.0,0.019865617156028748
44.0,0.02004336379468441
48.0,0.019912611693143845
52.0,0.019509974867105484
56.0,0.018971918150782585
60.0,0.019668487831950188
64.0,0.019069988280534744
72.0,0.018695561215281487
80.0,0.0183876883238554
88.0,0.0187530554831028
96.0,0.018771033734083176
104.0,0.01886216551065445
112.0,0.018820753321051598
120.0,0.01767311990261078
128.0,0.017283467575907707
144.0,0.016236409544944763
160.0,0.015597254037857056
176.0,0.014907187782227993
192.0,0.014512312598526478
208.0,0.01400857511907816
224.0,0.014225946739315987
240.0,0.013630978763103485
256.0,0.013109846971929073
288.0,0.010778991505503654
320.0,0.010289352387189865
352.0,0.009762495756149292
384.0,0.008038844913244247
416.0,0.006287391763180494
448.0,0.0054517630487680435
480.0,0.00401673000305891
512.0,0.002370093949139118
576.0,0.0006194706656970084
640.0,-0.0007656538509763777
704.0,-0.0025057459715753794
768.0,-0.003600070718675852
832.0,-0.0031628089491277933
896.0,-0.0030747507698833942
960.0,-0.004084696993231773
1024.0,-0.0037516856100410223
1152.0,-0.0035205634776502848
1280.0,-0.004265234339982271
1408.0,-0.00711307255551219
1536.0,-0.008908990770578384
1664.0,-0.009870232082903385
1792.0,-0.012621905654668808
1920.0,-0.014714368619024754
2048.0,-0.015177980065345764
end
