version,3.0
numOfCh,1
type,point
parent_name,34a6d_0dot08-0dot1
ch_type,1_1
kcount,1
numberNandB,1
brightnessNandB,1
carpet pos,0
pc,0
Time (ms),CH1 Auto-Correlation
1.0,0.08569177240133286
2.0,0.08488977700471878
3.0,0.08411990106105804
4.0,0.08339893072843552
5.0,0.08270897716283798
6.0,0.08203614503145218
7.0,0.0813700333237648
8.0,0.08070875704288483
9.0,0.08004666864871979
10.0,0.07943051308393478
11.0,0.0788278877735138
12.0,0.07827434688806534
13.0,0.07771986722946167
14.0,0.07718058675527573
15.0,0.07665529102087021
16.0,0.07613929361104965
18.0,0.07517246156930923
20.0,0.07425759732723236
22.0,0.07338124513626099
24.0,0.07255653291940689
26.0,0.07171560078859329
28.0,0.07092773169279099
30.0,0.0701429694890976
32.0,0.06940464675426483
36.0,0.06810127943754196
40.0,0.06662840396165848
44.0,0.06522592902183533
48.0,0.06392078101634979
52.0,0.06257887929677963
56.0,0.06112326681613922
60.0,0.05973586067557335
64.0,0.05851086229085922
72.0,0.056439075618982315
80.0,0.05488989129662514
88.0,0.053554702550172806
96.0,0.052281126379966736
104.0,0.05074665695428848
112.0,0.04892741143703461
120.0,0.04728826880455017
128.0,0.04568144679069519
144.0,0.04200397804379463
160.0,0.039047833532094955
176.0,0.03666609898209572
192.0,0.0349564254283905
208.0,0.03362411633133888
224.0,0.03267827257514
240.0,0.031758636236190796
256.0,0.030191101133823395
288.0,0.027278289198875427
320.0,0.0245840884745121
352.0,0.02168167009949684
384.0,0.019342070445418358
416.0,0.016986018046736717
448.0,0.014692251570522785
480.0,0.0140451705083251
512.0,0.014615383930504322
576.0,0.013429775834083557
640.0,0.015685029327869415
704.0,0.014756777323782444
768.0,0.010772624053061008
832.0,0.003157102968543768
896.0,0.0024883828591555357
960.0,0.002803284442052245
1024.0,0.0010585022391751409
1152.0,-0.0058765714056789875
1280.0,-0.00704351207241416
1408.0,-0.008771613240242004
1536.0,-0.011740007437765598
1664.0,-0.009970837272703648
1792.0,-0.01086953841149807
1920.0,-0.0011381852673366666
2048.0,0.00970497727394104
2304.0,0.003993269056081772
2560.0,-0.005964021198451519
2816.0,-0.010726639069616795
3072.0,-0.009730014018714428
3328.0,-0.007563090417534113
3584.0,-0.002895935671404004
3840.0,-0.002389276400208473
4096.0,0.008907257579267025
4608.0,0.013790374621748924
5120.0,-0.006136319134384394
5632.0,-0.018665770068764687
6144.0,-0.019455594941973686
6656.0,-0.017462028190493584
7168.0,-0.022568577900528908
7680.0,-0.008167330175638199
8192.0,0.0029944891575723886
end
