version,3.0
numOfCh,1
type,point
parent_name,34a6d_0dot08-0dot1
ch_type,1_1
kcount,1
numberNandB,1
brightnessNandB,1
carpet pos,0
pc,0
Time (ms),CH1 Auto-Correlation
1.0,0.07645545154809952
2.0,0.07553862780332565
3.0,0.07466273009777069
4.0,0.07385782152414322
5.0,0.07313626259565353
6.0,0.07242372632026672
7.0,0.07175898551940918
8.0,0.0710870623588562
9.0,0.07041990011930466
10.0,0.06983057409524918
11.0,0.06926456838846207
12.0,0.06873534619808197
13.0,0.0681752860546112
14.0,0.06763134896755219
15.0,0.06715388596057892
16.0,0.06669826805591583
18.0,0.06571820378303528
20.0,0.06471935659646988
22.0,0.06381500512361526
24.0,0.06292537599802017
26.0,0.06192958354949951
28.0,0.06087878346443176
30.0,0.05987657234072685
32.0,0.058880679309368134
36.0,0.057024721056222916
40.0,0.05538712069392204
44.0,0.05383722484111786
48.0,0.05237608030438423
52.0,0.0510137677192688
56.0,0.049682147800922394
60.0,0.04826761409640312
64.0,0.047009095549583435
72.0,0.044524963945150375
80.0,0.04209870472550392
88.0,0.039767924696207047
96.0,0.037441644817590714
104.0,0.03520600497722626
112.0,0.0331546850502491
120.0,0.03154290094971657
128.0,0.030294077470898628
144.0,0.02941819280385971
160.0,0.029215263202786446
176.0,0.029491843655705452
192.0,0.029361272230744362
208.0,0.028690040111541748
224.0,0.027794580906629562
240.0,0.026647383347153664
256.0,0.02524513192474842
288.0,0.023156095296144485
320.0,0.021894315257668495
352.0,0.02219974622130394
384.0,0.02235148474574089
416.0,0.022752081975340843
448.0,0.021590260788798332
480.0,0.01908191666007042
512.0,0.01849491149187088
576.0,0.0191360954195261
640.0,0.01569165661931038
704.0,0.009771930053830147
768.0,0.008353781886398792
832.0,0.009875427931547165
896.0,0.007962626405060291
960.0,0.008319012820720673
1024.0,0.00946742296218872
1152.0,0.008235841989517212
1280.0,0.007483822759240866
1408.0,0.008065184578299522
1536.0,0.007505043409764767
1664.0,0.007717953063547611
1792.0,0.007266286760568619
1920.0,0.004702247679233551
2048.0,0.00014399913197848946
2304.0,-0.006608499214053154
2560.0,-0.010252842679619789
2816.0,-0.01413721963763237
3072.0,-0.013479932211339474
3328.0,-0.014672311954200268
3584.0,-0.016518021002411842
3840.0,-0.018323929980397224
4096.0,-0.017306556925177574
4608.0,-0.016753727570176125
5120.0,-0.01368828397244215
5632.0,-0.005547880195081234
6144.0,0.0072917756624519825
6656.0,0.010637404397130013
7168.0,-0.0007050235872156918
7680.0,0.0059363567270338535
8192.0,0.011990385130047798
end
