version,3.0
numOfCh,1
type,point
parent_name,34a6d_0dot08-0dot1
ch_type,1_1
kcount,1
numberNandB,1
brightnessNandB,1
carpet pos,0
pc,0
Time (ms),CH1 Auto-Correlation
1.0,0.06565336883068085
2.0,0.06513091176748276
3.0,0.06463957577943802
4.0,0.06414847820997238
5.0,0.06367278844118118
6.0,0.06320316344499588
7.0,0.06273914873600006
8.0,0.06229407712817192
9.0,0.06185020133852959
10.0,0.06139129772782326
11.0,0.060955960303545
12.0,0.060549408197402954
13.0,0.06013813242316246
14.0,0.05973048508167267
15.0,0.05933799967169762
16.0,0.05893504619598389
18.0,0.0581497959792614
20.0,0.05741221085190773
22.0,0.056685563176870346
24.0,0.055949095636606216
26.0,0.05526275932788849
28.0,0.054607219994068146
30.0,0.053969960659742355
32.0,0.05336311459541321
36.0,0.0522146001458168
40.0,0.051165975630283356
44.0,0.05012819916009903
48.0,0.0491299107670784
52.0,0.04814966022968292
56.0,0.04710875824093819
60.0,0.046097081154584885
64.0,0.04502980783581734
72.0,0.04295894503593445
80.0,0.04088509827852249
88.0,0.03887639194726944
96.0,0.037122003734111786
104.0,0.035545866936445236
112.0,0.03423629328608513
120.0,0.03312583640217781
128.0,0.03214844688773155
144.0,0.030448108911514282
160.0,0.02912943810224533
176.0,0.027928156778216362
192.0,0.026838593184947968
208.0,0.025971869006752968
224.0,0.025196518748998642
240.0,0.024139638990163803
256.0,0.022705011069774628
288.0,0.019367804750800133
320.0,0.015521528199315071
352.0,0.012633906677365303
384.0,0.010534180328249931
416.0,0.009294223040342331
448.0,0.009317378513514996
480.0,0.010609391145408154
512.0,0.01253528892993927
576.0,0.01646076887845993
640.0,0.01948641613125801
704.0,0.019927699118852615
768.0,0.018032627180218697
832.0,0.01624438352882862
896.0,0.012446274049580097
960.0,0.00738579872995615
1024.0,0.0035782060585916042
1152.0,0.0009001103462651372
1280.0,0.004925861489027739
1408.0,0.012011382728815079
1536.0,0.015441862866282463
1664.0,0.010907710529863834
1792.0,0.006628717761486769
1920.0,0.005693438462913036
2048.0,0.01051331777125597
2304.0,0.015238993801176548
2560.0,0.0043792095966637135
2816.0,0.00820217840373516
3072.0,0.006365012843161821
3328.0,-0.004325114656239748
3584.0,0.002061722334474325
3840.0,0.0051963250152766705
4096.0,-0.0030260514467954636
4608.0,-0.003757480764761567
5120.0,-0.011895161122083664
5632.0,-0.013272371143102646
6144.0,-0.01338046696037054
6656.0,-0.011536873877048492
7168.0,-0.016329314559698105
7680.0,-0.011682853102684021
8192.0,-0.013029434718191624
end
