version,3.0
numOfCh,1
type,point
parent_name,34a6d_0dot1-0dot01
ch_type,1_1
kcount,1
numberNandB,1
brightnessNandB,1
carpet pos,0
pc,0
Time (ms),CH1 Auto-Correlation
1.0,0.1952725350856781
2.0,0.194706529378891
3.0,0.19414740800857544
4.0,0.1935790479183197
5.0,0.19298915565013885
6.0,0.19242432713508606
7.0,0.19187988340854645
8.0,0.19135794043540955
9.0,0.19085539877414703
10.0,0.19035758078098297
11.0,0.18985740840435028
12.0,0.18934690952301025
13.0,0.1888435184955597
14.0,0.18834899365901947
15.0,0.18786559998989105
16.0,0.1873701810836792
18.0,0.18643687665462494
20.0,0.18544884026050568
22.0,0.1844085305929184
24.0,0.1833660900592804
26.0,0.18233418464660645
28.0,0.18129536509513855
30.0,0.18027028441429138
32.0,0.17927351593971252
36.0,0.17736269533634186
40.0,0.17546644806861877
44.0,0.17359954118728638
48.0,0.17181336879730225
52.0,0.17015491425991058
56.0,0.16859959065914154
60.0,0.16702938079833984
64.0,0.1654062420129776
72.0,0.16213910281658173
80.0,0.15876199305057526
88.0,0.15541724860668182
96.0,0.15189379453659058
104.0,0.14818741381168365
112.0,0.144534632563591
120.0,0.1411496251821518
128.0,0.1379297822713852
144.0,0.13241636753082275
160.0,0.12687180936336517
176.0,0.1219654455780983
192.0,0.11802900582551956
208.0,0.11433138698339462
224.0,0.11136965453624725
240.0,0.10892199724912643
256.0,0.1061854287981987
288.0,0.10154165327548981
320.0,0.09627202898263931
352.0,0.09008793532848358
384.0,0.08425641059875488
416.0,0.0794677808880806
448.0,0.07506174594163895
480.0,0.0706370398402214
512.0,0.06622577458620071
576.0,0.05610599368810654
640.0,0.0494561642408371
704.0,0.04718324914574623
768.0,0.04298480227589607
832.0,0.03768623620271683
896.0,0.03176061809062958
960.0,0.027558038011193275
1024.0,0.02297011762857437
1152.0,0.01561803463846445
1280.0,0.013430475257337093
1408.0,0.023526541888713837
1536.0,0.03611785173416138
1664.0,0.04076260328292847
1792.0,0.027083519846200943
1920.0,0.03231583163142204
2048.0,0.041860222816467285
2304.0,0.041948024183511734
2560.0,0.0413052961230278
2816.0,0.016650615260004997
3072.0,0.006850265897810459
3328.0,-0.006264387629926205
3584.0,-0.027091009542346
3840.0,-0.038185108453035355
4096.0,-0.05993921682238579
4608.0,-0.08787529915571213
5120.0,-0.043242257088422775
5632.0,-0.05055765435099602
6144.0,-0.11102624237537384
6656.0,-0.13255874812602997
7168.0,-0.12542976438999176
7680.0,-0.11485757678747177
8192.0,-0.044291429221630096
end
