version,3.0
numOfCh,1
type,point
parent_name,labthresh-0dot04_cutandshift_0dot4-0dot01
ch_type,1_1
kcount,1
numberNandB,1
brightnessNandB,1
carpet pos,0
pc,0
Time (ms),CH1 Auto-Correlation
1.0,0.03222635015845299
2.0,0.030834881588816643
3.0,0.029517780989408493
4.0,0.02827325649559498
5.0,0.027139514684677124
6.0,0.026175035163760185
7.0,0.025304842740297318
8.0,0.024533230811357498
9.0,0.023824671283364296
10.0,0.02310626581311226
11.0,0.022475948557257652
12.0,0.02187059260904789
13.0,0.021272417157888412
14.0,0.020719531923532486
15.0,0.020185813307762146
16.0,0.019652510061860085
18.0,0.0188568327575922
20.0,0.018103502690792084
22.0,0.01736789382994175
24.0,0.016626501455903053
26.0,0.01585414819419384
28.0,0.015068425796926022
30.0,0.014279989525675774
32.0,0.013476701453328133
36.0,0.011977862566709518
40.0,0.010691268369555473
44.0,0.009705871343612671
48.0,0.008840312249958515
52.0,0.008233730681240559
56.0,0.0077573140151798725
60.0,0.007553022354841232
64.0,0.007236211560666561
72.0,0.007196466904133558
80.0,0.007315670605748892
88.0,0.0062518250197172165
96.0,0.0050736889243125916
104.0,0.0041821179911494255
112.0,0.0033579659648239613
120.0,0.0027354853227734566
128.0,0.002190345898270607
144.0,0.0019875778816640377
160.0,0.0019906009547412395
176.0,0.0016738944686949253
192.0,-0.0005285490187816322
208.0,-0.0021697452757507563
224.0,-0.0018759660888463259
240.0,-0.0007979439105838537
256.0,0.00022806973720435053
288.0,0.00017386236868333071
320.0,-0.0014455834170803428
352.0,-0.0016219618264585733
384.0,-0.003812788985669613
416.0,-0.004574709106236696
448.0,-0.004824656527489424
480.0,-0.004449556581676006
512.0,-0.003750051837414503
576.0,-0.0017632853705435991
640.0,0.00239458866417408
704.0,0.004351386334747076
768.0,0.0018211262067779899
832.0,-0.00036034354707226157
896.0,0.0003337776870466769
960.0,0.0026291850954294205
1024.0,0.001583528472110629
1152.0,-0.000763523974455893
1280.0,-0.0008977384422905743
1408.0,0.0014798279153183103
1536.0,-0.00047134337364695966
1664.0,-0.0010550752049311996
1792.0,-0.003321148455142975
1920.0,-0.004516445565968752
2048.0,-0.001853129593655467
2304.0,-0.0010772000532597303
2560.0,-0.004671682603657246
2816.0,0.0017323478823527694
3072.0,0.0002566752373240888
3328.0,-0.001828670734539628
3584.0,-0.0017058986704796553
3840.0,0.008511168882250786
4096.0,-0.0011332801077514887
end
