version,3.0
numOfCh,1
type,point
parent_name,labthresh-0dot04_cutandshift_0dot4-0dot01
ch_type,1_1
kcount,1
numberNandB,1
brightnessNandB,1
carpet pos,0
pc,0
Time (ms),CH1 Auto-Correlation
1.0,0.025525139644742012
2.0,0.024361716583371162
3.0,0.023228595033288002
4.0,0.02221815101802349
5.0,0.02133551985025406
6.0,0.02052903361618519
7.0,0.019801847636699677
8.0,0.01911703310906887
9.0,0.01847420446574688
10.0,0.017808711156249046
11.0,0.01713336817920208
12.0,0.016495393589138985
13.0,0.01587599702179432
14.0,0.015265027061104774
15.0,0.01470806635916233
16.0,0.01417172234505415
18.0,0.013147401623427868
20.0,0.012229647487401962
22.0,0.01143465843051672
24.0,0.010648345574736595
26.0,0.009962305426597595
28.0,0.009313243441283703
30.0,0.008722946047782898
32.0,0.008168384432792664
36.0,0.007144843228161335
40.0,0.0062571377493441105
44.0,0.005454248748719692
48.0,0.004910711664706469
52.0,0.004193676635622978
56.0,0.003352284664288163
60.0,0.0029325075447559357
64.0,0.00245663127861917
72.0,0.0016484202351421118
80.0,0.001310420222580433
88.0,0.0010986560955643654
96.0,0.0011054524220526218
104.0,0.0010052552679553628
112.0,0.0009418933186680079
120.0,0.001015899470075965
128.0,0.000973105663433671
144.0,-0.0007196328951977193
160.0,-0.0023340072948485613
176.0,-0.0028682569973170757
192.0,-0.0027854398358613253
208.0,-0.0029377220198512077
224.0,-0.0016434580320492387
240.0,-0.0009455083054490387
256.0,-0.0014365792740136385
288.0,-0.0010207343148067594
320.0,-0.0012799757532775402
352.0,-0.0005447824951261282
384.0,-0.0002834157785400748
416.0,-0.00022036898008082062
448.0,-0.00013346286141313612
480.0,0.00038885013782419264
512.0,0.0010335743427276611
576.0,0.0007109883008524776
640.0,-0.0002589774376247078
704.0,0.0008304118528030813
768.0,0.0007260850397869945
832.0,-0.0011937804520130157
896.0,-0.0014439349761232734
960.0,-0.0018628401448950171
1024.0,-0.0011869535082951188
1152.0,-0.0012165094958618283
1280.0,-0.002173784887418151
1408.0,0.0006254498730413616
1536.0,0.0014056868385523558
1664.0,-0.0012911662925034761
1792.0,0.000899143167771399
1920.0,0.000918487785384059
2048.0,0.0012803166173398495
2304.0,0.000985548598691821
2560.0,-0.00024253723677247763
2816.0,-0.0014337287284433842
3072.0,-0.00013918493641540408
3328.0,-0.002739810151979327
3584.0,0.0015440537827089429
3840.0,-0.00018129013187717646
4096.0,0.0013591641327366233
end
