version,3.0
numOfCh,1
type,point
parent_name,labthresh-0dot04_cutandshift_0dot4-0dot01
ch_type,1_1
kcount,1
numberNandB,1
brightnessNandB,1
carpet pos,0
pc,0
Time (ms),CH1 Auto-Correlation
1.0,0.024750178679823875
2.0,0.023603925481438637
3.0,0.02247367613017559
4.0,0.021478254348039627
5.0,0.02054331637918949
6.0,0.01968863420188427
7.0,0.018897734582424164
8.0,0.018154317513108253
9.0,0.017480265349149704
10.0,0.016846729442477226
11.0,0.016193311661481857
12.0,0.015512912534177303
13.0,0.014869019389152527
14.0,0.014257186092436314
15.0,0.013606885448098183
16.0,0.013019260950386524
18.0,0.011970817111432552
20.0,0.010903794318437576
22.0,0.009833041578531265
24.0,0.008898555301129818
26.0,0.008147665299475193
28.0,0.007512709591537714
30.0,0.006953757721930742
32.0,0.006281125824898481
36.0,0.00502471299842
40.0,0.003960376605391502
44.0,0.0032097301445901394
48.0,0.00271109608002007
52.0,0.002183028031140566
56.0,0.0016554195899516344
60.0,0.0011580161517485976
64.0,0.0009605446248315275
72.0,-7.650912721146597e-07
80.0,-0.00119126052595675
88.0,-0.001979387830942869
96.0,-0.002352605341002345
104.0,-0.0028171821031719446
112.0,-0.0028778747655451298
120.0,-0.002662940649315715
128.0,-0.002433652989566326
144.0,-0.0018259588396176696
160.0,-0.00020623391901608557
176.0,0.0010332929668948054
192.0,0.0013999996008351445
208.0,0.0008961905259639025
224.0,0.0007304143509827554
240.0,0.0007013903232291341
256.0,0.00019455820438452065
288.0,0.0006533635314553976
320.0,-0.0008166753104887903
352.0,-0.001947490032762289
384.0,-0.0026786525268107653
416.0,-6.670055881841108e-05
448.0,0.0015820960979908705
480.0,-0.00013737632252741605
512.0,-0.001598757691681385
576.0,-0.0011036802316084504
640.0,0.0031707542948424816
704.0,0.00273194070905447
768.0,-0.00034136613248847425
832.0,-0.0016433914424851537
896.0,-0.00028793851379305124
960.0,0.0011889288434758782
1024.0,-0.0018414423102512956
1152.0,0.0007630973705090582
1280.0,0.0004798515874426812
1408.0,0.0010452057467773557
1536.0,0.0020701130852103233
1664.0,-0.0011041739489883184
1792.0,-0.0024231006391346455
1920.0,-9.075296111404896e-05
2048.0,-0.002160657662898302
2304.0,-0.0004063154920004308
2560.0,-0.002734412904828787
2816.0,0.0011169399367645383
3072.0,0.0003002276353072375
3328.0,-0.0018874071538448334
3584.0,0.001420059590600431
3840.0,-0.0013041169149801135
4096.0,-0.000105677405372262
end
