version,3.0
numOfCh,1
type,point
parent_name,labthresh-0dot04_avgcorrs
ch_type,1_1
kcount,1
numberNandB,1
brightnessNandB,1
carpet pos,0
pc,0
Time (ms),CH1 Auto-Correlation
1.0,0.21640896797180176
2.0,0.19506993889808655
3.0,0.17459863424301147
4.0,0.16065111756324768
5.0,0.1524488925933838
6.0,0.1445266753435135
7.0,0.13811105489730835
8.0,0.13218499720096588
9.0,0.12497537583112717
10.0,0.1154673621058464
11.0,0.10369028151035309
12.0,0.09216777235269547
13.0,0.08564773947000504
14.0,0.07998389005661011
15.0,0.07419870048761368
16.0,0.06756044924259186
18.0,0.056143637746572495
20.0,0.04636568948626518
22.0,0.04031933471560478
24.0,0.03540712594985962
26.0,0.030855441465973854
28.0,0.022051025182008743
30.0,0.012903747615476685
32.0,-0.00021798089989621578
36.0,0.023148811782290148
40.0,0.012906835618196055
44.0,0.008877888610384063
48.0,0.004458442610010262
52.0,0.0005012264680218599
56.0,-0.00011206715767595755
60.0,-0.0029017929766930388
64.0,-0.007441645001976708
72.0,-0.017459109665223342
80.0,-0.01676451916094212
88.0,-0.01931982083410463
96.0,-0.029402560831787175
104.0,-0.03937949437086525
112.0,-0.04790580023408813
120.0,-0.05461705479555188
128.0,-0.06007679210811415
144.0,-0.022436219800371103
160.0,-0.0170012609445481
176.0,-0.019930226632613294
192.0,-0.024344050535896365
208.0,-0.015202404317768434
224.0,-0.012766569221499734
240.0,-0.01340305475362887
256.0,-0.021042493572167587
288.0,-0.013561907664148344
320.0,0.011293813043771984
352.0,0.03628184377319283
384.0,0.018706144376968343
416.0,0.03304622850070397
448.0,0.025220411001808114
480.0,-0.018190187634900212
512.0,-0.02771210198989138
576.0,-0.02631025156006217
640.0,-0.03082916242419742
704.0,-0.015726725578133482
768.0,-0.03459881720482372
832.0,-0.050374931131955236
896.0,-0.00805455257795984
960.0,-0.010227924678474665
1024.0,-0.04242630023509264
1152.0,-0.025378729216754436
1280.0,-0.011238764505833387
1408.0,-0.019171657506376505
1536.0,-0.009056065697222948
1664.0,-0.02476101415231824
1792.0,-0.06214254070073366
1920.0,0.02994638169184327
2048.0,0.017306665191426873
end
