version,3.0
numOfCh,1
type,point
parent_name,labthresh-0dot04_avgcorrs
ch_type,1_1
kcount,1
numberNandB,1
brightnessNandB,1
carpet pos,0
pc,0
Time (ms),CH1 Auto-Correlation
1.0,0.010940720327198505
2.0,0.010677487589418888
3.0,0.01043027639389038
4.0,0.010195814073085785
5.0,0.009968933649361134
6.0,0.009749326854944229
7.0,0.009526891633868217
8.0,0.009300602599978447
9.0,0.009077699854969978
10.0,0.008844251744449139
11.0,0.00861656665802002
12.0,0.008385727182030678
13.0,0.00816870667040348
14.0,0.007960259914398193
15.0,0.00775102898478508
16.0,0.0075469971634447575
18.0,0.007109248079359531
20.0,0.006714454852044582
22.0,0.006356236524879932
24.0,0.0059866332449018955
26.0,0.005653253756463528
28.0,0.005350229796022177
30.0,0.005050817504525185
32.0,0.004751988686621189
36.0,0.005436923151826319
40.0,0.004761248413877073
44.0,0.00419217596054571
48.0,0.0037879346881792035
52.0,0.0034150281951014854
56.0,0.0030254164059139534
60.0,0.0029010387165433185
64.0,0.0022601561166436203
72.0,0.001149993537692353
80.0,-0.0002474931051438034
88.0,-0.0015434488870960195
96.0,-0.002478936839615926
104.0,-0.0033340068702818826
112.0,-0.003883420469646808
120.0,-0.003278215882069755
128.0,-0.003985912073403597
144.0,-0.0012592306723360838
160.0,-0.002623575910027804
176.0,-0.003102613166057771
192.0,-0.0032336137124470304
208.0,-0.004067024958463402
224.0,-0.005313242727424949
240.0,-0.005960772350330704
256.0,-0.006779110757634044
288.0,-0.001678718561639211
320.0,-0.0020721113074354696
352.0,-0.0021161147077301784
384.0,-0.002513450583397311
416.0,-0.0024846206735154347
448.0,-0.0020669434286121812
480.0,-0.0020171071422131113
512.0,-0.002908301520316551
576.0,-0.007204900728538632
640.0,-0.008882417459972203
704.0,-0.007605553255416453
768.0,-0.0058053755783475935
832.0,-0.0032974908826872706
896.0,0.0009333238704130054
960.0,-0.002831196451249222
1024.0,-0.001814404580121239
1152.0,-0.0033443497959524393
1280.0,-0.0032809420954436064
1408.0,-0.0013351583620533347
1536.0,-0.0007249569171108305
1664.0,0.005048321094363928
1792.0,0.0007306678453460336
1920.0,-0.005755656864494085
2048.0,0.007680915761739016
end
