version,3.0
numOfCh,1
type,point
parent_name,labthresh-0dot04_avgcorrs
ch_type,1_1
kcount,1
numberNandB,1
brightnessNandB,1
carpet pos,0
pc,0
Time (ms),CH1 Auto-Correlation
1.0,0.13864631950855255
2.0,0.1343366950750351
3.0,0.12994442880153656
4.0,0.12575121223926544
5.0,0.1216110810637474
6.0,0.11790984123945236
7.0,0.11435188353061676
8.0,0.11097382754087448
9.0,0.10781464725732803
10.0,0.1046905592083931
11.0,0.10168856382369995
12.0,0.09855073690414429
13.0,0.09596794843673706
14.0,0.09332234412431717
15.0,0.09070323407649994
16.0,0.088406041264534
18.0,0.08363956212997437
20.0,0.07900720834732056
22.0,0.07448557764291763
24.0,0.06957216560840607
26.0,0.0643363669514656
28.0,0.05897379294037819
30.0,0.0554030708828941
32.0,0.051198938212764916
36.0,0.06153670500183629
40.0,0.05164398301103328
44.0,0.04320596755368988
48.0,0.033826148890610155
52.0,0.024512519257228093
56.0,0.017859277988463873
60.0,0.012506454119930923
64.0,0.007008514928101148
72.0,0.012419884915580041
80.0,0.004836226743645966
88.0,-0.0030415159044787287
96.0,-0.01912290236039553
104.0,-0.035057510130573066
112.0,-0.04561546706594527
120.0,-0.05940366274317848
128.0,-0.07059629705516905
144.0,-0.02287768363203213
160.0,-0.01571919069829164
176.0,-0.00952958592097275
192.0,-0.0180506159667857
208.0,-0.02921534594406694
224.0,-0.022713384620146826
240.0,-0.020491601899266243
256.0,-0.02267381609417498
288.0,-0.036166385002434256
320.0,-0.056824494211468846
352.0,-0.04778266824723687
384.0,-0.0662800882011652
416.0,-0.08155194148421288
448.0,-0.07115784464403987
480.0,-0.04907336551696062
512.0,-0.02430846937932074
576.0,-0.052414820063859224
640.0,-0.0808132350211963
704.0,-0.17972617596387863
768.0,-0.41503868997097015
832.0,-0.6025937646627426
896.0,-0.4536401331424713
end
