version,3.0
numOfCh,1
type,point
parent_name,labthresh-0dot04_avgcorrs
ch_type,1_1
kcount,1
numberNandB,1
brightnessNandB,1
carpet pos,0
pc,0
Time (ms),CH1 Auto-Correlation
1.0,0.006482512224465609
2.0,0.006254961714148521
3.0,0.006036757025867701
4.0,0.005827716086059809
5.0,0.005625707097351551
6.0,0.005433778278529644
7.0,0.005237889010459185
8.0,0.0050469981506466866
9.0,0.004861193243414164
10.0,0.004676699638366699
11.0,0.004497671965509653
12.0,0.004323333501815796
13.0,0.004140264354646206
14.0,0.003949903417378664
15.0,0.0037890966050326824
16.0,0.00362951192073524
18.0,0.003319786861538887
20.0,0.0030600568279623985
22.0,0.0028544943779706955
24.0,0.002680078148841858
26.0,0.0024830924812704325
28.0,0.0022627320140600204
30.0,0.0020447466522455215
32.0,0.0018421433633193374
36.0,0.002727160711570091
40.0,0.0023789296788486857
44.0,0.0020251309885039787
48.0,0.001707624895196339
52.0,0.0014702987751257347
56.0,0.0012455976933846682
60.0,0.0010394072281390738
64.0,0.0008764262877068379
72.0,0.0017057211466874975
80.0,0.0015112804846323438
88.0,0.0011502018651777977
96.0,0.0005628066956935646
104.0,0.0002874123146236678
112.0,-0.0002980674914732318
120.0,-0.0005723078450982404
128.0,-0.0011894913143752253
144.0,0.0015674614035312763
160.0,0.000673528469633311
176.0,-0.00016191072328100827
192.0,-0.00058462716168089
208.0,-0.0006411324588539587
224.0,-0.0004898479832759635
240.0,-0.0006989575459473682
256.0,-0.000921059960753403
288.0,-0.0005435565773430946
320.0,-0.0012334749626461416
352.0,-0.001897667983679899
384.0,-0.001602201110342451
416.0,-0.0009201509424851143
448.0,-0.0007764071342535317
480.0,-0.0011677425687334367
512.0,-0.0016738609493976192
576.0,-0.002979934704490006
640.0,-0.004103386052884161
704.0,-0.00502771536266664
768.0,-0.005899763316847384
832.0,-0.005291739199310541
896.0,-0.004821610217913985
960.0,-0.004020030435640365
1024.0,-0.0034502827329561114
1152.0,0.001406089635565877
1280.0,0.006751447916030884
1408.0,0.006972375325858593
1536.0,0.005038998555392027
1664.0,0.0031699349638074636
1792.0,0.0016146625857800245
1920.0,-0.004556788597255945
2048.0,-0.01018692646175623
end
