version,3.0
numOfCh,1
type,point
parent_name,labthresh-0dot04_avgcorrs
ch_type,1_1
kcount,1
numberNandB,1
brightnessNandB,1
carpet pos,0
pc,0
Time (ms),CH1 Auto-Correlation
1.0,0.1429183930158615
2.0,0.13214434683322906
3.0,0.12382794916629791
4.0,0.11534352600574493
5.0,0.10712137073278427
6.0,0.09918218106031418
7.0,0.09348835051059723
8.0,0.08872465789318085
9.0,0.08449103683233261
10.0,0.08075209707021713
11.0,0.07645900547504425
12.0,0.07292426377534866
13.0,0.06814363598823547
14.0,0.06283514946699142
15.0,0.057616718113422394
16.0,0.05343269184231758
18.0,0.047151658684015274
20.0,0.04345875605940819
22.0,0.042117245495319366
24.0,0.03798257187008858
26.0,0.03388045355677605
28.0,0.030746569857001305
30.0,0.029817780004426215
32.0,0.027500252677310964
36.0,0.041028317831468916
40.0,0.03470962397190497
44.0,0.031410829001719036
48.0,0.02578946893213709
52.0,0.01694394723745063
56.0,0.010340814370704865
60.0,0.005119681888333473
64.0,0.0014178706872993835
72.0,0.02857546722589177
80.0,0.027174211929377634
88.0,0.019782925592153333
96.0,0.013627734773763223
104.0,0.010565272808889858
112.0,0.005652922511217184
120.0,0.007250168515990178
128.0,0.009682088205590845
144.0,0.008011854952201247
160.0,0.006749629705714492
176.0,0.008339936130841333
192.0,0.013532597625341553
208.0,0.010878391277331572
224.0,0.011220208494565807
240.0,0.004611807266393533
256.0,0.003539456932160717
288.0,-0.008980737222979466
320.0,-0.014034025681515535
352.0,-0.022287793961974483
384.0,-0.03640243592154649
416.0,-0.04155596494415982
448.0,-0.03771710461781671
480.0,-0.036949913499281846
512.0,-0.03226791577859937
576.0,-0.02523352408995076
640.0,-0.03673644795586976
704.0,-0.039602836574583
768.0,-0.04365193184154729
832.0,-0.030248896102420986
896.0,-0.018356700447232772
960.0,-0.02250131561110417
1024.0,-0.008832171889177213
1152.0,-0.005102986004203558
1280.0,-0.004516282118856907
1408.0,-0.002830779179930687
1536.0,-0.001602844917215407
1664.0,-0.0018984146881848574
1792.0,-0.0041177235543727875
1920.0,-0.004141492769122124
2048.0,-0.002080669393762946
end
