version,3.0
numOfCh,1
type,point
parent_name,labthresh-0dot04_avgcorrs
ch_type,1_1
kcount,1
numberNandB,1
brightnessNandB,1
carpet pos,0
pc,0
Time (ms),CH1 Auto-Correlation
1.0,0.05440884828567505
2.0,0.05321071296930313
3.0,0.05208536237478256
4.0,0.05093430355191231
5.0,0.04972761124372482
6.0,0.04841597378253937
7.0,0.04702512547373772
8.0,0.045756760984659195
9.0,0.04436345025897026
10.0,0.04315214231610298
11.0,0.04188523441553116
12.0,0.040582794696092606
13.0,0.03951507806777954
14.0,0.038462430238723755
15.0,0.03743717074394226
16.0,0.036508709192276
18.0,0.034396134316921234
20.0,0.032634422183036804
22.0,0.031136363744735718
24.0,0.02957797423005104
26.0,0.02785751223564148
28.0,0.026363829150795937
30.0,0.02562063072885697
32.0,0.02377140726364301
36.0,0.03738243980894497
40.0,0.03405129791099171
44.0,0.030719996122570592
48.0,0.0275569066288881
52.0,0.024403379997238517
56.0,0.021005880887969397
60.0,0.019113644644709927
64.0,0.017079363996917556
72.0,0.015003388067601587
80.0,0.008038698983992535
88.0,0.002153404831253945
96.0,-0.00047107384968760675
104.0,-0.001769812516365412
112.0,-0.0038364761845018206
120.0,-0.0055449118464656
128.0,-0.007186028835845223
144.0,0.003145217484173675
160.0,-0.0009703779224461566
176.0,-0.007317175151547417
192.0,-0.01190264830365777
208.0,-0.01697770250417913
224.0,-0.022873429676595454
240.0,-0.02850922759389505
256.0,-0.03425297390980025
288.0,-0.0075079009111505
320.0,-0.009030636894749478
352.0,-0.008982606072095223
384.0,-0.01016653217811836
416.0,-0.014223121448594611
448.0,-0.015189374971669167
480.0,-0.012963948021933902
512.0,-0.01140025605855044
576.0,-0.01976857625413686
640.0,-0.01270495592871157
704.0,-0.010808397317305207
768.0,-0.02033658434811514
832.0,-0.024439162167254835
896.0,-0.02217470097821206
960.0,-0.016348639139323495
1024.0,-0.011609770124778152
end
