version,3.0
numOfCh,1
type,point
parent_name,labthresh-0dot04_avgcorrs
ch_type,1_1
kcount,1
numberNandB,1
brightnessNandB,1
carpet pos,0
pc,0
Time (ms),CH1 Auto-Correlation
1.0,0.008000213652849197
2.0,0.007805963512510061
3.0,0.007619109936058521
4.0,0.007446300704032183
5.0,0.007281345780938864
6.0,0.00709949666634202
7.0,0.006921790074557066
8.0,0.0067595369182527065
9.0,0.006595553830265999
10.0,0.006430964916944504
11.0,0.0062675997614860535
12.0,0.006094316486269236
13.0,0.005928620230406523
14.0,0.005775650963187218
15.0,0.0056336624547839165
16.0,0.00547508941963315
18.0,0.005169146228581667
20.0,0.004890562035143375
22.0,0.004611697979271412
24.0,0.004343683831393719
26.0,0.004102409351617098
28.0,0.0038751810789108276
30.0,0.003702337620779872
32.0,0.0033831619657576084
36.0,0.004141835889570827
40.0,0.0037091512920317026
44.0,0.0033120356876259814
48.0,0.0029405401129714358
52.0,0.0026352802504754015
56.0,0.0023003326286225975
60.0,0.0019183081976370886
64.0,0.0016407268418697641
72.0,0.0024963664665847317
80.0,0.002317007427336648
88.0,0.002134004735853523
96.0,0.0018717523380473722
104.0,0.0016182341083549544
112.0,0.0012202270363559364
120.0,0.0012883310923107753
128.0,0.0010807187415929021
144.0,0.0010081373877576826
160.0,8.045207462547456e-05
176.0,-0.00043367156917263535
192.0,-0.000764635671978741
208.0,-0.0009013038900721928
224.0,-0.0009894104531507335
240.0,-0.0014231763780117035
256.0,-0.0017269941582686871
288.0,-0.002371089135439516
320.0,-0.0033450881865891543
352.0,-0.0031476063357496805
384.0,-0.0025265172510196203
416.0,-0.003631338942795992
448.0,-0.004228522323749282
480.0,-0.0007832893354336395
512.0,-0.00041612249333411455
576.0,-0.004258900909917429
640.0,-0.004604267349350266
704.0,-0.004037677645101212
768.0,-0.0032788837197585963
832.0,-0.000631034316484147
896.0,6.537360604852438e-05
960.0,0.00014021907554706559
1024.0,-1.393177080899477e-05
1152.0,-0.011708802543580532
1280.0,-0.011807087808847427
1408.0,-0.012521267868578434
1536.0,-0.014783288352191448
1664.0,-0.009617870673537254
1792.0,-0.008132405579090118
end
