version,3.0
numOfCh,1
type,point
parent_name,labthresh-0dot04_avgcorrs
ch_type,1_1
kcount,1
numberNandB,1
brightnessNandB,1
carpet pos,0
pc,0
Time (ms),CH1 Auto-Correlation
1.0,0.23156295716762543
2.0,0.2072421908378601
3.0,0.18727676570415497
4.0,0.16776533424854279
5.0,0.151921346783638
6.0,0.13682805001735687
7.0,0.12585797905921936
8.0,0.1161603257060051
9.0,0.10724165290594101
10.0,0.10184226185083389
11.0,0.09737272560596466
12.0,0.09340031445026398
13.0,0.08986163139343262
14.0,0.08456619083881378
15.0,0.07913370430469513
16.0,0.07151349633932114
18.0,0.05976693332195282
20.0,0.0487280935049057
22.0,0.040025994181632996
24.0,0.03294534608721733
26.0,0.028461284935474396
28.0,0.02439751662313938
30.0,0.026543697471345735
32.0,0.02353298363761061
36.0,0.020747911236149344
40.0,0.015405037335432624
44.0,0.01355278394705812
48.0,-0.003329017720381288
52.0,-0.007956830919475147
56.0,-0.019023028361660085
60.0,-0.03520943493410749
64.0,-0.0529402187277906
72.0,-0.004585868589436779
80.0,-0.006662911699654965
88.0,-0.005646860540414659
96.0,-0.0009678358977767997
104.0,0.004274412720405962
112.0,-0.0032128795417240607
120.0,-0.018232978094602004
128.0,-0.029923970385705337
144.0,-0.032254327459668275
160.0,-0.033079256487932675
176.0,-0.04154679645337941
192.0,-0.048249528442587085
208.0,-0.035441041799761784
224.0,-0.029072941445519973
240.0,-0.026035697917298723
256.0,-0.03341655935461555
288.0,0.007547150366008282
320.0,-0.0006953633726677961
352.0,-0.023103393646629736
384.0,-0.01804416673581323
416.0,-0.026666736136475164
448.0,-0.0054931461927480996
480.0,-0.015592216429973228
512.0,-0.04316850890043295
576.0,-0.02388162078568712
640.0,-0.02575300375247025
704.0,-0.0004843875067308545
768.0,0.01762049829994794
832.0,-0.010340317414375022
896.0,0.006595693223061971
960.0,0.002455416979501024
1024.0,0.004189252387732267
1152.0,-0.0014695135178044438
1280.0,-0.0011914632632397115
1408.0,0.0035177376121282578
1536.0,0.0009861078578978777
1664.0,-0.0011226874776184559
1792.0,-0.0014600814320147038
1920.0,-0.008511395659297705
2048.0,0.005677981534972787
end
