version,3.0
numOfCh,1
type,point
parent_name,labthresh-0dot04_avgcorrs
ch_type,1_1
kcount,1
numberNandB,1
brightnessNandB,1
carpet pos,0
pc,0
Time (ms),CH1 Auto-Correlation
1.0,0.12560781836509705
2.0,0.11217848211526871
3.0,0.10164402425289154
4.0,0.09139028936624527
5.0,0.08242829144001007
6.0,0.07478456944227219
7.0,0.06956694275140762
8.0,0.06259972602128983
9.0,0.056199319660663605
10.0,0.051766492426395416
11.0,0.047276951372623444
12.0,0.04334462806582451
13.0,0.04074942693114281
14.0,0.038137756288051605
15.0,0.03735392168164253
16.0,0.0356195792555809
18.0,0.03080439753830433
20.0,0.02718890644609928
22.0,0.02386273443698883
24.0,0.020967891439795494
26.0,0.017835229635238647
28.0,0.015505771152675152
30.0,0.012294388376176357
32.0,0.01068274024873972
36.0,0.008861204780539712
40.0,0.0052241501644647755
44.0,0.00024359469814673782
48.0,0.00011728461154584344
52.0,0.0018249198698098413
56.0,0.0035143508189671244
60.0,0.004190399671922653
64.0,0.004671346669336065
72.0,0.002484075444623489
80.0,0.0023350742664082313
88.0,0.0019176968092903155
96.0,-0.0004922182283321904
104.0,-0.0020063824380155315
112.0,-0.005693446432070976
120.0,-0.009127973174881412
128.0,-0.010587672120891511
144.0,0.0017858839580892688
160.0,-0.003924406715668738
176.0,-0.0014824356055921977
192.0,-0.009730351054006152
208.0,-0.012734774235670758
224.0,-0.016010163835744606
240.0,-0.0150412988718017
256.0,-0.012971797593248386
288.0,-0.030426436065075297
320.0,-0.03164113443603532
352.0,-0.02545014179001252
384.0,-0.01950000876483197
416.0,-0.009706457300732533
448.0,-0.03316053091030982
480.0,-0.009736518453185758
512.0,-0.009316743972400824
576.0,-0.013216985316830687
640.0,-0.010183391139435116
704.0,-0.009442270442377776
768.0,-0.008082022810413036
832.0,0.0007509996648877859
896.0,-0.0024821296392474324
960.0,-0.008271245285868645
1024.0,-0.011654063942842185
1152.0,-0.0012530881213024259
1280.0,-0.002701741410419345
1408.0,0.002954003168269992
1536.0,0.0018436413956806064
1664.0,-0.003779191290959716
1792.0,0.002255205297842622
1920.0,0.004525845404714346
2048.0,0.004552990198135376
end
