version,3.0
numOfCh,1
type,point
parent_name,labthresh-0dot04_avgcorrs
ch_type,1_1
kcount,1
numberNandB,1
brightnessNandB,1
carpet pos,0
pc,0
Time (ms),CH1 Auto-Correlation
1.0,0.13326232135295868
2.0,0.11527146399021149
3.0,0.10304306447505951
4.0,0.09544919431209564
5.0,0.086916983127594
6.0,0.07839487493038177
7.0,0.07164986431598663
8.0,0.06511169672012329
9.0,0.0601002536714077
10.0,0.0575847290456295
11.0,0.05552006885409355
12.0,0.05279693379998207
13.0,0.049383897334337234
14.0,0.04614343121647835
15.0,0.041830677539110184
16.0,0.03884527087211609
18.0,0.033985063433647156
20.0,0.029618777334690094
22.0,0.025565246120095253
24.0,0.02316887117922306
26.0,0.019887670874595642
28.0,0.018801825121045113
30.0,0.01595413312315941
32.0,0.012143238447606564
36.0,0.007469408354760769
40.0,0.004565433928519269
44.0,0.004916608109488152
48.0,0.003869414240277062
52.0,0.0014729854514977585
56.0,0.0004217522577770675
60.0,-0.0015406050299824183
64.0,-0.005129701123913601
72.0,-0.0037400332838098457
80.0,0.0006739197617042174
88.0,0.0010328769581478396
96.0,0.010845298951608129
104.0,0.0021218135265040805
112.0,-0.006030933996292085
120.0,-0.019692675260427808
128.0,-0.016426752942303818
144.0,0.005184923671185971
160.0,0.008315638053075721
176.0,-0.004932170850224793
192.0,-0.00773292404677098
208.0,-0.012851944076828659
224.0,-0.025376661812576154
240.0,-0.02629507904057391
256.0,-0.02317286284135965
288.0,-0.034896425847546195
320.0,-0.013092803428298794
352.0,-0.007930669357301667
384.0,0.024433614895679058
416.0,-0.001271672931034118
448.0,-0.007043381867697462
480.0,0.014278606907464565
512.0,-0.013348508684430271
576.0,-0.04088240407872945
640.0,-0.053210353439984225
704.0,-0.024833006784319878
768.0,-0.01989480045934518
832.0,0.03464560016679267
896.0,-0.03823870482544104
960.0,-0.07930177636444569
1024.0,-0.11910250969231129
end
