version,3.0
numOfCh,1
type,point
parent_name,labthresh-0dot04_avgcorrs
ch_type,1_1
kcount,1
numberNandB,1
brightnessNandB,1
carpet pos,0
pc,0
Time (ms),CH1 Auto-Correlation
1.0,0.06827117502689362
2.0,0.06645137816667557
3.0,0.06463687866926193
4.0,0.06276872009038925
5.0,0.06081624701619148
6.0,0.05898149311542511
7.0,0.05714038386940956
8.0,0.05525369197130203
9.0,0.05324927344918251
10.0,0.05110732093453407
11.0,0.04907438904047012
12.0,0.04712429270148277
13.0,0.0451774075627327
14.0,0.04344785958528519
15.0,0.04172350838780403
16.0,0.039964865893125534
18.0,0.03648258000612259
20.0,0.03296315670013428
22.0,0.029524538666009903
24.0,0.026491740718483925
26.0,0.02347894012928009
28.0,0.021170003339648247
30.0,0.01966022991371574
32.0,0.017626017474322
36.0,0.018405358849433565
40.0,0.013868153936121081
44.0,0.010121291404510359
48.0,0.0074252850814733205
52.0,0.00500459917116371
56.0,0.0025667392125653444
60.0,0.00024075248212603902
64.0,-0.0001897968483988095
72.0,-0.0003732486006629188
80.0,-0.002801027660316322
88.0,-0.0023369261575862765
96.0,-0.00160461641557049
104.0,0.0013440213602734729
112.0,0.004100463601062075
120.0,0.0066068502669425115
128.0,0.005173754345615516
144.0,0.005987158161588013
160.0,-0.001822568957383434
176.0,-0.002308341631821046
192.0,-0.010834404614676411
208.0,-0.013773058983497321
224.0,-0.017081767444809277
240.0,-0.020695498341228812
256.0,-0.02269575420844679
288.0,-0.0435443845926784
320.0,-0.049664950655824214
352.0,-0.052788652770686895
384.0,-0.050928776880027726
416.0,-0.04204134320025332
448.0,-0.02402118380268803
480.0,-0.011708543184795417
512.0,-0.006949508708203211
576.0,-0.015299957885872573
640.0,-0.017916692653670907
704.0,-0.0369337018346414
768.0,-0.052675425104098395
832.0,-0.08413339834078215
896.0,-0.10220163472695276
960.0,-0.1331222221876184
1024.0,-0.15175390522927046
end
