version,3.0
numOfCh,1
type,point
parent_name,labthresh-0dot04_avgcorrs
ch_type,1_1
kcount,1
numberNandB,1
brightnessNandB,1
carpet pos,0
pc,0
Time (ms),CH1 Auto-Correlation
1.0,0.13050851225852966
2.0,0.12805438041687012
3.0,0.12568235397338867
4.0,0.12333285063505173
5.0,0.12111930549144745
6.0,0.1189584955573082
7.0,0.11695604026317596
8.0,0.11496321856975555
9.0,0.11329355835914612
10.0,0.11158021539449692
11.0,0.10972581058740616
12.0,0.1077258512377739
13.0,0.10566902160644531
14.0,0.10335655510425568
15.0,0.10117574036121368
16.0,0.09914988279342651
18.0,0.0951848030090332
20.0,0.09129703044891357
22.0,0.08717433363199234
24.0,0.08295056223869324
26.0,0.0783388689160347
28.0,0.07369992882013321
30.0,0.06963732093572617
32.0,0.06549127399921417
36.0,0.06286010287423029
40.0,0.05515629350060515
44.0,0.0487263345383005
48.0,0.0428583848012803
52.0,0.03779245015603545
56.0,0.03371564218233449
60.0,0.031761411439881405
64.0,0.029211115489791457
72.0,0.05623994386026069
80.0,0.05374165499803064
88.0,0.052860993032442384
96.0,0.05254632274860025
104.0,0.05237250461536662
112.0,0.05163945250071423
120.0,0.049758925021666546
128.0,0.04601419271152143
144.0,0.04233161752603741
160.0,0.023630277551193204
176.0,0.007448189115772645
192.0,-0.010686610501983928
208.0,-0.029496645971246634
224.0,-0.051615877956565887
240.0,-0.031046730706778665
256.0,-0.04124347368876139
288.0,-0.0643834834821367
320.0,-0.08889240757950272
352.0,-0.12057942529402983
384.0,-0.12831836263649166
416.0,-0.13013774927821942
448.0,-0.12368865377114464
480.0,-0.13761321912461427
512.0,-0.1343019429477863
576.0,-0.19361286360071972
640.0,-0.1627122048084857
704.0,-0.11344094661762938
768.0,-0.04495943832444027
832.0,0.044473875139374286
896.0,0.0673964231973514
960.0,0.09991160656015079
1024.0,0.1543428103129069
end
