version,3.0
numOfCh,1
type,point
parent_name,labthresh-0dot04_avgcorrs
ch_type,1_1
kcount,1
numberNandB,1
brightnessNandB,1
carpet pos,0
pc,0
Time (ms),CH1 Auto-Correlation
1.0,0.10251064598560333
2.0,0.09978640079498291
3.0,0.09735573828220367
4.0,0.09505076706409454
5.0,0.09296708554029465
6.0,0.09114620089530945
7.0,0.08932831883430481
8.0,0.08734779804944992
9.0,0.08524002134799957
10.0,0.08341258019208908
11.0,0.0814908966422081
12.0,0.0795116126537323
13.0,0.07746070623397827
14.0,0.07549508661031723
15.0,0.07347463071346283
16.0,0.07151766121387482
18.0,0.06833334267139435
20.0,0.06519695371389389
22.0,0.06157517060637474
24.0,0.05778210237622261
26.0,0.05438223481178284
28.0,0.05161352828145027
30.0,0.04957053065299988
32.0,0.04753895103931427
36.0,0.06266259556919661
40.0,0.057826674447151956
44.0,0.05259684145288623
48.0,0.048106870859476694
52.0,0.044689807410696114
56.0,0.041679156759725985
60.0,0.03883732395226379
64.0,0.03610067588590976
72.0,0.04568709998458967
80.0,0.03993460512183925
88.0,0.03656577592789147
96.0,0.03200301338802092
104.0,0.026658811352957088
112.0,0.020045826077014346
120.0,0.017585337093087697
128.0,0.016809605045158316
144.0,0.01327513184343629
160.0,0.0050038219123962335
176.0,-0.0015593832666876122
192.0,-0.006309570679578054
208.0,-0.010223852326709996
224.0,-0.016501174460726735
240.0,-0.020187576455474997
256.0,-0.02200340588366517
288.0,-0.0013943469934424178
320.0,-0.004303705180063844
352.0,-0.004829623807583832
384.0,-0.02031840939566286
416.0,-0.024459268527506437
448.0,-0.022144627136488754
480.0,-0.0220163507361172
512.0,-0.014049337452484502
576.0,-0.0014347656591174502
640.0,-0.004822278472905357
704.0,-0.032254766362408795
768.0,-0.053664204431697726
832.0,-0.04733749481177559
896.0,-0.04126995772821829
960.0,-0.04896845490050813
1024.0,-0.06598683279783775
end
