version,3.0
numOfCh,1
type,point
parent_name,labthresh-0dot04_avgcorrs
ch_type,1_1
kcount,1
numberNandB,1
brightnessNandB,1
carpet pos,0
pc,0
Time (ms),CH1 Auto-Correlation
1.0,0.012510329484939575
2.0,0.012266046367585659
3.0,0.012029415927827358
4.0,0.011794397607445717
5.0,0.011562623083591461
6.0,0.011326235719025135
7.0,0.011104831472039223
8.0,0.010884369723498821
9.0,0.01066228561103344
10.0,0.010452328249812126
11.0,0.010247530415654182
12.0,0.010033927857875824
13.0,0.009828612208366394
14.0,0.009613127447664738
15.0,0.009392060339450836
16.0,0.009185041300952435
18.0,0.008752105757594109
20.0,0.008374701254069805
22.0,0.008005687966942787
24.0,0.007630840875208378
26.0,0.007277972064912319
28.0,0.006924476474523544
30.0,0.006592349614948034
32.0,0.006291012279689312
36.0,0.006836845080994992
40.0,0.00618096167454496
44.0,0.005632048184322359
48.0,0.00513220880197228
52.0,0.004656387739149588
56.0,0.0041598852021187275
60.0,0.0038172640865120817
64.0,0.003338372702273773
72.0,0.004053819591857833
80.0,0.0028915590655742562
88.0,0.0018735487963287877
96.0,0.001076431647211743
104.0,0.0005231560053988898
112.0,6.536644202871965e-06
120.0,1.967015487025492e-05
128.0,-0.000609593792129696
144.0,0.0002154003339360076
160.0,-0.0007947797191598894
176.0,-0.0022292783871403358
192.0,-0.0031099682918896802
208.0,-0.003937477971990838
224.0,-0.005181370820776608
240.0,-0.006010645875196335
256.0,-0.0060942234417274855
288.0,-0.006479239366440611
320.0,-0.00792707533004101
352.0,-0.008464420693185688
384.0,-0.009105236366105435
416.0,-0.010297829245576973
448.0,-0.012387953121850098
480.0,-0.013903406702659347
512.0,-0.012476903561037034
end
