version,3.0
numOfCh,1
type,point
parent_name,labthresh-0dot04_avgcorrs
ch_type,1_1
kcount,1
numberNandB,1
brightnessNandB,1
carpet pos,0
pc,0
Time (ms),CH1 Auto-Correlation
1.0,0.07170975208282471
2.0,0.06922222673892975
3.0,0.06690963357686996
4.0,0.0647972822189331
5.0,0.06257786601781845
6.0,0.06044594570994377
7.0,0.0583399161696434
8.0,0.0562397725880146
9.0,0.054159507155418396
10.0,0.05233047902584076
11.0,0.05045760050415993
12.0,0.04847855493426323
13.0,0.04668087884783745
14.0,0.04511165991425514
15.0,0.043683722615242004
16.0,0.042136091738939285
18.0,0.039475906640291214
20.0,0.03712664544582367
22.0,0.03466768190264702
24.0,0.03217128664255142
26.0,0.02984734997153282
28.0,0.02785002626478672
30.0,0.028417658093530918
32.0,0.026074198894639265
36.0,0.02607175525289759
40.0,0.02081149828419174
44.0,0.01681275455595107
48.0,0.013300479682308805
52.0,0.010454303162546377
56.0,0.007431944321345354
60.0,0.006291570923394829
64.0,0.004843329895265924
72.0,0.009369812828372232
80.0,0.0014597893215250223
88.0,-0.008283788186963648
96.0,-0.00975552395091654
104.0,-0.011857984438538551
112.0,-0.016110924848471767
120.0,0.004665644611426008
128.0,0.002553720759351563
144.0,0.002100813358083542
160.0,-0.0054767679903307
176.0,-0.011579688922211062
192.0,-0.016207370082156558
208.0,-0.018502721177355852
224.0,-0.02046637496096082
240.0,-0.02732188975593696
256.0,-0.03091170017917951
288.0,-0.030415178451221436
320.0,-0.02517729325336404
352.0,-0.021577145293122157
384.0,-0.01686485088430345
416.0,-0.02097467047860846
448.0,-0.019457165675703436
480.0,-0.008223386103054509
512.0,-0.0035220219288021326
576.0,-0.005684054747689515
640.0,0.000524787581525743
704.0,-0.018582641845569015
768.0,-0.05123071896377951
832.0,-0.05975447525270283
896.0,-0.07056033378466964
960.0,-0.0895928144454956
1024.0,-0.1279699258157052
end
