version,3.0
numOfCh,1
type,point
parent_name,labthresh-0dot04_avgcorrs
ch_type,1_1
kcount,1
numberNandB,1
brightnessNandB,1
carpet pos,0
pc,0
Time (ms),CH1 Auto-Correlation
1.0,0.00993030983954668
2.0,0.009674903005361557
3.0,0.009417644701898098
4.0,0.009169076569378376
5.0,0.00891040451824665
6.0,0.008650214411318302
7.0,0.008380590006709099
8.0,0.008137376978993416
9.0,0.007907748222351074
10.0,0.007679571397602558
11.0,0.0074713812209665775
12.0,0.0072679100558161736
13.0,0.007060187868773937
14.0,0.006869019009172916
15.0,0.00668757688254118
16.0,0.006509299390017986
18.0,0.006174021400511265
20.0,0.005841800477355719
22.0,0.005525893997400999
24.0,0.005207899026572704
26.0,0.004922749940305948
28.0,0.004661686718463898
30.0,0.004396368749439716
32.0,0.004124992527067661
36.0,0.005894189064659464
40.0,0.005507714822963481
44.0,0.005213641291887935
48.0,0.004881854794568367
52.0,0.004694419200419479
56.0,0.004543280671162891
60.0,0.0043985263039376735
64.0,0.00404067681407586
72.0,0.006706508190530401
80.0,0.006276082407183773
88.0,0.005797269250921856
96.0,0.005798448559193946
104.0,0.005408558243959162
112.0,0.00477740710974965
120.0,0.004680068840235962
128.0,0.005332737954296662
144.0,0.005496181234215887
160.0,0.004442429598734284
176.0,0.0030291904426681306
192.0,0.002121001687975457
208.0,0.002061875863896253
224.0,0.0017055928407129473
240.0,-0.000508514035270006
256.0,-0.0017964960861718282
288.0,0.0018170083737156044
320.0,0.0005553359143151385
352.0,-0.0008263394174718997
384.0,-0.0034463231943391293
416.0,-0.006056061386415321
448.0,-0.008160407095500786
480.0,-0.00960090417518384
512.0,-0.011001616703449853
576.0,-0.02347005237825215
640.0,-0.02730104303918779
704.0,-0.027651212504133584
768.0,-0.024235951143782585
832.0,-0.024173997860634698
896.0,-0.02681096100131981
960.0,-0.02796811521984637
1024.0,-0.016735887961112896
end
