version,3.0
numOfCh,1
type,point
parent_name,labthresh-0dot04_avgcorrs
ch_type,1_1
kcount,1
numberNandB,1
brightnessNandB,1
carpet pos,0
pc,0
Time (ms),CH1 Auto-Correlation
1.0,0.0063654836267232895
2.0,0.006162023171782494
3.0,0.005963044706732035
4.0,0.005772435571998358
5.0,0.0055960193276405334
6.0,0.005426456686109304
7.0,0.0052730366587638855
8.0,0.005108652636408806
9.0,0.004949535243213177
10.0,0.004793561063706875
11.0,0.004655337892472744
12.0,0.004508176818490028
13.0,0.004353336524218321
14.0,0.004190016537904739
15.0,0.004028561059385538
16.0,0.003881348529830575
18.0,0.003647977951914072
20.0,0.003436622442677617
22.0,0.0031855441629886627
24.0,0.0029076971113681793
26.0,0.0026235864497721195
28.0,0.002352662617340684
30.0,0.0023946741834258906
32.0,0.0022255213190125207
36.0,0.0030027020250639434
40.0,0.0025290391183617708
44.0,0.0021663147996625175
48.0,0.001906122046242988
52.0,0.001725555949277528
56.0,0.0016294453028857115
60.0,0.0016087486450408544
64.0,0.0015774351037259255
72.0,0.001387179565713986
80.0,0.0012361680381122585
88.0,0.0010983302015933748
96.0,0.0009279904613657365
104.0,0.0006271264498393162
112.0,0.00026174144831633096
120.0,5.333491785944823e-05
128.0,-5.4294714252190554e-05
144.0,8.00149660790339e-05
160.0,-0.00010690484195947647
176.0,-9.521199584317704e-05
192.0,-0.0001591168419205739
208.0,-0.0005723469813043873
224.0,-0.001098718633390187
240.0,-0.0011053706451396768
256.0,-0.00041698953524852794
288.0,-0.0009774265288595213
320.0,-0.0017865065189350087
352.0,-0.002374070518675985
384.0,-0.003056538831313244
416.0,-0.0028116280938977273
448.0,-0.0024025565647510425
480.0,-0.0025026943440025207
512.0,-0.0023494266401939967
576.0,-0.0025679250014945866
640.0,-0.0029441812715958805
704.0,-0.0029613042366690933
768.0,-0.0020462664830120047
832.0,-0.0007181132677942514
896.0,0.00027909259079024197
960.0,-0.0011705456941854208
1024.0,-0.0006562397989910096
1152.0,-0.0019764897879213095
1280.0,-0.002318507991731167
1408.0,-0.0032965291757136583
1536.0,-0.005894549656659365
1664.0,-0.002903025597333908
1792.0,-0.001996877370402217
1920.0,-0.0008772282744757831
2048.0,-0.0023929139133542776
end
