version,3.0
numOfCh,1
type,point
parent_name,labthresh-0dot04_avgcorrs
ch_type,1_1
kcount,1
numberNandB,1
brightnessNandB,1
carpet pos,0
pc,0
Time (ms),CH1 Auto-Correlation
1.0,0.14896626770496368
2.0,0.1446964144706726
3.0,0.14034020900726318
4.0,0.13627146184444427
5.0,0.13205277919769287
6.0,0.12822674214839935
7.0,0.12476234138011932
8.0,0.12113847583532333
9.0,0.1174837052822113
10.0,0.11366444826126099
11.0,0.11022383719682693
12.0,0.10667220503091812
13.0,0.10384301096200943
14.0,0.10085075348615646
15.0,0.09848511219024658
16.0,0.09577252715826035
18.0,0.09013301134109497
20.0,0.08589035272598267
22.0,0.0806463360786438
24.0,0.07368642836809158
26.0,0.06794193387031555
28.0,0.06351357698440552
30.0,0.05920349061489105
32.0,0.05402806028723717
36.0,0.05607638564445854
40.0,0.04666537951270584
44.0,0.03743027398692599
48.0,0.02930633809786135
52.0,0.02015499013241424
56.0,0.012478968251283125
60.0,0.008679568371735513
64.0,0.007103424026475598
72.0,0.03034802073246586
80.0,0.024449366548651597
88.0,0.01951684921247458
96.0,0.015965272591226192
104.0,0.013598688645288348
112.0,0.00921968644009515
120.0,0.005348090462022177
128.0,0.00029280063767067116
144.0,0.0023542177060495734
160.0,-0.005132227872416158
176.0,-0.012955504223046935
192.0,-0.02231164712130147
208.0,-0.029784390208934544
224.0,-0.03472010726246106
240.0,-0.0381854464786182
256.0,-0.04464919269358849
288.0,-0.016541089985467907
320.0,-0.039644091962448634
352.0,-0.06709388314953281
384.0,-0.10741568386502978
416.0,-0.12113722627287239
448.0,-0.12094137505240117
480.0,-0.13996050297282636
512.0,-0.11521064596308861
576.0,-0.13027789088664576
640.0,-0.07910089218057692
704.0,-0.03046317854023073
768.0,0.020099800738535123
832.0,0.06307262054178864
896.0,0.09884418500587344
960.0,0.10735895535617601
1024.0,0.1126024752156809
end
