version,3.0
numOfCh,1
type,point
parent_name,labthresh-0dot04_avgcorrs
ch_type,1_1
kcount,1
numberNandB,1
brightnessNandB,1
carpet pos,0
pc,0
Time (ms),CH1 Auto-Correlation
1.0,0.09267672151327133
2.0,0.0818580836057663
3.0,0.07276789844036102
4.0,0.06613342463970184
5.0,0.061033207923173904
6.0,0.055940575897693634
7.0,0.05190692096948624
8.0,0.0487254336476326
9.0,0.043939221650362015
10.0,0.041099198162555695
11.0,0.03853806108236313
12.0,0.03556112200021744
13.0,0.03207787126302719
14.0,0.026943597942590714
15.0,0.021951409056782722
16.0,0.017725836485624313
18.0,0.011618183925747871
20.0,0.007991055026650429
22.0,0.005632825195789337
24.0,0.002884066430851817
26.0,0.0006076187128201127
28.0,-0.0004181586264166981
30.0,-0.0004930747672915459
32.0,-0.00038306694477796555
36.0,0.0010710820260423897
40.0,0.003316347185201237
44.0,0.00519589130365808
48.0,0.0058127072101811905
52.0,0.004582220568643665
56.0,0.0061290770604354025
60.0,0.004242513469615651
64.0,0.0027192090882078536
72.0,-0.00026464168944298044
80.0,-0.007843313073910969
88.0,-0.015122947304534088
96.0,-0.014955954734959002
104.0,-0.014147979076369666
112.0,-0.01603864161542764
120.0,-0.019339198044403212
128.0,-0.02334687899488735
144.0,-0.03163627659579596
160.0,-0.03031767764612316
176.0,-0.03666665375035686
192.0,-0.040827349794688834
208.0,-0.03608722844644664
224.0,-0.02417382295243442
240.0,-0.0011491654586279765
256.0,0.00138606837814829
288.0,-0.001440529750349621
320.0,-0.0016667219266916315
352.0,-0.003107388623498587
384.0,-0.005303885128038625
416.0,-0.007446385169815686
448.0,-0.00339976827833905
480.0,-0.0035344881645061024
512.0,-0.0062211940142636495
576.0,-0.008456241805106401
640.0,-0.006450834614224732
704.0,-0.011166560498531907
768.0,-0.0005469327297760174
832.0,-0.0035834201145917175
896.0,-0.004912983067333699
960.0,-0.010602597636170686
1024.0,-0.009786574845202267
end
