version,3.0
numOfCh,1
type,point
parent_name,labthresh-0dot04_avgcorrs
ch_type,1_1
kcount,1
numberNandB,1
brightnessNandB,1
carpet pos,0
pc,0
Time (ms),CH1 Auto-Correlation
1.0,0.09525302052497864
2.0,0.09279798716306686
3.0,0.0900777280330658
4.0,0.08756520599126816
5.0,0.08492033183574677
6.0,0.08255574852228165
7.0,0.08030583709478378
8.0,0.07825291156768799
9.0,0.07613492012023926
10.0,0.07403859496116638
11.0,0.07197581231594086
12.0,0.06996353715658188
13.0,0.06819280982017517
14.0,0.06632012128829956
15.0,0.06462330371141434
16.0,0.06301586329936981
18.0,0.06008667126297951
20.0,0.05786394327878952
22.0,0.05554962158203125
24.0,0.05338117852807045
26.0,0.051399439573287964
28.0,0.049578987061977386
30.0,0.048092879354953766
32.0,0.046531058847904205
36.0,0.05925220748152545
40.0,0.05596881388798162
44.0,0.05315172257299613
48.0,0.05082467814160433
52.0,0.04803511403270022
56.0,0.04505894058820559
60.0,0.04135672867657073
64.0,0.037849243176310665
72.0,0.042657776537089374
80.0,0.040515153255546464
88.0,0.036868865668657234
96.0,0.031174022720369975
104.0,0.026047275215387345
112.0,0.022233122790930794
120.0,0.020057730676949416
128.0,0.01586182617986771
144.0,0.013138740342886498
160.0,0.0028308239079706254
176.0,-0.005510436346715626
192.0,-0.008904567665013019
208.0,-0.01138366837403737
224.0,-0.013269657864839246
240.0,-0.01854129967978224
256.0,-0.025041774817509577
288.0,-0.033220595913007855
320.0,-0.04707757837604731
352.0,-0.05811145257757744
384.0,-0.0722363451786805
416.0,-0.09532597835641354
448.0,-0.09608504225616343
480.0,-0.06485629888872306
512.0,-0.07528776504720251
576.0,-0.10299939475953579
640.0,-0.09822714608162642
704.0,-0.04751087725162506
768.0,-0.029458166332915425
832.0,0.01375963818281889
896.0,0.026636287569999695
960.0,0.04345325008034706
1024.0,0.006093794479966164
1152.0,0.05253545194864273
1280.0,0.005934118293225765
1408.0,-0.09390893811360002
1536.0,-0.17721597105264664
1664.0,-0.2131856307387352
1792.0,-0.13413694128394127
1920.0,-0.017562992870807648
2048.0,0.023957163095474243
end
