version,3.0
numOfCh,1
type,point
parent_name,labthresh-0dot04_avgcorrs
ch_type,1_1
kcount,1
numberNandB,1
brightnessNandB,1
carpet pos,0
pc,0
Time (ms),CH1 Auto-Correlation
1.0,0.014282448217272758
2.0,0.014013977721333504
3.0,0.013757570646703243
4.0,0.013502780348062515
5.0,0.013256906531751156
6.0,0.013006183318793774
7.0,0.012745311483740807
8.0,0.012478322722017765
9.0,0.01221208181232214
10.0,0.011939438059926033
11.0,0.01168981846421957
12.0,0.011449405923485756
13.0,0.011226512491703033
14.0,0.011009694077074528
15.0,0.01079495158046484
16.0,0.010578242130577564
18.0,0.010118321515619755
20.0,0.009700680151581764
22.0,0.009309053421020508
24.0,0.008916722610592842
26.0,0.008535289205610752
28.0,0.008169586770236492
30.0,0.008242151049247089
32.0,0.007944918450569579
36.0,0.00885734438711202
40.0,0.0081680226408375
44.0,0.007445383910425545
48.0,0.00684420632583519
52.0,0.006401382782944263
56.0,0.005932776277264706
60.0,0.00619282361973698
64.0,0.00580986086485306
72.0,0.006378157252038363
80.0,0.005125402622797992
88.0,0.0039331156585831195
96.0,0.0031939950196829157
104.0,0.002245833343476988
112.0,0.0009536597397527657
120.0,-0.00026219874301827267
128.0,-0.001341208055811493
144.0,-0.0021872009901926504
160.0,-0.003068179463298293
176.0,-0.003718115753144957
192.0,-0.003758873699553078
208.0,-0.005568980872340035
224.0,-0.0073573197678342694
240.0,-0.0005159086897037924
256.0,-0.001821701734540208
288.0,0.0002656018827110529
320.0,-0.0009612677386030555
352.0,-0.0014957020364818163
384.0,-0.0016449936389108188
416.0,-0.002001783554442227
448.0,-0.0023483055963879453
480.0,-0.004202491545584053
512.0,-0.004976439282472711
576.0,-0.0067511746393782756
640.0,-0.006740967477006572
704.0,-0.006490014526726944
768.0,-0.0067866869919401196
832.0,-0.006071594477232013
896.0,-0.0046108830886493835
960.0,-0.005546252941712737
1024.0,-0.006767403467425278
1152.0,-0.014904382638633251
1280.0,-0.014582717791199684
1408.0,-0.003542040940374136
1536.0,0.0035123974084854126
1664.0,0.01571008749306202
1792.0,0.0014308374375104904
1920.0,0.012645183131098747
2048.0,-0.05004445090889931
end
