version,3.0
numOfCh,1
type,point
parent_name,labthresh-0dot04_avgcorrs
ch_type,1_1
kcount,1
numberNandB,1
brightnessNandB,1
carpet pos,0
pc,0
Time (ms),CH1 Auto-Correlation
1.0,0.015023395419120789
2.0,0.014708011411130428
3.0,0.014374053105711937
4.0,0.014047138392925262
5.0,0.013727755285799503
6.0,0.013415755704045296
7.0,0.013130033388733864
8.0,0.012834370136260986
9.0,0.01255173608660698
10.0,0.012268142774701118
11.0,0.011997045949101448
12.0,0.011722758412361145
13.0,0.011470605619251728
14.0,0.011240318417549133
15.0,0.011033179238438606
16.0,0.01080744992941618
18.0,0.010357041843235493
20.0,0.009917209856212139
22.0,0.009458329528570175
24.0,0.00901162251830101
26.0,0.008573764003813267
28.0,0.008162741549313068
30.0,0.007955985789043265
32.0,0.007505702468590339
36.0,0.0088512396875307
40.0,0.007799374115009037
44.0,0.006871702590082162
48.0,0.005973924636832792
52.0,0.00510293083312592
56.0,0.004318202245862079
60.0,0.0037546507088076658
64.0,0.0031237228758982383
72.0,0.0075662659350893505
80.0,0.006139991000790836
88.0,0.004945746266197862
96.0,0.004059686727400515
104.0,0.0032903799812109874
112.0,0.0028382651916693986
120.0,0.002050432713336444
128.0,0.001121744707537194
144.0,-0.0004877335741184652
160.0,-0.0021624781838909257
176.0,-0.0027460937471914804
192.0,-0.004100443874449411
208.0,-0.005293157417327166
224.0,-0.008945814919570694
240.0,-0.012586069489771035
256.0,-0.013107226410284056
288.0,-0.009589727408390238
320.0,-0.009620984201278176
352.0,-0.010944988679098473
384.0,-0.012403366695666178
416.0,-0.011095895807970506
448.0,-0.011116547301009467
480.0,-0.008897912539800422
512.0,-0.009172471253097884
576.0,-0.016063548042438924
640.0,-0.0009892916423268616
704.0,0.01717577059753239
768.0,0.032860939623788
832.0,0.03198851365596056
896.0,0.0088004763238132
960.0,-0.015033641131594777
1024.0,-0.0555505296215415
1152.0,-0.00022252791677601635
1280.0,0.003668620251119137
1408.0,0.0061819483526051044
1536.0,-0.002820426132529974
1664.0,-0.017844004556536674
1792.0,-0.0111874770373106
end
