version,3.0
numOfCh,1
type,point
parent_name,labthresh-0dot04_avgcorrs
ch_type,1_1
kcount,1
numberNandB,1
brightnessNandB,1
carpet pos,0
pc,0
Time (ms),CH1 Auto-Correlation
1.0,0.0113373389467597
2.0,0.01109236292541027
3.0,0.010838698595762253
4.0,0.010580046102404594
5.0,0.010320523753762245
6.0,0.010053245350718498
7.0,0.009793596342206001
8.0,0.009538467042148113
9.0,0.009281330741941929
10.0,0.009024008177220821
11.0,0.008778630755841732
12.0,0.008534751832485199
13.0,0.008303726091980934
14.0,0.008057395927608013
15.0,0.007827955298125744
16.0,0.0076034897938370705
18.0,0.007120068650692701
20.0,0.0066757360473275185
22.0,0.006274871528148651
24.0,0.00590851716697216
26.0,0.0056011672131717205
28.0,0.005293474067002535
30.0,0.0051407843951561845
32.0,0.004821325270478899
36.0,0.005699967567171627
40.0,0.00517575526422521
44.0,0.004645722780902035
48.0,0.004142904738891491
52.0,0.00367850497514155
56.0,0.003337203774441523
60.0,0.0030216492168853083
64.0,0.002550382835649473
72.0,0.0030819894569914697
80.0,0.002455883974518304
88.0,0.0020474033085666897
96.0,0.0017782739127024769
104.0,0.0014667508385760048
112.0,0.0008129898511293915
120.0,0.0005557714230862671
128.0,-0.0001105421472637882
144.0,0.0016234611291164422
160.0,0.0005040822613998042
176.0,-0.0005671715154997347
192.0,-0.001099593165289501
208.0,-0.001303974148707793
224.0,-0.0019143409718868926
240.0,-0.0021583465003298923
256.0,-0.0023795013172168505
288.0,-0.0018757384968921542
320.0,-0.0044181712760796975
352.0,-0.006506334492264109
384.0,-0.00791525137416708
416.0,-0.010900532995745178
448.0,-0.012220455951238465
480.0,-0.012986375884793233
512.0,-0.012303675299335737
576.0,-0.02253582701086998
640.0,-0.02302627172321081
704.0,-0.020338931120932102
768.0,-0.017147768288850784
832.0,-0.016623390838503838
896.0,-0.014695259043946862
960.0,-0.0109787477995269
1024.0,-0.0024857046082615852
end
