version,3.0
numOfCh,1
type,point
parent_name,labthresh-0dot04_avgcorrs
ch_type,1_1
kcount,1
numberNandB,1
brightnessNandB,1
carpet pos,0
pc,0
Time (ms),CH1 Auto-Correlation
1.0,0.0573425330221653
2.0,0.05160975083708763
3.0,0.04693002626299858
4.0,0.04213308170437813
5.0,0.03797563537955284
6.0,0.03467041999101639
7.0,0.031437721103429794
8.0,0.0281646978110075
9.0,0.024778511375188828
10.0,0.021813713014125824
11.0,0.0191437266767025
12.0,0.01693861000239849
13.0,0.015458282083272934
14.0,0.014691165648400784
15.0,0.014088006690144539
16.0,0.013128500431776047
18.0,0.010563713498413563
20.0,0.008071036078035831
22.0,0.0062323096208274364
24.0,0.004945299122482538
26.0,0.003767770016565919
28.0,0.0036854019854217768
30.0,0.0054857782923500055
32.0,0.006086348358512623
36.0,0.008012049274937552
40.0,0.006312300774585015
44.0,0.003360753511613537
48.0,0.000744741674999524
52.0,-0.004364609391101309
56.0,-0.008455501774143477
60.0,-0.01068672633654286
64.0,-0.01275194573018881
72.0,-0.0053598178876563905
80.0,-0.011667719021206722
88.0,-0.017552013302120032
96.0,-0.017577143344096838
104.0,-0.013310652291402221
112.0,-0.014047777279047295
120.0,-0.004238164035284527
128.0,-0.005810696245233608
144.0,-0.006365714845742332
160.0,-0.004712144436780363
176.0,-0.008498576390365997
192.0,-0.01466409969907545
208.0,-0.010292126022250159
224.0,-0.011411408286221558
240.0,-0.009244800033047795
256.0,-0.014058241568272933
288.0,-0.007248494832310826
320.0,-0.00952694347652141
352.0,-0.009127823926974088
384.0,-0.010612404835410417
416.0,-0.011565400031395256
448.0,-0.008022258826531469
480.0,-0.005943720345385373
512.0,-0.003695219266228378
576.0,-0.016776918899267912
640.0,-0.011454661143943667
704.0,-0.007306382991373539
768.0,-0.010709041496738791
832.0,0.0014994405210018158
896.0,0.014050111538381316
end
