version,3.0
numOfCh,1
type,point
parent_name,labthresh-0dot04_avgcorrs
ch_type,1_1
kcount,1
numberNandB,1
brightnessNandB,1
carpet pos,0
pc,0
Time (ms),CH1 Auto-Correlation
1.0,0.007612424902617931
2.0,0.0074075618758797646
3.0,0.007199822459369898
4.0,0.0069944895803928375
5.0,0.0067827352322638035
6.0,0.0065738665871322155
7.0,0.006377560086548328
8.0,0.006183222867548466
9.0,0.005979838315397501
10.0,0.00578375905752182
11.0,0.005593467503786087
12.0,0.005414147861301899
13.0,0.005239816848188639
14.0,0.005072832107543945
15.0,0.004896759055554867
16.0,0.004725878592580557
18.0,0.004408671520650387
20.0,0.004088172223418951
22.0,0.0037761186249554157
24.0,0.003474221331998706
26.0,0.0032106542494148016
28.0,0.0029943420086055994
30.0,0.002914328100910337
32.0,0.0027843044466097032
36.0,0.0035747141791316922
40.0,0.0032127985350912085
44.0,0.0028723239939326644
48.0,0.0025665032830900223
52.0,0.0022544446947622104
56.0,0.001960969548110433
60.0,0.0017341702355067887
64.0,0.0014829569012488656
72.0,0.0008725634384713235
80.0,0.0002793069006250854
88.0,-0.000299769270246283
96.0,-0.0009273330978040965
104.0,-0.0016056324376612402
112.0,-0.0020646149953660953
120.0,-0.0025917421044099414
128.0,-0.0030775269522025526
144.0,-0.0019765488205372266
160.0,-0.0020108858477345037
176.0,-0.0022459738178267365
192.0,-0.0025334521692240656
208.0,-0.002657178987560439
224.0,-0.002320491381927544
240.0,-0.0016117132762006163
256.0,-0.0011978787049027981
288.0,-0.0014750223694136367
320.0,-0.0025430097186472265
352.0,-0.003545796760590747
384.0,-0.004101554316002875
416.0,-0.0037561802899290344
448.0,-0.0031518956820946187
480.0,-0.003996713290689513
512.0,-0.0017066003056243062
576.0,-0.002821125245342652
640.0,-0.0019359114424635966
704.0,-0.002315662723655502
768.0,-0.003822387040903171
832.0,-0.005800400006895264
896.0,-0.006250134324848962
960.0,-3.674672916531563e-05
1024.0,0.000740311574190855
1152.0,-0.000803271948825568
1280.0,0.0023327083326876163
1408.0,0.00028927347739227116
1536.0,0.0010643814457580447
1664.0,-0.0046202135272324085
1792.0,-0.0019516445463523269
end
