version,3.0
numOfCh,1
type,point
parent_name,labthresh-0dot04_avgcorrs
ch_type,1_1
kcount,1
numberNandB,1
brightnessNandB,1
carpet pos,0
pc,0
Time (ms),CH1 Auto-Correlation
1.0,0.11608792841434479
2.0,0.11354007571935654
3.0,0.11116483807563782
4.0,0.10875333845615387
5.0,0.10645405203104019
6.0,0.1043245866894722
7.0,0.10217630118131638
8.0,0.10029315203428268
9.0,0.09842938929796219
10.0,0.09666289389133453
11.0,0.09488904476165771
12.0,0.09309922158718109
13.0,0.09122253209352493
14.0,0.08944761008024216
15.0,0.08772553503513336
16.0,0.08589588105678558
18.0,0.08212799578905106
20.0,0.07860999554395676
22.0,0.07496756315231323
24.0,0.07124054431915283
26.0,0.06775649636983871
28.0,0.06435871124267578
30.0,0.06305611999232497
32.0,0.0596704924162168
36.0,0.070470268138403
40.0,0.06171859780442901
44.0,0.054125365056582574
48.0,0.04709824961840544
52.0,0.040020704944860576
56.0,0.03261804994205401
60.0,0.026076488495164085
64.0,0.020890866466894902
72.0,0.02870786964841601
80.0,0.02134634551475756
88.0,0.016187242170821667
96.0,0.012427265820507374
104.0,0.0089105708789753
112.0,0.004870823409873992
120.0,0.0038171874831378874
128.0,0.00227417130372487
144.0,-0.00023128256101959517
160.0,-0.012424719363869892
176.0,-0.019425506568430655
192.0,-0.018767056716439714
208.0,-0.009397217176488734
224.0,-0.009987788707283991
240.0,-0.022006725493286337
256.0,-0.028858240394453918
288.0,0.023832508983711403
320.0,0.028505958125202194
352.0,0.046733520148942866
384.0,0.04396205892165502
416.0,0.019153076316191193
448.0,-0.01033443591505703
480.0,-0.026168888434767723
512.0,-0.04116351902484894
576.0,-0.034216240514069796
640.0,-0.06574501263094135
704.0,-0.07568286824971437
768.0,-0.09860375081188977
832.0,-0.11814704560674727
896.0,-0.11710438458248973
960.0,-0.11917496426030993
1024.0,-0.1270437454804778
1152.0,-0.018032750114798546
1280.0,-0.010523557662963867
1408.0,-0.00812944769859314
1536.0,-0.01869628205895424
1664.0,-0.010965359397232533
1792.0,-0.020963719114661217
1920.0,-0.005548552609980106
2048.0,-0.016003992408514023
end
