version,3.0
numOfCh,1
type,point
parent_name,labthresh-0dot04_avgcorrs
ch_type,1_1
kcount,1
numberNandB,1
brightnessNandB,1
carpet pos,0
pc,0
Time (ms),CH1 Auto-Correlation
1.0,0.015885021537542343
2.0,0.015541069209575653
3.0,0.015229708515107632
4.0,0.014926109462976456
5.0,0.014616717584431171
6.0,0.014303469099104404
7.0,0.013996207155287266
8.0,0.013694675639271736
9.0,0.013405912555754185
10.0,0.013127001002430916
11.0,0.012833022512495518
12.0,0.012561624869704247
13.0,0.012299882248044014
14.0,0.012055248953402042
15.0,0.011809824034571648
16.0,0.011579461395740509
18.0,0.011113258078694344
20.0,0.010719242505729198
22.0,0.010336348786950111
24.0,0.009978465735912323
26.0,0.009678522124886513
28.0,0.009390036575496197
30.0,0.009148442186415195
32.0,0.008885045535862446
36.0,0.011194563138997183
40.0,0.010629664886801038
44.0,0.009926298474116873
48.0,0.00928822003964645
52.0,0.00872117145069448
56.0,0.008420427314316232
60.0,0.008278297313518123
64.0,0.00816146591581249
72.0,0.012467472333810292
80.0,0.012320717515831348
88.0,0.0120227298075406
96.0,0.01180831187957665
104.0,0.01138791598204989
112.0,0.011040483819851944
120.0,0.011208115367672258
128.0,0.010461292957188562
144.0,0.014435726243111556
160.0,0.013042245109458096
176.0,0.011578800120892433
192.0,0.009796987106360925
208.0,0.009405861357943369
224.0,0.008959033262306968
240.0,0.008211980155465426
256.0,0.00714698807617727
288.0,0.006885574792249827
320.0,0.0033981504384428263
352.0,-0.001181683604954742
384.0,-0.005265030704322271
416.0,-0.00798550242325291
448.0,-0.01097603139351122
480.0,-0.014719184247951489
512.0,-0.019344493695825804
576.0,-0.014323216921184212
640.0,-0.01842111934092827
704.0,-0.02099009117227979
768.0,-0.02212269659503363
832.0,-0.02451873110840097
896.0,-0.028474232520693477
960.0,-0.03171416789700743
1024.0,-0.029775617440463975
1152.0,0.02057831920683384
1280.0,0.020418524742126465
1408.0,-0.008986487984657288
1536.0,-0.02911555767059326
1664.0,-0.021532872691750526
1792.0,-0.02537158690392971
1920.0,-0.03458436205983162
2048.0,-0.041235096752643585
end
