version,3.0
numOfCh,1
type,point
parent_name,labthresh-0dot04_avgcorrs
ch_type,1_1
kcount,1
numberNandB,1
brightnessNandB,1
carpet pos,0
pc,0
Time (ms),CH1 Auto-Correlation
1.0,0.08489185571670532
2.0,0.07803251594305038
3.0,0.06927702575922012
4.0,0.061409205198287964
5.0,0.05447990447282791
6.0,0.04616447538137436
7.0,0.0394967757165432
8.0,0.03424752503633499
9.0,0.031672921031713486
10.0,0.029557600617408752
11.0,0.027651049196720123
12.0,0.025467906147241592
13.0,0.02474539913237095
14.0,0.024496518075466156
15.0,0.024869754910469055
16.0,0.02500070072710514
18.0,0.025178875774145126
20.0,0.0239909328520298
22.0,0.02136598341166973
24.0,0.018481461331248283
26.0,0.016357198357582092
28.0,0.014007548801600933
30.0,0.012200155295431614
32.0,0.010970206931233406
36.0,0.012727163186696089
40.0,0.008212992335757008
44.0,0.004956523604050744
48.0,0.0005816775010316633
52.0,-0.0020791036295122467
56.0,-0.004475329922570381
60.0,-0.010510006977710873
64.0,-0.019535673862264957
72.0,0.00473507445089386
80.0,0.0009649465417688978
88.0,-0.004476211035840346
96.0,-0.007154871923765833
104.0,-0.006474912100072418
112.0,-0.004506497561253907
120.0,-0.004429437581815624
128.0,0.00023715920646541884
144.0,9.232833029024981e-06
160.0,-0.0033696152227507396
176.0,-0.0030745066998695784
192.0,-0.002125630938363346
208.0,-0.0036725062157281422
224.0,-0.0013071130167438903
240.0,-0.0018274732362690636
256.0,-0.0032499235980636017
288.0,-0.007253689652619262
320.0,-0.0069037888380181454
352.0,-0.003200835884652204
384.0,-0.006784104562636155
416.0,-0.0090982752541701
448.0,-0.008621746544829674
480.0,-0.007743314451848467
512.0,-0.00988370335350434
576.0,-0.007095961645245552
640.0,-0.0010555901564657689
704.0,-0.0018118187319487334
768.0,0.0015755667351186275
832.0,-0.00011418928625062108
896.0,-0.001983858528546989
960.0,0.00862744696860318
1024.0,0.012451590388081968
1152.0,0.019251560792326927
1280.0,0.03455571457743645
1408.0,0.0282661821693182
1536.0,0.0006124175852164626
1664.0,-0.009487977251410484
1792.0,-0.019158296287059784
1920.0,-0.014443746767938137
2048.0,-0.013520218431949615
2304.0,-0.004182813689112663
2560.0,0.0029014181345701218
2816.0,-0.021123318001627922
3072.0,-0.0352012924849987
3328.0,-0.026592383161187172
3584.0,-0.02695087157189846
3840.0,-0.012514213100075722
4096.0,-0.07672784477472305
end
