version,3.0
numOfCh,1
type,point
parent_name,labthresh-0dot04_avgcorrs
ch_type,1_1
kcount,1
numberNandB,1
brightnessNandB,1
carpet pos,0
pc,0
Time (ms),CH1 Auto-Correlation
1.0,0.07187766581773758
2.0,0.07042234390974045
3.0,0.06876511126756668
4.0,0.06713517010211945
5.0,0.06545170396566391
6.0,0.0639866441488266
7.0,0.06261647492647171
8.0,0.061245180666446686
9.0,0.06004924327135086
10.0,0.05876198038458824
11.0,0.05754224210977554
12.0,0.05636083334684372
13.0,0.05514197796583176
14.0,0.05388621613383293
15.0,0.052553690969944
16.0,0.051165882498025894
18.0,0.048486266285181046
20.0,0.04621923342347145
22.0,0.04397512599825859
24.0,0.04198208451271057
26.0,0.040149956941604614
28.0,0.03819773346185684
30.0,0.03605666384100914
32.0,0.0338885523378849
36.0,0.04081816752097273
40.0,0.036092628816814715
44.0,0.03283941291209141
48.0,0.030286758643342182
52.0,0.02760753971894949
56.0,0.026553839321422856
60.0,0.029767721930208307
64.0,0.029668444692755917
72.0,0.045368811377556995
80.0,0.046590545014623785
88.0,0.04647830282738141
96.0,0.043429859208117705
104.0,0.03794560800452018
112.0,0.03170584871304527
120.0,0.025541063429045607
128.0,0.020468957693083212
144.0,0.021562498528510332
160.0,0.018820071861577723
176.0,0.016712535298071228
192.0,0.013752155256672548
208.0,0.008971993578597903
224.0,0.0031890307660572804
240.0,0.00028729196324443014
256.0,0.001786390203051269
288.0,-0.005038586208684137
320.0,-0.020299647439969704
352.0,-0.026088915998116136
384.0,-0.0384094956680201
416.0,-0.04261022520950064
448.0,-0.04753593924397137
480.0,-0.05673653740086593
512.0,-0.06412188394460827
576.0,-0.044111489677258454
640.0,-0.04982969669314722
704.0,-0.03575707358929018
768.0,-0.027249172276545625
832.0,-0.011097609531134367
896.0,0.001805745220432679
960.0,0.01168245756222556
1024.0,0.023090765384646755
1152.0,-0.0339977890253067
1280.0,-0.06245024316012859
1408.0,-0.0614089984446764
1536.0,-0.018302006646990776
1664.0,0.030337253585457802
1792.0,0.02720443857833743
1920.0,0.0358205484226346
2048.0,0.052902782801538706
end
