version,3.0
numOfCh,1
type,point
parent_name,labthresh-0dot04_avgcorrs
ch_type,1_1
kcount,1
numberNandB,1
brightnessNandB,1
carpet pos,0
pc,0
Time (ms),CH1 Auto-Correlation
1.0,0.019383391365408897
2.0,0.019112465903162956
3.0,0.018855994567275047
4.0,0.0186177808791399
5.0,0.01838228665292263
6.0,0.018148677423596382
7.0,0.01790701039135456
8.0,0.017653288319706917
9.0,0.017402339726686478
10.0,0.01714980974793434
11.0,0.01690690778195858
12.0,0.01667311042547226
13.0,0.016462307423353195
14.0,0.016263000667095184
15.0,0.01607690006494522
16.0,0.01589355245232582
18.0,0.015507175587117672
20.0,0.015170726925134659
22.0,0.014887181110680103
24.0,0.014596979133784771
26.0,0.014316713437438011
28.0,0.014009440317749977
30.0,0.01419835451665206
32.0,0.013945208846484218
36.0,0.017785117261486117
40.0,0.01717073130467642
44.0,0.016567539756579208
48.0,0.015897483889685562
52.0,0.015186583790471725
56.0,0.014464976698945975
60.0,0.013686657903070392
64.0,0.012903668140014897
72.0,0.014133934876697726
80.0,0.01282715621039786
88.0,0.011696932919700262
96.0,0.010665300658537921
104.0,0.009750027031833796
112.0,0.008762790398338294
120.0,0.007832658106436659
128.0,0.006924039459064309
144.0,0.008272711999597959
160.0,0.006745191290974617
176.0,0.005417192816579094
192.0,0.005096045242195638
208.0,0.005200080899521708
224.0,0.005570846165452773
240.0,0.005940243395950044
256.0,0.006800423391784231
288.0,0.022058804775588213
320.0,0.020031065284274518
352.0,0.01855521129327826
384.0,0.014147753594443202
416.0,0.0078096454963088036
448.0,0.0010069219453725964
480.0,-0.004491240787319839
512.0,-0.010311116872617276
576.0,-0.01587565103545785
640.0,-0.017460991628468037
704.0,-0.01818333676783368
768.0,-0.018555444956291467
832.0,-0.017794295214116573
896.0,-0.02157549624098465
960.0,-0.024559554178267717
1024.0,-0.025449978653341532
1152.0,-0.02172211743891239
1280.0,-0.018869994208216667
1408.0,-0.01572902873158455
1536.0,-0.020500458776950836
1664.0,-0.028736911714076996
1792.0,-0.033439937978982925
1920.0,-0.030592041090130806
2048.0,-0.011434013955295086
2304.0,0.020361799746751785
2560.0,0.0027557651046663523
2816.0,-0.007913492619991302
3072.0,0.014032873325049877
3328.0,0.0734100192785263
3584.0,0.008120624348521233
3840.0,-0.07410074025392532
4096.0,-0.06420056521892548
end
