version,3.0
numOfCh,1
type,point
parent_name,labthresh-0dot04_avgcorrs
ch_type,1_1
kcount,1
numberNandB,1
brightnessNandB,1
carpet pos,0
pc,0
Time (ms),CH1 Auto-Correlation
1.0,0.00598095403984189
2.0,0.005788682494312525
3.0,0.00559647474437952
4.0,0.00541064515709877
5.0,0.00523060979321599
6.0,0.005048123653978109
7.0,0.004869797732681036
8.0,0.004689947701990604
9.0,0.004526127595454454
10.0,0.004363948944956064
11.0,0.004212731495499611
12.0,0.004066461231559515
13.0,0.003918777219951153
14.0,0.0037758841644972563
15.0,0.003648693673312664
16.0,0.0035197276156395674
18.0,0.0032572494819760323
20.0,0.00301160104572773
22.0,0.002755590481683612
24.0,0.0025119581259787083
26.0,0.002280738204717636
28.0,0.002059217309579253
30.0,0.0019748174588892506
32.0,0.0017739335857481205
36.0,0.002211519637145806
40.0,0.001955432407069771
44.0,0.0017403103199960183
48.0,0.0014919484621068772
52.0,0.0012997114413631225
56.0,0.0011133702512104778
60.0,0.0012184393884429785
64.0,0.0009153569971507143
72.0,0.0005627875820769427
80.0,2.3241378725148163e-05
88.0,-0.00039430949366830575
96.0,-0.0007608184778991227
104.0,-0.0011400178714211506
112.0,-0.0014660462192505992
120.0,-0.0017050048966969673
128.0,-0.0017594663804629818
144.0,-0.0010977808274522734
160.0,-0.0011003463713374609
176.0,-0.0011961019403922061
192.0,-0.0013284340345611175
208.0,-0.0011548659232479017
224.0,-0.0013926955308609954
240.0,-0.0019346427278443506
256.0,-0.0020421485803256345
288.0,-3.2304419437423346e-05
320.0,-0.00042405828135088085
352.0,-0.00023023575777187945
384.0,-0.0005349939805455506
416.0,-0.0010719595185946674
448.0,-0.0004104821418877691
480.0,-0.0012203533422305351
512.0,-0.0027901055404476616
576.0,0.00032221978763118385
640.0,-0.00072002112865448
704.0,-0.001494959933916107
768.0,-0.003121287899557501
832.0,-0.004173063987400383
896.0,-0.002950253971357597
960.0,-0.004318520251399604
1024.0,-0.00441790105542168
end
