version,3.0
numOfCh,1
type,point
parent_name,labthresh-0dot04_avgcorrs
ch_type,1_1
kcount,1
numberNandB,1
brightnessNandB,1
carpet pos,0
pc,0
Time (ms),CH1 Auto-Correlation
1.0,0.18942634761333466
2.0,0.1732320487499237
3.0,0.15649060904979706
4.0,0.1434115469455719
5.0,0.1319003403186798
6.0,0.12174130976200104
7.0,0.11300434917211533
8.0,0.10728519409894943
9.0,0.10054542124271393
10.0,0.09431485831737518
11.0,0.08927035331726074
12.0,0.08494590222835541
13.0,0.0807032585144043
14.0,0.0764908418059349
15.0,0.0727265253663063
16.0,0.06868800520896912
18.0,0.06170190870761871
20.0,0.055752672255039215
22.0,0.050619468092918396
24.0,0.04540872573852539
26.0,0.04033409431576729
28.0,0.03513634577393532
30.0,0.032421797342491725
32.0,0.028196595153546392
36.0,0.02376514452379734
40.0,0.019458509538358506
44.0,0.015754066646667734
48.0,0.014766037522349507
52.0,0.015165714313088056
56.0,0.014031154344243428
60.0,0.011839234080980532
64.0,0.009945740470357123
72.0,0.01965826827363344
80.0,0.022448250023444416
88.0,0.009029497855590308
96.0,0.005773077323829057
104.0,0.00968887896342494
112.0,0.00808544372284814
120.0,-0.00037843476074110523
128.0,-0.0016763114843725863
144.0,0.00021805742289870977
160.0,-0.00326923649845412
176.0,-0.028346102339128265
192.0,-0.03145191023941152
208.0,-0.026900633194600232
224.0,-0.012105394431273453
240.0,-0.007933723450211498
256.0,-0.028889328225826225
288.0,-0.025660666024487
320.0,-0.026241360395215452
352.0,-0.03084295426524477
384.0,-0.03332467384170741
416.0,-0.03421173487731721
448.0,-0.03232390804914757
480.0,-0.04949803168710787
512.0,-0.03833172299346188
576.0,-0.012590304216636079
640.0,0.004976086118923766
704.0,0.01842983401313956
768.0,-0.010967337293550372
832.0,0.02136942816598873
896.0,-0.003358166565054229
960.0,-0.04776438634144142
1024.0,-0.01658574248930173
1152.0,-0.055053696036338806
1280.0,-0.07094431668519974
1408.0,-0.09621349722146988
1536.0,-0.07482659071683884
1664.0,-0.016722265630960464
1792.0,0.0216682031750679
1920.0,0.03683225065469742
2048.0,0.02182331681251526
end
