version,3.0
numOfCh,1
type,point
parent_name,labthresh-0dot04_avgcorrs
ch_type,1_1
kcount,1
numberNandB,1
brightnessNandB,1
carpet pos,0
pc,0
Time (ms),CH1 Auto-Correlation
1.0,0.11084049195051193
2.0,0.1079871654510498
3.0,0.10522110015153885
4.0,0.10252010077238083
5.0,0.09988600015640259
6.0,0.09711791574954987
7.0,0.09448949247598648
8.0,0.09159330278635025
9.0,0.08863711357116699
10.0,0.08584804832935333
11.0,0.08341368287801743
12.0,0.08087266236543655
13.0,0.07825509458780289
14.0,0.0755094438791275
15.0,0.07291492074728012
16.0,0.07053624093532562
18.0,0.06577891111373901
20.0,0.06077650561928749
22.0,0.0555485300719738
24.0,0.05070081353187561
26.0,0.04581443592905998
28.0,0.042126093059778214
30.0,0.03920619632614345
32.0,0.035477546842984584
36.0,0.042917066631215514
40.0,0.03864133761560558
44.0,0.03725022786046098
48.0,0.03857849171104403
52.0,0.03950794026776053
56.0,0.040750168420880285
60.0,0.031873498248842225
64.0,0.03090498869505609
72.0,0.03957980841369135
80.0,0.03397477618273115
88.0,0.028988541243355332
96.0,0.023766948996732633
104.0,0.01792665164733383
112.0,0.011979879701054111
120.0,0.0061357986869552406
128.0,0.0004443412217369769
144.0,-0.00637990570653023
160.0,-0.015832758760855842
176.0,-0.02175089028120662
192.0,-0.027765092064833477
208.0,-0.03251680930245331
224.0,-0.039967798146082915
240.0,-0.04470870301964977
256.0,-0.04984713022956081
288.0,-0.007672935872423378
320.0,-0.009416222836906936
352.0,-0.016228880384005606
384.0,-0.021250470652541317
416.0,-0.017412788898747585
448.0,-0.013489510998955335
480.0,-0.023998073616530745
512.0,-0.022816366469487547
576.0,-0.052256740940113865
640.0,-0.12562289011354247
704.0,-0.18102210698028406
768.0,-0.2614354820301135
832.0,-0.2610876578837633
896.0,-0.27542532701045275
960.0,0.01161547563970089
1024.0,-0.003011704422533512
end
