version,3.0
numOfCh,1
type,point
parent_name,labthresh-0dot04_avgcorrs
ch_type,1_1
kcount,1
numberNandB,1
brightnessNandB,1
carpet pos,0
pc,0
Time (ms),CH1 Auto-Correlation
1.0,0.07825363427400589
2.0,0.07643204182386398
3.0,0.07458481937646866
4.0,0.07296830415725708
5.0,0.07119222730398178
6.0,0.06932910531759262
7.0,0.06749463081359863
8.0,0.06566639244556427
9.0,0.06393809616565704
10.0,0.0622200071811676
11.0,0.060548342764377594
12.0,0.058895327150821686
13.0,0.057287730276584625
14.0,0.055596016347408295
15.0,0.05389145016670227
16.0,0.05217069387435913
18.0,0.048819757997989655
20.0,0.045941561460494995
22.0,0.04284394532442093
24.0,0.040077436715364456
26.0,0.037491876631975174
28.0,0.035116974264383316
30.0,0.03329380229115486
32.0,0.03198204189538956
36.0,0.03650567121980147
40.0,0.03293611677354696
44.0,0.028859860298160293
48.0,0.02479608851221697
52.0,0.02016583421700282
56.0,0.015586384323824226
60.0,0.013147948797972452
64.0,0.010170414858880723
72.0,0.009913726187078283
80.0,0.006251014442241285
88.0,0.004259064729558304
96.0,0.0033127106603933498
104.0,0.0037365211403812284
112.0,0.005758460671640933
120.0,0.004740670901652345
128.0,0.0022635553063794405
144.0,-0.0032365418571446624
160.0,-0.010155681195880919
176.0,-0.017100754609730626
192.0,-0.017820358608982394
208.0,-0.015218675751904292
224.0,-0.006782757243075009
240.0,0.0037089904404378365
256.0,0.007355528318190149
288.0,-0.007228712293518973
320.0,-0.010561951673090724
352.0,-0.015092887643342172
384.0,-0.0189413532747754
416.0,-0.01997183033797358
448.0,-0.018505764908955565
480.0,-0.024187714404736955
512.0,-0.02262758168702324
576.0,-0.01460292362025939
640.0,-0.0008120570564642549
704.0,0.001997091472730972
768.0,-0.013073700072709471
832.0,-0.021999692311510444
896.0,-0.018515227478928864
960.0,-0.0386034386853377
1024.0,-0.059299357080211244
1152.0,-0.08571936935186386
1280.0,-0.13529913127422333
1408.0,-0.11572036147117615
1536.0,-0.0506412610411644
1664.0,-0.08471059799194336
1792.0,-0.13121004402637482
1920.0,-0.23539990186691284
2048.0,-0.3208702504634857
end
