version,3.0
numOfCh,1
type,point
parent_name,labthresh-0dot04_avgcorrs
ch_type,1_1
kcount,1
numberNandB,1
brightnessNandB,1
carpet pos,0
pc,0
Time (ms),CH1 Auto-Correlation
1.0,0.1264248490333557
2.0,0.12356044352054596
3.0,0.1206708773970604
4.0,0.11773879081010818
5.0,0.11496691405773163
6.0,0.11246966570615768
7.0,0.10981304198503494
8.0,0.107266865670681
9.0,0.10482291877269745
10.0,0.10235321521759033
11.0,0.10001488029956818
12.0,0.09775522351264954
13.0,0.09546969830989838
14.0,0.09359542280435562
15.0,0.0918775349855423
16.0,0.09047975391149521
18.0,0.08776622265577316
20.0,0.08601950854063034
22.0,0.08459816873073578
24.0,0.08261822909116745
26.0,0.0805298388004303
28.0,0.07841932028532028
30.0,0.07950653692249285
32.0,0.07747950785038672
36.0,0.0969163743714241
40.0,0.09127257653348021
44.0,0.08589347467204789
48.0,0.07946096916831183
52.0,0.07189973977404986
56.0,0.06568739455856716
60.0,0.06094951506053225
64.0,0.05657599898718631
72.0,0.054401003576410735
80.0,0.04354496481889663
88.0,0.03457158362787021
96.0,0.023028879499945202
104.0,0.012745599685187795
112.0,0.005891492486147112
120.0,-0.0011312697438131038
128.0,-0.006184819401058026
144.0,-0.013191672088578344
160.0,-0.018885294379045566
176.0,-0.023172235504413646
192.0,-0.029288941451037925
208.0,-0.03480602419003844
224.0,-0.042432960425503555
240.0,-0.05248008337415134
256.0,-0.06246236685353021
288.0,0.05347115122713149
320.0,0.043811363726854326
352.0,0.03186265034601092
384.0,0.019380068872123957
416.0,0.0036115419119596482
448.0,0.006969411298632622
480.0,-0.003974154498428107
512.0,-0.013383809383958578
576.0,-0.03753405623137951
640.0,-0.04403303936123848
704.0,-0.06141381897032261
768.0,-0.0791412703692913
832.0,-0.09363659098744392
896.0,-0.11337300762534142
960.0,-0.12304959818720818
1024.0,-0.11892866343259811
1152.0,-0.0678735002875328
1280.0,-0.04154365509748459
1408.0,-0.0035788733512163162
1536.0,0.0035468321293592453
1664.0,0.011959194205701351
1792.0,0.008007570169866085
1920.0,-0.02830452099442482
2048.0,-0.023179013282060623
2304.0,-0.008824128657579422
2560.0,0.010523194447159767
2816.0,-0.030795162543654442
3072.0,-0.07206506282091141
3328.0,-0.11879605054855347
3584.0,-0.06645237654447556
3840.0,0.011266754940152168
4096.0,-0.026028404012322426
end
