version,3.0
numOfCh,1
type,point
parent_name,labthresh-0dot04_avgcorrs
ch_type,1_1
kcount,1
numberNandB,1
brightnessNandB,1
carpet pos,0
pc,0
Time (ms),CH1 Auto-Correlation
1.0,0.0808076485991478
2.0,0.07730960100889206
3.0,0.07382602244615555
4.0,0.07030146569013596
5.0,0.06731320917606354
6.0,0.06475945562124252
7.0,0.06237366795539856
8.0,0.06007484719157219
9.0,0.05822695046663284
10.0,0.05660415440797806
11.0,0.0552193783223629
12.0,0.053665824234485626
13.0,0.05216411128640175
14.0,0.050339680165052414
15.0,0.048510175198316574
16.0,0.046475011855363846
18.0,0.04284132644534111
20.0,0.038755323737859726
22.0,0.03502916172146797
24.0,0.03189227730035782
26.0,0.029435070231556892
28.0,0.027039889246225357
30.0,0.02570496445838305
32.0,0.023908218850165877
36.0,0.031299149765566525
40.0,0.027916027344846432
44.0,0.023994762475402758
48.0,0.020205961220303183
52.0,0.01762979345367057
56.0,0.015047987777091163
60.0,0.013075479378184193
64.0,0.011491364027653403
72.0,0.01577698246442846
80.0,0.012605919143035342
88.0,0.009512507082295738
96.0,0.008339531427411982
104.0,0.007357720921780648
112.0,0.0054852805582673424
120.0,-0.0011304257161639355
128.0,-0.007696162219400759
144.0,-0.02235512491426475
160.0,-0.03530357209438946
176.0,-0.04153904522259143
192.0,-0.03616028240260979
208.0,-0.0315322305576133
224.0,-0.025961322111210654
240.0,-0.008075782042731973
256.0,-0.006097071678500231
288.0,-0.033880958608019034
320.0,-0.04460050109108644
352.0,-0.038224956698416336
384.0,-0.04510845006110945
416.0,-0.055650559014923474
448.0,-0.05903630583946194
480.0,-0.018385759292868897
512.0,-0.00710813031764701
576.0,-0.008797693997621536
640.0,-0.009050472639501095
704.0,7.051974534988403e-05
768.0,-0.0015759938396513462
832.0,0.004060629289597273
896.0,0.013229746371507645
960.0,0.011315892450511456
1024.0,-0.0016167389694601297
end
