version,3.0
numOfCh,1
type,point
parent_name,labthresh-0dot04_avgcorrs
ch_type,1_1
kcount,1
numberNandB,1
brightnessNandB,1
carpet pos,0
pc,0
Time (ms),CH1 Auto-Correlation
1.0,0.021205803379416466
2.0,0.020932821556925774
3.0,0.02067989483475685
4.0,0.020421233028173447
5.0,0.02014332078397274
6.0,0.019865630194544792
7.0,0.019602827727794647
8.0,0.019351782277226448
9.0,0.01913400925695896
10.0,0.018927428871393204
11.0,0.01871742121875286
12.0,0.01851239986717701
13.0,0.018353966996073723
14.0,0.018192104995250702
15.0,0.018022673204541206
16.0,0.01784803718328476
18.0,0.017489181831479073
20.0,0.017113830894231796
22.0,0.016767581924796104
24.0,0.01646076887845993
26.0,0.0161611158400774
28.0,0.015888545662164688
30.0,0.016326531762807954
32.0,0.015943305410771175
36.0,0.01812736133474986
40.0,0.01723546773527315
44.0,0.01638273212765026
48.0,0.015637952345886417
52.0,0.015077995414850937
56.0,0.014625907101700168
60.0,0.014126196313141421
64.0,0.013594850567063655
72.0,0.01429316416952612
80.0,0.01312416570267248
88.0,0.011961482564449972
96.0,0.010768523095880243
104.0,0.00949819969001079
112.0,0.00829787226700175
120.0,0.006945118315726225
128.0,0.005371090413781961
144.0,0.0036465907187448465
160.0,0.0011112156553281238
176.0,-0.0007139236822695239
192.0,-0.002110011884724372
208.0,-0.002816437616274925
224.0,-0.0032898649460548768
240.0,-0.003976727802849685
256.0,-0.004106322210282088
288.0,-0.007291443938265729
320.0,-0.009221953066298739
352.0,-0.012104727589758113
384.0,-0.01425229954002134
416.0,-0.015462733786262107
448.0,-0.017668423936083855
480.0,-0.021741997043136507
512.0,-0.022807979505159892
576.0,-0.008163038792554289
640.0,-0.0042783787357620895
704.0,-0.002579914126545191
768.0,-0.0016115572696435265
832.0,0.0017069006920792163
896.0,0.006586395855993033
960.0,0.003983570291893557
1024.0,5.968566983938217e-05
1152.0,-0.002941749757155776
1280.0,-0.0007186306756921113
1408.0,-0.0007495120516978204
1536.0,-0.00022734141384717077
1664.0,-0.0007435773150064051
1792.0,0.00219072331674397
end
