version,3.0
numOfCh,1
type,point
parent_name,labthresh-0dot04_avgcorrs
ch_type,1_1
kcount,1
numberNandB,1
brightnessNandB,1
carpet pos,0
pc,0
Time (ms),CH1 Auto-Correlation
1.0,0.21551667153835297
2.0,0.19766806066036224
3.0,0.18264108896255493
4.0,0.16869285702705383
5.0,0.1587551087141037
6.0,0.15124469995498657
7.0,0.1447984278202057
8.0,0.13900108635425568
9.0,0.13218258321285248
10.0,0.12399616092443466
11.0,0.11344635486602783
12.0,0.10404878109693527
13.0,0.09577160328626633
14.0,0.08790472149848938
15.0,0.08163925260305405
16.0,0.07536957412958145
18.0,0.0650024339556694
20.0,0.05385828763246536
22.0,0.04368743300437927
24.0,0.03614421933889389
26.0,0.03157160431146622
28.0,0.0303543359041214
30.0,0.028111642226576805
32.0,0.024233423173427582
36.0,0.021618075113898762
40.0,0.012791188095676868
44.0,0.0050242501666313425
48.0,-0.0007943674970495825
52.0,-0.006306711207920064
56.0,-0.010542783376634664
60.0,-0.01431818881634778
64.0,-0.016087800814420915
72.0,0.005881634586027455
80.0,0.0008792002360375287
88.0,-0.004502076180263733
96.0,-0.008473827799510522
104.0,-0.009916460158516808
112.0,-0.012687908726396321
120.0,-0.013184990847746478
128.0,-0.01225253482065771
144.0,-0.012860561316997251
160.0,-0.011822654024239028
176.0,-0.004547431164503317
192.0,0.009736160946297734
208.0,0.012829215552568819
224.0,0.005560392202289008
240.0,-0.01152995042845278
256.0,-0.019965019056518728
288.0,0.015403527145584425
320.0,0.026833982970048156
352.0,0.02922349965148088
384.0,-0.009701656513950892
416.0,-0.02978165632844644
448.0,-0.034447072798179254
480.0,-0.043297299824189395
512.0,-0.045685717443120666
576.0,-0.0567209052387625
640.0,-0.013830709736794233
704.0,-0.07670256216078997
768.0,-0.09109632391482592
832.0,-0.09541919571347535
896.0,-0.07395393494516611
960.0,-0.06906557967886329
1024.0,0.023368970840238035
end
