version,3.0
numOfCh,1
type,point
parent_name,labthresh-0dot04_avgcorrs
ch_type,1_1
kcount,1
numberNandB,1
brightnessNandB,1
carpet pos,0
pc,0
Time (ms),CH1 Auto-Correlation
1.0,0.06760091334581375
2.0,0.06198196858167648
3.0,0.0570160448551178
4.0,0.05266237631440163
5.0,0.04917382448911667
6.0,0.0451720729470253
7.0,0.041526276618242264
8.0,0.0382140651345253
9.0,0.03566279634833336
10.0,0.03408914804458618
11.0,0.032307423651218414
12.0,0.031603287905454636
13.0,0.03062627837061882
14.0,0.02997245080769062
15.0,0.029732398688793182
16.0,0.02872937172651291
18.0,0.026641735807061195
20.0,0.024424005299806595
22.0,0.021714787930250168
24.0,0.019048364832997322
26.0,0.017708072438836098
28.0,0.01548271719366312
30.0,0.014632325347217071
32.0,0.014470450476740856
36.0,0.01769305191532288
40.0,0.018272534368612293
44.0,0.01495820216857077
48.0,0.00867846609992651
52.0,0.0042536514449766985
56.0,0.002531179423151057
60.0,0.0037993601269720656
64.0,0.001964482109412659
72.0,-0.0037104348005166025
80.0,-0.004138577888211744
88.0,-0.004788251837122847
96.0,-0.005094826445036399
104.0,-0.005921076242388649
112.0,-0.006558779280484569
120.0,0.000712703945325865
128.0,0.007150719895781506
144.0,0.021994423337413797
160.0,0.01971642001964418
176.0,0.008773405685912752
192.0,-0.009575734330740358
208.0,-0.019487214416065917
224.0,-0.023276309927626113
240.0,-0.03513699525380313
256.0,-0.04331044313342621
288.0,-0.022344026976497844
320.0,-0.020651268543184012
352.0,-0.009982477795953551
384.0,-0.005554291626645459
416.0,0.0013935402190933626
448.0,0.008312165777574087
480.0,0.006165289682232671
512.0,0.008465849199435778
576.0,-0.020950878597795965
640.0,-0.02311802813783288
704.0,-0.02402505816426128
768.0,-0.02034294242039323
832.0,-0.010568685465841554
896.0,-0.009693549573421478
960.0,-0.008174843736924231
1024.0,-0.0012461852747946978
end
