version,3.0
numOfCh,1
type,point
parent_name,labthresh-0dot04_avgcorrs
ch_type,1_1
kcount,1
numberNandB,1
brightnessNandB,1
carpet pos,0
pc,0
Time (ms),CH1 Auto-Correlation
1.0,0.006230897735804319
2.0,0.006022981368005276
3.0,0.005813137628138065
4.0,0.005613046232610941
5.0,0.005410837009549141
6.0,0.005211751442402601
7.0,0.005008337553590536
8.0,0.004808568861335516
9.0,0.004611325915902853
10.0,0.004416966810822487
11.0,0.004224349744617939
12.0,0.004034933168441057
13.0,0.0038666855543851852
14.0,0.003701108507812023
15.0,0.0035383538343012333
16.0,0.00337987276725471
18.0,0.0030385213904082775
20.0,0.0026792152784764767
22.0,0.002279445994645357
24.0,0.0019305417081341147
26.0,0.001658888068050146
28.0,0.0014508890453726053
30.0,0.0017077701558150693
32.0,0.001498826954230026
36.0,0.0022508939555943167
40.0,0.001842975525869406
44.0,0.0014751969960949888
48.0,0.00120074491375514
52.0,0.0009671259380411356
56.0,0.0007557197376930465
60.0,0.0005221998794392372
64.0,0.00028600498917512595
72.0,0.0013988153223181143
80.0,0.000974035384431426
88.0,0.0008374969149285573
96.0,0.0007376312900998441
104.0,0.0006448743799756769
112.0,0.00046277003968411704
120.0,0.00036697711523932713
128.0,0.00010704574257639858
144.0,0.00024233965982253163
160.0,-0.0002584374465536362
176.0,-0.0009039184033799057
192.0,-0.0017621951835910575
208.0,-0.002049677774686223
224.0,-0.001945262879486948
240.0,-0.0017875076682685176
256.0,-0.002092489217830007
288.0,-0.0012188746388548883
320.0,-0.0018237681910654323
352.0,-0.0025165968011909476
384.0,-0.003046913491238633
416.0,-0.003107465579685393
448.0,-0.001856562801549444
480.0,-0.0009866504373753236
512.0,-0.0011774797522876826
576.0,-0.00450407546304632
640.0,-0.003715697439474752
704.0,-0.0029455458861775696
768.0,-0.002632640622323379
832.0,-0.0018105643393937498
896.0,-0.0013462111019180156
960.0,0.0005887874576728791
1024.0,-0.00026400521164759994
end
