version,3.0
numOfCh,1
type,point
parent_name,0cd20_0dot069-0dot01
ch_type,1_1
kcount,1
numberNandB,1
brightnessNandB,1
carpet pos,0
pc,0
Time (ms),CH1 Auto-Correlation
1.0,0.08958123624324799
2.0,0.08880295604467392
3.0,0.08805146813392639
4.0,0.08731939643621445
5.0,0.08657139539718628
6.0,0.08584149181842804
7.0,0.08514281362295151
8.0,0.08445698022842407
9.0,0.08374932408332825
10.0,0.08313760161399841
11.0,0.08254566788673401
12.0,0.08190680295228958
13.0,0.08128872513771057
14.0,0.0806998610496521
15.0,0.0800960436463356
16.0,0.07953555136919022
18.0,0.07776062935590744
20.0,0.07656467705965042
22.0,0.07537154853343964
24.0,0.07415289431810379
26.0,0.07294384390115738
28.0,0.07171905785799026
30.0,0.07064121216535568
32.0,0.06974944472312927
36.0,0.06675300747156143
40.0,0.06464356184005737
44.0,0.062449514865875244
48.0,0.059954650700092316
52.0,0.05775962024927139
56.0,0.055907655507326126
60.0,0.054134249687194824
64.0,0.05245416238903999
72.0,0.04940327629446983
80.0,0.04649651050567627
88.0,0.04436700418591499
96.0,0.042543113231658936
104.0,0.04132764786481857
112.0,0.039661284536123276
120.0,0.038001395761966705
128.0,0.036964911967515945
144.0,0.030915595591068268
160.0,0.0250681284815073
176.0,0.021648894995450974
192.0,0.02010742761194706
208.0,0.019107215106487274
224.0,0.017996814101934433
240.0,0.01660308986902237
256.0,0.014354541897773743
288.0,0.009035058319568634
320.0,0.0060103777796030045
352.0,0.0033374049235135317
384.0,0.0012287116842344403
416.0,-0.001466507907025516
448.0,-0.005390073172748089
480.0,-0.009241368621587753
512.0,-0.011354302056133747
576.0,-0.015534897334873676
640.0,-0.01638701558113098
704.0,-0.016938408836722374
768.0,-0.01738617569208145
832.0,-0.014431550167500973
896.0,-0.01354664471000433
960.0,-0.01352531649172306
1024.0,-0.014036392793059349
1152.0,-0.005348117556422949
1280.0,-0.001537819392979145
1408.0,0.005443150177598
1536.0,0.007078973576426506
1664.0,-0.003644737880676985
1792.0,-0.008631603792309761
1920.0,-0.011001428589224815
2048.0,-0.015847524628043175
2304.0,-0.010036289691925049
2560.0,-0.005190288182348013
2816.0,0.0029480960220098495
3072.0,0.0015598031459376216
3328.0,-0.004597432445734739
3584.0,0.004525470547378063
3840.0,0.019093114882707596
4096.0,0.0269320048391819
end
