version,3.0
numOfCh,1
type,point
parent_name,0cd20_0dot069-0dot01
ch_type,1_1
kcount,1
numberNandB,1
brightnessNandB,1
carpet pos,0
pc,0
Time (ms),CH1 Auto-Correlation
1.0,0.2889731824398041
2.0,0.28835782408714294
3.0,0.2877541482448578
4.0,0.28706952929496765
5.0,0.28643035888671875
6.0,0.28577232360839844
7.0,0.2850485146045685
8.0,0.2843308746814728
9.0,0.28361383080482483
10.0,0.2828933298587799
11.0,0.28221964836120605
12.0,0.28156647086143494
13.0,0.28095558285713196
14.0,0.28034719824790955
15.0,0.27972957491874695
16.0,0.27914953231811523
18.0,0.2779509425163269
20.0,0.276813268661499
22.0,0.27576324343681335
24.0,0.27477967739105225
26.0,0.27372628450393677
28.0,0.27270516753196716
30.0,0.2717341184616089
32.0,0.27074792981147766
36.0,0.2689855396747589
40.0,0.2672724425792694
44.0,0.26549333333969116
48.0,0.26363062858581543
52.0,0.26159942150115967
56.0,0.25945591926574707
60.0,0.2572163939476013
64.0,0.2551036775112152
72.0,0.25105705857276917
80.0,0.24744166433811188
88.0,0.24323566257953644
96.0,0.23906362056732178
104.0,0.2347901463508606
112.0,0.2303251028060913
120.0,0.22641977667808533
128.0,0.22306308150291443
144.0,0.21507158875465393
160.0,0.20897282660007477
176.0,0.2038561999797821
192.0,0.1948673278093338
208.0,0.1846548169851303
224.0,0.17354188859462738
240.0,0.1629221886396408
256.0,0.15421393513679504
288.0,0.13542503118515015
320.0,0.119917131960392
352.0,0.10825473815202713
384.0,0.09531064331531525
416.0,0.07954759895801544
448.0,0.06903942674398422
480.0,0.06458603590726852
512.0,0.06413576751947403
576.0,0.06786571443080902
640.0,0.0677245706319809
704.0,0.06468407809734344
768.0,0.05474821850657463
832.0,0.04730502888560295
896.0,0.04209955409169197
960.0,0.02863776870071888
1024.0,0.012699004262685776
1152.0,-0.0015931979287415743
1280.0,-0.00989670678973198
1408.0,-0.011288544163107872
1536.0,-0.016765262931585312
1664.0,-0.03758092224597931
1792.0,-0.04726915434002876
1920.0,-0.042784348130226135
2048.0,-0.021916739642620087
2304.0,-0.003141570370644331
2560.0,-0.017150888219475746
2816.0,-0.016333529725670815
3072.0,-0.0345277264714241
3328.0,-0.06941774487495422
3584.0,-0.100164033472538
3840.0,-0.12643413245677948
4096.0,-0.12538699805736542
end
