version,3.0
numOfCh,1
type,point
parent_name,0cd20_0dot069-0dot01
ch_type,1_1
kcount,1
numberNandB,1
brightnessNandB,1
carpet pos,0
pc,0
Time (ms),CH1 Auto-Correlation
1.0,0.019801583141088486
2.0,0.019586537033319473
3.0,0.019370099529623985
4.0,0.019155502319335938
5.0,0.018952202051877975
6.0,0.018756253644824028
7.0,0.018556082621216774
8.0,0.018361438065767288
9.0,0.01815914362668991
10.0,0.017962714657187462
11.0,0.017770027741789818
12.0,0.017582781612873077
13.0,0.017397906631231308
14.0,0.017215685918927193
15.0,0.017038555815815926
16.0,0.01686585135757923
18.0,0.016540970653295517
20.0,0.016215475276112556
22.0,0.01589754968881607
24.0,0.01557082962244749
26.0,0.015259630978107452
28.0,0.014973947778344154
30.0,0.014710182324051857
32.0,0.014417650178074837
36.0,0.013857252895832062
40.0,0.013302040286362171
44.0,0.012711318209767342
48.0,0.012090573087334633
52.0,0.011489738710224628
56.0,0.010853697545826435
60.0,0.010218565352261066
64.0,0.009571780450642109
72.0,0.008326597511768341
80.0,0.006970355287194252
88.0,0.00570314098149538
96.0,0.004533194471150637
104.0,0.0034347563050687313
112.0,0.002392412628978491
120.0,0.0016645953292027116
128.0,0.0011067930608987808
144.0,0.0001317559799645096
160.0,-0.0005254828138276935
176.0,-0.001008720020763576
192.0,-0.0011450626188889146
208.0,-0.0011708539677783847
224.0,-0.0008375318138860166
240.0,-0.0006918818689882755
256.0,-0.0002657558652572334
288.0,0.0008381130173802376
320.0,0.0013637210940942168
352.0,0.0013195605715736747
384.0,8.92957323230803e-05
416.0,-0.0013132593594491482
448.0,-0.0024385994765907526
480.0,-0.0037194956094026566
512.0,-0.003940213937312365
576.0,-0.0018641534261405468
640.0,-2.1690693756681867e-05
704.0,-0.0005547748878598213
768.0,-0.0006892590899951756
832.0,0.0018602201016619802
896.0,0.004975808318704367
960.0,0.005128401331603527
1024.0,0.0011597312986850739
1152.0,-0.0037387411575764418
1280.0,-0.001643147086724639
1408.0,-0.0026656324043869972
1536.0,0.0015056886477395892
1664.0,0.003553692251443863
1792.0,0.0002904041321016848
1920.0,0.0006139384349808097
2048.0,-0.006111684255301952
2304.0,-0.005782984662801027
2560.0,-0.0007298158598132432
2816.0,-0.0002731907879933715
3072.0,9.409524864167906e-06
3328.0,0.0017505437135696411
3584.0,0.004020351450890303
end
