version,3.0
numOfCh,1
type,point
parent_name,0cd20_0dot069-0dot01
ch_type,1_1
kcount,1
numberNandB,1
brightnessNandB,1
carpet pos,0
pc,0
Time (ms),CH1 Auto-Correlation
1.0,0.10855505615472794
2.0,0.1079510748386383
3.0,0.10734006762504578
4.0,0.10673809051513672
5.0,0.10615718364715576
6.0,0.10558242350816727
7.0,0.10502870380878448
8.0,0.10454369336366653
9.0,0.1040794849395752
10.0,0.10363366454839706
11.0,0.10322489589452744
12.0,0.10284189879894257
13.0,0.10247097164392471
14.0,0.10208290815353394
15.0,0.10171379148960114
16.0,0.10133256018161774
18.0,0.10057660937309265
20.0,0.09976066648960114
22.0,0.09889540821313858
24.0,0.0981685072183609
26.0,0.09748682379722595
28.0,0.0968019887804985
30.0,0.0961475595831871
32.0,0.09556496888399124
36.0,0.09423967450857162
40.0,0.09263967722654343
44.0,0.0910545215010643
48.0,0.08962603658437729
52.0,0.08818339556455612
56.0,0.08648882061243057
60.0,0.08509252965450287
64.0,0.08395137637853622
72.0,0.08119453489780426
80.0,0.07840083539485931
88.0,0.07616710662841797
96.0,0.07358267903327942
104.0,0.0712338536977768
112.0,0.06903491169214249
120.0,0.06684662401676178
128.0,0.06526089459657669
144.0,0.06162005290389061
160.0,0.058567147701978683
176.0,0.056177251040935516
192.0,0.054823897778987885
208.0,0.05321798101067543
224.0,0.05201791226863861
240.0,0.05143473669886589
256.0,0.051841266453266144
288.0,0.052986353635787964
320.0,0.05457742139697075
352.0,0.05401945859193802
384.0,0.05034805089235306
416.0,0.04220112785696983
448.0,0.03423831984400749
480.0,0.028394382447004318
512.0,0.025583526119589806
576.0,0.025078626349568367
640.0,0.029698412865400314
704.0,0.02630706876516342
768.0,0.014553955756127834
832.0,0.003565327264368534
896.0,0.0019086290849372745
960.0,0.000877686426974833
1024.0,0.0021680325735360384
1152.0,-0.010933170095086098
1280.0,-0.01496882550418377
1408.0,-0.0185288954526186
1536.0,-0.02529231272637844
1664.0,-0.023607322946190834
1792.0,-0.0261734277009964
1920.0,-0.02199740521609783
2048.0,-0.02374415285885334
2304.0,-0.036629874259233475
2560.0,-0.04603905603289604
2816.0,-0.035305097699165344
3072.0,-0.020857229828834534
3328.0,0.00263973674736917
3584.0,0.02194988913834095
3840.0,0.04093797877430916
4096.0,0.03459297493100166
end
