version,3.0
numOfCh,1
type,point
parent_name,714af_50dot0-0dot01
ch_type,1_1
kcount,1
numberNandB,1
brightnessNandB,1
carpet pos,0
pc,0
Time (ms),CH1 Auto-Correlation
1.0,0.0056773084215819836
2.0,0.003805783810093999
3.0,0.002712795278057456
4.0,0.0028076996095478535
5.0,0.002287401119247079
6.0,0.0022046188823878765
7.0,0.0020740414038300514
8.0,0.0017293860437348485
9.0,0.0018264739774167538
10.0,0.0018705780385062099
11.0,0.0014616296393796802
12.0,0.0016744766617193818
13.0,0.0013476168969646096
14.0,0.0018863258883357048
15.0,0.001594738569110632
16.0,0.0019620652310550213
18.0,0.0013977899216115475
20.0,0.0012589844409376383
22.0,0.0012341514229774475
24.0,0.0008890194003470242
26.0,0.0005553195951506495
28.0,0.0007359135779552162
30.0,0.0011248429073020816
32.0,0.0010255842935293913
36.0,0.0012243067612871528
40.0,0.0009573767893016338
44.0,0.0012851457577198744
48.0,0.0008797349291853607
52.0,0.0007589938468299806
56.0,0.0007428793469443917
60.0,0.0007904405938461423
64.0,0.000991885899566114
72.0,0.0009333800990134478
80.0,0.0009477197309024632
88.0,0.001109214499592781
96.0,0.0012379499385133386
104.0,0.0008566908072680235
112.0,0.000665067695081234
120.0,0.0008888088632375002
128.0,0.0007052905857563019
144.0,0.0010665231384336948
160.0,0.0009957848815247416
176.0,0.0008832308230921626
192.0,0.0005361465737223625
208.0,0.0003440316650085151
224.0,0.0005620382726192474
240.0,0.000942355371080339
256.0,0.000679399527143687
288.0,0.000864952162373811
320.0,0.0006625845562666655
352.0,0.0007116356282494962
384.0,0.0008182735764421523
416.0,0.0006956267752684653
448.0,0.000612568692304194
480.0,0.000470653991214931
512.0,0.00026308296946808696
576.0,0.00026445018011145294
640.0,0.00024249558919109404
704.0,0.0001210435148095712
768.0,1.9115581380901858e-05
832.0,3.1080366170499474e-05
896.0,-4.334867116995156e-05
960.0,1.2573340427479707e-05
1024.0,-4.745618934975937e-05
1152.0,-0.00042802304960787296
1280.0,-0.00025583358365111053
1408.0,-0.00015140522737056017
1536.0,-0.0002456768706906587
1664.0,-0.00017686713545117527
1792.0,6.0042086261091754e-05
1920.0,0.00010793578258017078
2048.0,0.0001651173224672675
2304.0,0.00044801540207117796
2560.0,0.00034318063990212977
2816.0,8.492139022564515e-05
3072.0,-0.00037214180338196456
3328.0,-0.0004929894930683076
3584.0,-0.000737431924790144
3840.0,-0.0006986563676036894
4096.0,-0.0005247567314654589
end
