version,3.0
numOfCh,1
type,point
parent_name,714af_50dot0-0dot01
ch_type,1_1
kcount,1
numberNandB,1
brightnessNandB,1
carpet pos,0
pc,0
Time (ms),CH1 Auto-Correlation
1.0,0.0074930922128260136
2.0,0.004811109974980354
3.0,0.003933000843971968
4.0,0.0035208784975111485
5.0,0.0028718295507133007
6.0,0.002427708590403199
7.0,0.0018206092063337564
8.0,0.0026387348771095276
9.0,0.002346630906686187
10.0,0.0025202769320458174
11.0,0.0022439819294959307
12.0,0.0011146408505737782
13.0,0.001633604639209807
14.0,0.0025362870655953884
15.0,0.002905103377997875
16.0,0.0024157878942787647
18.0,0.0024419575929641724
20.0,0.0017115166410803795
22.0,0.0018055494874715805
24.0,0.0018056121189147234
26.0,0.0020255292765796185
28.0,0.001388933858834207
30.0,0.0013874857686460018
32.0,0.0015179123729467392
36.0,0.0014806670369580388
40.0,0.001466913498006761
44.0,0.00175223289988935
48.0,0.0011559840058907866
52.0,0.0017527193995192647
56.0,0.0012758049415424466
60.0,0.0012430803617462516
64.0,0.001723956549540162
72.0,0.0008810586296021938
80.0,0.000915712327696383
88.0,0.0012610445264726877
96.0,0.0012994135031476617
104.0,0.0012976722791790962
112.0,0.001137257437221706
120.0,0.0011064312420785427
128.0,0.0007914226152934134
144.0,0.0014228429645299911
160.0,0.0009465856710448861
176.0,0.0008375117904506624
192.0,0.0007446854142472148
208.0,0.0006564442883245647
224.0,0.0005726763629354537
240.0,0.000770345504861325
256.0,0.0007295397226698697
288.0,0.0007157475338317454
320.0,0.00026467518182471395
352.0,0.0003318411181680858
384.0,0.00033624752541072667
416.0,0.00034396941191516817
448.0,0.00016653536295052618
480.0,7.281715079443529e-05
512.0,0.00025303784059360623
576.0,2.875134305213578e-05
640.0,-0.0002928071771748364
704.0,-0.0004251138016115874
768.0,-0.00044440466444939375
832.0,-0.0005579746211878955
896.0,-0.0005566977779380977
960.0,4.279244240024127e-05
1024.0,0.0003125268849544227
1152.0,-0.00029491036548279226
1280.0,-0.00012582910130731761
1408.0,-0.000271443190285936
1536.0,0.0002456490183249116
1664.0,-0.0002258582680951804
1792.0,-0.00038609595503658056
1920.0,-0.0006507029174827039
2048.0,-0.00033955220715142787
2304.0,-0.0008193016983568668
2560.0,-0.0005460541578941047
2816.0,1.53780074469978e-05
3072.0,0.000922936073038727
3328.0,0.0010839870665222406
3584.0,0.0002543981827329844
3840.0,-0.0015190114500001073
4096.0,-0.0018090191297233105
end
