version,3.0
numOfCh,1
type,point
parent_name,34a6d_0dot08-0dot01
ch_type,1_1
kcount,1
numberNandB,1
brightnessNandB,1
carpet pos,0
pc,0
Time (ms),CH1 Auto-Correlation
1.0,0.04390875622630119
2.0,0.04362726956605911
3.0,0.04334285110235214
4.0,0.04306807368993759
5.0,0.04279465228319168
6.0,0.04252392798662186
7.0,0.042265210300683975
8.0,0.04200919717550278
9.0,0.04175565391778946
10.0,0.04150513932108879
11.0,0.04125829041004181
12.0,0.04102163761854172
13.0,0.04079271852970123
14.0,0.04056805372238159
15.0,0.040345240384340286
16.0,0.040121082216501236
18.0,0.03969668969511986
20.0,0.03928270936012268
22.0,0.038878653198480606
24.0,0.03850580379366875
26.0,0.03815985843539238
28.0,0.03783636540174484
30.0,0.037520118057727814
32.0,0.03721461072564125
36.0,0.03664877638220787
40.0,0.03613966703414917
44.0,0.035637564957141876
48.0,0.03509073331952095
52.0,0.03451243415474892
56.0,0.03395787999033928
60.0,0.03344376012682915
64.0,0.03295708820223808
72.0,0.03205983340740204
80.0,0.031114870682358742
88.0,0.030150599777698517
96.0,0.029117625206708908
104.0,0.028361104428768158
112.0,0.0278385728597641
120.0,0.027408448979258537
128.0,0.027010688558220863
144.0,0.02614610642194748
160.0,0.02513791434466839
176.0,0.024229977279901505
192.0,0.023101668804883957
208.0,0.022230960428714752
224.0,0.021662229672074318
240.0,0.02125796116888523
256.0,0.0211128368973732
288.0,0.02004408836364746
320.0,0.018483353778719902
352.0,0.017282679677009583
384.0,0.0169295072555542
416.0,0.016855791211128235
448.0,0.01687413454055786
480.0,0.01667945645749569
512.0,0.016004392877221107
576.0,0.015858052298426628
640.0,0.01568692922592163
704.0,0.014368288218975067
768.0,0.01261206530034542
832.0,0.011042915284633636
896.0,0.011272216215729713
960.0,0.010245130397379398
1024.0,0.009632827714085579
1152.0,0.008501500822603703
1280.0,0.007510356605052948
1408.0,0.007091102190315723
1536.0,0.008749636821448803
1664.0,0.009569014422595501
1792.0,0.008940822444856167
1920.0,0.00607713358476758
2048.0,0.004624062217772007
2304.0,0.005386573728173971
2560.0,0.011526329442858696
2816.0,0.010571563616394997
3072.0,0.004690483212471008
3328.0,0.0028242042753845453
3584.0,0.0010191048495471478
3840.0,-0.0008686305955052376
4096.0,-0.00020304674399085343
4608.0,-0.007619100157171488
5120.0,-0.013853994198143482
5632.0,-0.01776553876698017
6144.0,-0.0202566459774971
6656.0,-0.01766805909574032
7168.0,-0.015161133371293545
7680.0,-0.012256179004907608
8192.0,-0.00525452708825469
end
