version,3.0
numOfCh,1
type,point
parent_name,34a6d_0dot08-0dot01
ch_type,1_1
kcount,1
numberNandB,1
brightnessNandB,1
carpet pos,0
pc,0
Time (ms),CH1 Auto-Correlation
1.0,0.23539027571678162
2.0,0.23375098407268524
3.0,0.23202094435691833
4.0,0.23025217652320862
5.0,0.22839608788490295
6.0,0.22662495076656342
7.0,0.22480811178684235
8.0,0.2229432463645935
9.0,0.22108131647109985
10.0,0.2191576510667801
11.0,0.21727679669857025
12.0,0.2153923511505127
13.0,0.21358667314052582
14.0,0.21179206669330597
15.0,0.20999224483966827
16.0,0.20824073255062103
18.0,0.20470000803470612
20.0,0.20126156508922577
22.0,0.19775617122650146
24.0,0.1942470520734787
26.0,0.19074034690856934
28.0,0.18727941811084747
30.0,0.18401390314102173
32.0,0.18093450367450714
36.0,0.17506782710552216
40.0,0.169541135430336
44.0,0.1646977812051773
48.0,0.1600932627916336
52.0,0.15611635148525238
56.0,0.1520942598581314
60.0,0.14838695526123047
64.0,0.14518366754055023
72.0,0.1397218555212021
80.0,0.13495033979415894
88.0,0.12969434261322021
96.0,0.12416503578424454
104.0,0.11823413521051407
112.0,0.11231586337089539
120.0,0.10591453313827515
128.0,0.09910895675420761
144.0,0.08795809000730515
160.0,0.07957706600427628
176.0,0.07300124317407608
192.0,0.06659292429685593
208.0,0.06000754237174988
224.0,0.051309648901224136
240.0,0.04137850180268288
256.0,0.03323972597718239
288.0,0.02123858965933323
320.0,0.01249654684215784
352.0,0.011864616535604
384.0,0.012714055366814137
416.0,0.017807139083743095
448.0,0.023050354793667793
480.0,0.02551528438925743
512.0,0.028772812336683273
576.0,0.0305978674441576
640.0,0.02318764477968216
704.0,0.024235427379608154
768.0,0.006891612894833088
832.0,-0.012422136962413788
896.0,-0.029533565044403076
960.0,-0.0377558134496212
1024.0,-0.01325614470988512
1152.0,-0.013691728934645653
1280.0,-0.019696129485964775
1408.0,-0.032772138714790344
1536.0,-0.03797666355967522
1664.0,-0.049057912081480026
1792.0,-0.054866522550582886
1920.0,-0.0751708522439003
2048.0,-0.08327486366033554
2304.0,-0.04577578976750374
2560.0,-0.02243361435830593
2816.0,-0.06352540850639343
3072.0,0.0027236435562372208
3328.0,-0.0112127885222435
3584.0,0.08432937413454056
3840.0,0.09772138297557831
4096.0,0.08805399388074875
end
