version,3.0
numOfCh,1
type,point
parent_name,labthresh-0dot04_avgcorrs
ch_type,1_1
kcount,1
numberNandB,1
brightnessNandB,1
carpet pos,0
pc,0
Time (ms),CH1 Auto-Correlation
1.0,0.08711255341768265
2.0,0.07890870422124863
3.0,0.07244164496660233
4.0,0.06753131002187729
5.0,0.0633983388543129
6.0,0.059125207364559174
7.0,0.05632832646369934
8.0,0.05409320071339607
9.0,0.052270904183387756
10.0,0.049709416925907135
11.0,0.046762410551309586
12.0,0.0442814826965332
13.0,0.04213247820734978
14.0,0.04066428169608116
15.0,0.038245197385549545
16.0,0.036299485713243484
18.0,0.03390183299779892
20.0,0.030502360314130783
22.0,0.02792990393936634
24.0,0.026220228523015976
26.0,0.0241031963378191
28.0,0.022940875962376595
30.0,0.0213683054208458
32.0,0.020208203516570697
36.0,0.03350946304142001
40.0,0.030036923686566297
44.0,0.02497180502541596
48.0,0.021900704064527026
52.0,0.014800162678771553
56.0,0.009096247391426004
60.0,0.004646087939493425
64.0,0.0006294036029430572
72.0,-0.002914297129456444
80.0,-0.010429522466438357
88.0,-0.017105001168506294
96.0,-0.019323281646632638
104.0,-0.015813137210084517
112.0,-0.01535579320625402
120.0,-0.019693793476586795
128.0,-0.022140002429583354
144.0,-0.01096598525182344
160.0,-0.016948974767243878
176.0,-0.018770182761363684
192.0,-0.01895541044662726
208.0,-0.019679260955308565
224.0,-0.02132574402106305
240.0,-0.0142176163479841
256.0,-0.01098902018663163
288.0,-0.028321368349927732
320.0,-0.03132475162221288
352.0,-0.04172641149356919
384.0,-0.043908816698769275
416.0,-0.049517838497360404
448.0,-0.05179589982038702
480.0,-0.04384630352697885
512.0,-0.031605960309124465
576.0,-0.0627718656178331
640.0,-0.05165310887969099
704.0,0.0031566363759338856
768.0,0.01035804714774713
832.0,-0.04231929432717152
896.0,0.15552855446003377
960.0,0.18762999109458178
1024.0,0.04135373514145613
end
