version,3.0
numOfCh,1
type,point
parent_name,labthresh-0dot04_avgcorrs
ch_type,1_1
kcount,1
numberNandB,1
brightnessNandB,1
carpet pos,0
pc,0
Time (ms),CH1 Auto-Correlation
1.0,0.0909499004483223
2.0,0.08041777461767197
3.0,0.07294327765703201
4.0,0.06553754955530167
5.0,0.05874643102288246
6.0,0.05297619476914406
7.0,0.04829852655529976
8.0,0.0439106710255146
9.0,0.03983432799577713
10.0,0.0363420806825161
11.0,0.03333272412419319
12.0,0.03123149462044239
13.0,0.028539258986711502
14.0,0.02657044306397438
15.0,0.02525372803211212
16.0,0.02395823411643505
18.0,0.021325085312128067
20.0,0.01906600035727024
22.0,0.016752395778894424
24.0,0.015683069825172424
26.0,0.013898847624659538
28.0,0.011455940082669258
30.0,0.00865118916231409
32.0,0.006619278738669068
36.0,0.0045119476698453264
40.0,0.0032101064515539773
44.0,-0.0011055085770374931
48.0,-0.0036374550142200487
52.0,-0.003752982441282631
56.0,-0.0016724872421036707
60.0,0.0001974132835378193
64.0,0.0016624171420875373
72.0,0.0026326834662800786
80.0,0.0012277118429275496
88.0,0.0037383405833679717
96.0,0.004137773523065594
104.0,0.0002168702473811988
112.0,-0.005314124745512215
120.0,-0.0074559621769887076
128.0,-0.010309188188979792
144.0,-0.01581710692827234
160.0,-0.016115318555795753
176.0,-0.017100112257621196
192.0,-0.006289470238056418
208.0,-0.007250276729738449
224.0,-0.01022246487050057
240.0,-0.014258525261084287
256.0,-0.017909210895595606
288.0,-0.0052423802941727144
320.0,0.0017945394502021372
352.0,-0.00983752574150761
384.0,-0.01445889453558872
416.0,-0.0053592595892647905
448.0,-0.011218353543275347
480.0,-0.01660253949618588
512.0,-0.021241437786051795
576.0,-0.021958358585834503
640.0,-0.02245135194971226
704.0,-0.027604754199273884
768.0,-0.03316987137077376
832.0,-0.03293535328703001
896.0,-0.05323085258714855
960.0,-0.0332021655049175
1024.0,-0.044389102258719504
end
