version,3.0
numOfCh,1
type,point
parent_name,labthresh-0dot04_avgcorrs
ch_type,1_1
kcount,1
numberNandB,1
brightnessNandB,1
carpet pos,0
pc,0
Time (ms),CH1 Auto-Correlation
1.0,0.0495004840195179
2.0,0.042354896664619446
3.0,0.03713633492588997
4.0,0.03296342119574547
5.0,0.02901758998632431
6.0,0.02557351440191269
7.0,0.02313517965376377
8.0,0.0199574064463377
9.0,0.017071427777409554
10.0,0.01571333035826683
11.0,0.014008324593305588
12.0,0.012814311310648918
13.0,0.011783167719841003
14.0,0.010901879519224167
15.0,0.01012827642261982
16.0,0.009146304801106453
18.0,0.00831747055053711
20.0,0.0076169660314917564
22.0,0.006658374331891537
24.0,0.005374736152589321
26.0,0.004019469954073429
28.0,0.002978105330839753
30.0,0.0016997596248984337
32.0,0.0005946253077127039
36.0,0.0015645804658561246
40.0,0.001984609339463835
44.0,0.0031264665793059978
48.0,0.003157008380124656
52.0,0.0018151168143958785
56.0,-0.00020009096606372624
60.0,-0.0021892368558231587
64.0,-0.0010015793433315898
72.0,0.0009680850565453749
80.0,-0.0006833083313287478
88.0,1.796492016064408e-05
96.0,-0.001146828039212699
104.0,0.000761538221052868
112.0,0.0009439702825266463
120.0,0.0014713058444613125
128.0,0.00040366359114515313
144.0,-0.0035243481179350056
160.0,-0.0072005832226274095
176.0,-9.087962652778341e-05
192.0,-0.0014697393496698212
208.0,-0.007645920216981765
224.0,-0.01153524898368882
240.0,-0.005393915610121829
256.0,-0.004104939340669219
288.0,-0.00020078196394024417
320.0,-0.0059365911592441775
352.0,-0.006795305664555225
384.0,-0.003456340842817821
416.0,-0.006145600045890794
448.0,-0.006968761421911254
480.0,-0.005684615399756391
512.0,-0.00936383194057271
576.0,0.00010418158490210772
640.0,4.5816967030987144e-05
704.0,-4.7416004235856235e-05
768.0,0.00012630142009584233
832.0,-0.0003314697969472036
896.0,-0.0002954039955511689
960.0,0.00021632886819134
1024.0,-0.0001893723656394286
end
