version,3.0
numOfCh,1
type,point
parent_name,labthresh-0dot04_avgcorrs
ch_type,1_1
kcount,1
numberNandB,1
brightnessNandB,1
carpet pos,0
pc,0
Time (ms),CH1 Auto-Correlation
1.0,0.03012767992913723
2.0,0.023863932117819786
3.0,0.02029111608862877
4.0,0.018290426582098007
5.0,0.01783761754631996
6.0,0.016514573246240616
7.0,0.015825897455215454
8.0,0.014901526272296906
9.0,0.014558108523488045
10.0,0.014433158561587334
11.0,0.014108387753367424
12.0,0.012760746292769909
13.0,0.012179402634501457
14.0,0.012126265093684196
15.0,0.011150538921356201
16.0,0.010992173105478287
18.0,0.011200382374227047
20.0,0.008715847507119179
22.0,0.009466534480452538
24.0,0.010479290969669819
26.0,0.009373323060572147
28.0,0.008613361045718193
30.0,0.008516157045960426
32.0,0.008738488890230656
36.0,0.008712585889346277
40.0,0.00760485057958938
44.0,0.006163133164122744
48.0,0.005640015805538772
52.0,0.005752320198966613
56.0,0.0044848561109657485
60.0,0.0077028209188645105
64.0,0.006329022788239883
72.0,0.00537142914137803
80.0,0.004633026020601391
88.0,0.002734899465685885
96.0,0.0008491387477261015
104.0,-0.0012637551419902593
112.0,-0.002647401331923902
120.0,-0.0036003229577782686
128.0,-0.0045041739776143395
144.0,0.0011611181305722443
160.0,-0.0004804860413319797
176.0,-0.0007552630123167806
192.0,-0.002523040517449512
208.0,-0.004165769662774567
224.0,-0.005990873867371452
240.0,-0.00796202283735121
256.0,-0.009259974172372105
288.0,-0.007461548691415893
320.0,-0.006794035309992198
352.0,-0.006122255423763688
384.0,-0.004337516372158591
416.0,-0.006058323903874095
448.0,-0.0075541977338226774
480.0,-0.009759603456283608
512.0,-0.011767962365411222
576.0,-0.0016507054097019136
640.0,-0.0014443370164372027
704.0,-0.0012414055672707036
768.0,-0.006314807294984348
832.0,-0.009620427052141167
896.0,-0.005256828211713582
960.0,-0.006348865455947816
1024.0,-0.005941482571264108
1152.0,0.007108291145414114
1280.0,0.012676998041570187
1408.0,0.003870240645483136
1536.0,0.0028151250444352627
1664.0,0.001842212164774537
1792.0,0.00257257092744112
1920.0,-0.012620853260159492
2048.0,-0.013940297067165375
end
