version,3.0
numOfCh,1
type,point
parent_name,labthresh-0dot04_avgcorrs
ch_type,1_1
kcount,1
numberNandB,1
brightnessNandB,1
carpet pos,0
pc,0
Time (ms),CH1 Auto-Correlation
1.0,0.05005534738302231
2.0,0.04126337170600891
3.0,0.035525694489479065
4.0,0.03130659833550453
5.0,0.02807808481156826
6.0,0.025746405124664307
7.0,0.023980988189578056
8.0,0.0217167679220438
9.0,0.01949627511203289
10.0,0.01785334013402462
11.0,0.017283380031585693
12.0,0.01663959212601185
13.0,0.01534241996705532
14.0,0.014008271507918835
15.0,0.012473040260374546
16.0,0.01026829518377781
18.0,0.008350284770131111
20.0,0.0066696591675281525
22.0,0.006163155194371939
24.0,0.0053401850163936615
26.0,0.004950174130499363
28.0,0.0035598445683717728
30.0,0.002109070075675845
32.0,0.0007883363286964595
36.0,-0.0007800757924390685
40.0,-0.0041903125112033495
44.0,-0.006164697852606575
48.0,-0.006367220349299411
52.0,-0.007786757497190895
56.0,-0.008956150601989066
60.0,-0.009055046261408961
64.0,-0.0102571687263359
72.0,-0.005083623570124687
80.0,-0.004435242619793452
88.0,-0.003948518692221328
96.0,-0.004804232743267408
104.0,-0.004367722962770666
112.0,-0.00031855828659472
120.0,0.0061553602245112415
128.0,0.00889484052277112
144.0,-0.0027646303296933183
160.0,-0.0008659991902580563
176.0,0.0015362950186196638
192.0,0.003851802738305802
208.0,0.0006165322047309019
224.0,0.0017328140966128558
240.0,0.004961227862319599
256.0,0.0064033575654320884
288.0,0.004927801906079467
320.0,-0.001488787248187388
352.0,-0.006433411997730016
384.0,-0.008900557304312114
416.0,-0.006508630254150678
448.0,-0.006071009347983313
480.0,-0.004319081432186067
512.0,-0.0036309704543479406
576.0,-0.003332140899146907
640.0,-0.006480445483854662
704.0,-0.005967017185563843
768.0,-0.005952347031173606
832.0,-0.01084261511762937
896.0,-0.008421514445217326
960.0,-0.009296518983319402
1024.0,-0.011379164488365253
1152.0,-0.0021475213579833508
1280.0,-0.0011710651451721787
1408.0,0.004247415345162153
1536.0,-0.0004223780706524849
1664.0,-0.00045561548904515803
1792.0,0.01027456670999527
1920.0,0.001533885719254613
2048.0,-0.0005823328392580152
end
