version,3.0
numOfCh,1
type,point
parent_name,labthresh-0dot04_avgcorrs
ch_type,1_1
kcount,1
numberNandB,1
brightnessNandB,1
carpet pos,0
pc,0
Time (ms),CH1 Auto-Correlation
1.0,0.04088583216071129
2.0,0.034648455679416656
3.0,0.03134452924132347
4.0,0.029178719967603683
5.0,0.0277726873755455
6.0,0.0266285240650177
7.0,0.026070961728692055
8.0,0.02496715821325779
9.0,0.023805567994713783
10.0,0.02348393015563488
11.0,0.022561678662896156
12.0,0.02129351533949375
13.0,0.020315825939178467
14.0,0.020075902342796326
15.0,0.019698981195688248
16.0,0.018611552193760872
18.0,0.018459225073456764
20.0,0.017260100692510605
22.0,0.017698116600513458
24.0,0.016350645571947098
26.0,0.015296418219804764
28.0,0.013776984997093678
30.0,0.013674919269073547
32.0,0.011826741324330214
36.0,0.015275757305870583
40.0,0.013916230025238797
44.0,0.013601611188682404
48.0,0.011747189140401638
52.0,0.010892022432219366
56.0,0.00916684655852704
60.0,0.015394690313020392
64.0,0.01382077563475297
72.0,0.023096285738574807
80.0,0.021877388655081053
88.0,0.020142790994048646
96.0,0.01922437014185231
104.0,0.018087255792290143
112.0,0.016520387848934413
120.0,0.014107276781446259
128.0,0.012330219432525073
144.0,0.007868673552844771
160.0,0.004858290576330067
176.0,0.003581356434886785
192.0,4.251909711839337e-05
208.0,-0.0021129706629404894
224.0,-0.0033332279417663813
240.0,-0.006838906698653268
256.0,-0.007858273820602335
288.0,0.0009919650256051682
320.0,-0.002930850376287708
352.0,-0.0045205045316834
384.0,-0.005080085058580153
416.0,-0.005931330866587814
448.0,-0.00535150668292772
480.0,-0.008464337481806675
512.0,0.00014198769349604845
576.0,0.013057656586170197
640.0,-0.007067245431244373
704.0,-0.02237857272848487
768.0,-0.03869307227432728
832.0,-0.05118052614852786
896.0,-0.05428844643756747
960.0,-0.0644674589857459
1024.0,-0.08025394566357136
1152.0,-0.06678664684295654
1280.0,-0.0965135246515274
1408.0,-0.12110733985900879
1536.0,-0.15267954766750336
1664.0,-0.18430675566196442
1792.0,-0.229741171002388
1920.0,-0.27666088938713074
2048.0,-0.3009224832057953
end
