version,3.0
numOfCh,1
type,point
parent_name,labthresh-0dot04_avgcorrs
ch_type,1_1
kcount,1
numberNandB,1
brightnessNandB,1
carpet pos,0
pc,0
Time (ms),CH1 Auto-Correlation
1.0,0.12122469395399094
2.0,0.11298242211341858
3.0,0.10686100274324417
4.0,0.1022227331995964
5.0,0.09893021732568741
6.0,0.09512053430080414
7.0,0.0917455330491066
8.0,0.08911856263875961
9.0,0.08753371983766556
10.0,0.08448436111211777
11.0,0.0819469764828682
12.0,0.07986322045326233
13.0,0.07869990170001984
14.0,0.07655291259288788
15.0,0.07458977401256561
16.0,0.07181031256914139
18.0,0.069031722843647
20.0,0.06671829521656036
22.0,0.06505914777517319
24.0,0.06284239143133163
26.0,0.06037774309515953
28.0,0.05741049349308014
30.0,0.05563051998615265
32.0,0.05227270722389221
36.0,0.060858690628477534
40.0,0.057027676869377805
44.0,0.05276459440744172
48.0,0.04760165833577048
52.0,0.043717573360481765
56.0,0.04037937031340941
60.0,0.03662822289552423
64.0,0.031137116174462184
72.0,0.03338545692563259
80.0,0.02883850096259266
88.0,0.02822193852499249
96.0,0.026534530014032498
104.0,0.02391808748159193
112.0,0.020054874234357038
120.0,0.014574751338248303
128.0,0.009947504095654713
144.0,0.0074451163323136
160.0,0.004756327509918871
176.0,-0.0014217329444363713
192.0,-0.014467926444251048
208.0,-0.027144091605718824
224.0,-0.03766583958245714
240.0,-0.03887122971536883
256.0,-0.03533561385397445
288.0,-0.06047988537709577
320.0,-0.06010784092573244
352.0,-0.06456296505262692
384.0,-0.08160284968599786
416.0,-0.10425459382777798
448.0,-0.11439102954446913
480.0,-0.045394877049754236
512.0,-0.03555411042761989
576.0,0.00011522576460265554
640.0,0.0008750274864723906
704.0,-0.0011728846293408424
768.0,0.0009440601279493421
832.0,0.00017791480422602035
896.0,0.0004177579248789698
960.0,0.00042673056304920465
1024.0,-0.0003248596331104636
end
