version,3.0
numOfCh,1
type,point
parent_name,labthresh-0dot04_avgcorrs
ch_type,1_1
kcount,1
numberNandB,1
brightnessNandB,1
carpet pos,0
pc,0
Time (ms),CH1 Auto-Correlation
1.0,0.06355292350053787
2.0,0.05281417816877365
3.0,0.046025775372982025
4.0,0.04070054367184639
5.0,0.03601465001702309
6.0,0.034088827669620514
7.0,0.03311372175812721
8.0,0.03162997215986252
9.0,0.02985057234764099
10.0,0.027482595294713974
11.0,0.025605222210288048
12.0,0.022971199825406075
13.0,0.018831077963113785
14.0,0.015630066394805908
15.0,0.013343256898224354
16.0,0.011089155450463295
18.0,0.0077287801541388035
20.0,0.005260564386844635
22.0,0.0012041579466313124
24.0,-0.001970812678337097
26.0,-0.0033785433042794466
28.0,-0.0050712330266833305
30.0,-0.006548150442540646
32.0,-0.007788795046508312
36.0,-0.001746063396267621
40.0,-0.004875168595665882
44.0,-0.00617708665562201
48.0,-0.005560394967577657
52.0,-0.006038087870392977
56.0,-0.0058843766049022
60.0,-0.005710513142217209
64.0,-0.01142743495896162
72.0,0.0013280588021734728
80.0,0.0012285950413206592
88.0,7.596572395414114e-05
96.0,0.0003213913383660838
104.0,-3.48961087729549e-05
112.0,-0.002764256444061175
120.0,-0.00758499139018291
128.0,-0.011731685423890904
144.0,-0.004750283054558427
160.0,-0.0050851281383513325
176.0,-0.005404061096279682
192.0,-0.003727813000685793
208.0,-0.00024931030722135413
224.0,-0.0013695788667454118
240.0,-0.003662152805320927
256.0,-0.004072406917527717
288.0,-0.0036759475052739227
320.0,0.0009886565011194243
352.0,0.0020895998334578636
384.0,0.0037698985044179218
416.0,0.0019082352352727736
448.0,0.0002599788796422737
480.0,-0.008855347443992892
512.0,-0.007391357573699982
576.0,-0.01132255676202476
640.0,-0.01108274405123666
704.0,-0.011530885007232428
768.0,-0.0026078823721036315
832.0,0.0017382805235683918
896.0,0.007486938498914242
960.0,-0.006207398565796514
1024.0,0.0011054450490822394
1152.0,-0.017003631219267845
1280.0,-0.009867551736533642
1408.0,0.01766418106853962
1536.0,-0.010169952176511288
1664.0,-0.017696430906653404
1792.0,-0.02883443981409073
1920.0,-0.05594952031970024
2048.0,-0.04604918882250786
end
