version,3.0
numOfCh,1
type,point
parent_name,labthresh-0dot04_avgcorrs
ch_type,1_1
kcount,1
numberNandB,1
brightnessNandB,1
carpet pos,0
pc,0
Time (ms),CH1 Auto-Correlation
1.0,0.05444314330816269
2.0,0.04621560499072075
3.0,0.04119396209716797
4.0,0.03864355757832527
5.0,0.03768927976489067
6.0,0.036472853273153305
7.0,0.03615991398692131
8.0,0.034352391958236694
9.0,0.03248067945241928
10.0,0.031186265870928764
11.0,0.029603343456983566
12.0,0.030122507363557816
13.0,0.0296783410012722
14.0,0.028764698654413223
15.0,0.02871302329003811
16.0,0.027981774881482124
18.0,0.026381559669971466
20.0,0.0260469913482666
22.0,0.026558274403214455
24.0,0.0242979284375906
26.0,0.02395017072558403
28.0,0.02603265829384327
30.0,0.027422783835910586
32.0,0.025922865655697284
36.0,0.03073023049242475
40.0,0.029093491951125146
44.0,0.026443811700395916
48.0,0.0271799591976204
52.0,0.025710103457601254
56.0,0.02478150277048648
60.0,0.02207429462293436
64.0,0.02102060841634343
72.0,0.018811333155463218
80.0,0.01572623855317943
88.0,0.012802781058417168
96.0,0.011402398304198869
104.0,0.009100706683238969
112.0,0.007344437790743541
120.0,0.005542203246333979
128.0,0.00559597882046977
144.0,0.006564963099663146
160.0,0.005409774775706375
176.0,0.003955615837744867
192.0,0.0010669041657820344
208.0,-0.0015015254981475524
224.0,-0.005339036627377097
240.0,-0.0047182575821912345
256.0,-0.004483070636454683
288.0,-0.007779437740100548
320.0,-0.011325190169736743
352.0,-0.011653796414611861
384.0,-0.01261531521777215
416.0,-0.009870121043059043
448.0,-0.006590496200078633
480.0,-0.005158120393389254
512.0,-0.004123525892282487
576.0,-0.005870073349797167
640.0,0.011554218930541538
704.0,0.012199068383779377
768.0,0.02233830958721228
832.0,0.0336574197281152
896.0,0.015542500652372837
960.0,-0.009104018739890307
1024.0,-0.005330071347998455
1152.0,-0.033580363378860056
1280.0,-0.039380935952067375
1408.0,-0.03331572056049481
1536.0,-0.025151972949970514
1664.0,-0.04450705775525421
1792.0,-0.07337858458049595
1920.0,-0.09573316789465025
2048.0,-0.10933637495327275
end
