version,3.0
numOfCh,1
type,point
parent_name,labthresh-0dot04_avgcorrs
ch_type,1_1
kcount,1
numberNandB,1
brightnessNandB,1
carpet pos,0
pc,0
Time (ms),CH1 Auto-Correlation
1.0,0.08267299085855484
2.0,0.06919170171022415
3.0,0.05931076034903526
4.0,0.05107955262064934
5.0,0.04377327486872673
6.0,0.03833013027906418
7.0,0.034623198211193085
8.0,0.031256288290023804
9.0,0.027645645663142204
10.0,0.02544247731566429
11.0,0.02359170839190483
12.0,0.021761376410722733
13.0,0.02013232558965683
14.0,0.01775040663778782
15.0,0.016454894095659256
16.0,0.015222220681607723
18.0,0.011396453715860844
20.0,0.009640742093324661
22.0,0.010569235309958458
24.0,0.01017948891967535
26.0,0.010953743010759354
28.0,0.009494038298726082
30.0,0.008026435464527918
32.0,0.004571608668285128
36.0,0.004716404219928743
40.0,0.005823049527956253
44.0,0.0034591987074738175
48.0,-0.00014498381140834555
52.0,-0.0020946861219146803
56.0,-0.004332977103895873
60.0,-0.00447482854467345
64.0,0.0008965168810140438
72.0,-0.007995448239528611
80.0,-0.013430734035085021
88.0,-0.010543270233158961
96.0,-0.011085709923073799
104.0,-0.01314442086316246
112.0,-0.014572282457915467
120.0,-0.013858099729986861
128.0,-0.006931738453136792
144.0,0.003464382464049517
160.0,0.0042096709283734
176.0,-0.005077138383231137
192.0,-0.006094533496728954
208.0,-0.003712434007736322
224.0,0.004044247906200499
240.0,0.00441173831880887
256.0,0.003289786131491008
288.0,-0.0018132598837837578
320.0,-0.003524485864909366
352.0,-0.006315978581551462
384.0,-0.003200357552850619
416.0,-0.00025738315598573537
448.0,0.002091839820786845
480.0,-0.0022177974533406086
512.0,-0.009073371188605961
576.0,-0.011426320920387903
640.0,0.023794678777145844
704.0,-0.014127948812529212
768.0,-0.0010314441460650414
832.0,0.0035996995866298676
896.0,-0.010986379954071404
960.0,-0.008312964986544102
1024.0,-0.009115201130043715
1152.0,-0.016219506040215492
1280.0,-0.008818607777357101
1408.0,-0.017091993242502213
1536.0,-0.027684442698955536
1664.0,-0.015706826001405716
1792.0,-0.01723439432680607
end
