version,3.0
numOfCh,1
type,point
parent_name,labthresh-0dot04_avgcorrs
ch_type,1_1
kcount,1
numberNandB,1
brightnessNandB,1
carpet pos,0
pc,0
Time (ms),CH1 Auto-Correlation
1.0,0.06582650542259216
2.0,0.05671257898211479
3.0,0.05031009390950203
4.0,0.04504994675517082
5.0,0.040871646255254745
6.0,0.03726552054286003
7.0,0.033818405121564865
8.0,0.030421987175941467
9.0,0.027840038761496544
10.0,0.025550777092576027
11.0,0.02294909954071045
12.0,0.021414002403616905
13.0,0.020569952204823494
14.0,0.017860257998108864
15.0,0.016615934669971466
16.0,0.013790956698358059
18.0,0.009335658513009548
20.0,0.007280746009200811
22.0,0.006660406943410635
24.0,0.004950303118675947
26.0,0.0019187689758837223
28.0,-0.0005414436454884708
30.0,-0.00281049613840878
32.0,-0.004101792350411415
36.0,0.00021793000401389278
40.0,-0.00018191374957413328
44.0,-0.0002602776532347145
48.0,0.004237789287385981
52.0,0.008807447746552167
56.0,0.009016053500421218
60.0,0.006272684670958287
64.0,-0.0005706927424233237
72.0,-0.004096027984815009
80.0,-0.005218285592854954
88.0,-0.005558438075968297
96.0,-0.005201596273582254
104.0,-0.0045379942166619
112.0,-0.0033111333447777723
120.0,-0.002919587756638832
128.0,-0.0008337667064839288
144.0,-6.270219541072627e-05
160.0,-0.000537183768756222
176.0,8.929112642791177e-05
192.0,-0.001225905436406131
208.0,-0.005612792632104281
224.0,-0.006743287222514696
240.0,-0.004889407922746614
256.0,-0.001175239392068761
288.0,-0.00504396746132093
320.0,-0.008762656545373969
352.0,-0.006278702380278936
384.0,-0.0028667137874156022
416.0,0.000200676598559277
448.0,0.017123037149968486
480.0,-0.005790111146173634
512.0,-0.00774012161976619
576.0,-0.0014825422383312667
640.0,-0.0020616077402207467
704.0,-0.0009785747804146791
768.0,-0.0033489673026321854
832.0,-0.006640350936712431
896.0,-0.005612947728617915
960.0,-0.002424756448211459
1024.0,-0.002577777904662071
1152.0,0.00039830588502809405
1280.0,-0.006000108551234007
1408.0,-0.002766828052699566
1536.0,-0.00724834343418479
1664.0,-0.008136151358485222
1792.0,0.0021291645243763924
1920.0,-0.0006821039132773876
2048.0,-0.01601201482117176
end
