version,3.0
numOfCh,1
type,point
parent_name,labthresh-0dot04_avgcorrs
ch_type,1_1
kcount,1
numberNandB,1
brightnessNandB,1
carpet pos,0
pc,0
Time (ms),CH1 Auto-Correlation
1.0,0.023241963237524033
2.0,0.015032751485705376
3.0,0.010774645023047924
4.0,0.008134155534207821
5.0,0.006406876258552074
6.0,0.005056512542068958
7.0,0.00358898239210248
8.0,0.0035267281346023083
9.0,0.002310133771970868
10.0,0.0023535590153187513
11.0,0.0013271087082102895
12.0,0.00024272447626572102
13.0,0.00016185019921977073
14.0,-0.00015878031263127923
15.0,-0.00011196631385246292
16.0,-0.0002116683026542887
18.0,-0.002060500206425786
20.0,-0.002255055820569396
22.0,-0.0017377922777086496
24.0,-0.0020047558937221766
26.0,-0.0025963447988033295
28.0,-0.004719791933894157
30.0,-0.002474187320000386
32.0,-0.0018491990257726602
36.0,-0.0010921230218044887
40.0,-7.834528996215503e-05
44.0,-0.0004710287083491074
48.0,-0.0007131312763354239
52.0,-0.00016647185783278054
56.0,-0.0016995567881773848
60.0,0.00020443022143668853
64.0,0.00020840358756219922
72.0,-0.0010632884213625784
80.0,-0.0009693137201412033
88.0,-0.0007043613982058296
96.0,-0.0011909027976329408
104.0,0.0003318128173921122
112.0,0.0008287583227830774
120.0,-0.001565919927276715
128.0,-0.0010650733681265183
144.0,-0.0009566498200215659
160.0,-0.0004907994811861392
176.0,-0.0013248031838670345
192.0,-0.0015257301689844632
208.0,-0.001406387444760907
224.0,-0.0016616587291697644
240.0,-0.0005840459523503395
256.0,-0.0013883464296882534
288.0,-0.0009529346975290941
320.0,-0.001366195462954541
352.0,-0.0004297453625541594
384.0,-0.00044148447988037433
416.0,-0.001247564662157351
448.0,-0.001663824996083147
480.0,-0.002564456842264917
512.0,-0.006481627047833172
576.0,0.0003635978137026541
640.0,0.0004629785762517713
704.0,-0.000684986705891788
768.0,0.00029825326055288315
832.0,-0.0002976965479319915
896.0,-0.0014807763800490648
960.0,0.00016127247363328934
1024.0,0.0019716729293577373
end
