version,3.0
numOfCh,1
type,point
parent_name,labthresh-0dot04_avgcorrs
ch_type,1_1
kcount,1
numberNandB,1
brightnessNandB,1
carpet pos,0
pc,0
Time (ms),CH1 Auto-Correlation
1.0,0.07019414752721786
2.0,0.061028383672237396
3.0,0.05384763330221176
4.0,0.04844135046005249
5.0,0.04324278607964516
6.0,0.03867700323462486
7.0,0.0356634259223938
8.0,0.032562900334596634
9.0,0.029526427388191223
10.0,0.02616492286324501
11.0,0.02247454784810543
12.0,0.0191196221858263
13.0,0.016356894746422768
14.0,0.013655568473041058
15.0,0.013080683536827564
16.0,0.012122824788093567
18.0,0.012080015614628792
20.0,0.009128260426223278
22.0,0.004746649414300919
24.0,0.0021526473574340343
26.0,0.0006496989517472684
28.0,0.0010869832476601005
30.0,-0.0004959141951985657
32.0,-0.002280428074300289
36.0,-0.0006056864968418415
40.0,0.0005130593809524491
44.0,0.002223709460468531
48.0,0.0045871521325616706
52.0,0.004719133073282841
56.0,0.004339057251326589
60.0,-0.0007138436708676939
64.0,0.0006055123754777014
72.0,-0.004089044121580325
80.0,-0.004940079166772193
88.0,-0.007527016799561655
96.0,-0.009296915842469389
104.0,-0.013473564977933469
112.0,-0.01506132887880085
120.0,-0.01449489715362332
128.0,-0.0023160158971618134
144.0,-0.0037510469138699893
160.0,-0.0018485227044304036
176.0,0.0011899715048154273
192.0,-2.5839802886669835e-05
208.0,-0.0013333223624310145
224.0,0.0014403209958497125
240.0,-0.00026535342913120986
256.0,-0.0029625833480774115
288.0,-0.0026630651286373343
320.0,-0.005453986747082896
352.0,-0.0073056321897848435
384.0,-0.0063984158679466835
416.0,-0.008704748024823718
448.0,-0.012089719025915166
480.0,-0.016766125461685988
512.0,-0.019304804641554558
576.0,0.001740316996195664
640.0,-0.000729199149645865
704.0,-0.0002436885794547076
768.0,-0.001951657046447508
832.0,-0.004038145571636657
896.0,-0.0009292992957246801
960.0,-0.0014601825969293714
1024.0,-0.001485535913767914
end
