version,3.0
numOfCh,1
type,point
parent_name,labthresh-0dot04_avgcorrs
ch_type,1_1
kcount,1
numberNandB,1
brightnessNandB,1
carpet pos,0
pc,0
Time (ms),CH1 Auto-Correlation
1.0,0.08975396305322647
2.0,0.08108771592378616
3.0,0.07612091302871704
4.0,0.07317536324262619
5.0,0.07116872072219849
6.0,0.06890052556991577
7.0,0.06636933237314224
8.0,0.06405971944332123
9.0,0.06264524161815643
10.0,0.061062075197696686
11.0,0.05980486050248146
12.0,0.05707775428891182
13.0,0.055237505584955215
14.0,0.05355391651391983
15.0,0.05158698931336403
16.0,0.04988032579421997
18.0,0.046321284025907516
20.0,0.04475758597254753
22.0,0.04185523837804794
24.0,0.0391494482755661
26.0,0.037484824657440186
28.0,0.035172831267118454
30.0,0.03260998800396919
32.0,0.02992141991853714
36.0,0.030084618074276172
40.0,0.02647193991688255
44.0,0.02323216611875978
48.0,0.020461394738958916
52.0,0.01700462635499207
56.0,0.0159635340954992
60.0,0.012147400664010396
64.0,0.009195801328314702
72.0,0.008131427479687167
80.0,0.0061640751009690575
88.0,0.004203354796497176
96.0,0.0012172828792245127
104.0,-0.0037048272145057126
112.0,-0.0107210336367037
120.0,-0.015082386088539826
128.0,-0.018116404272049018
144.0,-0.028603052004387685
160.0,-0.02801545793949224
176.0,-0.030066118497737025
192.0,-0.03129892470614697
208.0,-0.02968040414270945
224.0,-0.024820721816093495
240.0,-0.022969534746473928
256.0,-0.019363245498799884
288.0,0.0058045322980938684
320.0,-0.0020334360140421065
352.0,-0.0030569583921331083
384.0,-0.0032157353869277155
416.0,-0.005455518078330594
448.0,-0.005610928637906909
480.0,-0.003966367377870483
512.0,-0.003259577148128301
576.0,-0.022396021930035204
640.0,-0.018568102786957752
704.0,0.0029738998418906704
768.0,-0.012196958268759772
832.0,-0.023224029268021695
896.0,-0.045873300958191976
960.0,-0.03649294553906657
1024.0,-0.008297607128042728
end
