version,3.0
numOfCh,1
type,point
parent_name,labthresh-0dot04_avgcorrs
ch_type,1_1
kcount,1
numberNandB,1
brightnessNandB,1
carpet pos,0
pc,0
Time (ms),CH1 Auto-Correlation
1.0,0.047054585069417953
2.0,0.041394248604774475
3.0,0.03804858773946762
4.0,0.03684650734066963
5.0,0.035454146564006805
6.0,0.03480057790875435
7.0,0.03352127596735954
8.0,0.03219122439622879
9.0,0.03132876753807068
10.0,0.030956249684095383
11.0,0.030001182109117508
12.0,0.02921048365533352
13.0,0.029111983254551888
14.0,0.028899140655994415
15.0,0.02854267694056034
16.0,0.027898352593183517
18.0,0.027056170627474785
20.0,0.026768798008561134
22.0,0.02559526078402996
24.0,0.025227302685379982
26.0,0.02524135634303093
28.0,0.023950450122356415
30.0,0.02293362468481064
32.0,0.022889534011483192
36.0,0.026410426262633076
40.0,0.025560343495869477
44.0,0.02422632546347034
48.0,0.02249970204097086
52.0,0.020650669419306465
56.0,0.018166744705688742
60.0,0.020704170266640176
64.0,0.01977013923828963
72.0,0.02181170249793838
80.0,0.01802872142245717
88.0,0.0140748508867411
96.0,0.010865883682358631
104.0,0.007280306558607629
112.0,0.003584963297557638
120.0,0.00033994727038169425
128.0,-0.002726035386820933
144.0,-0.012311418471307704
160.0,-0.01934324380861307
176.0,-0.026163059273433948
192.0,-0.030846880773814127
208.0,-0.034140231140467915
224.0,-0.0355958533417877
240.0,-0.0384813533912945
256.0,-0.049438702801819
288.0,-0.024307153393874615
320.0,-0.02694337252760306
352.0,-0.0285215396550484
384.0,-0.030068764147290494
416.0,-0.021184142807032912
448.0,-0.020375099970260636
480.0,-0.016241769740361178
512.0,-0.01793389189606387
576.0,-0.03808643575757742
640.0,-0.017103852587752044
704.0,-0.018006920407060534
768.0,-0.010546994337346405
832.0,0.015448952617589384
896.0,0.02757126826327294
960.0,0.032155223772861063
1024.0,0.02301185177930165
end
