version,3.0
numOfCh,1
type,point
parent_name,labthresh-0dot04_avgcorrs
ch_type,1_1
kcount,1
numberNandB,1
brightnessNandB,1
carpet pos,0
pc,0
Time (ms),CH1 Auto-Correlation
1.0,0.02458377555012703
2.0,0.016454782336950302
3.0,0.013249974697828293
4.0,0.010053069330751896
5.0,0.007118224166333675
6.0,0.0067379055544734
7.0,0.0067307776771485806
8.0,0.005676088854670525
9.0,0.0061414046213030815
10.0,0.0053243814036250114
11.0,0.0058703431859612465
12.0,0.0062789274379611015
13.0,0.004800222814083099
14.0,0.004074466414749622
15.0,0.004605939146131277
16.0,0.004626533482223749
18.0,0.0024620213080197573
20.0,0.0027658718172460794
22.0,0.0019072825089097023
24.0,0.0014542199205607176
26.0,0.002266490599140525
28.0,0.004050594754517078
30.0,0.004939105103755625
32.0,0.00482160965968374
36.0,0.003377619344341245
40.0,0.0022808617174197698
44.0,0.0017660251216274564
48.0,0.001752255474338713
52.0,0.0017058433978767741
56.0,0.0028409507130677607
60.0,0.004208336180612526
64.0,0.0009020828229435922
72.0,0.004737212068849818
80.0,0.004371571414059658
88.0,0.005440721962526475
96.0,0.004684372511024669
104.0,0.004569489048983943
112.0,0.0037987139281433296
120.0,0.004505231662358924
128.0,0.004807658270960126
144.0,0.004196632308109353
160.0,0.003798367258180709
176.0,0.0035389830581455803
192.0,0.0033404344246567535
208.0,0.003332383906915008
224.0,0.003971320188914736
240.0,0.004784886276216379
256.0,0.003457383535922937
288.0,0.00559178183506116
320.0,0.0041435924411582
352.0,0.004508459641576998
384.0,0.003744028328748589
416.0,0.0021495959851811426
448.0,0.002386671350078276
480.0,0.0018063922074030745
512.0,0.001566512250891802
576.0,0.0022160042281029746
640.0,-0.0033216320480278227
704.0,-0.009776117934961803
768.0,-0.012531209220469464
832.0,-0.012742711434839293
896.0,-0.016024921205826104
960.0,-0.017261304616113193
1024.0,-0.022502735853777267
1152.0,-0.0863824337720871
1280.0,-0.0956512838602066
1408.0,-0.06384481489658356
1536.0,-0.05564672499895096
1664.0,-0.01668688654899597
1792.0,0.005002754274755716
1920.0,0.03092164359986782
2048.0,0.07123292982578278
end
