version,3.0
numOfCh,1
type,point
parent_name,labthresh-0dot04_avgcorrs
ch_type,1_1
kcount,1
numberNandB,1
brightnessNandB,1
carpet pos,0
pc,0
Time (ms),CH1 Auto-Correlation
1.0,0.0768006443977356
2.0,0.06616509705781937
3.0,0.05892570689320564
4.0,0.052831582725048065
5.0,0.0475335493683815
6.0,0.04415174573659897
7.0,0.040689509361982346
8.0,0.0376661941409111
9.0,0.03516176715493202
10.0,0.03243013471364975
11.0,0.03011403977870941
12.0,0.02796137146651745
13.0,0.026367951184511185
14.0,0.02477470226585865
15.0,0.023782722651958466
16.0,0.02207285538315773
18.0,0.01981784589588642
20.0,0.019018566235899925
22.0,0.01724684052169323
24.0,0.015460754744708538
26.0,0.013553068041801453
28.0,0.011608983390033245
30.0,0.008858563378453255
32.0,0.00575203076004982
36.0,0.003940820158641145
40.0,0.0037049736430759595
44.0,0.002698476443765685
48.0,-0.003110045057496791
52.0,-0.003683524265397864
56.0,-0.004909156268695369
60.0,-0.006074465498238931
64.0,-0.00644774384784034
72.0,-0.005746308676189865
80.0,-0.00874724518824065
88.0,-0.01009379986115401
96.0,-0.01127689314149472
104.0,-0.014296669320016086
112.0,-0.021554919526628826
120.0,-0.007780315921298184
128.0,-0.003993784896530477
144.0,-0.0014055084344969753
160.0,0.0009763089600407208
176.0,0.0014549119068154445
192.0,0.0010956074596227456
208.0,0.005631719212639534
224.0,-0.010959933197591453
240.0,-0.017995686470807674
256.0,-0.030594327152357437
288.0,-0.02070817990473491
320.0,-0.018872677106022213
352.0,-0.015189470471038172
384.0,-0.020120091542291146
416.0,-0.020641874614132878
448.0,-0.01322678716299682
480.0,-0.01719081786723109
512.0,-0.020613714452338172
576.0,-0.01585557310409058
640.0,0.0038078427460277453
704.0,-0.021168684688745998
768.0,-0.02156734382151626
832.0,-0.029287557350471616
896.0,-0.01956324719139957
960.0,0.009391349984070985
1024.0,0.005017419811338186
1152.0,-0.03182392194867134
1280.0,-0.06687439978122711
1408.0,-0.06389093399047852
1536.0,0.0356161892414093
1664.0,0.005430646240711212
1792.0,0.04639825597405434
1920.0,0.04262060672044754
2048.0,0.10674349218606949
end
