version,3.0
numOfCh,1
type,point
parent_name,labthresh-0dot04_avgcorrs
ch_type,1_1
kcount,1
numberNandB,1
brightnessNandB,1
carpet pos,0
pc,0
Time (ms),CH1 Auto-Correlation
1.0,0.07430442422628403
2.0,0.06347934156656265
3.0,0.05488262698054314
4.0,0.04769107326865196
5.0,0.04174663871526718
6.0,0.037304770201444626
7.0,0.03335687890648842
8.0,0.030194470658898354
9.0,0.0283720251172781
10.0,0.02515230141580105
11.0,0.022555455565452576
12.0,0.019768372178077698
13.0,0.01740286871790886
14.0,0.015346234664320946
15.0,0.013499297201633453
16.0,0.011741065420210361
18.0,0.008529781363904476
20.0,0.004806101322174072
22.0,0.001834364840760827
24.0,1.1119005648652092e-05
26.0,-0.0022896132431924343
28.0,-0.003360835602506995
30.0,-0.004181114956736565
32.0,-0.003915910143405199
36.0,-0.006580984358775563
40.0,-0.005612234126290007
44.0,-0.006404796594038739
48.0,-0.007428980926176466
52.0,-0.008740639393857106
56.0,-0.00840873446140904
60.0,-0.008033200675527041
64.0,-0.004867583965165068
72.0,-0.004570047811958594
80.0,-0.0040797786520535605
88.0,-0.006858325156187035
96.0,-0.006193607763163056
104.0,-0.006539022305838039
112.0,-0.00986880424655586
120.0,-0.012185777286066905
128.0,-0.01171449480618601
144.0,-0.005940659393672831
160.0,-0.00353906816010186
176.0,-0.004965497414689578
192.0,-0.002564515634904161
208.0,0.001099711360958671
224.0,-0.004104146606485821
240.0,-0.006073482173156836
256.0,-0.0019940797044130576
288.0,-0.004944536731727567
320.0,-0.006725325515435543
352.0,0.003561830044782255
384.0,-0.006947522470727563
416.0,-0.004712651288718917
448.0,-0.007640426268335432
480.0,-0.00814173997787293
512.0,-0.008341717657458503
576.0,-0.0009953468979801983
640.0,0.0003409075434319675
704.0,-0.0009250362782040611
768.0,-0.0010007380406023003
832.0,0.001069855730747804
896.0,0.0004366351931821555
960.0,0.0009023977663673577
1024.0,0.0008085636218311265
end
