version,3.0
numOfCh,1
type,point
parent_name,labthresh-0dot04_avgcorrs
ch_type,1_1
kcount,1
numberNandB,1
brightnessNandB,1
carpet pos,0
pc,0
Time (ms),CH1 Auto-Correlation
1.0,0.054179348051548004
2.0,0.047516029328107834
3.0,0.04245084896683693
4.0,0.03813798353075981
5.0,0.03462184965610504
6.0,0.03236011043190956
7.0,0.02948293462395668
8.0,0.027240250259637833
9.0,0.025371212512254715
10.0,0.021829068660736084
11.0,0.019521230831742287
12.0,0.017642909660935402
13.0,0.016775375232100487
14.0,0.014806109480559826
15.0,0.01421853993088007
16.0,0.01372495200484991
18.0,0.011913706548511982
20.0,0.010329769924283028
22.0,0.008118713274598122
24.0,0.006440768484026194
26.0,0.0051301331259310246
28.0,0.0024558354634791613
30.0,0.00039514817763119936
32.0,0.0018144991481676698
36.0,0.002798357253050199
40.0,0.00010995864313372295
44.0,-0.000817591298618936
48.0,-0.0015904597530607134
52.0,-0.004499678005595342
56.0,-0.004856061869941186
60.0,-0.004406328555839872
64.0,-0.0033697977992951087
72.0,-0.00010286279721185564
80.0,-0.0004147480959848811
88.0,-0.0014673883328214289
96.0,-0.0007254557875664129
104.0,-0.0021602370388184985
112.0,-0.0016431787536324313
120.0,-0.0019695600184301536
128.0,0.0003221101258532144
144.0,0.005359191238009468
160.0,0.002072391721412714
176.0,-0.002063351137621794
192.0,-0.005344149378288421
208.0,-0.00641588273144104
224.0,-0.004549087772223477
240.0,-0.005545009430286221
256.0,-0.006080231548615054
288.0,-0.0009259832343862703
320.0,-0.0019328447378939018
352.0,-0.0032446893439757535
384.0,-0.00155425738355714
416.0,-0.00016170862363651395
448.0,-0.0014988250849354598
480.0,-0.0007505696420493121
512.0,-0.0003712421937759953
576.0,-0.006281046662479639
640.0,-0.0027851832564920187
704.0,-0.007602567318826914
768.0,-0.003956325235776603
832.0,0.0005370242288336158
896.0,-0.006959889396966901
960.0,-0.01014886877965182
1024.0,-0.0076827023876830935
1152.0,0.00613752925467755
1280.0,-0.004155072228362163
1408.0,-0.005802884717316677
1536.0,-0.0054628425277769566
1664.0,0.01717759333162879
1792.0,-0.00029978059077014524
1920.0,-0.006227698487540086
2048.0,-0.01491797948256135
end
