version,3.0
numOfCh,1
type,point
parent_name,labthresh-0dot04_avgcorrs
ch_type,1_1
kcount,1
numberNandB,1
brightnessNandB,1
carpet pos,0
pc,0
Time (ms),CH1 Auto-Correlation
1.0,0.021107401698827744
2.0,0.013397367671132088
3.0,0.009448434226214886
4.0,0.007097924128174782
5.0,0.005438158288598061
6.0,0.004271617159247398
7.0,0.0027737952768802643
8.0,0.002733730711042881
9.0,0.001968421507626772
10.0,0.00172095384914428
11.0,0.0013976112240925431
12.0,0.0015651013236492872
13.0,0.0016708618495613337
14.0,0.0015802144771441817
15.0,0.0008737337193451822
16.0,0.0005378145142458379
18.0,-0.0006752079352736473
20.0,-0.0011939603136852384
22.0,-0.0021025575697422028
24.0,-0.001871348824352026
26.0,-0.0015210402198135853
28.0,-0.0015143993077799678
30.0,-0.0014738659374415874
32.0,-0.0019762390293180943
36.0,-0.0023049253224500616
40.0,-0.0016233667501600812
44.0,-0.0006660647553429511
48.0,-0.002933479754279393
52.0,-0.0023504273212401547
56.0,-0.0010537677760628474
60.0,4.098543225457737e-05
64.0,-0.0029629245972399884
72.0,-0.0007770112314099844
80.0,0.0006424878058327442
88.0,-9.819076615752672e-05
96.0,-0.00020746731815566108
104.0,-5.83578358086727e-05
112.0,0.0001575943305911294
120.0,1.7497406351258573e-06
128.0,-6.67426318851421e-05
144.0,6.082594882172998e-05
160.0,-0.0009855310954662855
176.0,-0.0006549696972797392
192.0,-8.701307342562359e-05
208.0,-0.0010700175025704084
224.0,-0.0013500797722372226
240.0,-0.0018954462896090263
256.0,-0.001530458754132269
288.0,-0.0006960938286889965
320.0,-0.0001673446095082909
352.0,-0.001191275246431663
384.0,-0.000951042001058037
416.0,0.0005096059806722527
448.0,0.0007590842190741872
480.0,6.723872502334416e-06
512.0,-0.0002937934557849076
576.0,0.0006511487736133859
640.0,0.0006860626065948358
704.0,-0.0005435500643216074
768.0,0.000271954428171739
832.0,0.0014965261313288163
896.0,0.0005389251552211741
960.0,-0.0011524422758763346
1024.0,-0.0020979678229195997
1152.0,-0.0013557871570810676
1280.0,-0.00027166688232682645
1408.0,0.0007631602929905057
1536.0,0.00010142549581360072
1664.0,-0.00022858109150547534
1792.0,-4.380744576337747e-05
1920.0,0.0002471035404596478
2048.0,0.00035458742058835924
end
