version,3.0
numOfCh,1
type,point
parent_name,labthresh-0dot04_avgcorrs
ch_type,1_1
kcount,1
numberNandB,1
brightnessNandB,1
carpet pos,0
pc,0
Time (ms),CH1 Auto-Correlation
1.0,0.06838198751211166
2.0,0.05875898525118828
3.0,0.05217006802558899
4.0,0.04621301218867302
5.0,0.040627676993608475
6.0,0.03751521557569504
7.0,0.03405062109231949
8.0,0.02990609034895897
9.0,0.0271254014223814
10.0,0.023782571777701378
11.0,0.021164624020457268
12.0,0.018666181713342667
13.0,0.016930419951677322
14.0,0.015104775317013264
15.0,0.013187645003199577
16.0,0.011497522704303265
18.0,0.009494771249592304
20.0,0.009176922030746937
22.0,0.008260028436779976
24.0,0.007909087464213371
26.0,0.0064766923896968365
28.0,0.004790054634213448
30.0,0.0037600304476654856
32.0,0.0034575177440274276
36.0,0.0023521939554484563
40.0,0.0004291976537691274
44.0,-0.00046191206420189703
48.0,-0.0024800477032840716
52.0,-0.004760590900696115
56.0,-0.007421617212336666
60.0,-0.008773944786235947
64.0,-0.008422948304134228
72.0,-0.012155659603498256
80.0,-0.007977686999809174
88.0,-0.006856157928788369
96.0,-0.007912018583045296
104.0,-0.00692137080338961
112.0,-2.8333693210567746e-05
120.0,0.0009988494566641748
128.0,0.007370598293528019
144.0,-0.003258205462211313
160.0,-0.0053491467411871645
176.0,-0.004362902056422731
192.0,-0.0075235574667413645
208.0,-0.006682964041829109
224.0,-0.0035544159856307
240.0,-0.004146600316744298
256.0,-0.004040484115158996
288.0,-0.004479329933019471
320.0,-0.0067280575194672565
352.0,-0.009379756720591104
384.0,-0.007567176086013205
416.0,-0.009403628377185669
448.0,-0.013006035795115167
480.0,-0.02039624236203963
512.0,-0.02514519338365062
576.0,-0.004069653766540189
640.0,0.0007488479216893514
704.0,-0.0006568236858583987
768.0,-0.002484024230701228
832.0,-0.00227452430408448
896.0,0.0012555447368261714
960.0,0.0017932519937554996
1024.0,-0.002853840977574388
1152.0,-0.011636021547019482
1280.0,0.006718205753713846
1408.0,-0.015096958726644516
1536.0,-0.011049610562622547
1664.0,0.002084373729303479
1792.0,0.0015545048518106341
1920.0,0.008136313408613205
2048.0,-0.003405352123081684
end
