version,3.0
numOfCh,1
type,point
parent_name,labthresh-0dot04_avgcorrs
ch_type,1_1
kcount,1
numberNandB,1
brightnessNandB,1
carpet pos,0
pc,0
Time (ms),CH1 Auto-Correlation
1.0,0.02318517118692398
2.0,0.015142098069190979
3.0,0.011010571382939816
4.0,0.007909326814115047
5.0,0.0064481087028980255
6.0,0.005121725145727396
7.0,0.004557369742542505
8.0,0.004503503907471895
9.0,0.0038796470034867525
10.0,0.004275628365576267
11.0,0.003901248099282384
12.0,0.0041557177901268005
13.0,0.00305182090960443
14.0,0.0016945356037467718
15.0,0.0018880346324294806
16.0,0.00011254185665166005
18.0,-0.0011443216353654861
20.0,-0.0007738781860098243
22.0,-0.00018774021009448916
24.0,0.0004399946192279458
26.0,-0.00034317056997679174
28.0,-0.0009709177538752556
30.0,-0.0009306960409958265
32.0,0.0012974504215890192
36.0,0.0028674675971463635
40.0,0.002390559526550836
44.0,0.0020625604714344568
48.0,0.001980856070986192
52.0,0.0016730395430689289
56.0,0.0018153949313273188
60.0,0.001016398250309673
64.0,0.0014852095991955139
72.0,0.003394589616113485
80.0,0.0037870476994107272
88.0,0.0026208694981101465
96.0,0.0019196270138005882
104.0,0.0009143674147304005
112.0,0.0012614564620889723
120.0,0.0009205732474381673
128.0,0.0002967148741138064
144.0,0.0010030763015882777
160.0,0.0011481009673194162
176.0,0.0007180552233226731
192.0,0.0007927348591952718
208.0,-4.81157933661182e-05
224.0,-0.0004560895717336929
240.0,-0.000745601303476308
256.0,-6.361656414810568e-05
288.0,-0.0017659973818808794
320.0,-0.0010924945373618458
352.0,-0.000958021544243416
384.0,-0.0013361355199271606
416.0,-0.0022737583090525326
448.0,-0.0021350905800419343
480.0,-0.0022086626195232384
512.0,-0.0021868370422453154
576.0,-0.002719331518164836
640.0,-0.0027234779117861763
704.0,-0.0011783221052610315
768.0,0.0006751227483619004
832.0,0.0009928034487529658
896.0,0.0012878770867246203
960.0,0.0024395573418587446
1024.0,-0.0015911992959445342
1152.0,-0.009586777538061142
1280.0,-0.0134256137534976
1408.0,-0.015443251468241215
1536.0,-0.012666648253798485
1664.0,-0.01029363926500082
1792.0,-0.0053423685021698475
1920.0,0.0012168452376499772
2048.0,-0.003437257604673505
end
