version,3.0
numOfCh,1
type,point
parent_name,c1204_0dot6-0dot01
ch_type,1_1
kcount,1
numberNandB,1
brightnessNandB,1
carpet pos,0
pc,0
Time (ms),CH1 Auto-Correlation
1.0,0.42908066511154175
2.0,0.4279026687145233
3.0,0.4267805218696594
4.0,0.4257541000843048
5.0,0.42478713393211365
6.0,0.423886239528656
7.0,0.4230213165283203
8.0,0.42217937111854553
9.0,0.42136386036872864
10.0,0.42053985595703125
11.0,0.4196893274784088
12.0,0.41889017820358276
13.0,0.4181100130081177
14.0,0.41740888357162476
15.0,0.4167742133140564
16.0,0.41618356108665466
18.0,0.41487449407577515
20.0,0.41365665197372437
22.0,0.4124172329902649
24.0,0.4111388027667999
26.0,0.4099966883659363
28.0,0.408951997756958
30.0,0.4078432619571686
32.0,0.406670480966568
36.0,0.40413030982017517
40.0,0.40153586864471436
44.0,0.3990318775177002
48.0,0.39666905999183655
52.0,0.3943769633769989
56.0,0.39243781566619873
60.0,0.3907208740711212
64.0,0.38915178179740906
72.0,0.3864540159702301
80.0,0.38395926356315613
88.0,0.38113686442375183
96.0,0.37768393754959106
104.0,0.374363511800766
112.0,0.37145817279815674
120.0,0.36887532472610474
128.0,0.3659787178039551
144.0,0.36014485359191895
160.0,0.3552737832069397
176.0,0.35040560364723206
192.0,0.3453626036643982
208.0,0.3404942750930786
224.0,0.33510711789131165
240.0,0.3296360671520233
256.0,0.32507291436195374
288.0,0.3175646662712097
320.0,0.3107650578022003
352.0,0.3009612262248993
384.0,0.2920452058315277
416.0,0.28209277987480164
448.0,0.2708679139614105
480.0,0.260995477437973
512.0,0.25029850006103516
576.0,0.23087380826473236
640.0,0.21019980311393738
704.0,0.18368421494960785
768.0,0.1700572818517685
832.0,0.16588644683361053
896.0,0.16330288350582123
960.0,0.15413570404052734
1024.0,0.13983461260795593
1152.0,0.10247323662042618
1280.0,0.08108416199684143
1408.0,0.07279746979475021
1536.0,0.06458733230829239
1664.0,0.04607362300157547
1792.0,0.034185249358415604
1920.0,0.019492052495479584
2048.0,0.00403610011562705
2304.0,-0.011900389567017555
2560.0,-0.0116667365655303
2816.0,-0.01275053434073925
3072.0,-0.014574217610061169
3328.0,-0.022371191531419754
3584.0,-0.03186992555856705
3840.0,-0.03373801335692406
4096.0,-0.028490081429481506
4608.0,-0.015650421380996704
5120.0,-0.029535148292779922
5632.0,-0.042906347662210464
6144.0,-0.060385286808013916
6656.0,-0.0485217459499836
7168.0,-0.037110187113285065
7680.0,-0.06046433001756668
8192.0,-0.08063642680644989
end
