version,3.0
numOfCh,1
type,point
parent_name,c1204_0dot6-0dot01
ch_type,1_1
kcount,1
numberNandB,1
brightnessNandB,1
carpet pos,0
pc,0
Time (ms),CH1 Auto-Correlation
1.0,0.40790578722953796
2.0,0.40634557604789734
3.0,0.4047749936580658
4.0,0.40326055884361267
5.0,0.401797354221344
6.0,0.4003676176071167
7.0,0.3990198075771332
8.0,0.3976626992225647
9.0,0.39625614881515503
10.0,0.39486727118492126
11.0,0.3934943377971649
12.0,0.3920845091342926
13.0,0.3906862437725067
14.0,0.3893386125564575
15.0,0.38798022270202637
16.0,0.38652196526527405
18.0,0.3836122155189514
20.0,0.38061362504959106
22.0,0.3776465952396393
24.0,0.37473854422569275
26.0,0.3717777729034424
28.0,0.3688582479953766
30.0,0.36584585905075073
32.0,0.3630046546459198
36.0,0.3576396107673645
40.0,0.3527873456478119
44.0,0.3478933870792389
48.0,0.3431425392627716
52.0,0.3382517397403717
56.0,0.3339824378490448
60.0,0.32985517382621765
64.0,0.3257541060447693
72.0,0.3185572028160095
80.0,0.3117295205593109
88.0,0.30457571148872375
96.0,0.2977053225040436
104.0,0.2908298969268799
112.0,0.28524643182754517
120.0,0.2808150053024292
128.0,0.27719923853874207
144.0,0.27148038148880005
160.0,0.2645254135131836
176.0,0.2585356831550598
192.0,0.2547229528427124
208.0,0.2521531581878662
224.0,0.24876593053340912
240.0,0.24240131676197052
256.0,0.2297023981809616
288.0,0.19363899528980255
320.0,0.16733789443969727
352.0,0.14758364856243134
384.0,0.128876730799675
416.0,0.10702497512102127
448.0,0.09631332755088806
480.0,0.09064119309186935
512.0,0.08578228950500488
576.0,0.0854596346616745
640.0,0.09118109941482544
704.0,0.08993066847324371
768.0,0.09084384888410568
832.0,0.10424047708511353
896.0,0.1056971624493599
960.0,0.08884455263614655
1024.0,0.07945000380277634
1152.0,0.04561029374599457
1280.0,0.02937406487762928
1408.0,0.04799371585249901
1536.0,0.08836674690246582
1664.0,0.13104088604450226
1792.0,0.13106757402420044
1920.0,0.09204265475273132
2048.0,0.013945717364549637
2304.0,-0.08829309791326523
2560.0,-0.11067792773246765
2816.0,-0.1387406289577484
3072.0,-0.15748336911201477
3328.0,-0.19422239065170288
3584.0,-0.23253856599330902
3840.0,-0.18141379952430725
4096.0,-0.15159636735916138
end
