version,3.0
numOfCh,1
type,point
parent_name,34766_0dot4-0dot01
ch_type,1_1
kcount,1
numberNandB,1
brightnessNandB,1
carpet pos,0
pc,0
Time (ms),CH1 Auto-Correlation
1.0,0.15757453441619873
2.0,0.15646661818027496
3.0,0.1554657369852066
4.0,0.15447483956813812
5.0,0.15350991487503052
6.0,0.15256737172603607
7.0,0.15162886679172516
8.0,0.15075597167015076
9.0,0.1499311923980713
10.0,0.14913396537303925
11.0,0.1482853889465332
12.0,0.1474291980266571
13.0,0.14658434689044952
14.0,0.1457049399614334
15.0,0.14490118622779846
16.0,0.1441124677658081
18.0,0.14260368049144745
20.0,0.14117103815078735
22.0,0.13974708318710327
24.0,0.13844157755374908
26.0,0.1371694654226303
28.0,0.13604404032230377
30.0,0.13508644700050354
32.0,0.1340787708759308
36.0,0.1319119930267334
40.0,0.12989507615566254
44.0,0.12820829451084137
48.0,0.12698005139827728
52.0,0.12597493827342987
56.0,0.1250074952840805
60.0,0.12431924045085907
64.0,0.12365629523992538
72.0,0.12259072065353394
80.0,0.12176459282636642
88.0,0.12070856243371964
96.0,0.11862564831972122
104.0,0.11639594286680222
112.0,0.11447273194789886
120.0,0.11294621229171753
128.0,0.11170332878828049
144.0,0.1089460477232933
160.0,0.10542435944080353
176.0,0.10156845301389694
192.0,0.09812142699956894
208.0,0.09535225480794907
224.0,0.091362863779068
240.0,0.08496960997581482
256.0,0.07677481323480606
288.0,0.0671888142824173
320.0,0.060080625116825104
352.0,0.04842671751976013
384.0,0.03706834092736244
416.0,0.027913007885217667
448.0,0.02132347971200943
480.0,0.013387277722358704
512.0,0.005502917338162661
576.0,-0.0042380583472549915
640.0,-0.011768548749387264
704.0,-0.011945279315114021
768.0,-0.016153419390320778
832.0,-0.017489314079284668
896.0,-0.01376626268029213
960.0,-0.012075912207365036
1024.0,-0.0081118019297719
1152.0,-0.0012953592231497169
1280.0,-0.0021979580633342266
1408.0,-0.0019854276906698942
1536.0,-0.008855929598212242
1664.0,-0.014047087170183659
1792.0,-0.012720379047095776
1920.0,-0.013014496304094791
2048.0,-0.008226576261222363
2304.0,0.0015784093411639333
2560.0,0.0058374651707708836
2816.0,0.004024216439574957
3072.0,-0.015229903161525726
3328.0,-0.03595544397830963
3584.0,-0.04452107846736908
3840.0,-0.04623296856880188
4096.0,-0.05190926045179367
end
