version,3.0
numOfCh,1
type,point
parent_name,34766_0dot4-0dot01
ch_type,1_1
kcount,1
numberNandB,1
brightnessNandB,1
carpet pos,0
pc,0
Time (ms),CH1 Auto-Correlation
1.0,0.027310827746987343
2.0,0.02615191973745823
3.0,0.02506926655769348
4.0,0.024100784212350845
5.0,0.023191461339592934
6.0,0.022330475971102715
7.0,0.02153368480503559
8.0,0.020753011107444763
9.0,0.020007560029625893
10.0,0.019307652488350868
11.0,0.018609168007969856
12.0,0.01794954389333725
13.0,0.017343299463391304
14.0,0.01675497181713581
15.0,0.016210002824664116
16.0,0.015711938962340355
18.0,0.014867870137095451
20.0,0.014003612101078033
22.0,0.013230254873633385
24.0,0.012526494450867176
26.0,0.01187666691839695
28.0,0.011272908188402653
30.0,0.010682471096515656
32.0,0.010083331726491451
36.0,0.009170609526336193
40.0,0.008274461142718792
44.0,0.007304668892174959
48.0,0.00643650209531188
52.0,0.005512985400855541
56.0,0.004489765036851168
60.0,0.0034013206604868174
64.0,0.0022828360088169575
72.0,0.0005793778109364212
80.0,-0.0002767555706668645
88.0,-0.0004906260874122381
96.0,-0.0006746358121745288
104.0,-0.000871845637448132
112.0,-0.0008270702091977
120.0,-0.001030036830343306
128.0,-0.0006464760517701507
144.0,0.000667907646857202
160.0,0.0010281619615852833
176.0,0.001004280406050384
192.0,0.0012524485355243087
208.0,0.0015256182523444295
224.0,0.0012060749577358365
240.0,0.0006194358575157821
256.0,0.001106526586227119
288.0,0.00032342615304514766
320.0,-0.0006311770412139595
352.0,-0.0003862682497128844
384.0,-0.0011242206674069166
416.0,-0.00042840931564569473
448.0,0.0004031464923173189
480.0,-0.0001169550814665854
512.0,0.001423998037353158
576.0,0.00226208777166903
640.0,0.0010277163237333298
704.0,0.0010006176307797432
768.0,-0.0019539091736078262
832.0,-0.0021744100376963615
896.0,0.0019749838393181562
960.0,0.0005089406622573733
1024.0,-0.002961627906188369
1152.0,-0.0003467218193691224
1280.0,-0.0007110561709851027
1408.0,-0.0007854538853280246
1536.0,-0.002346146386116743
1664.0,-0.0021451334469020367
1792.0,-7.203815766843036e-05
1920.0,-0.00011317087046336383
2048.0,-0.0012518425937741995
2304.0,-0.0007649077451787889
2560.0,-0.0001945459225680679
2816.0,0.0018962882459163666
3072.0,0.001995793776586652
3328.0,0.0006235273322090507
3584.0,0.0006940428866073489
3840.0,-0.0011654450790956616
4096.0,-4.7172630729619414e-05
end
