version,3.0
numOfCh,1
type,point
parent_name,34766_0dot4-0dot01
ch_type,1_1
kcount,1
numberNandB,1
brightnessNandB,1
carpet pos,0
pc,0
Time (ms),CH1 Auto-Correlation
1.0,1.1184251308441162
2.0,1.1174010038375854
3.0,1.1164268255233765
4.0,1.1154578924179077
5.0,1.1144986152648926
6.0,1.1135739088058472
7.0,1.11266028881073
8.0,1.1117197275161743
9.0,1.1108522415161133
10.0,1.110077142715454
11.0,1.1092503070831299
12.0,1.10841965675354
13.0,1.1076101064682007
14.0,1.1068285703659058
15.0,1.1060209274291992
16.0,1.1052302122116089
18.0,1.1036605834960938
20.0,1.1021584272384644
22.0,1.10071861743927
24.0,1.099299669265747
26.0,1.0978797674179077
28.0,1.0964435338974
30.0,1.0950069427490234
32.0,1.0937012434005737
36.0,1.091023325920105
40.0,1.0883047580718994
44.0,1.0856846570968628
48.0,1.083190679550171
52.0,1.080822229385376
56.0,1.0784403085708618
60.0,1.0761088132858276
64.0,1.0737457275390625
72.0,1.0690239667892456
80.0,1.065000295639038
88.0,1.062010645866394
96.0,1.0594768524169922
104.0,1.05689537525177
112.0,1.053633689880371
120.0,1.0494850873947144
128.0,1.0448675155639648
144.0,1.0359525680541992
160.0,1.0292469263076782
176.0,1.0223605632781982
192.0,1.0187923908233643
208.0,1.0170820951461792
224.0,1.0150351524353027
240.0,1.0125751495361328
256.0,1.0103431940078735
288.0,1.0064470767974854
320.0,1.0021915435791016
352.0,0.994663417339325
384.0,0.9828379154205322
416.0,0.9680209755897522
448.0,0.95391446352005
480.0,0.9375941753387451
512.0,0.9175630211830139
576.0,0.8807586431503296
640.0,0.8522324562072754
704.0,0.8271967768669128
768.0,0.7953083515167236
832.0,0.7547433972358704
896.0,0.71402907371521
960.0,0.6746366620063782
1024.0,0.6347082257270813
1152.0,0.5397217869758606
1280.0,0.4546622037887573
1408.0,0.37714284658432007
1536.0,0.2895260453224182
1664.0,0.20886068046092987
1792.0,0.15508896112442017
1920.0,0.07457546144723892
2048.0,0.009526868350803852
2304.0,-0.06742221862077713
2560.0,-0.08328302949666977
2816.0,-0.09155832231044769
3072.0,-0.1044287458062172
3328.0,-0.10628168284893036
3584.0,-0.10666297376155853
3840.0,-0.1148754134774208
4096.0,-0.1261001080274582
4608.0,-0.14110222458839417
5120.0,-0.14091674983501434
5632.0,-0.1521759331226349
6144.0,-0.1866789013147354
6656.0,-0.2308052033185959
7168.0,-0.3060337007045746
7680.0,-0.38939833641052246
8192.0,-0.48582229018211365
end
