version,3.0
numOfCh,1
type,point
parent_name,34766_0dot4-0dot01
ch_type,1_1
kcount,1
numberNandB,1
brightnessNandB,1
carpet pos,0
pc,0
Time (ms),CH1 Auto-Correlation
1.0,0.04594055563211441
2.0,0.04483504965901375
3.0,0.043764304369688034
4.0,0.042708877474069595
5.0,0.04174283891916275
6.0,0.040869224816560745
7.0,0.04004240036010742
8.0,0.03924640268087387
9.0,0.038454968482255936
10.0,0.037686046212911606
11.0,0.03696887940168381
12.0,0.03628489375114441
13.0,0.035601094365119934
14.0,0.03492298722267151
15.0,0.03427378833293915
16.0,0.033621661365032196
18.0,0.03228152543306351
20.0,0.030951498076319695
22.0,0.029818367213010788
24.0,0.028838446363806725
26.0,0.027873476967215538
28.0,0.026975145563483238
30.0,0.02614680677652359
32.0,0.02543504163622856
36.0,0.024201789870858192
40.0,0.02313029207289219
44.0,0.02204205095767975
48.0,0.020885474979877472
52.0,0.019559815526008606
56.0,0.018344605341553688
60.0,0.017247380688786507
64.0,0.01625186949968338
72.0,0.014838073402643204
80.0,0.013245735317468643
88.0,0.011476273648440838
96.0,0.010184680111706257
104.0,0.009047728963196278
112.0,0.008109583519399166
120.0,0.007614306174218655
128.0,0.007724612485617399
144.0,0.0074659110978245735
160.0,0.008048316463828087
176.0,0.009013086557388306
192.0,0.008342073298990726
208.0,0.008114568889141083
224.0,0.007037095259875059
240.0,0.004426714964210987
256.0,0.0026974387001246214
288.0,-0.0004504940297920257
320.0,-0.0018979465821757913
352.0,0.0013277210528030992
384.0,0.0017867636634036899
416.0,0.0027772693429142237
448.0,0.001648050150834024
480.0,-0.0004913773154839873
512.0,-0.0009913485264405608
576.0,0.001087846583686769
640.0,0.0016501537756994367
704.0,0.0002679704630281776
768.0,0.0010498428018763661
832.0,-0.0004075104370713234
896.0,-0.0027393174823373556
960.0,-0.0002662869228515774
1024.0,-0.0028283398132771254
1152.0,-0.007183515932410955
1280.0,-0.007709315046668053
1408.0,-0.005187579896301031
1536.0,-0.004948063287883997
1664.0,-0.0004716187249869108
1792.0,-0.0009385363082401454
1920.0,-0.006011606194078922
2048.0,-0.008899998851120472
2304.0,0.003863731399178505
2560.0,-0.006981437560170889
2816.0,0.003199199680238962
3072.0,0.0013325897743925452
3328.0,0.0023851681035012007
3584.0,0.004103467799723148
3840.0,0.012246290221810341
4096.0,0.011507000774145126
end
