version,3.0
numOfCh,1
type,point
parent_name,fe81d_1dot0-0dot01
ch_type,1_1
kcount,1
numberNandB,1
brightnessNandB,1
carpet pos,0
pc,0
Time (ms),CH1 Auto-Correlation
1.0,0.08558619022369385
2.0,0.0834772065281868
3.0,0.08165642619132996
4.0,0.07997307926416397
5.0,0.07833888381719589
6.0,0.07687417417764664
7.0,0.07559467852115631
8.0,0.07446672767400742
9.0,0.07332967966794968
10.0,0.07227442413568497
11.0,0.07136067003011703
12.0,0.07054303586483002
13.0,0.06969428062438965
14.0,0.06887764483690262
15.0,0.0681086927652359
16.0,0.06739123910665512
18.0,0.06594158709049225
20.0,0.06464001536369324
22.0,0.06342927366495132
24.0,0.06227283552289009
26.0,0.061148274689912796
28.0,0.060022033751010895
30.0,0.05895806476473808
32.0,0.058000802993774414
36.0,0.056455373764038086
40.0,0.05532141402363777
44.0,0.05423056706786156
48.0,0.05313098430633545
52.0,0.051890779286623
56.0,0.05066433176398277
60.0,0.049720730632543564
64.0,0.049204811453819275
72.0,0.04726734012365341
80.0,0.04548418149352074
88.0,0.04408211261034012
96.0,0.04261653497815132
104.0,0.04190358147025108
112.0,0.03959714621305466
120.0,0.037251848727464676
128.0,0.036799632012844086
144.0,0.035578954964876175
160.0,0.03273855894804001
176.0,0.0318530909717083
192.0,0.03201104328036308
208.0,0.03141504526138306
224.0,0.03159448504447937
240.0,0.030498720705509186
256.0,0.02816632017493248
288.0,0.024665910750627518
320.0,0.02167692221701145
352.0,0.020294751971960068
384.0,0.021083392202854156
416.0,0.019932104274630547
448.0,0.020132074132561684
480.0,0.01812431775033474
512.0,0.017481248825788498
576.0,0.012023941613733768
640.0,0.006438708398491144
704.0,0.0036412880290299654
768.0,0.001636503729969263
832.0,0.0012278844369575381
896.0,0.0011540439445525408
960.0,-0.003944868687540293
1024.0,-0.008676611818373203
1152.0,-0.01294715330004692
1280.0,-0.014505474828183651
1408.0,-0.015209322795271873
1536.0,-0.01742798089981079
1664.0,-0.021387439221143723
1792.0,-0.016530893743038177
1920.0,-0.0005363457603380084
2048.0,0.009883416816592216
2304.0,0.016191598027944565
2560.0,0.013740855269134045
2816.0,0.0039214822463691235
3072.0,-0.0003896741254720837
3328.0,-0.0016331844963133335
3584.0,-0.017818521708250046
3840.0,-0.03855367377400398
4096.0,-0.04081490635871887
end
