version,3.0
numOfCh,1
type,point
parent_name,c1204_50dot0-0dot01
ch_type,1_1
kcount,1
numberNandB,1
brightnessNandB,1
carpet pos,0
pc,0
Time (ms),CH1 Auto-Correlation
1.0,0.05895352363586426
2.0,0.05752665922045708
3.0,0.056404780596494675
4.0,0.055615320801734924
5.0,0.05565083026885986
6.0,0.055384714156389236
7.0,0.055300790816545486
8.0,0.0550079271197319
9.0,0.054632995277643204
10.0,0.054107680916786194
11.0,0.053619492799043655
12.0,0.05342504382133484
13.0,0.053251780569553375
14.0,0.05306003615260124
15.0,0.05295178294181824
16.0,0.052841607481241226
18.0,0.05254381150007248
20.0,0.05187292769551277
22.0,0.05167778953909874
24.0,0.05125610902905464
26.0,0.051059283316135406
28.0,0.0502527579665184
30.0,0.05012978985905647
32.0,0.05012547969818115
36.0,0.04984847456216812
40.0,0.04971518740057945
44.0,0.049099672585725784
48.0,0.0485755018889904
52.0,0.0479760468006134
56.0,0.0471501424908638
60.0,0.04624571278691292
64.0,0.04532642289996147
72.0,0.04390881955623627
80.0,0.04300975054502487
88.0,0.04221561923623085
96.0,0.0415295772254467
104.0,0.04012070223689079
112.0,0.0383676178753376
120.0,0.03713524341583252
128.0,0.036497220396995544
144.0,0.03576735407114029
160.0,0.03433382138609886
176.0,0.03258558362722397
192.0,0.0310650784522295
208.0,0.02881028689444065
224.0,0.02672862447798252
240.0,0.024926654994487762
256.0,0.022565236315131187
288.0,0.01941838674247265
320.0,0.017436938360333443
352.0,0.016048172488808632
384.0,0.01595594361424446
416.0,0.015382244251668453
448.0,0.015313176438212395
480.0,0.015497837215662003
512.0,0.014772414229810238
576.0,0.014082047156989574
640.0,0.014830940403044224
704.0,0.01553884707391262
768.0,0.014415954239666462
832.0,0.013109631836414337
896.0,0.010957236401736736
960.0,0.006890289485454559
1024.0,0.004395673517137766
1152.0,0.002185358665883541
1280.0,9.735910862218589e-05
1408.0,-0.0034499471075832844
1536.0,-0.0049937935546040535
1664.0,-0.0027643570210784674
1792.0,-0.0024778274819254875
1920.0,-0.004535465966910124
2048.0,-0.007795026525855064
2304.0,-0.006124251522123814
2560.0,-0.0014264093479141593
2816.0,0.0008382414234802127
3072.0,-0.0004206364101264626
3328.0,-0.004241327755153179
3584.0,-0.005631272215396166
3840.0,-0.008125181309878826
4096.0,-0.01731473207473755
end
