version,3.0
numOfCh,1
type,point
parent_name,c1204_50dot0-0dot01
ch_type,1_1
kcount,1
numberNandB,1
brightnessNandB,1
carpet pos,0
pc,0
Time (ms),CH1 Auto-Correlation
1.0,0.09155575931072235
2.0,0.08972831815481186
3.0,0.08906035125255585
4.0,0.08920936286449432
5.0,0.0885133370757103
6.0,0.087670236825943
7.0,0.08773289620876312
8.0,0.08733362704515457
9.0,0.08729974180459976
10.0,0.08683636784553528
11.0,0.08669378608465195
12.0,0.08659852296113968
13.0,0.0863170176744461
14.0,0.08576501905918121
15.0,0.08565975725650787
16.0,0.08539416640996933
18.0,0.08502021431922913
20.0,0.08460233360528946
22.0,0.08385447412729263
24.0,0.08295068889856339
26.0,0.08251228928565979
28.0,0.08180254697799683
30.0,0.08144816756248474
32.0,0.08052761107683182
36.0,0.0791107788681984
40.0,0.07786498963832855
44.0,0.07691100239753723
48.0,0.0753924697637558
52.0,0.07381786406040192
56.0,0.07268234342336655
60.0,0.07125608623027802
64.0,0.0699765682220459
72.0,0.06747671961784363
80.0,0.0652654692530632
88.0,0.06328123062849045
96.0,0.06112699210643768
104.0,0.05885551869869232
112.0,0.056987762451171875
120.0,0.05493731424212456
128.0,0.053239624947309494
144.0,0.04880981519818306
160.0,0.04422863945364952
176.0,0.03933088108897209
192.0,0.03507627546787262
208.0,0.03106611967086792
224.0,0.028060149401426315
240.0,0.026253752410411835
256.0,0.024306440725922585
288.0,0.02221100963652134
320.0,0.02194230817258358
352.0,0.02185179479420185
384.0,0.02177632413804531
416.0,0.02371067926287651
448.0,0.026496021077036858
480.0,0.029432114213705063
512.0,0.03199602663516998
576.0,0.034134846180677414
640.0,0.027802539989352226
704.0,0.019592875614762306
768.0,0.004019641783088446
832.0,-0.0029455693438649178
896.0,-0.0040363166481256485
960.0,-0.0023930473253130913
1024.0,0.000915172160603106
1152.0,2.8042188205290586e-05
1280.0,-0.011950638145208359
1408.0,-0.01759687252342701
1536.0,-0.010843216441571712
1664.0,-0.0059046437963843346
1792.0,-0.005916541442275047
1920.0,-0.008573741652071476
2048.0,-0.008707796223461628
2304.0,-0.006529979407787323
2560.0,-0.008651248179376125
2816.0,-0.004037079866975546
3072.0,-0.012298640795052052
3328.0,-0.015555024147033691
3584.0,-0.023667896166443825
3840.0,-0.035043589770793915
4096.0,-0.03881118819117546
end
