version,3.0
numOfCh,1
type,point
parent_name,c1204_50dot0-0dot01
ch_type,1_1
kcount,1
numberNandB,1
brightnessNandB,1
carpet pos,0
pc,0
Time (ms),CH1 Auto-Correlation
1.0,0.42693713307380676
2.0,0.4233401417732239
3.0,0.42065197229385376
4.0,0.4187401831150055
5.0,0.41617563366889954
6.0,0.4148213267326355
7.0,0.41319701075553894
8.0,0.41164273023605347
9.0,0.41019174456596375
10.0,0.4084491729736328
11.0,0.4065012037754059
12.0,0.4050562381744385
13.0,0.40306368470191956
14.0,0.40136584639549255
15.0,0.3996780812740326
16.0,0.39792400598526
18.0,0.39441731572151184
20.0,0.3915514349937439
22.0,0.3886620104312897
24.0,0.38595062494277954
26.0,0.3826673626899719
28.0,0.37932997941970825
30.0,0.37625381350517273
32.0,0.3731328547000885
36.0,0.3662492632865906
40.0,0.3598012626171112
44.0,0.3537711799144745
48.0,0.34766313433647156
52.0,0.34292304515838623
56.0,0.33779627084732056
60.0,0.3324887156486511
64.0,0.32780200242996216
72.0,0.3191554844379425
80.0,0.30971598625183105
88.0,0.2987974286079407
96.0,0.2878284454345703
104.0,0.27679529786109924
112.0,0.26500365138053894
120.0,0.25200751423835754
128.0,0.23857204616069794
144.0,0.2105558216571808
160.0,0.18515965342521667
176.0,0.16156601905822754
192.0,0.1387556940317154
208.0,0.11584609746932983
224.0,0.08985854685306549
240.0,0.06184699758887291
256.0,0.036582253873348236
288.0,0.01856667920947075
320.0,0.010698997415602207
352.0,0.0008235342102125287
384.0,-0.0029751844704151154
416.0,-0.0025230557657778263
448.0,-0.0020183767192065716
480.0,-0.0014702108455821872
512.0,-0.0013162012910470366
576.0,-0.0021957349963486195
640.0,-0.0030258852057158947
704.0,-0.004060867242515087
768.0,-0.004255568142980337
832.0,-0.0038302887696772814
896.0,-0.00402790168300271
960.0,-0.0035129485186189413
1024.0,-0.0038763924967497587
1152.0,-0.005555819254368544
1280.0,-0.005849138833582401
1408.0,-0.005522803869098425
1536.0,-0.006402861326932907
1664.0,-0.007531305309385061
1792.0,-0.007337201852351427
1920.0,-0.008436801843345165
2048.0,-0.007996288128197193
2304.0,-0.004350758623331785
2560.0,-0.005871104076504707
2816.0,-0.00493353046476841
3072.0,-0.006369616370648146
3328.0,0.002500819740816951
3584.0,-0.007645176257938147
3840.0,-0.01236365269869566
4096.0,-0.010460241697728634
4608.0,0.0034228162840008736
5120.0,-0.012891050428152084
5632.0,-0.013659149408340454
6144.0,-0.033585324883461
6656.0,-0.03695070371031761
7168.0,-0.06275422871112823
7680.0,-0.06749041378498077
8192.0,-0.20694385468959808
end
