version,3.0
numOfCh,1
type,point
parent_name,c1204_50dot0-0dot01
ch_type,1_1
kcount,1
numberNandB,1
brightnessNandB,1
carpet pos,0
pc,0
Time (ms),CH1 Auto-Correlation
1.0,0.04279153794050217
2.0,0.04036053270101547
3.0,0.039415568113327026
4.0,0.03882322460412979
5.0,0.03814088553190231
6.0,0.03787854686379433
7.0,0.03721410781145096
8.0,0.03769935667514801
9.0,0.03715525567531586
10.0,0.03728032112121582
11.0,0.03690756857395172
12.0,0.036044761538505554
13.0,0.036467067897319794
14.0,0.03676559403538704
15.0,0.03674348443746567
16.0,0.03641514852643013
18.0,0.035892706364393234
20.0,0.03525814786553383
22.0,0.035209231078624725
24.0,0.034660935401916504
26.0,0.03413880616426468
28.0,0.0337715819478035
30.0,0.03354518488049507
32.0,0.03291939198970795
36.0,0.0326177254319191
40.0,0.031954485923051834
44.0,0.0315341092646122
48.0,0.030569298192858696
52.0,0.03063962236046791
56.0,0.03005044534802437
60.0,0.02951723150908947
64.0,0.029194112867116928
72.0,0.027257822453975677
80.0,0.025816690176725388
88.0,0.024699509143829346
96.0,0.023869870230555534
104.0,0.023362766951322556
112.0,0.022331131622195244
120.0,0.02169252187013626
128.0,0.0204220712184906
144.0,0.018829721957445145
160.0,0.016980817541480064
176.0,0.015590989962220192
192.0,0.014734419994056225
208.0,0.01431206800043583
224.0,0.013894222676753998
240.0,0.013860001228749752
256.0,0.013858264312148094
288.0,0.012545812875032425
320.0,0.01100855227559805
352.0,0.009639432653784752
384.0,0.007811245508491993
416.0,0.004374190233647823
448.0,0.0019022817723453045
480.0,0.0006640316569246352
512.0,9.019348362926394e-05
576.0,0.0001911996369017288
640.0,-0.002774402964860201
704.0,-0.004076188895851374
768.0,-0.005134320352226496
832.0,-0.004876959603279829
896.0,-0.0033654370345175266
960.0,-0.0022906812373548746
1024.0,-0.0013635994400829077
1152.0,0.005045339930802584
1280.0,0.002214875305071473
1408.0,-0.0006028735660947859
1536.0,0.0008640309679321945
1664.0,-0.002274282742291689
1792.0,-0.003249106463044882
1920.0,-0.002517175395041704
2048.0,-0.00043218463542871177
2304.0,-0.006603581830859184
2560.0,-0.008908629417419434
2816.0,-0.009772795252501965
3072.0,-0.00954642053693533
3328.0,-0.004845073912292719
3584.0,-0.003950939048081636
3840.0,0.0013967620907351375
4096.0,0.00011173387611052021
end
