version,3.0
numOfCh,1
type,point
parent_name,c1204_50dot0-0dot01
ch_type,1_1
kcount,1
numberNandB,1
brightnessNandB,1
carpet pos,0
pc,0
Time (ms),CH1 Auto-Correlation
1.0,0.130079448223114
2.0,0.1279633790254593
3.0,0.12620601058006287
4.0,0.12543906271457672
5.0,0.12472216784954071
6.0,0.12418190389871597
7.0,0.12359432876110077
8.0,0.12290888279676437
9.0,0.12279785424470901
10.0,0.12212743610143661
11.0,0.12146366387605667
12.0,0.12119387090206146
13.0,0.12137870490550995
14.0,0.12067193537950516
15.0,0.11995349079370499
16.0,0.11953748762607574
18.0,0.11846402287483215
20.0,0.11794841289520264
22.0,0.11741890013217926
24.0,0.11684808880090714
26.0,0.11598701775074005
28.0,0.11516008526086807
30.0,0.11469729244709015
32.0,0.11418167501688004
36.0,0.1127060130238533
40.0,0.1108539029955864
44.0,0.10918008536100388
48.0,0.10727666318416595
52.0,0.10555707663297653
56.0,0.10406333208084106
60.0,0.1027183011174202
64.0,0.10113508254289627
72.0,0.09809433668851852
80.0,0.0942361056804657
88.0,0.09079867601394653
96.0,0.08814828842878342
104.0,0.08542732149362564
112.0,0.0824987068772316
120.0,0.0797872245311737
128.0,0.07729726284742355
144.0,0.07180757075548172
160.0,0.06653834879398346
176.0,0.06269557029008865
192.0,0.058764588087797165
208.0,0.055533517152071
224.0,0.05304035171866417
240.0,0.05089416354894638
256.0,0.04965149983763695
288.0,0.04909095913171768
320.0,0.04776163771748543
352.0,0.043624185025691986
384.0,0.03743460774421692
416.0,0.02949618734419346
448.0,0.025083506479859352
480.0,0.02350872941315174
512.0,0.023750388994812965
576.0,0.02281479723751545
640.0,0.016605062410235405
704.0,0.009264256805181503
768.0,-0.0013786365743726492
832.0,-0.0016918599139899015
896.0,-0.0014392604352906346
960.0,-0.0008798001799732447
1024.0,-0.0008771802531555295
1152.0,-0.0018086950294673443
1280.0,-0.002788074081763625
1408.0,-0.002142509212717414
1536.0,-0.002054257085546851
1664.0,-0.0024780305102467537
1792.0,-0.002291836543008685
1920.0,-0.0025557810440659523
2048.0,-0.0021723646204918623
2304.0,0.0009652857552282512
2560.0,0.0027347668074071407
2816.0,0.0008839989895932376
3072.0,-0.0018543926998972893
3328.0,-0.004913194105029106
3584.0,-0.0077564409002661705
3840.0,-0.008739289827644825
4096.0,-0.007826652377843857
4608.0,-0.00994501356035471
5120.0,-0.009523455053567886
5632.0,-0.014585979282855988
6144.0,-0.01796368695795536
6656.0,-0.027935845777392387
7168.0,-0.04071207344532013
7680.0,-0.02743527851998806
8192.0,-0.09616099298000336
end
