version,3.0
numOfCh,1
type,point
parent_name,c1204_50dot0-0dot01
ch_type,1_1
kcount,1
numberNandB,1
brightnessNandB,1
carpet pos,0
pc,0
Time (ms),CH1 Auto-Correlation
1.0,0.02949756197631359
2.0,0.02819608710706234
3.0,0.02736055664718151
4.0,0.02647155337035656
5.0,0.026232417672872543
6.0,0.02599193900823593
7.0,0.02550704963505268
8.0,0.025282328948378563
9.0,0.0247187502682209
10.0,0.025093447417020798
11.0,0.024918634444475174
12.0,0.025030510500073433
13.0,0.02482440322637558
14.0,0.024718841537833214
15.0,0.02409401163458824
16.0,0.02414676733314991
18.0,0.023953726515173912
20.0,0.02356187254190445
22.0,0.023671552538871765
24.0,0.023351047188043594
26.0,0.02298414334654808
28.0,0.022798942402005196
30.0,0.02271302044391632
32.0,0.022520387545228004
36.0,0.02254951372742653
40.0,0.022405676543712616
44.0,0.02187984623014927
48.0,0.021705683320760727
52.0,0.021771520376205444
56.0,0.021717790514230728
60.0,0.021734919399023056
64.0,0.021317213773727417
72.0,0.02092011645436287
80.0,0.020676249638199806
88.0,0.02029590494930744
96.0,0.020077474415302277
104.0,0.02036835066974163
112.0,0.020396655425429344
120.0,0.01988661102950573
128.0,0.019539864733815193
144.0,0.019205864518880844
160.0,0.019026266410946846
176.0,0.018603511154651642
192.0,0.018006203696131706
208.0,0.01710500568151474
224.0,0.016587667167186737
240.0,0.015858091413974762
256.0,0.015919946134090424
288.0,0.015031706541776657
320.0,0.013886426575481892
352.0,0.013406830839812756
384.0,0.013011748902499676
416.0,0.012930113822221756
448.0,0.012177287600934505
480.0,0.011389922350645065
512.0,0.01069680880755186
576.0,0.008407273329794407
640.0,0.0063442024402320385
704.0,0.006221645977348089
768.0,0.004944344516843557
832.0,0.004499422386288643
896.0,0.003954245243221521
960.0,0.0038777408190071583
1024.0,0.0029535191133618355
1152.0,0.003854022826999426
1280.0,0.004407650325447321
1408.0,0.0033245047088712454
1536.0,0.002164428820833564
1664.0,0.0018582206685096025
1792.0,0.001275381539016962
1920.0,0.00013741783914156258
2048.0,-0.0008996576070785522
2304.0,-0.0016826012870296836
2560.0,-0.0023652019444853067
2816.0,-0.002276152838021517
3072.0,-0.0036962181329727173
3328.0,-0.004327022936195135
3584.0,-0.007315265946090221
3840.0,-0.009541954845190048
4096.0,-0.010604879818856716
end
