version,3.0
numOfCh,1
type,point
parent_name,labthresh-0dot04_avgcorrs
ch_type,1_1
kcount,1
numberNandB,1
brightnessNandB,1
carpet pos,0
pc,0
Time (ms),CH1 Auto-Correlation
1.0,0.003763304790481925
2.0,0.001526791718788445
3.0,0.0004021003842353821
4.0,7.146873394958675e-05
5.0,-0.00033815568895079195
6.0,-0.00041071654413826764
7.0,0.00019828596850857139
8.0,-0.0001406385999871418
9.0,-4.115465344511904e-05
10.0,-0.00022478926985058933
11.0,-0.0006571118137799203
12.0,-0.0008108103647828102
13.0,-0.0003797164827119559
14.0,-0.0009032526868395507
15.0,-0.0010383488843217492
16.0,-0.000486130069475621
18.0,2.3679976948187687e-05
20.0,-0.0005420375964604318
22.0,-0.000632214592769742
24.0,-0.0010312349768355489
26.0,-0.000367823988199234
28.0,0.0006317931110970676
30.0,0.00032233957422566923
32.0,-0.0027340487563484455
36.0,0.0004987056774111944
40.0,-0.0003878017135624153
44.0,9.75919586683934e-06
48.0,-0.0005573834613724929
52.0,-0.00014126088794772372
56.0,7.068499326123856e-05
60.0,-0.00022788514031686424
64.0,-0.0005728804423569907
72.0,0.00012612494644296626
80.0,-0.0003267848263721618
88.0,4.625793500660317e-05
96.0,-2.8249206782978337e-05
104.0,-0.0004904420654459803
112.0,-0.00018136970963193258
120.0,0.0001581381405154995
128.0,-0.0005148466537624093
144.0,-0.00011978011480096029
160.0,-0.00020761209680131287
176.0,0.000318821321343421
192.0,-0.0004181765141311189
208.0,-0.00032250226217911404
224.0,-6.346315763039456e-05
240.0,0.00047730885717101046
256.0,0.00015178888837302413
288.0,3.0241626518545672e-06
320.0,-6.39113350189291e-05
352.0,-0.00012447573226381792
384.0,0.0002019929841026169
416.0,-7.831067614461062e-05
448.0,-8.376531968679046e-05
480.0,-0.00038358211304512224
512.0,3.348433983774157e-05
576.0,-0.00011166506919835228
640.0,-0.00014473658484348562
704.0,-0.00019261971829109825
768.0,0.00012667438204516657
832.0,0.0001695236119303445
896.0,-0.000197029844912322
960.0,-0.00024214440782088786
1024.0,-7.769449439365417e-06
1152.0,-4.919768798572477e-06
1280.0,-3.982006091973744e-05
1408.0,-0.0002658975718077272
1536.0,0.0001263461308553815
1664.0,0.000190506994840689
1792.0,-0.0006841768627054989
1920.0,4.6809906052658334e-05
2048.0,0.0014804856618866324
end
