version,3.0
numOfCh,1
type,point
parent_name,labthresh-0dot04_avgcorrs
ch_type,1_1
kcount,1
numberNandB,1
brightnessNandB,1
carpet pos,0
pc,0
Time (ms),CH1 Auto-Correlation
1.0,0.004263595212250948
2.0,0.0021467660553753376
3.0,0.0010621881810948253
4.0,0.00047584917047061026
5.0,0.00047891671420075
6.0,0.00034060573671013117
7.0,-0.00043123943032696843
8.0,-0.0002727518731262535
9.0,-5.222998152021319e-05
10.0,-0.0009781660046428442
11.0,-6.50709553156048e-05
12.0,-0.00016988092102110386
13.0,-0.0004936391487717628
14.0,-0.0006717008072882891
15.0,-0.00020423666865099221
16.0,-0.0002467092708684504
18.0,0.00030148160294629633
20.0,-0.00026831027935259044
22.0,-0.0004770171653944999
24.0,-0.0003892350650858134
26.0,-0.00019791850354522467
28.0,0.00032097622170113027
30.0,-0.0007160388631746173
32.0,-0.0005679052555933595
36.0,-0.0002695257022214019
40.0,0.00015115619876618998
44.0,0.0004356781264854922
48.0,-0.0004435481378795185
52.0,-0.0010161315765519529
56.0,-0.000918346997860471
60.0,1.7186393815791234e-05
64.0,0.001036133068955678
72.0,-0.00016332873565261252
80.0,-0.0001375213290884858
88.0,-0.00023706973297521472
96.0,-0.0002940135108019604
104.0,-0.0006306764778855722
112.0,-0.00041462556819169547
120.0,-0.0003968643275009909
128.0,-0.0003275972280550233
144.0,0.00019159672956448048
160.0,-0.0001278211681946071
176.0,-0.00017466459308600272
192.0,-0.00025680240907925456
208.0,-0.00036976485074881245
224.0,-8.872580688415944e-05
240.0,-6.104279145802138e-05
256.0,4.715500878827537e-05
288.0,8.886453369169348e-05
320.0,-1.2599504605697637e-05
352.0,-0.00020270516729810467
384.0,-7.078131801046601e-05
416.0,-9.717470708313736e-05
448.0,-0.00013553738277881746
480.0,6.843297524028458e-05
512.0,0.0002866239442735403
576.0,-4.6787312157903216e-05
640.0,-0.0003123132064501988
704.0,-5.952181891188957e-05
768.0,0.000276301936537493
832.0,0.00012432242874638177
896.0,-0.00013547210801334586
960.0,-1.6409140243922593e-05
1024.0,0.00010945415851892903
1152.0,-0.00014109448238741606
1280.0,-0.00038487589336000383
1408.0,-0.0003287091094534844
1536.0,-6.138647677289555e-06
1664.0,0.0004072287702001631
1792.0,0.0002497074310667813
end
