version,3.0
numOfCh,1
type,point
parent_name,labthresh-0dot04_avgcorrs
ch_type,1_1
kcount,1
numberNandB,1
brightnessNandB,1
carpet pos,0
pc,0
Time (ms),CH1 Auto-Correlation
1.0,0.029969464987516403
2.0,0.02557801641523838
3.0,0.022762423381209373
4.0,0.021305736154317856
5.0,0.019377131015062332
6.0,0.017823535948991776
7.0,0.016431491822004318
8.0,0.015455176122486591
9.0,0.01442928146570921
10.0,0.01291788648813963
11.0,0.012702365405857563
12.0,0.011554969474673271
13.0,0.011043040081858635
14.0,0.01000269316136837
15.0,0.009399933740496635
16.0,0.0084518538787961
18.0,0.008596460334956646
20.0,0.006763957440853119
22.0,0.006096574943512678
24.0,0.0053310273215174675
26.0,0.004309156443923712
28.0,0.003051209030672908
30.0,0.0024638574104756117
32.0,0.0011937532108277082
36.0,0.0016764617239166382
40.0,0.0015493875691918806
44.0,0.002501772215304476
48.0,0.003575014295840388
52.0,0.0039158062296454806
56.0,0.004495893285145998
60.0,0.005290018523997527
64.0,0.004780978488140265
72.0,-0.0016736248395924729
80.0,-0.004181069696642226
88.0,-0.005490110536912753
96.0,-0.0070297978632475455
104.0,-0.007836928866001673
112.0,-0.008655514486438025
120.0,-0.008251382617749591
128.0,-0.008827626834924255
144.0,-0.009333851930153157
160.0,-0.008459552883453268
176.0,-0.007701858203550468
192.0,-0.00764798724724512
208.0,-0.0035555411013774574
224.0,-0.004828157843024071
240.0,-0.00016951916152790474
256.0,-0.0015036496717164903
288.0,-0.007417683739979772
320.0,-0.007619273992366454
352.0,-0.002416384408372158
384.0,-0.0033413762021981793
416.0,0.0034798905716425825
448.0,0.005941560478029053
480.0,0.0024727156560402364
512.0,0.0050660458400670905
576.0,-6.49809735477902e-05
640.0,-0.0021658576573827305
704.0,-0.0014453659183345734
768.0,0.0004701961239334196
832.0,-0.000771383018582128
896.0,0.001496703796874499
960.0,-0.0007778475022253891
1024.0,0.00029366764162356657
1152.0,-0.0016835099086165428
1280.0,-0.001159474952146411
1408.0,-0.0019142888486385345
1536.0,-0.004649121779948473
1664.0,-0.0054887523874640465
1792.0,-0.003464360488578677
end
