version,3.0
numOfCh,1
type,point
parent_name,labthresh-0dot04_avgcorrs
ch_type,1_1
kcount,1
numberNandB,1
brightnessNandB,1
carpet pos,0
pc,0
Time (ms),CH1 Auto-Correlation
1.0,0.0046448735520243645
2.0,0.0017658121651038527
3.0,0.0014533797511830926
4.0,-0.00034067360684275627
5.0,0.00024793975171633065
6.0,0.00019016751321032643
7.0,-0.00010184068378293887
8.0,0.00025228934828191996
9.0,-0.00016568112187087536
10.0,-0.0003686972486320883
11.0,-0.000411665765568614
12.0,-0.000828427670057863
13.0,0.00017142773140221834
14.0,-7.855632429709658e-05
15.0,-0.00021684695093426853
16.0,0.00021257101616356522
18.0,-0.0007458659238182008
20.0,-0.000533807382453233
22.0,-0.0002352910378249362
24.0,-0.0006269339355640113
26.0,-0.0005435829516500235
28.0,-0.0010662138229236007
30.0,0.00031697956728748977
32.0,0.00037641249946318567
36.0,-0.0003202855746849309
40.0,-0.0007152416932513006
44.0,-0.0007263226812938228
48.0,-0.00020897758628279917
52.0,-0.00031325957816079607
56.0,-0.0001599588634007887
60.0,-0.0005274956316186849
64.0,0.0001311826047305275
72.0,-0.00030014356978561545
80.0,-0.00028392480002097456
88.0,-0.00033363289629859436
96.0,9.747545037599695e-06
104.0,-0.00016167754721310403
112.0,5.8902586277798505e-05
120.0,-0.0001878640970727037
128.0,-0.00013402373896007283
144.0,-0.00027809754261825755
160.0,-4.506743562160409e-05
176.0,-0.00014029194477081867
192.0,-0.00013996663106167142
208.0,-0.00023091811229224892
224.0,-0.00031472948317326987
240.0,-0.0004259447467120481
256.0,0.00018193728998691465
288.0,-8.91313783085934e-05
320.0,-0.0001497480107445881
352.0,-0.0004182979071629234
384.0,-0.00021708800704800524
416.0,0.00011702465199050493
448.0,-0.00045783692949044055
480.0,-0.0007080095454309938
512.0,0.0007563718937591249
576.0,-6.422049045795575e-05
640.0,-8.217874710680917e-05
704.0,0.0002613470278447494
768.0,-0.000403984246077016
832.0,-0.00013319425488589332
896.0,0.0002980048411700409
960.0,0.0002205445634899661
1024.0,8.705415893928148e-05
end
