version,3.0
numOfCh,1
type,point
parent_name,labthresh-0dot04_avgcorrs
ch_type,1_1
kcount,1
numberNandB,1
brightnessNandB,1
carpet pos,0
pc,0
Time (ms),CH1 Auto-Correlation
1.0,0.0831388533115387
2.0,0.07584679126739502
3.0,0.07066464424133301
4.0,0.06626824289560318
5.0,0.0630449503660202
6.0,0.05849364027380943
7.0,0.05392352119088173
8.0,0.0502181239426136
9.0,0.047875843942165375
10.0,0.045659735798835754
11.0,0.04247130826115608
12.0,0.040036339312791824
13.0,0.03792772814631462
14.0,0.035625260323286057
15.0,0.033841367810964584
16.0,0.03141787275671959
18.0,0.02691599726676941
20.0,0.024204520508646965
22.0,0.021583909168839455
24.0,0.018507085740566254
26.0,0.014778794720768929
28.0,0.011232499033212662
30.0,0.00840785913169384
32.0,0.00620693527162075
36.0,0.00559946926611398
40.0,0.004665660188038601
44.0,0.004875999643506172
48.0,0.005244708401005482
52.0,0.00626227206821568
56.0,0.00595461697751792
60.0,0.004079157741944073
64.0,0.0018878145031825018
72.0,0.007012198652259743
80.0,0.004477995895523118
88.0,0.0018740615411210772
96.0,0.002645645167870933
104.0,0.006612601794072164
112.0,0.009675928334732105
120.0,0.011175725730620046
128.0,0.008799706397795766
144.0,0.006716714234590611
160.0,0.005792017210513309
176.0,0.0011654691746419605
192.0,-0.0008638492872705683
208.0,-0.003962412149121519
224.0,-0.005497490805715816
240.0,-0.006008954559330873
256.0,-0.00711088082711545
288.0,-0.010735456469988362
320.0,-0.012916349087029577
352.0,-0.017627490654216243
384.0,-0.021685768898083446
416.0,-0.015232569608194942
448.0,-0.015096063684134553
480.0,-0.02095974144079567
512.0,-0.028761225278140047
576.0,-0.019137851893901825
640.0,-0.02647372428327799
704.0,-0.03298311121761799
768.0,-0.043526255525648594
832.0,-0.04260364663787186
896.0,-0.055836052633821964
960.0,-0.0653108898550272
1024.0,-0.10331127047538757
end
