version,3.0
numOfCh,1
type,point
parent_name,labthresh-0dot04_avgcorrs
ch_type,1_1
kcount,1
numberNandB,1
brightnessNandB,1
carpet pos,0
pc,0
Time (ms),CH1 Auto-Correlation
1.0,0.018529871478676796
2.0,0.015896175056695938
3.0,0.014404031448066235
4.0,0.01270762737840414
5.0,0.011646217666566372
6.0,0.01044212095439434
7.0,0.00968768447637558
8.0,0.00850927084684372
9.0,0.00826229341328144
10.0,0.007568106986582279
11.0,0.0067041595466434956
12.0,0.005650907289236784
13.0,0.005403608549386263
14.0,0.004806907381862402
15.0,0.004486331716179848
16.0,0.004038037732243538
18.0,0.0035294427070766687
20.0,0.0023638273123651743
22.0,0.0017735889414325356
24.0,0.0008644655463285744
26.0,0.0005310936248861253
28.0,0.00010886039672186598
30.0,0.000607654848427804
32.0,0.000778488043276108
36.0,0.0010705551328154636
40.0,0.0003953915419354898
44.0,0.00011457988346271176
48.0,0.0003868964306146903
52.0,-0.0003356614410730639
56.0,-0.0007948241233380566
60.0,-0.0016622964079336573
64.0,-0.002393879040909903
72.0,-0.002388863652792376
80.0,-0.0026269547270203475
88.0,-0.0022986025604344227
96.0,-0.0014645795686192287
104.0,-0.0030600467680415022
112.0,-0.0043922107470280025
120.0,-0.0042825908205249225
128.0,-0.004252485485489674
144.0,-0.0038456324624576155
160.0,-0.0036213957384916284
176.0,-0.0031719273720227648
192.0,-0.0028213910716203827
208.0,-0.0017011332292895531
224.0,-0.001158688196028379
240.0,-0.0003167136507857192
256.0,-0.0025701628972975804
288.0,-0.0033421651296521304
320.0,-0.006326645072476822
352.0,-0.004905279252852779
384.0,-0.005154299167315912
416.0,-0.0040571116483079095
448.0,0.0007827020376680593
480.0,-0.0005016952873120317
512.0,-0.004944002938827907
576.0,-0.000511165548232384
640.0,-0.0006874784012325108
704.0,-0.00042346620830358006
768.0,-0.0006731384492013603
832.0,-0.0003666811317089014
896.0,-0.0009409548001713119
960.0,-0.00018865120910049882
1024.0,0.0002292673007104895
end
