version,3.0
numOfCh,1
type,point
parent_name,labthresh-0dot04_avgcorrs
ch_type,1_1
kcount,1
numberNandB,1
brightnessNandB,1
carpet pos,0
pc,0
Time (ms),CH1 Auto-Correlation
1.0,0.00974002480506897
2.0,0.007334405090659857
3.0,0.006324270274490118
4.0,0.005943104159086943
5.0,0.005470277741551399
6.0,0.005731348413974047
7.0,0.005279794335365295
8.0,0.005148926749825478
9.0,0.005326394457370043
10.0,0.004622006323188543
11.0,0.004653172567486763
12.0,0.0045589543879032135
13.0,0.003431447548791766
14.0,0.0040902369655668736
15.0,0.0036177500151097775
16.0,0.003605498932301998
18.0,0.003057531313970685
20.0,0.0031433366239070892
22.0,0.0036170000676065683
24.0,0.00396672124043107
26.0,0.002673499519005418
28.0,0.002419917844235897
30.0,0.0033025843819581664
32.0,0.002106281698383269
36.0,0.0022146828987112685
40.0,0.00227800252055617
44.0,0.001845131817390211
48.0,0.0014416135260641265
52.0,0.0010677451337511284
56.0,0.00040104802544440395
60.0,0.00041152236201124845
64.0,0.00018006247884124716
72.0,-0.0006472187142207986
80.0,-0.0012993501705030515
88.0,-0.0009572131642319922
96.0,-0.0006662332198933049
104.0,-0.0007934739972673318
112.0,-0.0010049025446884723
120.0,-0.0010094534204085903
128.0,-0.0006487987666332629
144.0,-0.0013287637265193553
160.0,-0.002888412442189292
176.0,-0.004194905534859572
192.0,-0.0048726889789350025
208.0,-0.007159786005558999
224.0,-0.007976138367666863
240.0,-0.008440665686309027
256.0,-0.008625225319762345
288.0,-0.002011520731429073
320.0,-0.003999163107891945
352.0,-0.004134450373385334
384.0,-0.002392023546690325
416.0,-0.001809817826597282
448.0,-0.0022480699110474234
480.0,-0.003323529172121198
512.0,-0.001722233783766569
576.0,-4.099333636986557e-06
640.0,-5.8921363233821467e-05
704.0,-1.3780663721263409e-05
768.0,-5.0308006393606775e-05
832.0,-1.3177987057133578e-05
896.0,-1.064548450813163e-05
960.0,5.718104148400016e-06
1024.0,-0.00018630890554049984
1152.0,-2.9042801543255337e-05
1280.0,-4.130583329242654e-05
1408.0,1.856160452007316e-05
1536.0,-6.583603681065142e-05
1664.0,-7.60579714551568e-05
1792.0,-2.6845142201636918e-05
1920.0,-0.0001014800654957071
2048.0,-8.40008506202139e-05
end
