version,3.0
numOfCh,1
type,point
parent_name,labthresh-0dot04_avgcorrs
ch_type,1_1
kcount,1
numberNandB,1
brightnessNandB,1
carpet pos,0
pc,0
Time (ms),CH1 Auto-Correlation
1.0,0.05616271495819092
2.0,0.04827610403299332
3.0,0.04271269217133522
4.0,0.038279760628938675
5.0,0.03362050652503967
6.0,0.030270807445049286
7.0,0.026983274146914482
8.0,0.023546583950519562
9.0,0.021600987762212753
10.0,0.01969168521463871
11.0,0.018209727481007576
12.0,0.015378871001303196
13.0,0.014465509913861752
14.0,0.013202561996877193
15.0,0.012883084826171398
16.0,0.011636731214821339
18.0,0.008883961476385593
20.0,0.008289383724331856
22.0,0.00726989796385169
24.0,0.005816857796162367
26.0,0.005139951128512621
28.0,0.004331616684794426
30.0,0.004928129138343773
32.0,0.003909500275676097
36.0,0.005415017897689722
40.0,0.0028385804603203724
44.0,0.0005354093266305426
48.0,-0.0001888132881049387
52.0,0.0012409545515765785
56.0,0.002709518738015504
60.0,0.001841377625227793
64.0,0.0006006852734924084
72.0,-0.006399590265077263
80.0,-0.00805475178772626
88.0,-0.00741309198590753
96.0,-0.004775831368698908
104.0,-0.0005949831277973772
112.0,-0.003283635742594594
120.0,-0.0062260565561397625
128.0,-0.0013509576279570215
144.0,-0.0040875155861743095
160.0,-0.006067403309836144
176.0,-0.0065190553419337705
192.0,-0.008321437574782717
208.0,-0.0050829852372252
224.0,-0.002731321931475707
240.0,-0.002734284906182438
256.0,-0.0029020050933468156
288.0,-0.0014808547921347781
320.0,-0.004276887857940892
352.0,-0.0060680150757737765
384.0,-0.012530417535648061
416.0,-0.015625027980907664
448.0,-0.012865617985274488
480.0,-0.011494229993938157
512.0,-0.00917864229162054
576.0,0.010162877074132362
640.0,-0.0018705997596650075
704.0,-0.024751483423945803
768.0,-0.01652368592719237
832.0,-0.002419225716342529
896.0,0.003009982956427848
960.0,0.009714274667203426
1024.0,0.00582432746887207
end
