version,3.0
numOfCh,1
type,point
parent_name,labthresh-0dot04_avgcorrs
ch_type,1_1
kcount,1
numberNandB,1
brightnessNandB,1
carpet pos,0
pc,0
Time (ms),CH1 Auto-Correlation
1.0,0.0033714878372848034
2.0,0.0014545040903612971
3.0,0.0007718936540186405
4.0,0.0002612548414617777
5.0,0.00026754362625069916
6.0,0.00033708891714923084
7.0,-0.0006999829784035683
8.0,8.465503196930513e-05
9.0,-1.4750029322385672e-06
10.0,-0.00098819425329566
11.0,-0.00020377093460410833
12.0,-0.00032592355273664
13.0,-0.0005803123931400478
14.0,-0.001089643919840455
15.0,-0.0003848617780022323
16.0,-0.0004046035173814744
18.0,0.00028442798065952957
20.0,-0.00026898342184722424
22.0,-0.0007823583437129855
24.0,-0.0006637323531322181
26.0,-0.0003699928929563612
28.0,-0.0007189827738329768
30.0,-0.0012504041886318307
32.0,-0.00112515342259893
36.0,2.4442855906922238e-06
40.0,-0.00034741734823130955
44.0,-0.0012001702290425392
48.0,-0.0007975137352462168
52.0,0.00026140220221090464
56.0,-0.00014111239092276913
60.0,0.0005855007831577006
64.0,-0.00010871155780897915
72.0,-0.0005906879462903211
80.0,-0.0002639319282025099
88.0,-0.00025261327086430657
96.0,-0.000331700051901862
104.0,3.98027072050253e-05
112.0,-4.783471258128379e-05
120.0,0.0001288530136608803
128.0,0.00026168715917532714
144.0,4.164245197339019e-05
160.0,0.00029856603913895716
176.0,-0.0002602665033639194
192.0,-0.00025784493447225453
208.0,-0.00018549326229661418
224.0,-0.00011173100168749582
240.0,-0.00011629499567789026
256.0,-0.00023644407951906032
288.0,9.392915045383334e-05
320.0,0.00014199623627872724
352.0,-0.00020981787868853038
384.0,-0.00016475978676074496
416.0,-6.404964046345816e-06
448.0,4.6258757467714735e-05
480.0,-0.00014902472806473574
512.0,-0.0002609906821615166
576.0,7.794615521561354e-05
640.0,4.798360229566848e-05
704.0,-9.095584876680126e-06
768.0,-0.00011371739431827639
832.0,8.082539595003861e-05
896.0,-0.0001508735313109355
960.0,-5.543123794874797e-05
1024.0,-0.0004269113172388946
end
