version,3.0
numOfCh,1
type,point
parent_name,labthresh-0dot04_avgcorrs
ch_type,1_1
kcount,1
numberNandB,1
brightnessNandB,1
carpet pos,0
pc,0
Time (ms),CH1 Auto-Correlation
1.0,0.03937495872378349
2.0,0.03631197288632393
3.0,0.034365277737379074
4.0,0.03443923220038414
5.0,0.033357348293066025
6.0,0.03207775577902794
7.0,0.03075811266899109
8.0,0.030488496646285057
9.0,0.03023676387965679
10.0,0.029152020812034607
11.0,0.027478817850351334
12.0,0.026870161294937134
13.0,0.025799155235290527
14.0,0.026085445657372475
15.0,0.025386491790413857
16.0,0.024485483765602112
18.0,0.023855051025748253
20.0,0.021472400054335594
22.0,0.020464973524212837
24.0,0.02002078667283058
26.0,0.01799647882580757
28.0,0.016703912988305092
30.0,0.015990586951375008
32.0,0.015047505497932434
36.0,0.017079358872054043
40.0,0.015627619437371166
44.0,0.014790735954074595
48.0,0.01338076818881192
52.0,0.011542845477363714
56.0,0.010823564550778627
60.0,0.010228127952250756
64.0,0.008701090341871706
72.0,0.008954019206107154
80.0,0.006687252441123646
88.0,0.0037996728048407626
96.0,0.0025427336078994106
104.0,0.0019000652886865686
112.0,0.0024235266478677252
120.0,0.006438404416257981
128.0,0.007143649308090971
144.0,0.005653217947426015
160.0,0.002634964652618995
176.0,-0.0006796222981696095
192.0,-0.0016869847580286053
208.0,-0.0033276409812970087
224.0,-0.006599729184017633
240.0,-0.010170732416554529
256.0,-0.01041858718720808
288.0,-0.000673779741191538
320.0,-0.0017472461804572958
352.0,-0.0014566131885658251
384.0,-0.0016206642367251334
416.0,-0.002006532717132359
448.0,-0.0020052670588484034
480.0,-0.0031577141406679793
512.0,-0.0039572149045333
576.0,-0.0052087109419517216
640.0,-0.0053423172053044254
704.0,-0.004791056714748265
768.0,-0.002385486753883015
832.0,-0.0014454563410254196
896.0,-0.0019812788945273497
960.0,-0.009501469801034546
1024.0,-0.0093298805935774
1152.0,-0.012831024630941101
1280.0,-0.013046541571384296
1408.0,-0.012848535472585354
1536.0,-0.020261225847207243
1664.0,-0.022694788363878615
1792.0,-0.024806804263789672
1920.0,-0.03600606792315375
2048.0,-0.048901412445047754
end
