version,3.0
numOfCh,1
type,point
parent_name,labthresh-0dot04_avgcorrs
ch_type,1_1
kcount,1
numberNandB,1
brightnessNandB,1
carpet pos,0
pc,0
Time (ms),CH1 Auto-Correlation
1.0,0.0041661192663013935
2.0,0.0020599165000021458
3.0,0.0008967116591520607
4.0,0.0014257596340030432
5.0,0.0012479749275371432
6.0,0.0007008607499301434
7.0,0.00014610413927584887
8.0,0.00040632300078868866
9.0,0.0011648964136838913
10.0,0.00032594165531918406
11.0,-0.0006875346880406141
12.0,7.013138383626938e-05
13.0,9.722173126647249e-05
14.0,5.771357609773986e-05
15.0,-2.5932566131814383e-05
16.0,1.6664191207382828e-05
18.0,-0.00020862962992396206
20.0,-0.00017233483958989382
22.0,-0.0003448576608207077
24.0,0.00021855562226846814
26.0,0.00013707256584893912
28.0,-0.0007951752631925046
30.0,6.230358121683821e-05
32.0,-0.00043958640890195966
36.0,0.00011032725235744347
40.0,0.00032084818749040253
44.0,0.00010984479690548675
48.0,-7.638411888961103e-05
52.0,-0.00014821194154451248
56.0,-9.744770005485846e-05
60.0,-0.00015783157015965995
64.0,-0.00011028643356094735
72.0,-0.00016776796575868503
80.0,-0.0004674089253239799
88.0,0.00021757676931883908
96.0,-0.00032171363578527236
104.0,-0.0003737021648157679
112.0,-0.0004366088902679621
120.0,-0.0005305446291458793
128.0,0.0004475138692578184
144.0,-6.239940172663945e-05
160.0,-3.154471794593572e-05
176.0,-0.00034919215437077903
192.0,-0.0002935176102362354
208.0,-0.00023743143645012476
224.0,-0.00033216252075576717
240.0,-0.0004311135661041857
256.0,0.0003050001113586083
288.0,0.0002681762993493716
320.0,-0.00012862823574063702
352.0,-0.0001266667282574677
384.0,-7.661075298009174e-05
416.0,-0.00022783503092276596
448.0,-0.000563672541050307
480.0,-0.0003364813923586293
512.0,9.51118189342586e-05
576.0,-0.00025270014884881675
640.0,6.554683568538167e-05
704.0,0.00013658591342391446
768.0,-0.00019673487986437976
832.0,0.00046378672413993627
896.0,0.00015947577639963129
960.0,-0.00018127254588762298
1024.0,0.00019215439533581957
end
