version,3.0
numOfCh,1
type,point
parent_name,labthresh-0dot04_avgcorrs
ch_type,1_1
kcount,1
numberNandB,1
brightnessNandB,1
carpet pos,0
pc,0
Time (ms),CH1 Auto-Correlation
1.0,0.01733790524303913
2.0,0.014432745054364204
3.0,0.01325208693742752
4.0,0.012025556527078152
5.0,0.011020725592970848
6.0,0.009520522318780422
7.0,0.008786860853433609
8.0,0.0073419236578047276
9.0,0.007807276211678982
10.0,0.0063623529858887196
11.0,0.00565382419154048
12.0,0.005668812897056341
13.0,0.004810561891645193
14.0,0.005289304535835981
15.0,0.0052410513162612915
16.0,0.00478873448446393
18.0,0.004378181416541338
20.0,0.0028158766217529774
22.0,0.002195547567680478
24.0,0.0012760106474161148
26.0,-0.0004710212233476341
28.0,-0.0027502726297825575
30.0,-0.003131064656228869
32.0,-0.0036708810404984674
36.0,-0.0017385871751078716
40.0,-0.0015976052192854695
44.0,-0.0023282775713596494
48.0,-0.005607601568241686
52.0,-0.008390531622959921
56.0,-0.008763659848167056
60.0,-0.00980947025648978
64.0,-0.012260631293611369
72.0,0.000515011543221159
80.0,-0.0002378648415814448
88.0,-0.0007861078284852402
96.0,-0.0011949507354170475
104.0,-0.0014059158305539505
112.0,-0.0025757218409125926
120.0,-0.002896919667316405
128.0,-0.002606380054682009
144.0,-0.0032629369775804664
160.0,-0.003579923442399983
176.0,-0.002491499607519169
192.0,-0.0021408920053848607
208.0,-0.0023882553604077355
224.0,-0.0015127485782916968
240.0,-0.000745828193506289
256.0,-0.0002489237236053062
288.0,-0.00032697656489391293
320.0,-3.598849434638396e-05
352.0,-3.653284309418975e-05
384.0,-0.00016024695994726953
416.0,-0.00010517213579280199
448.0,0.0003308187507274043
480.0,-0.00025512961171140586
512.0,-0.000263941650094542
576.0,-1.637872840850226e-05
640.0,-0.0005975269802244535
704.0,-0.00046342080289226334
768.0,-0.0011247001675656065
832.0,-0.0006016077450112789
896.0,-0.0009944543598976452
960.0,-0.003800341482322741
1024.0,-0.0012336960595954831
1152.0,2.908503847720567e-05
1280.0,5.825225525768474e-05
1408.0,-5.453775520436466e-05
1536.0,1.6913583067434956e-06
1664.0,4.6244298573583364e-05
1792.0,6.869704520795494e-06
1920.0,-3.356437446200289e-05
2048.0,-2.3845339455874637e-05
end
