version,3.0
numOfCh,1
type,point
parent_name,labthresh-0dot04_avgcorrs
ch_type,1_1
kcount,1
numberNandB,1
brightnessNandB,1
carpet pos,0
pc,0
Time (ms),CH1 Auto-Correlation
1.0,0.004392961971461773
2.0,0.0015612313291057944
3.0,0.0013828180963173509
4.0,0.0010257619433104992
5.0,-0.0001747215137584135
6.0,0.0004305749898776412
7.0,-0.00023848365526646376
8.0,-0.0004599172971211374
9.0,-6.235414912225679e-05
10.0,0.00020202621817588806
11.0,8.237425936385989e-05
12.0,-0.000203351242817007
13.0,0.0003564696526154876
14.0,-0.000799262837972492
15.0,-0.000811365433037281
16.0,-0.0005041187396273017
18.0,-0.00044663777225650847
20.0,-0.0003895851841662079
22.0,-0.0002857893123291433
24.0,-0.0012227841652929783
26.0,-0.0005783080123364925
28.0,-0.001080168760381639
30.0,-0.0004419063670866308
32.0,-0.00012896660118713043
36.0,0.00014655924665670942
40.0,-0.00017096961684209027
44.0,0.00011371237691751698
48.0,-0.0005409486892144091
52.0,-0.000534985007107025
56.0,-0.0009007625627158891
60.0,-0.0005626767492335952
64.0,3.5288251708082567e-06
72.0,-0.00012789659485861192
80.0,-0.00022279200838966063
88.0,-5.582136127486592e-05
96.0,-0.0005442013656647759
104.0,-0.0004958232972057886
112.0,-0.0005097364180983277
120.0,-0.00018350155091626986
128.0,-0.00013465215646360056
144.0,7.50351890019374e-05
160.0,0.00028491070843301715
176.0,3.75787962184404e-05
192.0,-0.0003143100789657183
208.0,-9.752500809554477e-05
224.0,-6.791043551857001e-05
240.0,-9.739388788148063e-05
256.0,-0.00013841399413649924
288.0,-0.00015084604213673933
320.0,9.268026244373889e-05
352.0,-5.521432972778307e-05
384.0,-7.003198152233381e-05
416.0,-0.00020394827677389712
448.0,-3.3094361747822e-06
480.0,4.2406614738865755e-05
512.0,2.6056986826006323e-05
576.0,-4.615264060703339e-06
640.0,-0.00010130278496944811
704.0,7.698475360484736e-05
768.0,0.00016198153116420144
832.0,-0.00022899612122273538
896.0,-2.689598659344483e-06
960.0,-0.0003983880451414734
1024.0,0.00014505927538266405
1152.0,-0.0001051615909091197
1280.0,-0.00026962716947309673
1408.0,4.021626591566019e-05
1536.0,0.00010010482219513506
1664.0,-7.004876533756033e-05
1792.0,7.940981595311314e-05
1920.0,8.621416054666042e-05
2048.0,6.538753223139793e-05
end
