version,3.0
numOfCh,1
type,point
parent_name,labthresh-0dot04_avgcorrs
ch_type,1_1
kcount,1
numberNandB,1
brightnessNandB,1
carpet pos,0
pc,0
Time (ms),CH1 Auto-Correlation
1.0,0.04324406385421753
2.0,0.04020846635103226
3.0,0.038647063076496124
4.0,0.03755878657102585
5.0,0.03709103539586067
6.0,0.035883743315935135
7.0,0.034849684685468674
8.0,0.03487724810838699
9.0,0.033557694405317307
10.0,0.032985832542181015
11.0,0.032149963080883026
12.0,0.031649742275476456
13.0,0.03161296248435974
14.0,0.030732614919543266
15.0,0.030049026012420654
16.0,0.02965203858911991
18.0,0.028403662145137787
20.0,0.02657562866806984
22.0,0.025202007964253426
24.0,0.023742789402604103
26.0,0.022426437586545944
28.0,0.022808995097875595
30.0,0.0222110786682606
32.0,0.022064373375542345
36.0,0.02615815640880707
40.0,0.022756310538898105
44.0,0.020394534598866206
48.0,0.017837917638826185
52.0,0.015906758804582446
56.0,0.014203343393940788
60.0,0.012303514545662135
64.0,0.010067988154575384
72.0,0.010095550420027436
80.0,0.007721253713541609
88.0,0.005256668728266266
96.0,0.004802767252407475
104.0,0.002893453420949213
112.0,0.0022949561318368764
120.0,-0.0004965541198284232
128.0,-0.0036273127556168696
144.0,0.013484342408796342
160.0,0.012558676947894408
176.0,0.012709206897013176
192.0,0.013982496483199961
208.0,0.014574768873619458
224.0,0.012159569028881378
240.0,0.012164044892415404
256.0,0.012331207764267068
288.0,-0.005921535711321566
320.0,-0.016037476202275986
352.0,-0.024346540652105533
384.0,-0.031116861925208166
416.0,-0.038285621063146716
448.0,-0.046238467726261154
480.0,-0.04879469620573218
512.0,-0.04323062397452304
576.0,-0.015964732629072387
640.0,-0.016159485036041588
704.0,-0.01653412050791303
768.0,-0.018012908400123706
832.0,-0.021014415876379644
896.0,-0.024723018144868547
960.0,-0.031043337628943846
1024.0,-0.03970065103476372
end
