version,3.0
numOfCh,1
type,point
parent_name,labthresh-0dot04_avgcorrs
ch_type,1_1
kcount,1
numberNandB,1
brightnessNandB,1
carpet pos,0
pc,0
Time (ms),CH1 Auto-Correlation
1.0,0.03380490839481354
2.0,0.028899896889925003
3.0,0.026439040899276733
4.0,0.024557191878557205
5.0,0.022090526297688484
6.0,0.020482858642935753
7.0,0.020245561376214027
8.0,0.018198009580373764
9.0,0.01670227386057377
10.0,0.01651521399617195
11.0,0.015811461955308914
12.0,0.014973938465118408
13.0,0.01455657184123993
14.0,0.014535794965922832
15.0,0.013948800973594189
16.0,0.012899527326226234
18.0,0.01249073725193739
20.0,0.010508378967642784
22.0,0.00910333264619112
24.0,0.00812446791678667
26.0,0.006620044820010662
28.0,0.005433476530015469
30.0,0.004276004619896412
32.0,0.0033649567048996687
36.0,0.005952503265143605
40.0,0.004817280674069479
44.0,0.0035247558926736625
48.0,0.0031731788478282395
52.0,0.001691453025462882
56.0,0.0015667173694964732
60.0,0.0009220225697087396
64.0,0.0007502850573170387
72.0,-0.0019414929135420703
80.0,-0.002899321508601516
88.0,-0.004716868905425623
96.0,-0.006735005326749831
104.0,-0.006890615034619354
112.0,-0.0066071809629456284
120.0,-0.0067350963677438955
128.0,-0.006938787555554882
144.0,-0.007859779296268243
160.0,-0.006812919620642788
176.0,-0.0043242115280008875
192.0,-0.0036828497536589566
208.0,-0.008500268063801997
224.0,-0.01282426137913717
240.0,-0.018318355681064227
256.0,-0.020815635517647025
288.0,-0.019509327256855613
320.0,-0.006461484252668015
352.0,-7.822146471880842e-06
384.0,0.014258472462188365
416.0,0.0007487524663929435
448.0,-0.0003930617203877773
480.0,-0.007168261025071843
512.0,-0.0011556798430092385
576.0,-0.0016808640211820602
640.0,-0.0009328935023707648
704.0,-0.0004837932453180353
768.0,-0.0005613456426848037
832.0,-0.0010385591497955222
896.0,-0.0009439886392404636
960.0,0.0029077074286760762
1024.0,0.0008309092845593113
1152.0,-0.0028883046470582485
1280.0,-0.0018391080666333437
1408.0,-0.0038728422950953245
1536.0,-0.004017530474811792
1664.0,0.0014541448326781392
1792.0,-0.004104116931557655
1920.0,-0.006078727543354034
2048.0,0.0006610980490222573
end
