version,3.0
numOfCh,1
type,point
parent_name,labthresh-0dot04_avgcorrs
ch_type,1_1
kcount,1
numberNandB,1
brightnessNandB,1
carpet pos,0
pc,0
Time (ms),CH1 Auto-Correlation
1.0,0.01451290212571621
2.0,0.011773364618420601
3.0,0.009990053251385689
4.0,0.009042086079716682
5.0,0.007790218107402325
6.0,0.007029772736132145
7.0,0.006411312613636255
8.0,0.004978278186172247
9.0,0.0041190627962350845
10.0,0.0038055472541600466
11.0,0.002899094019085169
12.0,0.003228613408282399
13.0,0.003420713124796748
14.0,0.003306922735646367
15.0,0.002825409173965454
16.0,0.0024876680690795183
18.0,0.0027224645018577576
20.0,0.002869078190997243
22.0,0.002072412520647049
24.0,0.0018761486280709505
26.0,0.0012125354260206223
28.0,0.0008702626219019294
30.0,0.001529025773496146
32.0,0.0017268381018836338
36.0,0.0014332101516743023
40.0,0.0011342024622535973
44.0,0.001478555943833726
48.0,0.0013727845735047595
52.0,0.0008699805916165815
56.0,0.00031866363326571445
60.0,0.0007196417969211207
64.0,0.0007535355884277622
72.0,0.0009165825365264689
80.0,0.0023010021627256224
88.0,0.0022126511215570977
96.0,0.0020723974026953906
104.0,0.001958173975667292
112.0,0.0015288490117613533
120.0,0.0006818948133427295
128.0,0.0006001302158221647
144.0,0.0010092948268720647
160.0,0.00015275453938556893
176.0,-0.0004012837691789173
192.0,0.000710050215730007
208.0,-0.00041743642123037716
224.0,0.0009072037082304973
240.0,0.0018633507754808913
256.0,0.00039678403021146854
288.0,-0.0005193519724950116
320.0,-0.004426656812332415
352.0,-0.0048835688348845
384.0,-0.0061457135767947575
416.0,-0.006780466751176088
448.0,-0.00858762871454625
480.0,-0.007213597174268216
512.0,-0.006149774916411843
576.0,-0.004170979421663408
640.0,-0.003973889698196824
704.0,-0.003064306190935895
768.0,-0.0018567945686906266
832.0,-0.0034938048532543084
896.0,-0.0029754975403193384
960.0,-0.0015106277423910797
1024.0,-0.0036770873509036997
1152.0,-0.006288550794124603
1280.0,-0.005232444033026695
1408.0,-0.009757891297340393
1536.0,-0.013197335414588451
1664.0,-0.007455415092408657
1792.0,-0.00876592006534338
1920.0,0.006817071698606014
2048.0,0.008540884591639042
end
