version,3.0
numOfCh,1
type,point
parent_name,labthresh-0dot04_avgcorrs
ch_type,1_1
kcount,1
numberNandB,1
brightnessNandB,1
carpet pos,0
pc,0
Time (ms),CH1 Auto-Correlation
1.0,0.027262045070528984
2.0,0.023625360801815987
3.0,0.020486632362008095
4.0,0.017728140577673912
5.0,0.01565132662653923
6.0,0.01354110799729824
7.0,0.012578805908560753
8.0,0.011118099093437195
9.0,0.009846284054219723
10.0,0.009278411976993084
11.0,0.008861417882144451
12.0,0.008166617713868618
13.0,0.008550507016479969
14.0,0.008360535837709904
15.0,0.007877291180193424
16.0,0.008337408304214478
18.0,0.006582619156688452
20.0,0.00479387491941452
22.0,0.004472263157367706
24.0,0.004916602745652199
26.0,0.0063766115345060825
28.0,0.0067407009191811085
30.0,0.008479394018650055
32.0,0.008505633100867271
36.0,0.0037496670878746433
40.0,0.0026861879128513727
44.0,0.0026003326426559527
48.0,0.002500242532135287
52.0,0.0019149374065558992
56.0,0.0015469084679352817
60.0,0.0005647049606523069
64.0,0.0008865050797339791
72.0,0.0007224352434773378
80.0,-0.00034877183915577243
88.0,-0.0007150759231956692
96.0,0.000226877643433033
104.0,-5.86529846865839e-05
112.0,-0.00107107414805796
120.0,-0.0020009250231221532
128.0,-0.0023890326422658223
144.0,-0.0038639508503322197
160.0,-0.0022163754902500103
176.0,-0.002679555202554357
192.0,-0.002178849239065866
208.0,-0.002092732843298758
224.0,-0.0024268371894972268
240.0,-0.0024456516820507766
256.0,-0.0004077760715431179
288.0,-0.00822720890646451
320.0,-0.006602427865436767
352.0,-0.004953740462951828
384.0,-0.00826402930506447
416.0,-0.010888477077241988
448.0,-0.0068773154776863524
480.0,-0.009347578903543763
512.0,-0.013377735546782787
576.0,-0.0073679034831002355
640.0,-0.007938182447105646
704.0,-0.01009307177446317
768.0,-0.012570763938128948
832.0,-0.013501322944648564
896.0,-0.01176641316851601
960.0,-0.017379794357111678
1024.0,-0.009501272113993764
end
