version,3.0
numOfCh,1
type,point
parent_name,labthresh-0dot04_avgcorrs
ch_type,1_1
kcount,1
numberNandB,1
brightnessNandB,1
carpet pos,0
pc,0
Time (ms),CH1 Auto-Correlation
1.0,0.006511018145829439
2.0,0.00484383013099432
3.0,0.003749149851500988
4.0,0.0035598634276539087
5.0,0.0031681463588029146
6.0,0.0030141181778162718
7.0,0.0033018484245985746
8.0,0.003475200617685914
9.0,0.002610483206808567
10.0,0.0029146955348551273
11.0,0.0024826102890074253
12.0,0.0032234014943242073
13.0,0.00263764220289886
14.0,0.0023340261541306973
15.0,0.002118961652740836
16.0,0.002087348373606801
18.0,0.0018229041015729308
20.0,0.0010042040375992656
22.0,0.001654441119171679
24.0,0.0017446638084948063
26.0,0.002606114372611046
28.0,0.002246261341497302
30.0,0.001991481985896826
32.0,0.0013057149481028318
36.0,0.0020836526188889237
40.0,0.0021710754019165636
44.0,0.00204810646542504
48.0,0.0018166715961082706
52.0,0.00175663918198552
56.0,0.002122008859104036
60.0,0.0014099452378104615
64.0,0.001658335177353365
72.0,0.002306945073036736
80.0,0.0019091015602936278
88.0,0.0015204370620604433
96.0,0.001405769813236138
104.0,0.0014995941372843743
112.0,0.0014827259807740727
120.0,0.0013453121646307409
128.0,0.0011010952556926685
144.0,0.0014300190756936597
160.0,0.0014023120678584313
176.0,0.0012149339572282596
192.0,0.0007989739845340539
208.0,0.0006209837477702725
224.0,0.00013662023684446467
240.0,-0.00028649696209218485
256.0,-0.001078245895249503
288.0,0.000358522040914977
320.0,-0.0003276696166722104
352.0,-0.0004891798626886157
384.0,-0.0014623580529587344
416.0,-0.0020639224218029994
448.0,-0.0024194740784878378
480.0,-0.0036858709499938414
512.0,-0.004598951808929996
576.0,-0.023732075627776794
640.0,-0.02960516144230496
704.0,-0.03027395837898439
768.0,-0.027170101398951374
832.0,-0.013653542118845508
896.0,-0.0022955162421567366
960.0,0.004546091200609226
1024.0,0.006201795084052719
end
