version,3.0
numOfCh,1
type,point
parent_name,labthresh-0dot04_avgcorrs
ch_type,1_1
kcount,1
numberNandB,1
brightnessNandB,1
carpet pos,0
pc,0
Time (ms),CH1 Auto-Correlation
1.0,0.02094263955950737
2.0,0.017358627170324326
3.0,0.015766650438308716
4.0,0.014095290564000607
5.0,0.012484382838010788
6.0,0.011556659825146198
7.0,0.010035046376287937
8.0,0.009129079058766365
9.0,0.008615349419414997
10.0,0.006782266311347485
11.0,0.006452714558690786
12.0,0.005959539208561182
13.0,0.005304338876157999
14.0,0.004310369025915861
15.0,0.004561831243336201
16.0,0.004615266341716051
18.0,0.0032317035365849733
20.0,0.003795474302023649
22.0,0.001761510968208313
24.0,0.0016931745922192931
26.0,0.0016414866549894214
28.0,0.0004332763492129743
30.0,-0.0005597380604740465
32.0,-0.001840879656447214
36.0,-0.0023463878579636443
40.0,-0.0022213044907842014
44.0,-0.0026796468358176347
48.0,-0.003901330450577822
52.0,-0.005117082297586202
56.0,-0.004653532873660503
60.0,-0.0033978023535122964
64.0,-0.0010345966394587386
72.0,-0.0024279902952358775
80.0,-0.0027917922947697502
88.0,-0.0034768803316380754
96.0,-0.004874594290373827
104.0,-0.00373329329293325
112.0,-0.0009826865915902486
120.0,-0.0005659889864918197
128.0,-0.00020826024547204725
144.0,-0.0026787122338386587
160.0,-0.0034722287278522606
176.0,-0.0034465249742165077
192.0,-0.0033880479648879763
208.0,-0.002074179626496126
224.0,-0.0006880396322555628
240.0,-0.0013626774587984464
256.0,-0.0015358390987135603
288.0,-0.003409874052158557
320.0,-0.00297052632085979
352.0,-0.0025876556119328598
384.0,-0.0019843330708681607
416.0,-0.0006564362785866252
448.0,0.0010530240273510572
480.0,0.002059863862491006
512.0,0.002463110156693599
576.0,-0.000489765510064899
640.0,-0.000554545711929677
704.0,2.6105224242201076e-05
768.0,-0.001279864056414226
832.0,-0.001373033114214195
896.0,-0.0010645820618719881
960.0,0.0004140572254982544
1024.0,-0.0001540528392069973
end
