version,3.0
numOfCh,1
type,point
parent_name,labthresh-0dot04_avgcorrs
ch_type,1_1
kcount,1
numberNandB,1
brightnessNandB,1
carpet pos,0
pc,0
Time (ms),CH1 Auto-Correlation
1.0,0.03660482168197632
2.0,0.03452051803469658
3.0,0.03336450085043907
4.0,0.03207723796367645
5.0,0.031487468630075455
6.0,0.030264077708125114
7.0,0.029629478231072426
8.0,0.029230797663331032
9.0,0.028626058250665665
10.0,0.027440033853054047
11.0,0.026448296383023262
12.0,0.025900883600115776
13.0,0.025923365727066994
14.0,0.025443680584430695
15.0,0.02503315918147564
16.0,0.02502080425620079
18.0,0.02400917001068592
20.0,0.023081794381141663
22.0,0.022268597036600113
24.0,0.021144535392522812
26.0,0.020052772015333176
28.0,0.018856504932045937
30.0,0.019220708938810276
32.0,0.018394207606761484
36.0,0.02461869666955396
40.0,0.0234104380379486
44.0,0.021436009457927965
48.0,0.018737002162172733
52.0,0.015745087352508957
56.0,0.013163825185934862
60.0,0.014899948080811656
64.0,0.01402148065257178
72.0,0.025461593169602566
80.0,0.022005729709781006
88.0,0.01823050599792623
96.0,0.015477790439908858
104.0,0.012731692702727742
112.0,0.010199644823442213
120.0,0.00782034317877412
128.0,0.0048615048287066875
144.0,-0.0010271047367496067
160.0,-0.00830057250959726
176.0,-0.01394678022916196
192.0,-0.01889975752965256
208.0,-0.02397707721002007
224.0,-0.02923592792967611
240.0,-0.03638007032034996
256.0,-0.04050721660629885
288.0,-0.02986386925331317
320.0,-0.0364693119416188
352.0,-0.03795088544211467
384.0,-0.038630734792695874
416.0,-0.046300027776760545
448.0,-0.04093452898196119
480.0,-0.026831668888189598
512.0,-0.006409876791576607
576.0,-0.04049855764606036
640.0,-0.05842800134269055
704.0,-0.07606453441076155
768.0,-0.10136376759692212
832.0,-0.12301523359201383
896.0,-0.11314424499869347
end
