version,3.0
numOfCh,1
type,point
parent_name,labthresh-0dot04_avgcorrs
ch_type,1_1
kcount,1
numberNandB,1
brightnessNandB,1
carpet pos,0
pc,0
Time (ms),CH1 Auto-Correlation
1.0,0.011929186061024666
2.0,0.010701094754040241
3.0,0.009023045189678669
4.0,0.008953993208706379
5.0,0.008317037485539913
6.0,0.008402134291827679
7.0,0.008825844153761864
8.0,0.008005303330719471
9.0,0.008004702627658844
10.0,0.007415780797600746
11.0,0.008643449284136295
12.0,0.007240932434797287
13.0,0.00839777011424303
14.0,0.0074600898660719395
15.0,0.00797893013805151
16.0,0.008181287907063961
18.0,0.007009980734437704
20.0,0.006669054739177227
22.0,0.006036906503140926
24.0,0.006168154068291187
26.0,0.00627845898270607
28.0,0.00657307356595993
30.0,0.006003681104630232
32.0,0.005842724349349737
36.0,0.008001977276871913
40.0,0.007916646811645478
44.0,0.007919042877983885
48.0,0.007317921567591839
52.0,0.007193882470110111
56.0,0.0071599951946700454
60.0,0.006486836347248754
64.0,0.00589092904352583
72.0,0.006653186057712901
80.0,0.006076097265548697
88.0,0.005357915506829158
96.0,0.004970897369275917
104.0,0.004347309821241652
112.0,0.0036291990832978626
120.0,0.0031103403762244852
128.0,0.0026008755381553782
144.0,0.0022029234233367093
160.0,0.0014630693975264235
176.0,0.0007593696153729551
192.0,1.7418800887432607e-05
208.0,-0.0002267635050777565
224.0,-0.0006158048685499714
240.0,-0.0018130224681740133
256.0,-0.0027406672576462906
288.0,-0.004435845993915184
320.0,-0.0066488177429467514
352.0,-0.00880309035043562
384.0,-0.00990951946422077
416.0,-0.01004840619824184
448.0,-0.009012184244359863
480.0,-0.007429964021260578
512.0,-0.006405260376292669
576.0,-0.0073693002195796
640.0,-0.0065882926181075165
704.0,-0.007073245180072263
768.0,-0.005249221326812404
832.0,-0.00465853204659652
896.0,-0.008034884306835011
960.0,0.002059926358924713
1024.0,0.0015053407123559737
end
