version,3.0
numOfCh,1
type,point
parent_name,labthresh-0dot04_avgcorrs
ch_type,1_1
kcount,1
numberNandB,1
brightnessNandB,1
carpet pos,0
pc,0
Time (ms),CH1 Auto-Correlation
1.0,0.018921639770269394
2.0,0.0171216931194067
3.0,0.016496945172548294
4.0,0.01622476615011692
5.0,0.015717869624495506
6.0,0.015470401383936405
7.0,0.01570158265531063
8.0,0.015005038119852543
9.0,0.014830158092081547
10.0,0.014416680671274662
11.0,0.014534863643348217
12.0,0.01379092875868082
13.0,0.013750085607171059
14.0,0.013708298094570637
15.0,0.013790149241685867
16.0,0.013670905493199825
18.0,0.013559763319790363
20.0,0.012957103550434113
22.0,0.01248773280531168
24.0,0.012399302795529366
26.0,0.011728748679161072
28.0,0.011962446384131908
30.0,0.01149773840065668
32.0,0.011457083774518184
36.0,0.01208499997130061
40.0,0.011388788458134513
44.0,0.010675929870451321
48.0,0.010009865907049435
52.0,0.008997796470152131
56.0,0.008760965866873876
60.0,0.008122665860107438
64.0,0.007623295600117699
72.0,0.007745315303899198
80.0,0.006160840389546658
88.0,0.005277561977988755
96.0,0.003977042697117993
104.0,0.003188362374722991
112.0,0.0019587351063299657
120.0,0.0006121346798733741
128.0,-0.00043364288948006494
144.0,0.0017394521566850873
160.0,-0.0005398568892440595
176.0,-0.0015265665433081962
192.0,-0.0024158337923033874
208.0,-0.0038074487353750397
224.0,-0.00487081806482713
240.0,-0.007496851682589067
256.0,-0.009783171067283547
288.0,-0.006590925745917452
320.0,-0.00980527600849099
352.0,-0.013165761361758795
384.0,-0.014160309914991053
416.0,-0.014993463321136206
448.0,-0.016549313452237077
480.0,-0.017383603223909933
512.0,-0.017642886902144203
576.0,-0.0062435774598270655
640.0,-0.0017259204760193825
704.0,-0.006676175631582737
768.0,-0.01665362319909036
832.0,-0.02865499909967184
896.0,-0.03765292465686798
960.0,-0.04271707683801651
1024.0,-0.03257756866514683
end
