version,3.0
numOfCh,1
type,point
parent_name,labthresh-0dot04_avgcorrs
ch_type,1_1
kcount,1
numberNandB,1
brightnessNandB,1
carpet pos,0
pc,0
Time (ms),CH1 Auto-Correlation
1.0,0.07041806727647781
2.0,0.06169653311371803
3.0,0.055958062410354614
4.0,0.050881415605545044
5.0,0.04733474552631378
6.0,0.044575270265340805
7.0,0.041211169213056564
8.0,0.03825197368860245
9.0,0.03593152016401291
10.0,0.03344029188156128
11.0,0.031822994351387024
12.0,0.03135145828127861
13.0,0.030027208849787712
14.0,0.028726955875754356
15.0,0.028201056644320488
16.0,0.02799285016953945
18.0,0.025728270411491394
20.0,0.02409098483622074
22.0,0.021644966676831245
24.0,0.019161241129040718
26.0,0.019303763285279274
28.0,0.018743662163615227
30.0,0.019251463934779167
32.0,0.019117049872875214
36.0,0.018403972740832778
40.0,0.014844329504161247
44.0,0.010478114888180491
48.0,0.009821279912681679
52.0,0.009457883716095239
56.0,0.007185109759368722
60.0,0.006123520607864272
64.0,0.0043234335554933005
72.0,0.0024318517816936946
80.0,-0.002277786867125542
88.0,-0.0017087510425881191
96.0,0.0007184790676546982
104.0,-0.0012314241083004162
112.0,-0.00502363260607126
120.0,-0.0053524591234906296
128.0,0.00014552896400824752
144.0,0.00268254088009331
160.0,-7.629993428161149e-05
176.0,0.00035752796932630353
192.0,0.002639195789122502
208.0,0.003136113430681529
224.0,0.0014100087543791981
240.0,0.003071368291784893
256.0,0.0011958599679928739
288.0,-0.007306116829008365
320.0,-0.007999263407327817
352.0,-0.008395452277069965
384.0,-0.016167077252108496
416.0,-0.020690910980472557
448.0,-0.01469920279795098
480.0,-0.011241861342568882
512.0,-0.021746279725751567
576.0,-0.01303414139900789
640.0,-0.015342110002945577
704.0,-0.010855795651358286
768.0,-0.010800069541021782
832.0,-0.009800078166465807
896.0,-0.009514713495653788
960.0,0.008947535779346557
1024.0,-0.0013896728196414188
1152.0,-0.006078035105019808
1280.0,-0.00396827282384038
1408.0,-0.004593803081661463
1536.0,-0.0019694396760314703
1664.0,0.0012932401150465012
1792.0,-0.008278025314211845
1920.0,-0.0015199690824374557
2048.0,0.006029937416315079
end
