version,3.0
numOfCh,1
type,point
parent_name,labthresh-0dot04_avgcorrs
ch_type,1_1
kcount,1
numberNandB,1
brightnessNandB,1
carpet pos,0
pc,0
Time (ms),CH1 Auto-Correlation
1.0,0.035599447786808014
2.0,0.03263663500547409
3.0,0.03201565146446228
4.0,0.029803255572915077
5.0,0.02911549061536789
6.0,0.028599156066775322
7.0,0.02798742987215519
8.0,0.027085984125733376
9.0,0.025979431346058846
10.0,0.025432057678699493
11.0,0.024435972794890404
12.0,0.023378292098641396
13.0,0.022967083379626274
14.0,0.022543882951140404
15.0,0.021804044023156166
16.0,0.02094164490699768
18.0,0.020749730989336967
20.0,0.02077307552099228
22.0,0.01924647018313408
24.0,0.018993103876709938
26.0,0.017907043918967247
28.0,0.017061123624444008
30.0,0.01861853152513504
32.0,0.018555575981736183
36.0,0.027763813179341883
40.0,0.025775370184893964
44.0,0.023352632305392508
48.0,0.020667905636756863
52.0,0.01764778406283332
56.0,0.016364815451948823
60.0,0.01543062033227255
64.0,0.014256968121670703
72.0,0.019807969579801465
80.0,0.016668318795836967
88.0,0.015421775286085904
96.0,0.012547687573714938
104.0,0.008289228988815012
112.0,0.004443369008841458
120.0,0.0032790604332149087
128.0,0.003031907289823721
144.0,0.012608406698256238
160.0,0.01060302128294447
176.0,0.011219379052328384
192.0,0.01131296107408931
208.0,0.010405013424483163
224.0,0.007985413982588887
240.0,0.0050358327453767955
256.0,0.003798915904133957
288.0,0.0033629936957974373
320.0,-0.0009591446272073275
352.0,-0.005815456374269464
384.0,-0.007700925009885395
416.0,-0.01181569004074845
448.0,-0.014352835120310678
480.0,-0.015601581858878907
512.0,-0.01875506756550749
576.0,-0.06642439138765137
640.0,-0.07258477380188803
704.0,-0.0741531189220647
768.0,-0.06411117517078917
832.0,-0.050365025526843965
896.0,-0.04216760536655784
960.0,-0.036394790125389896
1024.0,-0.02551476766044895
1152.0,-0.027443127240985632
1280.0,0.0013731590006500483
1408.0,0.037268181797116995
1536.0,0.048177466636843747
1664.0,0.051229905569925904
1792.0,0.052238274714909494
end
