version,3.0
numOfCh,1
type,point
parent_name,labthresh-0dot04_avgcorrs
ch_type,1_1
kcount,1
numberNandB,1
brightnessNandB,1
carpet pos,0
pc,0
Time (ms),CH1 Auto-Correlation
1.0,0.020202934741973877
2.0,0.017243890091776848
3.0,0.017023498192429543
4.0,0.016387877985835075
5.0,0.016782939434051514
6.0,0.016284577548503876
7.0,0.015412956476211548
8.0,0.015374328941106796
9.0,0.015175138600170612
10.0,0.014988649636507034
11.0,0.014431700110435486
12.0,0.014404892921447754
13.0,0.01410478726029396
14.0,0.013912750408053398
15.0,0.013679041527211666
16.0,0.013388026505708694
18.0,0.012782679870724678
20.0,0.012438245117664337
22.0,0.012136045843362808
24.0,0.010814009234309196
26.0,0.011660839430987835
28.0,0.010490004904568195
30.0,0.010119592770934105
32.0,0.010705255903303623
36.0,0.012033427889825058
40.0,0.011403297606375418
44.0,0.010995858221698048
48.0,0.009888040201743328
52.0,0.00974412205293144
56.0,0.009032717447795827
60.0,0.008402687565103406
64.0,0.0077997856654898595
72.0,0.008144156513362364
80.0,0.006452145636696672
88.0,0.005484699253429426
96.0,0.004747276707190474
104.0,0.00438184518043272
112.0,0.0037179156240580123
120.0,0.002743129293894922
128.0,0.0021732705781291966
144.0,0.000702636733097149
160.0,-0.00039387686618803334
176.0,-0.0003930498720105139
192.0,-0.0010723495597197879
208.0,-0.0012577913723708619
224.0,-0.0022148492923103427
240.0,-0.0022377335571945878
256.0,-0.0027867178780849955
288.0,-0.0033965624954683284
320.0,-0.0031572676554573907
352.0,-0.0027310573765562903
384.0,-0.002542273677296608
416.0,-0.0023879602224898167
448.0,-0.002820091481293683
480.0,-0.0034232674253871663
512.0,-0.003915810798207531
576.0,-0.028856715187430382
640.0,-0.038283069618046284
704.0,-0.04623505473136902
768.0,-0.06080364249646664
832.0,-0.07415397837758064
896.0,-0.09764005057513714
960.0,-0.14705345779657364
1024.0,-0.11868385598063469
end
