version,3.0
numOfCh,1
type,point
parent_name,labthresh-0dot04_avgcorrs
ch_type,1_1
kcount,1
numberNandB,1
brightnessNandB,1
carpet pos,0
pc,0
Time (ms),CH1 Auto-Correlation
1.0,0.005700315348803997
2.0,0.003576409537345171
3.0,0.002211290178820491
4.0,0.0022453954443335533
5.0,0.0018372123595327139
6.0,0.0015657732728868723
7.0,0.0011792652076110244
8.0,0.0013706639874726534
9.0,0.0013480277266353369
10.0,0.0010431839618831873
11.0,0.0008342862129211426
12.0,0.00025055563310161233
13.0,0.00039651841507293284
14.0,0.0011770225828513503
15.0,0.0004652172210626304
16.0,-8.237010479206219e-05
18.0,0.00019159696239512414
20.0,0.0005197552382014692
22.0,0.0002862060791812837
24.0,0.0006795773515477777
26.0,0.0004996698698960245
28.0,0.00023448330466635525
30.0,-0.0004046036920044571
32.0,-0.00021495961118489504
36.0,0.000620713777552186
40.0,0.0006455034084465848
44.0,0.0003638346440284019
48.0,0.00042370178892848674
52.0,0.000991813842491948
56.0,0.00020242746794599842
60.0,0.0008316233639385657
64.0,0.0007739651459081459
72.0,-7.740830544207711e-05
80.0,-0.00011301681399345398
88.0,0.00020269607281079517
96.0,-0.0001339348961482756
104.0,0.0006286356963755679
112.0,0.0003416434005339397
120.0,-0.0007455073310942996
128.0,-0.0005540723680536283
144.0,0.00014097021227956117
160.0,-1.990116184710392e-05
176.0,-0.0002522027433380052
192.0,-0.00011714954585581186
208.0,-0.0003903987022308034
224.0,-0.00023877209092201416
240.0,-0.00029849554188591095
256.0,-0.0005402230118696545
288.0,-0.0011177410145007474
320.0,-0.0013946576753239373
352.0,-0.0020244103808571318
384.0,-0.0020477187177415806
416.0,-0.0020950198408432436
448.0,-0.0019902153079718638
480.0,-0.0020778014025684874
512.0,-0.0014498929507074838
576.0,0.0002644335445438628
640.0,0.00034541511195129715
704.0,0.0006648792550549842
768.0,0.0004933666750730481
832.0,0.0006043667569883837
896.0,0.0004200448820483871
960.0,1.6101423777096596e-05
1024.0,1.8695220205700025e-05
1152.0,-0.00018716059275902808
1280.0,-0.0006375450175255537
1408.0,3.146232484141365e-05
1536.0,0.0005535280797630548
1664.0,0.00026203427114523947
1792.0,0.0003905244520865381
1920.0,-0.001064301934093237
2048.0,-0.0006100345053710043
end
