version,3.0
numOfCh,1
type,point
parent_name,labthresh-0dot04_avgcorrs
ch_type,1_1
kcount,1
numberNandB,1
brightnessNandB,1
carpet pos,0
pc,0
Time (ms),CH1 Auto-Correlation
1.0,0.012422293424606323
2.0,0.011010746471583843
3.0,0.010309575125575066
4.0,0.009719458408653736
5.0,0.009675330482423306
6.0,0.009258749894797802
7.0,0.009463031776249409
8.0,0.009054413065314293
9.0,0.008997535333037376
10.0,0.00846840813755989
11.0,0.009049090556800365
12.0,0.008858215995132923
13.0,0.00888876337558031
14.0,0.008467260748147964
15.0,0.008183477446436882
16.0,0.008586174808442593
18.0,0.008019106462597847
20.0,0.007930696941912174
22.0,0.008187050931155682
24.0,0.007867592386901379
26.0,0.007142359856516123
28.0,0.007009712513536215
30.0,0.008040355573549667
32.0,0.007817293582515308
36.0,0.008715168780254317
40.0,0.008667549072997644
44.0,0.0078093346824243785
48.0,0.007686832655745093
52.0,0.007489158419339219
56.0,0.007762698943843134
60.0,0.007795994692254264
64.0,0.007373458866823057
72.0,0.007799068371761158
80.0,0.007699793534703488
88.0,0.0069825388853219225
96.0,0.006473253808048
104.0,0.00642435264637156
112.0,0.0055907875437350455
120.0,0.005147768174527387
128.0,0.004419451717001807
144.0,0.004200531629306313
160.0,0.003756356527087758
176.0,0.003124978825852802
192.0,0.00206580506633863
208.0,0.0014909911042195745
224.0,0.0010544919565099438
240.0,0.00017927132595265422
256.0,-0.00033434827406274374
288.0,-0.0006020666793726074
320.0,-0.0008289641611554544
352.0,-0.0009835920799863137
384.0,-0.002339379781733442
416.0,-0.004086231163667738
448.0,-0.005739589594547094
480.0,-0.006422908830669863
512.0,-0.006998018749679129
576.0,0.003845025713872019
640.0,0.003672794041222005
704.0,-0.0019757173486141255
768.0,-0.010519448444938462
832.0,-0.024127441607390665
896.0,-0.03223142500701215
960.0,-0.05283304969392096
1024.0,-0.06406870089025081
end
