version,3.0
numOfCh,1
type,point
parent_name,labthresh-0dot04_avgcorrs
ch_type,1_1
kcount,1
numberNandB,1
brightnessNandB,1
carpet pos,0
pc,0
Time (ms),CH1 Auto-Correlation
1.0,0.060621779412031174
2.0,0.05647604912519455
3.0,0.05420800298452377
4.0,0.05159943550825119
5.0,0.04947683960199356
6.0,0.04695338383316994
7.0,0.04620334133505821
8.0,0.04515555873513222
9.0,0.04407728463411331
10.0,0.04259788244962692
11.0,0.04177287220954895
12.0,0.0413333959877491
13.0,0.040156859904527664
14.0,0.03866386413574219
15.0,0.03753180801868439
16.0,0.03636499121785164
18.0,0.035289108753204346
20.0,0.03437262773513794
22.0,0.0324237123131752
24.0,0.03164222091436386
26.0,0.03041815757751465
28.0,0.028712842613458633
30.0,0.027315080165863037
32.0,0.026380639523267746
36.0,0.03381484714142668
40.0,0.030485488951429336
44.0,0.027885167245403863
48.0,0.026228428348743667
52.0,0.024425272982019425
56.0,0.022447729015887794
60.0,0.021600134401044593
64.0,0.018357299602939747
72.0,0.028024743523450236
80.0,0.021547860967218998
88.0,0.015467323470817829
96.0,0.011312101109835663
104.0,0.009180568369533591
112.0,0.006328157308177508
120.0,0.0036307972983003743
128.0,0.0016622213810670043
144.0,-0.0074077959443457075
160.0,-0.016237644876127888
176.0,-0.02203640120478667
192.0,-0.031133331440287293
208.0,-0.03841059387559653
224.0,-0.03594447366231179
240.0,-0.03190091068778808
256.0,-0.036029754659587826
288.0,-0.03344007190025877
320.0,-0.043611813193820126
352.0,-0.04804107411837322
384.0,-0.04245037435930499
416.0,-0.04615780543554138
448.0,-0.05985222370645715
480.0,-0.07836016127293988
512.0,-0.07850045950272033
576.0,-0.01367496553696886
640.0,-0.013475867017405108
704.0,-0.030153748162168387
768.0,-0.03177238962962292
832.0,-0.02282583778044985
896.0,-0.007233135528319205
960.0,0.013876358279958367
1024.0,0.01634994026971981
1152.0,-0.00018209381960332394
1280.0,8.56100014061667e-05
1408.0,-0.00018573040142655373
1536.0,-9.463094465900213e-05
1664.0,-0.0001437342434655875
1792.0,-0.00028276696684770286
1920.0,-0.00015413422079291195
2048.0,-0.00023248078650794923
end
