version,3.0
numOfCh,1
type,point
parent_name,labthresh-0dot04_avgcorrs
ch_type,1_1
kcount,1
numberNandB,1
brightnessNandB,1
carpet pos,0
pc,0
Time (ms),CH1 Auto-Correlation
1.0,0.030694961547851562
2.0,0.027846330776810646
3.0,0.026649825274944305
4.0,0.0256184171885252
5.0,0.025082174688577652
6.0,0.023457184433937073
7.0,0.022541020065546036
8.0,0.022169802337884903
9.0,0.02134735882282257
10.0,0.01972091943025589
11.0,0.018946684896945953
12.0,0.017700864002108574
13.0,0.017577199265360832
14.0,0.016428127884864807
15.0,0.015994789078831673
16.0,0.01491374522447586
18.0,0.013672541826963425
20.0,0.013317684642970562
22.0,0.012157360091805458
24.0,0.011648311279714108
26.0,0.011154575273394585
28.0,0.01020378340035677
30.0,0.010539738351511119
32.0,0.010717701846260752
36.0,0.013722502958368446
40.0,0.012682692732899644
44.0,0.011427379247682742
48.0,0.010442464253837139
52.0,0.00902977593811253
56.0,0.008717488361071446
60.0,0.007059103789136619
64.0,0.00626559918782732
72.0,0.006467940549555351
80.0,0.004074952237513369
88.0,0.0010706578986072498
96.0,-0.004078880505605614
104.0,-0.00813514314055889
112.0,-0.010868554417862065
120.0,-0.01467327424446315
128.0,-0.020037785847105423
144.0,-0.010298493402712796
160.0,-0.012889866294114784
176.0,-0.01457046184909164
192.0,-0.016011178825302914
208.0,-0.017932643653044318
224.0,-0.017744336025706225
240.0,-0.01670938414489293
256.0,-0.015266599233914999
288.0,-0.0034468346614933885
320.0,-0.005267829669820558
352.0,-0.006985903028786804
384.0,-0.00782271935976395
416.0,-0.008127500822107928
448.0,-0.007662640104576389
480.0,-0.008937422064263956
512.0,-0.008368074922600499
576.0,-0.006071533243357408
640.0,-0.005093284214581217
704.0,-0.0030519634633492387
768.0,-0.001496605257017336
832.0,-0.0013784600196231622
896.0,-0.0015941394981382473
960.0,-0.00219413149261527
1024.0,-0.0026050141614177846
1152.0,-0.00930179562419653
1280.0,-0.013750658370554447
1408.0,-0.013975310139358044
1536.0,-0.007752782199531794
1664.0,-0.0015222466317936778
1792.0,0.03696944937109947
1920.0,0.03997770696878433
2048.0,0.043812572956085205
end
