version,3.0
numOfCh,1
type,point
parent_name,labthresh-0dot04_avgcorrs
ch_type,1_1
kcount,1
numberNandB,1
brightnessNandB,1
carpet pos,0
pc,0
Time (ms),CH1 Auto-Correlation
1.0,0.02398185431957245
2.0,0.022810405120253563
3.0,0.02190292999148369
4.0,0.021203918382525444
5.0,0.020915690809488297
6.0,0.020201317965984344
7.0,0.01981467753648758
8.0,0.01961851306259632
9.0,0.01913071610033512
10.0,0.018771274015307426
11.0,0.01832471787929535
12.0,0.018146153539419174
13.0,0.017808618023991585
14.0,0.01706116273999214
15.0,0.016747521236538887
16.0,0.01649683527648449
18.0,0.015861691907048225
20.0,0.015328921377658844
22.0,0.014506879262626171
24.0,0.01399683952331543
26.0,0.013056081719696522
28.0,0.01276338193565607
30.0,0.012259435839951038
32.0,0.012136436998844147
36.0,0.01427696172342277
40.0,0.0134994611675813
44.0,0.012544095794805183
48.0,0.012109226807346253
52.0,0.01172871986322256
56.0,0.011527774073771513
60.0,0.011634196097778235
64.0,0.01137389014911605
72.0,0.01606547127037471
80.0,0.014601673760056577
88.0,0.01312035076641579
96.0,0.011006791788373526
104.0,0.009238783156552412
112.0,0.00769819501526755
120.0,0.007043271707674569
128.0,0.005928152654593325
144.0,0.006899221370986197
160.0,0.0047822255852452145
176.0,0.003876620290611754
192.0,0.002591205962744425
208.0,0.00033103462192229927
224.0,-0.0017286032161791809
240.0,-0.0030350501438078936
256.0,-0.002744642100878991
288.0,0.0009248292384048303
320.0,-0.0016213106961610417
352.0,-0.007450285057226817
384.0,-0.016159831080585718
416.0,-0.020120198605582118
448.0,-0.02588047149280707
480.0,-0.037164326070342216
512.0,-0.03808290865272283
576.0,-0.021310259277621906
640.0,-0.03142153471708298
704.0,-0.04537040057281653
768.0,-0.06031591507295767
832.0,-0.07329350950506826
896.0,-0.07994161235789458
960.0,-0.0794032405441006
1024.0,-0.07937985348204772
1152.0,-0.14005227386951447
1280.0,-0.12109492719173431
1408.0,-0.04162885248661041
1536.0,0.04473903030157089
1664.0,0.10761941224336624
1792.0,0.16027948260307312
1920.0,0.22553236782550812
2048.0,0.2567085921764374
end
