version,3.0
numOfCh,1
type,point
parent_name,labthresh-0dot04_avgcorrs
ch_type,1_1
kcount,1
numberNandB,1
brightnessNandB,1
carpet pos,0
pc,0
Time (ms),CH1 Auto-Correlation
1.0,0.017715323716402054
2.0,0.015967337414622307
3.0,0.015196648426353931
4.0,0.014357352629303932
5.0,0.013428917154669762
6.0,0.013734662905335426
7.0,0.014259958639740944
8.0,0.013612000271677971
9.0,0.013415932655334473
10.0,0.013087257742881775
11.0,0.012987693771719933
12.0,0.012840954586863518
13.0,0.012411382980644703
14.0,0.011798560619354248
15.0,0.012106552720069885
16.0,0.011569445952773094
18.0,0.010992467403411865
20.0,0.011703157797455788
22.0,0.010921040549874306
24.0,0.010081951506435871
26.0,0.009562993422150612
28.0,0.00969149824231863
30.0,0.009154077619314194
32.0,0.008555201813578606
36.0,0.010333915241708088
40.0,0.009854014111155149
44.0,0.009594023309839559
48.0,0.008545941730605387
52.0,0.007070207993585369
56.0,0.006219986186073173
60.0,0.005147764574259429
64.0,0.004997760405287056
72.0,0.011614085614335062
80.0,0.009704225417264848
88.0,0.008693310509012295
96.0,0.007549020899252929
104.0,0.006356338341950169
112.0,0.004944623042798699
120.0,0.0034729425732573298
128.0,0.0024993130921900863
144.0,-0.0002654476539786489
160.0,-0.003715913310141052
176.0,-0.0068788861073978925
192.0,-0.009731074340659408
208.0,-0.010724164209722612
224.0,-0.010229727204624886
240.0,-0.008957983992028554
256.0,-0.010588302718436656
288.0,-0.003780133463199794
320.0,-0.004884273969865818
352.0,-0.004573558815334561
384.0,-0.005081916730988369
416.0,-0.0031806896505359975
448.0,-0.0021213397622988042
480.0,-0.003986369655952633
512.0,-0.006693561475306827
576.0,-0.009128488559508697
640.0,-0.008054946913034655
704.0,-0.009861189482035116
768.0,-0.017970825499651254
832.0,-0.020218925284279977
896.0,-0.022108306601876394
960.0,-0.029345218702655985
1024.0,-0.042219147898140366
end
