version,3.0
numOfCh,1
type,point
parent_name,labthresh-0dot04_avgcorrs
ch_type,1_1
kcount,1
numberNandB,1
brightnessNandB,1
carpet pos,0
pc,0
Time (ms),CH1 Auto-Correlation
1.0,0.034934453666210175
2.0,0.03349805623292923
3.0,0.03285367041826248
4.0,0.032317060977220535
5.0,0.031724173575639725
6.0,0.03137524425983429
7.0,0.030634036287665367
8.0,0.03032204508781433
9.0,0.03013908490538597
10.0,0.029740609228610992
11.0,0.028762217611074448
12.0,0.028313172981142998
13.0,0.02814110741019249
14.0,0.02776285633444786
15.0,0.02803322672843933
16.0,0.02734277956187725
18.0,0.02665216661989689
20.0,0.02621433511376381
22.0,0.025440335273742676
24.0,0.024918224662542343
26.0,0.02456936612725258
28.0,0.024184469133615494
30.0,0.022873111069202423
32.0,0.022302817553281784
36.0,0.03518802750066085
40.0,0.034108074464197474
44.0,0.03325178088498828
48.0,0.032833115300214245
52.0,0.03213984331713342
56.0,0.03044087815278149
60.0,0.028401051328135352
64.0,0.027376074050350682
72.0,0.0390832572193176
80.0,0.035552442608604906
88.0,0.03240502590415417
96.0,0.028902843023388414
104.0,0.025853058173197496
112.0,0.022575831681024283
120.0,0.01955630546399334
128.0,0.016825132497615414
144.0,0.024634864140982524
160.0,0.02126163972962576
176.0,0.018519599254292328
192.0,0.015445314016128227
208.0,0.011787399527607843
224.0,0.007722985384484323
240.0,0.005063306396970382
256.0,0.0025108722754969047
288.0,-0.0006611723074456677
320.0,-0.0024105852977906275
352.0,-0.004627983005775604
384.0,-0.006556320330370606
416.0,-0.006289235355022053
448.0,-0.004009492593468167
480.0,-0.0009644057590776356
512.0,-0.0030039399741023467
576.0,-0.009888560821612677
640.0,-0.020066457179685433
704.0,-0.02813763978580634
768.0,-0.028308662275473278
832.0,-0.027756560904284317
896.0,-0.03016999363899231
960.0,-0.03500453010201454
1024.0,-0.04155376429359118
1152.0,-0.10158789716660976
1280.0,-0.11655487772077322
1408.0,-0.10287362709641457
1536.0,-0.15903680212795734
1664.0,-0.24614069052040577
1792.0,-0.29025955870747566
end
