version,3.0
numOfCh,1
type,point
parent_name,labthresh-0dot04_avgcorrs
ch_type,1_1
kcount,1
numberNandB,1
brightnessNandB,1
carpet pos,0
pc,0
Time (ms),CH1 Auto-Correlation
1.0,0.050382453948259354
2.0,0.04566524550318718
3.0,0.041376642882823944
4.0,0.03549710288643837
5.0,0.031381335109472275
6.0,0.026742782443761826
7.0,0.022704556584358215
8.0,0.019343679770827293
9.0,0.015099180862307549
10.0,0.01200181432068348
11.0,0.011767534539103508
12.0,0.0109293507412076
13.0,0.011370858177542686
14.0,0.009985607117414474
15.0,0.008979763835668564
16.0,0.008795092813670635
18.0,0.0063722445629537106
20.0,0.003438942600041628
22.0,-0.0006239334470592439
24.0,-0.004101956728845835
26.0,-0.007701420225203037
28.0,-0.011742391623556614
30.0,-0.016678497195243835
32.0,-0.020198360085487366
36.0,-0.004653812700780691
40.0,-0.0053770225149492035
44.0,-0.0071603599599256995
48.0,-0.007510993375490216
52.0,-0.008836950460590742
56.0,-0.010815053416081355
60.0,-0.010677055193809792
64.0,-0.010374537151420782
72.0,0.0019519638164118597
80.0,0.0024561234670597643
88.0,0.0010183666381635703
96.0,-0.0009803537733595086
104.0,-0.0021306283108840163
112.0,-0.003719950410543658
120.0,-0.0036187860018149615
128.0,-0.0029598458640975878
144.0,-0.001695325370250926
160.0,-0.001538115271779878
176.0,-0.0019079157610493976
192.0,-0.0017530763956198246
208.0,-0.0014963789390921274
224.0,-0.001536404088421312
240.0,-0.0011378726630937308
256.0,-0.0017592311566907235
288.0,-0.0018345544354411282
320.0,-0.0032970600000731386
352.0,-0.002790814145959707
384.0,-0.0010024839894968965
416.0,0.0018728497282912333
448.0,0.004396715174758962
480.0,0.0048293753772870535
512.0,0.0037066546687532943
576.0,-0.0017430446376692998
640.0,-0.001535686565330252
704.0,-0.0008971104252850637
768.0,-0.0019760796407354065
832.0,-0.003585424333869014
896.0,-0.0013138257229002193
960.0,-0.0014733809912286233
1024.0,-0.0020697273648693226
1152.0,-0.006225327495485544
1280.0,-0.0006465252954512835
1408.0,-0.003910386934876442
1536.0,-0.004969863221049309
1664.0,-0.0017275027930736542
1792.0,0.012787120416760445
1920.0,0.0029990787152200937
2048.0,0.004169720225036144
2304.0,0.0014121466083452106
2560.0,0.003633948275819421
2816.0,-0.0026637495029717684
3072.0,-0.0033583492040634155
3328.0,-0.0018905940232798457
3584.0,-0.002203698270022869
3840.0,-0.002683374099433422
4096.0,-0.0013601534301415086
end
