version,3.0
numOfCh,1
type,point
parent_name,labthresh-0dot04_avgcorrs
ch_type,1_1
kcount,1
numberNandB,1
brightnessNandB,1
carpet pos,0
pc,0
Time (ms),CH1 Auto-Correlation
1.0,0.006830389611423016
2.0,0.004923908971250057
3.0,0.004077573772519827
4.0,0.003093135077506304
5.0,0.0033826902508735657
6.0,0.0032322437036782503
7.0,0.0023302454501390457
8.0,0.0031681209802627563
9.0,0.0028302986174821854
10.0,0.0030117088463157415
11.0,0.00381414033472538
12.0,0.0028576410841196775
13.0,0.0026145558804273605
14.0,0.002727596554905176
15.0,0.002229754813015461
16.0,0.002471891464665532
18.0,0.002308012917637825
20.0,0.0019930896814912558
22.0,0.002561745001003146
24.0,0.0022820287849754095
26.0,0.0022079632617533207
28.0,0.0019070248818024993
30.0,0.0022421541093412874
32.0,0.001998414888107249
36.0,0.002230827813740865
40.0,0.0025146785484403446
44.0,0.00263604440733029
48.0,0.0026984115522223403
52.0,0.0025060275734176685
56.0,0.00224878715556359
60.0,0.0022283970087300987
64.0,0.0020015408380762286
72.0,0.0023783363331124118
80.0,0.002066584373498979
88.0,0.002367638388022897
96.0,0.002407092921377905
104.0,0.002340434812839913
112.0,0.0024900203917730744
120.0,0.0011326984467814327
128.0,0.0008721626331862353
144.0,0.00318094199707654
160.0,0.0023620768683031202
176.0,0.0014864042941553635
192.0,0.0005898351504583843
208.0,8.723168866708875e-05
224.0,0.0003314810940840592
240.0,-0.00043109588276430647
256.0,-0.0004817243071946515
288.0,-0.0019429280279837258
320.0,-0.003026962317744619
352.0,-0.004623596173769329
384.0,-0.004938029409549927
416.0,-0.005674864995671669
448.0,-0.005612103567364102
480.0,-0.006579673459782498
512.0,-0.004382314639870957
576.0,-0.009144610141447629
640.0,-0.005818788029864663
704.0,-0.000588598963804543
768.0,0.00332377905579051
832.0,0.004709756853844738
896.0,0.0034861369935242693
960.0,-0.00020979585751774722
1024.0,-0.0031392158015478345
end
