version,3.0
numOfCh,1
type,point
parent_name,labthresh-0dot04_avgcorrs
ch_type,1_1
kcount,1
numberNandB,1
brightnessNandB,1
carpet pos,0
pc,0
Time (ms),CH1 Auto-Correlation
1.0,0.03062843158841133
2.0,0.025899427011609077
3.0,0.02250741980969906
4.0,0.019477294757962227
5.0,0.017611877992749214
6.0,0.015415431931614876
7.0,0.013770737685263157
8.0,0.012471633963286877
9.0,0.01136801764369011
10.0,0.009996891021728516
11.0,0.009450546465814114
12.0,0.008748441003262997
13.0,0.007433938793838024
14.0,0.007682691793888807
15.0,0.006865683477371931
16.0,0.007083179894834757
18.0,0.0056553496979177
20.0,0.004944649990648031
22.0,0.0044273496605455875
24.0,0.004850276745855808
26.0,0.004970778711140156
28.0,0.0048380279913544655
30.0,0.004559800331286357
32.0,0.0035358316898305804
36.0,0.005371024894801932
40.0,0.00426515271117916
44.0,0.002993356494367948
48.0,0.002408001012967857
52.0,0.00204985013574928
56.0,0.0017491654864649965
60.0,0.0016888422118923204
64.0,-0.00023685107473945456
72.0,-0.0009612585710879342
80.0,-0.003125792062315955
88.0,-0.0030951111479417272
96.0,-0.00156805467850063
104.0,-0.0017329098114523252
112.0,-0.005667875049862471
120.0,-0.009002749775965256
128.0,-0.010857388510263072
144.0,-0.01169449901523573
160.0,-0.006720992756284735
176.0,-0.00525531877681639
192.0,-0.00620283377877513
208.0,-0.007629601287529416
224.0,-0.006760780320716245
240.0,-0.005931796536121207
256.0,-0.003111614807858132
288.0,-0.0005300730728777126
320.0,-0.000646917664562352
352.0,-0.0003246398366172798
384.0,3.583845682442188e-07
416.0,-0.0001289978378736123
448.0,-0.0005065256933448836
480.0,-0.0003866632228891831
512.0,7.190355754573829e-05
576.0,-0.00025404413099749945
640.0,-9.569098619977012e-05
704.0,0.00032850346178747714
768.0,-0.00027826248697238043
832.0,-0.00036071805880055763
896.0,-0.0007145635900087655
960.0,-7.815580465830863e-05
1024.0,0.0002574155805632472
1152.0,-1.3892625247535761e-05
1280.0,-0.0008869651355780661
1408.0,-0.0006009840872138739
1536.0,0.0004360042221378535
1664.0,9.635856986278668e-05
1792.0,-0.0009179511689580977
1920.0,-0.0006458269199356437
2048.0,0.0001082341477740556
2304.0,-0.0004706836771219969
2560.0,0.00037126970710232854
2816.0,-0.0005199731094762683
3072.0,0.0005513040814548731
3328.0,0.002775956178084016
3584.0,-0.0008756667957641184
3840.0,-0.0008126408793032169
4096.0,-0.0015399015974253416
end
