version,3.0
numOfCh,1
type,point
parent_name,labthresh-0dot04_avgcorrs
ch_type,1_1
kcount,1
numberNandB,1
brightnessNandB,1
carpet pos,0
pc,0
Time (ms),CH1 Auto-Correlation
1.0,0.008850198239088058
2.0,0.006247809622436762
3.0,0.0053994376212358475
4.0,0.004916916601359844
5.0,0.004352864809334278
6.0,0.0036573223769664764
7.0,0.002969161607325077
8.0,0.0034891972318291664
9.0,0.003654186148196459
10.0,0.002757543232291937
11.0,0.0022204022388905287
12.0,0.0028521218337118626
13.0,0.0023994643706828356
14.0,0.001454985816963017
15.0,0.0015444377204403281
16.0,0.001345022115856409
18.0,0.0018691052682697773
20.0,0.0018282035598531365
22.0,0.0013948407722637057
24.0,0.0012440866557881236
26.0,0.0004856742743868381
28.0,0.00044387171510607004
30.0,-0.0002857782819774002
32.0,0.0006335313082672656
36.0,0.0008869244590771684
40.0,0.0009533435609877675
44.0,0.0011742973920263466
48.0,0.0011517598993253028
52.0,0.0013083048024782329
56.0,0.0014813466469994247
60.0,0.0009839240710139815
64.0,0.002779658713344751
72.0,0.003240713998301154
80.0,0.003490094182260301
88.0,0.0025576536644664537
96.0,0.0015083658287212962
104.0,0.0011670212473594195
112.0,0.0005513619467993045
120.0,0.0001834367353045049
128.0,0.00019286161997505196
144.0,0.00017461807510699145
160.0,-0.00012657209509825407
176.0,-0.00045981585208210163
192.0,-0.0007105486524778826
208.0,-0.002344200587231171
224.0,-0.00182521211081621
240.0,-0.001747799241032529
256.0,-0.0016590648927376605
288.0,-0.0013504280876596958
320.0,-0.0015510499215452
352.0,-0.0013905638510810345
384.0,-0.0015157759418278666
416.0,-0.0018621494995646312
448.0,-0.0014950376280467026
480.0,-0.0020744168494794784
512.0,-0.0017818621833742196
576.0,-0.004131329300435027
640.0,-0.004161566925176885
704.0,-0.0035536495452106465
768.0,-0.003452480463693064
832.0,-0.0033982801469392143
896.0,-0.005505670233105775
960.0,-0.004748892506540869
1024.0,-0.0028730267613354954
1152.0,0.0036218809909769334
1280.0,0.004029889300909417
1408.0,0.003427361385547556
1536.0,0.004620258288923651
1664.0,0.003792392206378281
1792.0,0.004222510251565836
end
