version,3.0
numOfCh,1
type,point
parent_name,labthresh-0dot04_avgcorrs
ch_type,1_1
kcount,1
numberNandB,1
brightnessNandB,1
carpet pos,0
pc,0
Time (ms),CH1 Auto-Correlation
1.0,0.02243129163980484
2.0,0.019997011870145798
3.0,0.019547542557120323
4.0,0.01832238771021366
5.0,0.01775684952735901
6.0,0.01740238256752491
7.0,0.016908179968595505
8.0,0.01674145832657814
9.0,0.015521221794188023
10.0,0.014998326078057289
11.0,0.014740269631147385
12.0,0.01433233916759491
13.0,0.013920369558036327
14.0,0.013501584529876709
15.0,0.013453743420541286
16.0,0.01354274246841669
18.0,0.012652111239731312
20.0,0.011741869151592255
22.0,0.010896927677094936
24.0,0.010496066883206367
26.0,0.010512426495552063
28.0,0.009325862862169743
30.0,0.009062644292366952
32.0,0.009350062119138832
36.0,0.011542996466169856
40.0,0.011471749131456379
44.0,0.010778557112769642
48.0,0.009845250023349293
52.0,0.009624405147656818
56.0,0.009032677026347113
60.0,0.00844475241169205
64.0,0.007860118509252688
72.0,0.005798956573991225
80.0,0.005243670172213959
88.0,0.004291219719302067
96.0,0.0031850955584949198
104.0,0.002011522703209526
112.0,0.0003630204416497561
120.0,0.002070691419956145
128.0,0.0015930535869470245
144.0,0.002163556270153051
160.0,0.0003868005593782679
176.0,-0.001520550621578531
192.0,-0.0021774046351007805
208.0,-0.0019120193031821621
224.0,-0.003050132859720006
240.0,-0.006156970516298423
256.0,-0.008405725995544344
288.0,-0.01379066706795129
320.0,-0.01779045298535493
352.0,-0.020272901363932762
384.0,-0.023574523928073177
416.0,-0.020510166347958148
448.0,-0.01925077297419193
480.0,-0.021904499955212486
512.0,-0.024535386301863582
576.0,0.0052292183972895145
640.0,0.0014794520150947694
704.0,0.02628086861902072
768.0,0.04519009202340385
832.0,0.011045382404423284
896.0,-0.017089604089657467
960.0,-0.039620908497454366
1024.0,-0.05085098464769544
1152.0,-3.843792364932597e-05
1280.0,2.5914159778039902e-05
1408.0,0.00010107336129294708
1536.0,-0.00016371431411243975
1664.0,5.134149614605121e-05
1792.0,1.4975997146393638e-05
end
