version,3.0
numOfCh,1
type,point
parent_name,c1204_3dot0-0dot01
ch_type,1_1
kcount,1
numberNandB,1
brightnessNandB,1
carpet pos,0
pc,0
Time (ms),CH1 Auto-Correlation
1.0,0.18612393736839294
2.0,0.18323838710784912
3.0,0.18123699724674225
4.0,0.17946076393127441
5.0,0.17792285978794098
6.0,0.17654545605182648
7.0,0.17524419724941254
8.0,0.17402279376983643
9.0,0.17306366562843323
10.0,0.17230266332626343
11.0,0.1713758409023285
12.0,0.1704597920179367
13.0,0.16957180202007294
14.0,0.16862718760967255
15.0,0.16784349083900452
16.0,0.16694998741149902
18.0,0.16550178825855255
20.0,0.16421735286712646
22.0,0.16316905617713928
24.0,0.16207239031791687
26.0,0.16078974306583405
28.0,0.15955227613449097
30.0,0.15858982503414154
32.0,0.15758980810642242
36.0,0.1557280570268631
40.0,0.15401558578014374
44.0,0.15166357159614563
48.0,0.14908692240715027
52.0,0.1462431699037552
56.0,0.14378534257411957
60.0,0.1413668543100357
64.0,0.13849729299545288
72.0,0.13233694434165955
80.0,0.12708666920661926
88.0,0.12396318465471268
96.0,0.12054173648357391
104.0,0.11750716716051102
112.0,0.11343492567539215
120.0,0.10911105573177338
128.0,0.10423875600099564
144.0,0.09486500918865204
160.0,0.08541256934404373
176.0,0.07607922703027725
192.0,0.06390471011400223
208.0,0.053074028342962265
224.0,0.042021699249744415
240.0,0.03160364180803299
256.0,0.023416325449943542
288.0,0.009883152320981026
320.0,-0.003938192967325449
352.0,-0.018118903040885925
384.0,-0.028003200888633728
416.0,-0.03209395706653595
448.0,-0.03556344658136368
480.0,-0.03838128224015236
512.0,-0.03749755769968033
576.0,-0.043687913566827774
640.0,-0.04509115591645241
704.0,-0.042250048369169235
768.0,-0.0462983101606369
832.0,-0.042474955320358276
896.0,-0.03009723126888275
960.0,-0.021146956831216812
1024.0,-0.012671228498220444
1152.0,0.024158868938684464
1280.0,0.05062147229909897
1408.0,0.03704775497317314
1536.0,-0.03394852951169014
1664.0,-0.06004249304533005
1792.0,-0.06746421009302139
1920.0,-0.0735587626695633
2048.0,-0.05933016911149025
end
