version,3.0
numOfCh,1
type,point
parent_name,19e3e_0dot08-0dot1
ch_type,1_1
kcount,1
numberNandB,1
brightnessNandB,1
carpet pos,0
pc,0
Time (ms),CH1 Auto-Correlation
1.0,0.07439310848712921
2.0,0.07377222925424576
3.0,0.07318657636642456
4.0,0.07262542098760605
5.0,0.07205353677272797
6.0,0.07148203253746033
7.0,0.07093600183725357
8.0,0.07039109617471695
9.0,0.06985694169998169
10.0,0.06932025402784348
11.0,0.06878970563411713
12.0,0.06826429814100266
13.0,0.0677487850189209
14.0,0.06725513190031052
15.0,0.06677941232919693
16.0,0.06634440273046494
18.0,0.06547269225120544
20.0,0.06457170099020004
22.0,0.0637209340929985
24.0,0.06291036307811737
26.0,0.062170591205358505
28.0,0.06149768829345703
30.0,0.06083192303776741
32.0,0.060149673372507095
36.0,0.05886564403772354
40.0,0.05770431086421013
44.0,0.056654732674360275
48.0,0.05564463138580322
52.0,0.05470993369817734
56.0,0.05378718301653862
60.0,0.052913203835487366
64.0,0.052002932876348495
72.0,0.050000060349702835
80.0,0.048122987151145935
88.0,0.04651458188891411
96.0,0.04520241916179657
104.0,0.04392940178513527
112.0,0.04280940815806389
120.0,0.041823286563158035
128.0,0.04111892729997635
144.0,0.04015868902206421
160.0,0.03947363793849945
176.0,0.038919463753700256
192.0,0.03812820464372635
208.0,0.03680362179875374
224.0,0.035872723907232285
240.0,0.03505265712738037
256.0,0.033822041004896164
288.0,0.03092116117477417
320.0,0.027783015742897987
352.0,0.025583654642105103
384.0,0.02423807606101036
416.0,0.022754857316613197
448.0,0.019801925867795944
480.0,0.01776948757469654
512.0,0.01678553596138954
576.0,0.015263146720826626
640.0,0.013600246049463749
704.0,0.010538621805608273
768.0,0.010935959406197071
832.0,0.011797630228102207
896.0,0.00986797921359539
960.0,0.007644591387361288
1024.0,0.007424200419336557
1152.0,0.0061403913423419
1280.0,0.006235192995518446
1408.0,0.00338375149294734
1536.0,0.001953407423570752
1664.0,-0.0008144455496221781
1792.0,0.002011143136769533
1920.0,0.005187098402529955
2048.0,0.0040801167488098145
2304.0,0.008659128099679947
2560.0,0.007722764741629362
2816.0,0.004686668515205383
3072.0,-0.008336075581610203
3328.0,-0.014439311809837818
3584.0,-0.012686527334153652
3840.0,-0.00822362955659628
4096.0,-0.0038593532517552376
4608.0,-0.0031270114704966545
5120.0,-0.010390534065663815
5632.0,-0.020993975922465324
6144.0,-0.01865590363740921
6656.0,-0.011794151738286018
7168.0,-0.01911192201077938
7680.0,-0.026736823841929436
8192.0,-0.02224421687424183
end
