version,3.0
numOfCh,1
type,point
parent_name,19e3e_0dot08-0dot1
ch_type,1_1
kcount,1
numberNandB,1
brightnessNandB,1
carpet pos,0
pc,0
Time (ms),CH1 Auto-Correlation
1.0,0.07468453794717789
2.0,0.07401765137910843
3.0,0.07338691502809525
4.0,0.07278933376073837
5.0,0.07220596820116043
6.0,0.07161647826433182
7.0,0.07104327529668808
8.0,0.07050071656703949
9.0,0.069974884390831
10.0,0.069462351500988
11.0,0.06897621601819992
12.0,0.06848666071891785
13.0,0.06800276786088943
14.0,0.067521832883358
15.0,0.06702611595392227
16.0,0.06652244180440903
18.0,0.06555919349193573
20.0,0.06461267918348312
22.0,0.06371959298849106
24.0,0.0629008561372757
26.0,0.06213865429162979
28.0,0.0613727830350399
30.0,0.060606129467487335
32.0,0.0599004328250885
36.0,0.05852573737502098
40.0,0.057173486799001694
44.0,0.05584219843149185
48.0,0.05453208461403847
52.0,0.053238142281770706
56.0,0.05189761146903038
60.0,0.05057249590754509
64.0,0.04921102896332741
72.0,0.04677343741059303
80.0,0.04467630758881569
88.0,0.04283681511878967
96.0,0.04116794839501381
104.0,0.03937530890107155
112.0,0.03765081241726875
120.0,0.03626173362135887
128.0,0.03491078317165375
144.0,0.03245605528354645
160.0,0.030568545684218407
176.0,0.029247935861349106
192.0,0.02765689417719841
208.0,0.025794321671128273
224.0,0.024802038446068764
240.0,0.023769786581397057
256.0,0.02309829369187355
288.0,0.021979717537760735
320.0,0.019331423565745354
352.0,0.01814696006476879
384.0,0.017252348363399506
416.0,0.017010774463415146
448.0,0.017077183350920677
480.0,0.017329208552837372
512.0,0.017203908413648605
576.0,0.014109933748841286
640.0,0.012374821119010448
704.0,0.012033866718411446
768.0,0.009731209836900234
832.0,0.009201651439070702
896.0,0.011130228638648987
960.0,0.011944407597184181
1024.0,0.011939828284084797
1152.0,0.013602553866803646
1280.0,0.019763348624110222
1408.0,0.01622406207025051
1536.0,0.015919456258416176
1664.0,0.015181687660515308
1792.0,0.010211993008852005
1920.0,0.005681618582457304
2048.0,0.00083404645556584
2304.0,0.006659219041466713
2560.0,0.01226559653878212
2816.0,0.007028108462691307
3072.0,-0.0023217180278152227
3328.0,-0.017808567732572556
3584.0,-0.01879889704287052
3840.0,-0.0076509094797074795
4096.0,0.0014451508177444339
4608.0,-0.01775691844522953
5120.0,-0.01458139717578888
5632.0,-0.01728922128677368
6144.0,-0.03339435160160065
6656.0,-0.008961169980466366
7168.0,-0.01593342423439026
7680.0,-0.01619766466319561
8192.0,0.004211461637169123
end
