version,3.0
numOfCh,1
type,point
parent_name,19e3e_0dot08-0dot1
ch_type,1_1
kcount,1
numberNandB,1
brightnessNandB,1
carpet pos,0
pc,0
Time (ms),CH1 Auto-Correlation
1.0,0.09521406143903732
2.0,0.09464272111654282
3.0,0.09409338980913162
4.0,0.0935613289475441
5.0,0.09301125258207321
6.0,0.09245644509792328
7.0,0.09189792722463608
8.0,0.09132284671068192
9.0,0.09075833857059479
10.0,0.09020749479532242
11.0,0.08967071026563644
12.0,0.0891382247209549
13.0,0.08862655609846115
14.0,0.08810636401176453
15.0,0.08759359270334244
16.0,0.08709580451250076
18.0,0.08610589057207108
20.0,0.08507975935935974
22.0,0.08409932255744934
24.0,0.0831848755478859
26.0,0.08229050040245056
28.0,0.08142232894897461
30.0,0.08054427057504654
32.0,0.07969401776790619
36.0,0.07808332145214081
40.0,0.07656842470169067
44.0,0.07517419755458832
48.0,0.07389240711927414
52.0,0.07264798134565353
56.0,0.07141776382923126
60.0,0.0701960101723671
64.0,0.06895846128463745
72.0,0.06658529490232468
80.0,0.06442563235759735
88.0,0.06277964264154434
96.0,0.061547935009002686
104.0,0.0603245310485363
112.0,0.059124384075403214
120.0,0.05811283364892006
128.0,0.05716102942824364
144.0,0.05508953332901001
160.0,0.05297508090734482
176.0,0.051158443093299866
192.0,0.05016826093196869
208.0,0.049008313566446304
224.0,0.047290582209825516
240.0,0.04600425809621811
256.0,0.04509251192212105
288.0,0.04331617057323456
320.0,0.04073460400104523
352.0,0.03696403279900551
384.0,0.03294570371508598
416.0,0.029448512941598892
448.0,0.02788218855857849
480.0,0.027128396555781364
512.0,0.026210850104689598
576.0,0.024880845099687576
640.0,0.022602958604693413
704.0,0.02172403782606125
768.0,0.023860029876232147
832.0,0.022878127172589302
896.0,0.02312525361776352
960.0,0.02161834016442299
1024.0,0.022352052852511406
1152.0,0.019996900111436844
1280.0,0.020981259644031525
1408.0,0.02192758582532406
1536.0,0.020770911127328873
1664.0,0.021876592189073563
1792.0,0.02202671580016613
1920.0,0.02028973400592804
2048.0,0.014506017789244652
2304.0,-0.00698070228099823
2560.0,-0.007794249337166548
2816.0,0.0005983408773317933
3072.0,0.0036922749131917953
3328.0,-0.001708479830995202
3584.0,-0.009666201658546925
3840.0,-0.012203213758766651
4096.0,-0.013566368259489536
4608.0,-0.011104503646492958
5120.0,-0.012695793062448502
5632.0,-0.017741821706295013
6144.0,-0.006913249846547842
6656.0,-0.01732112467288971
7168.0,-0.022560101002454758
7680.0,-0.009625734761357307
8192.0,-0.018120452761650085
end
