version,3.0
numOfCh,1
type,point
parent_name,34766_1dot0-0dot1
ch_type,1_1
kcount,1
numberNandB,1
brightnessNandB,1
carpet pos,0
pc,0
Time (ms),CH1 Auto-Correlation
1.0,0.09466161578893661
2.0,0.08779455721378326
3.0,0.08217760175466537
4.0,0.07723738998174667
5.0,0.07290637493133545
6.0,0.06899327784776688
7.0,0.06533105671405792
8.0,0.061974477022886276
9.0,0.05885611101984978
10.0,0.05595424026250839
11.0,0.05320047214627266
12.0,0.05057792365550995
13.0,0.048183612525463104
14.0,0.04596579074859619
15.0,0.04384656623005867
16.0,0.042114146053791046
18.0,0.03894063085317612
20.0,0.03603298217058182
22.0,0.03330431878566742
24.0,0.03070022724568844
26.0,0.02852850779891014
28.0,0.027025336399674416
30.0,0.026022689417004585
32.0,0.024572234600782394
36.0,0.020993100479245186
40.0,0.018939213827252388
44.0,0.01757468283176422
48.0,0.016367444768548012
52.0,0.016063237562775612
56.0,0.015652375295758247
60.0,0.015058290213346481
64.0,0.01316891610622406
72.0,0.009720828384160995
80.0,0.008443407714366913
88.0,0.008091356605291367
96.0,0.008136741816997528
104.0,0.008772322908043861
112.0,0.009529911912977695
120.0,0.010119120590388775
128.0,0.006777619011700153
144.0,0.0038043989334255457
160.0,0.0051294779404997826
176.0,0.003929749131202698
192.0,0.003856438910588622
208.0,0.0012802791316062212
224.0,-0.004890767391771078
240.0,-0.00857823807746172
256.0,-0.007929290644824505
288.0,-0.008297380991280079
320.0,-0.00650152750313282
352.0,-0.0067770336754620075
384.0,-0.0014118568506091833
416.0,-0.003808043897151947
448.0,-0.005071304272860289
480.0,-0.007550845853984356
512.0,-0.005515008699148893
576.0,0.0005366370896808803
640.0,0.007086309604346752
704.0,0.006002084817737341
768.0,0.008095363155007362
832.0,0.009793881326913834
896.0,0.002626892179250717
960.0,-0.0002807327837217599
1024.0,-0.00048671435797587037
1152.0,-0.002875523641705513
1280.0,-0.004561941605061293
1408.0,0.003471916075795889
1536.0,0.0028947307728230953
1664.0,-0.0016580321826040745
1792.0,-0.004372144117951393
1920.0,-0.008853323757648468
2048.0,-0.006362365558743477
2304.0,0.00033494632225483656
2560.0,-0.0012552104890346527
2816.0,-0.004652312491089106
3072.0,-0.0031511567067354918
3328.0,-0.0018594327848404646
3584.0,-0.005527913570404053
3840.0,0.00602036202326417
4096.0,-0.004510215017944574
4608.0,0.002441782969981432
5120.0,0.004031332675367594
5632.0,0.003292019944638014
6144.0,0.005348270293325186
6656.0,-0.004029354080557823
7168.0,-0.0010124441469088197
end
