version,3.0
numOfCh,1
type,point
parent_name,ff67b_0dot2-0dot01
ch_type,1_1
kcount,1
numberNandB,1
brightnessNandB,1
carpet pos,0
pc,0
Time (ms),CH1 Auto-Correlation
1.0,0.0289458017796278
2.0,0.028370099142193794
3.0,0.027780229225754738
4.0,0.02719072811305523
5.0,0.026612555608153343
6.0,0.026065004989504814
7.0,0.02551743946969509
8.0,0.02497645653784275
9.0,0.024455418810248375
10.0,0.02395099587738514
11.0,0.023464582860469818
12.0,0.02297402173280716
13.0,0.02248881757259369
14.0,0.02203991450369358
15.0,0.021608270704746246
16.0,0.021236615255475044
18.0,0.020610934123396873
20.0,0.020036200061440468
22.0,0.01950969733297825
24.0,0.019045835360884666
26.0,0.018583476543426514
28.0,0.018122706562280655
30.0,0.01768357679247856
32.0,0.017253847792744637
36.0,0.01648654043674469
40.0,0.015940874814987183
44.0,0.01538227591663599
48.0,0.014866137877106667
52.0,0.01430397480726242
56.0,0.013714087195694447
60.0,0.013213355094194412
64.0,0.012869653292000294
72.0,0.012342097237706184
80.0,0.011760201305150986
88.0,0.01082952693104744
96.0,0.010137326084077358
104.0,0.009518723003566265
112.0,0.00888110138475895
120.0,0.008427987806499004
128.0,0.008033071644604206
144.0,0.0069249533116817474
160.0,0.006093673408031464
176.0,0.0053432960994541645
192.0,0.0040965937077999115
208.0,0.002719178097322583
224.0,0.0019474017899483442
240.0,0.0015485999174416065
256.0,0.0016753656091168523
288.0,0.00230523943901062
320.0,0.002455458976328373
352.0,0.0033924735616892576
384.0,0.0036434298381209373
416.0,0.0026612181682139635
448.0,0.0021114726550877094
480.0,0.0007889710832387209
512.0,-0.001965465722605586
576.0,-0.004181217402219772
640.0,-0.006707452237606049
704.0,-0.007336853537708521
768.0,-0.006093693431466818
832.0,-0.007423812989145517
896.0,-0.010327729396522045
960.0,-0.00982220284640789
1024.0,-0.008122185245156288
1152.0,-0.002798479748889804
1280.0,-0.0006668069399893284
1408.0,0.0021352896001189947
1536.0,0.007982339709997177
1664.0,0.0070374938659369946
1792.0,0.005180453881621361
1920.0,0.008681915700435638
2048.0,0.0044854748994112015
2304.0,-0.0024372991174459457
2560.0,-0.005070677492767572
2816.0,-0.0068236105144023895
3072.0,0.004551906604319811
3328.0,0.004662139806896448
3584.0,0.0003585803206078708
3840.0,-0.000994801172055304
4096.0,-0.030389662832021713
end
