version,3.0
numOfCh,1
type,point
parent_name,fe81d_3dot0-0dot01
ch_type,1_1
kcount,1
numberNandB,1
brightnessNandB,1
carpet pos,0
pc,0
Time (ms),CH1 Auto-Correlation
1.0,0.03575413301587105
2.0,0.03152202069759369
3.0,0.028418809175491333
4.0,0.026036841794848442
5.0,0.02386815845966339
6.0,0.02211659960448742
7.0,0.02090856432914734
8.0,0.019851798191666603
9.0,0.0187313724309206
10.0,0.017804333940148354
11.0,0.017017686739563942
12.0,0.01595308631658554
13.0,0.014830932021141052
14.0,0.013729234226047993
15.0,0.012590252794325352
16.0,0.011770336888730526
18.0,0.010689891874790192
20.0,0.00982206966727972
22.0,0.008920654654502869
24.0,0.008227964863181114
26.0,0.007634073030203581
28.0,0.006961959879845381
30.0,0.006642087362706661
32.0,0.006506007164716721
36.0,0.005928502418100834
40.0,0.005334830842912197
44.0,0.005757222417742014
48.0,0.005574263632297516
52.0,0.005355943460017443
56.0,0.006121736019849777
60.0,0.006709986831992865
64.0,0.006986653432250023
72.0,0.0068109831772744656
80.0,0.005780968815088272
88.0,0.004106887150555849
96.0,0.0039033149369060993
104.0,0.003979675006121397
112.0,0.0045237792655825615
120.0,0.0038826947566121817
128.0,0.004460132215172052
144.0,0.002145651262253523
160.0,0.000938433047849685
176.0,0.0016258908435702324
192.0,0.0035032809246331453
208.0,0.002945919055491686
224.0,0.00032860846840776503
240.0,0.0006511440151371062
256.0,3.169625415466726e-05
288.0,2.0231711459928192e-05
320.0,0.0002094187802867964
352.0,-0.00047794272541068494
384.0,-0.0008147390908561647
416.0,-0.0010961192892864347
448.0,-0.0002465542056597769
480.0,-0.0016522834775969386
512.0,-0.0027123717591166496
576.0,-0.003425968112424016
640.0,-0.0031993340235203505
704.0,-0.0021855433005839586
768.0,-0.00166843191254884
832.0,-0.0028623854741454124
896.0,-0.002777341054752469
960.0,-0.0033235265873372555
1024.0,-0.0031479019671678543
1152.0,-0.0015507983043789864
1280.0,-0.0013783773174509406
1408.0,0.0016821390017867088
1536.0,0.0038064036052674055
1664.0,0.0037552067078649998
1792.0,0.003204735228791833
1920.0,0.0013048320543020964
2048.0,9.600258636055514e-05
2304.0,-0.002665750915184617
2560.0,-0.0002198591100750491
2816.0,0.0007311083609238267
3072.0,-0.001819579629227519
3328.0,0.00016890930419322103
3584.0,0.0008151520742103457
3840.0,-0.0003418919222895056
4096.0,0.0014678594889119267
end
