version,3.0
numOfCh,1
type,point
parent_name,fe81d_3dot0-0dot01
ch_type,1_1
kcount,1
numberNandB,1
brightnessNandB,1
carpet pos,0
pc,0
Time (ms),CH1 Auto-Correlation
1.0,0.03413524478673935
2.0,0.029841851443052292
3.0,0.02671356312930584
4.0,0.024510573595762253
5.0,0.02275289222598076
6.0,0.02141987904906273
7.0,0.020455945283174515
8.0,0.019686894491314888
9.0,0.019049054011702538
10.0,0.01833779364824295
11.0,0.01753428764641285
12.0,0.016948986798524857
13.0,0.016433779150247574
14.0,0.015544220805168152
15.0,0.014989051036536694
16.0,0.014607158489525318
18.0,0.014283031225204468
20.0,0.013836141675710678
22.0,0.013357593677937984
24.0,0.013044903054833412
26.0,0.01275908574461937
28.0,0.012100678868591785
30.0,0.01210144255310297
32.0,0.011923541314899921
36.0,0.011421052739024162
40.0,0.010663232766091824
44.0,0.01051041018217802
48.0,0.009482689201831818
52.0,0.009528485126793385
56.0,0.009276509284973145
60.0,0.008253013715147972
64.0,0.00745990639552474
72.0,0.006436050869524479
80.0,0.006177304312586784
88.0,0.0060094865038990974
96.0,0.00594174163416028
104.0,0.005118705797940493
112.0,0.0045431386679410934
120.0,0.00393453286960721
128.0,0.0035159680992364883
144.0,0.003473205491900444
160.0,0.003688362194225192
176.0,0.003366707591339946
192.0,0.002870531054213643
208.0,0.00308804539963603
224.0,0.00242430972866714
240.0,0.002733178436756134
256.0,0.0033864560537040234
288.0,0.0023350452538579702
320.0,0.0011515230871737003
352.0,-0.0007040377240628004
384.0,0.0007586492574773729
416.0,0.0025819723960012197
448.0,0.0013777391286566854
480.0,0.00021391728660091758
512.0,-0.001815435360185802
576.0,-0.0011702509364113212
640.0,0.0006848007324151695
704.0,0.002890312811359763
768.0,0.0027577707078307867
832.0,0.0010023006470873952
896.0,0.0006112931878305972
960.0,-9.007050539366901e-05
1024.0,0.0012477493146434426
1152.0,0.0014324663206934929
1280.0,0.001291395747102797
1408.0,0.0009238113416358829
1536.0,0.0015785928117111325
1664.0,-0.0003100308240391314
1792.0,0.0015417994000017643
1920.0,4.7851379349594936e-05
2048.0,-0.0012712797615677118
2304.0,-0.0017398059135302901
2560.0,0.0003481899038888514
2816.0,0.00022257273667491972
3072.0,-0.002353518269956112
3328.0,-0.0034822868183255196
3584.0,-0.00023100362159311771
3840.0,0.0003603276563808322
4096.0,-0.0034259557723999023
end
