version,3.0
numOfCh,1
type,point
parent_name,fe81d_3dot0-0dot01
ch_type,1_1
kcount,1
numberNandB,1
brightnessNandB,1
carpet pos,0
pc,0
Time (ms),CH1 Auto-Correlation
1.0,0.029234586283564568
2.0,0.024482499808073044
3.0,0.02115361951291561
4.0,0.01852402649819851
5.0,0.01644418016076088
6.0,0.01483944896608591
7.0,0.013682566583156586
8.0,0.012711793184280396
9.0,0.011842438019812107
10.0,0.011169307865202427
11.0,0.010664980858564377
12.0,0.0099643524736166
13.0,0.009321927092969418
14.0,0.008944821543991566
15.0,0.008966254070401192
16.0,0.009148333221673965
18.0,0.0085980836302042
20.0,0.00842960737645626
22.0,0.008244220167398453
24.0,0.007868774235248566
26.0,0.007798338308930397
28.0,0.007792572025209665
30.0,0.007332338485866785
32.0,0.007080049254000187
36.0,0.0064142500050365925
40.0,0.006290662568062544
44.0,0.005714842118322849
48.0,0.0055351476185023785
52.0,0.004853995516896248
56.0,0.004451082553714514
60.0,0.003477565012872219
64.0,0.0031145657412707806
72.0,0.002140745520591736
80.0,0.0018710793228819966
88.0,0.00136257940903306
96.0,0.001558326301164925
104.0,0.0009271006565541029
112.0,0.000664952676743269
120.0,0.0009761592955328524
128.0,0.0016778071876615286
144.0,0.0019119569333270192
160.0,0.002108863787725568
176.0,0.0013875924050807953
192.0,0.0012199180200695992
208.0,-0.0001213370414916426
224.0,0.00038209499325603247
240.0,0.0010715689277276397
256.0,0.0009078629082068801
288.0,0.0019249728647992015
320.0,0.0006998904864303768
352.0,0.0002359266218263656
384.0,0.0003576055751182139
416.0,0.00044846683158539236
448.0,0.0010426591616123915
480.0,0.0012942129978910089
512.0,0.0011018025688827038
576.0,0.0010398782324045897
640.0,0.0010843274649232626
704.0,0.0005411803722381592
768.0,0.001227526692673564
832.0,0.0007290129433386028
896.0,0.0019567611161619425
960.0,0.001271466608159244
1024.0,-0.0009141001501120627
1152.0,-0.0012095225974917412
1280.0,0.0008808581624180079
1408.0,0.0017621107399463654
1536.0,-0.00046789098996669054
1664.0,0.00039255458978004754
1792.0,0.0007997647626325488
1920.0,-0.000371906760847196
2048.0,-0.00020873463654424995
2304.0,-0.000995258567854762
2560.0,-0.0017122984863817692
2816.0,-0.002378111006692052
3072.0,-0.001527428743429482
3328.0,-0.0003998751344624907
3584.0,-0.0015398513060063124
3840.0,-0.003376870648935437
4096.0,-0.0008394837495870888
end
