version,3.0
numOfCh,1
type,point
parent_name,fe81d_3dot0-0dot01
ch_type,1_1
kcount,1
numberNandB,1
brightnessNandB,1
carpet pos,0
pc,0
Time (ms),CH1 Auto-Correlation
1.0,0.21448393166065216
2.0,0.20977286994457245
3.0,0.20602335035800934
4.0,0.202808678150177
5.0,0.19992277026176453
6.0,0.19734816253185272
7.0,0.19489715993404388
8.0,0.19278794527053833
9.0,0.19069607555866241
10.0,0.18836042284965515
11.0,0.18634484708309174
12.0,0.1849946826696396
13.0,0.1839776635169983
14.0,0.18291030824184418
15.0,0.1821144074201584
16.0,0.18138866126537323
18.0,0.1792951077222824
20.0,0.17723315954208374
22.0,0.1755513846874237
24.0,0.17421670258045197
26.0,0.1732105314731598
28.0,0.17268602550029755
30.0,0.17213566601276398
32.0,0.17162367701530457
36.0,0.16995938122272491
40.0,0.16718029975891113
44.0,0.1650051325559616
48.0,0.1634783148765564
52.0,0.16152465343475342
56.0,0.15926048159599304
60.0,0.15948034822940826
64.0,0.16049015522003174
72.0,0.16321015357971191
80.0,0.16331520676612854
88.0,0.15972758829593658
96.0,0.15668921172618866
104.0,0.15436747670173645
112.0,0.15135234594345093
120.0,0.14608325064182281
128.0,0.1421021968126297
144.0,0.13769075274467468
160.0,0.13148324191570282
176.0,0.12384090572595596
192.0,0.11558409035205841
208.0,0.10598085075616837
224.0,0.0993582233786583
240.0,0.09040258079767227
256.0,0.08329298347234726
288.0,0.06885656714439392
320.0,0.055340949445962906
352.0,0.04271794110536575
384.0,0.03528333455324173
416.0,0.02598853036761284
448.0,0.021207163110375404
480.0,0.019857319071888924
512.0,0.015085176564753056
576.0,0.010366800241172314
640.0,0.006644804030656815
704.0,5.40447435923852e-05
768.0,-0.0050096591003239155
832.0,-0.009374412707984447
896.0,-0.010298450477421284
960.0,-0.011989641934633255
1024.0,-0.0073652733117341995
1152.0,-0.00026130463811568916
1280.0,0.002535291714593768
1408.0,0.0005683812778443098
1536.0,0.00021181401098147035
1664.0,0.002784225158393383
1792.0,0.004047721158713102
1920.0,-0.001661557238548994
2048.0,-0.008521622978150845
2304.0,-0.025409424677491188
2560.0,-0.03703155741095543
2816.0,-0.03294768184423447
3072.0,-0.038968127220869064
3328.0,-0.04615452513098717
3584.0,-0.061912164092063904
3840.0,-0.05702181160449982
4096.0,-0.06495719403028488
end
