version,3.0
numOfCh,1
type,point
parent_name,fe81d_3dot0-0dot01
ch_type,1_1
kcount,1
numberNandB,1
brightnessNandB,1
carpet pos,0
pc,0
Time (ms),CH1 Auto-Correlation
1.0,0.03397074341773987
2.0,0.029783617705106735
3.0,0.026719633489847183
4.0,0.02431974746286869
5.0,0.022517841309309006
6.0,0.020919665694236755
7.0,0.019883977249264717
8.0,0.019183136522769928
9.0,0.018662970513105392
10.0,0.018055060878396034
11.0,0.0175308994948864
12.0,0.01707150787115097
13.0,0.016476908698678017
14.0,0.015777677297592163
15.0,0.015385454520583153
16.0,0.015266675502061844
18.0,0.014859125949442387
20.0,0.014294772408902645
22.0,0.01371683832257986
24.0,0.013270396739244461
26.0,0.012630322016775608
28.0,0.011935872957110405
30.0,0.011360007338225842
32.0,0.010865758173167706
36.0,0.010508055798709393
40.0,0.010956190526485443
44.0,0.011815161444246769
48.0,0.01117019634693861
52.0,0.010856610722839832
56.0,0.010885165072977543
60.0,0.010869741439819336
64.0,0.01108572632074356
72.0,0.0099391033872962
80.0,0.008831298910081387
88.0,0.007997692562639713
96.0,0.008458014577627182
104.0,0.00872605387121439
112.0,0.007849225774407387
120.0,0.006705610081553459
128.0,0.006713919807225466
144.0,0.005576727446168661
160.0,0.0044443365186452866
176.0,0.004900644533336163
192.0,0.0060212682001292706
208.0,0.004777445923537016
224.0,0.0042838240042328835
240.0,0.003658585250377655
256.0,0.003499744227156043
288.0,0.0019897569436579943
320.0,0.002691150177270174
352.0,0.0034741901326924562
384.0,0.0023209378123283386
416.0,0.0030904181767255068
448.0,0.0028443699702620506
480.0,0.0007121844100765884
512.0,-0.00020198168931528926
576.0,-0.0012486280174925923
640.0,-0.0004217574605718255
704.0,0.0006058535655029118
768.0,-0.000728566141333431
832.0,-0.0012701599625870585
896.0,-0.001433284138329327
960.0,-0.0031861020252108574
1024.0,-0.004999661818146706
1152.0,-0.003913175314664841
1280.0,-0.0026849338319152594
1408.0,-0.00013203138951212168
1536.0,0.0006115738651715219
1664.0,0.0007030810229480267
1792.0,0.00035611388739198446
1920.0,0.00013080594362691045
2048.0,-0.000548949814401567
2304.0,-0.004142969846725464
2560.0,-0.004200588446110487
2816.0,-0.00456054974347353
3072.0,-0.00469958083704114
3328.0,-0.001424838206730783
3584.0,0.0014427844434976578
3840.0,0.001010431325994432
4096.0,0.00466815335676074
end
