version,3.0
numOfCh,1
type,point
parent_name,34a6d_0dot2-0dot01
ch_type,1_1
kcount,1
numberNandB,1
brightnessNandB,1
carpet pos,0
pc,0
Time (ms),CH1 Auto-Correlation
1.0,0.19016049802303314
2.0,0.18919356167316437
3.0,0.18820998072624207
4.0,0.1872411072254181
5.0,0.18626993894577026
6.0,0.18529540300369263
7.0,0.18432599306106567
8.0,0.18335825204849243
9.0,0.18234911561012268
10.0,0.18141604959964752
11.0,0.18053238093852997
12.0,0.17968103289604187
13.0,0.17884346842765808
14.0,0.17798778414726257
15.0,0.17713743448257446
16.0,0.17629961669445038
18.0,0.17462246119976044
20.0,0.17309388518333435
22.0,0.17160890996456146
24.0,0.17019781470298767
26.0,0.16882315278053284
28.0,0.16763074696063995
30.0,0.16649341583251953
32.0,0.1654033064842224
36.0,0.16352814435958862
40.0,0.1618969887495041
44.0,0.16046136617660522
48.0,0.1588698923587799
52.0,0.15731821954250336
56.0,0.15591995418071747
60.0,0.15463773906230927
64.0,0.15303665399551392
72.0,0.14940519630908966
80.0,0.1463911533355713
88.0,0.14393436908721924
96.0,0.14198464155197144
104.0,0.14043231308460236
112.0,0.13855400681495667
120.0,0.13648715615272522
128.0,0.13472945988178253
144.0,0.132966548204422
160.0,0.13115766644477844
176.0,0.12809935212135315
192.0,0.12390987575054169
208.0,0.11852274090051651
224.0,0.114177405834198
240.0,0.1104026585817337
256.0,0.10530171543359756
288.0,0.09904614835977554
320.0,0.09244094043970108
352.0,0.0876593217253685
384.0,0.0814775601029396
416.0,0.0738445296883583
448.0,0.06834530085325241
480.0,0.06242438778281212
512.0,0.054834239184856415
576.0,0.04601077362895012
640.0,0.04026994854211807
704.0,0.03253382816910744
768.0,0.0247450340539217
832.0,0.02473314478993416
896.0,0.017618728801608086
960.0,0.01015484519302845
1024.0,0.010752345435321331
1152.0,0.001843573059886694
1280.0,-0.0036952553782612085
1408.0,-0.007459626067429781
1536.0,0.0005036659422330558
1664.0,0.004099954850971699
1792.0,-0.0008224503835663199
1920.0,-0.003913815598934889
2048.0,-0.00882772821933031
2304.0,-0.01924542337656021
2560.0,-0.028459208086133003
2816.0,-0.03214314952492714
3072.0,-0.04109691083431244
3328.0,-0.042368292808532715
3584.0,-0.03395562991499901
3840.0,-0.009731543250381947
4096.0,-0.0019101619254797697
4608.0,-0.007720115128904581
5120.0,-0.018474861979484558
5632.0,-0.042651113122701645
6144.0,-0.0435713455080986
6656.0,-0.038794320076704025
7168.0,-0.04163751006126404
7680.0,-0.03712554648518562
8192.0,-0.0275651253759861
end
