version,3.0
numOfCh,1
type,point
parent_name,34a6d_0dot2-0dot01
ch_type,1_1
kcount,1
numberNandB,1
brightnessNandB,1
carpet pos,0
pc,0
Time (ms),CH1 Auto-Correlation
1.0,0.39216870069503784
2.0,0.39061644673347473
3.0,0.38906925916671753
4.0,0.3875226378440857
5.0,0.38599899411201477
6.0,0.38453131914138794
7.0,0.383160263299942
8.0,0.3817623555660248
9.0,0.3803215026855469
10.0,0.3788168132305145
11.0,0.37729060649871826
12.0,0.37577712535858154
13.0,0.3742299973964691
14.0,0.3727080225944519
15.0,0.3712155520915985
16.0,0.36970430612564087
18.0,0.3671119809150696
20.0,0.3644266426563263
22.0,0.3618016839027405
24.0,0.35885295271873474
26.0,0.35600560903549194
28.0,0.3532074987888336
30.0,0.3503754138946533
32.0,0.3475284278392792
36.0,0.3424723446369171
40.0,0.33773013949394226
44.0,0.3330952525138855
48.0,0.32875722646713257
52.0,0.32469242811203003
56.0,0.3207179009914398
60.0,0.31704649329185486
64.0,0.3134942948818207
72.0,0.308358371257782
80.0,0.30373814702033997
88.0,0.2998929023742676
96.0,0.2970029413700104
104.0,0.2943708300590515
112.0,0.29239532351493835
120.0,0.29013511538505554
128.0,0.28736335039138794
144.0,0.2804529368877411
160.0,0.2727314531803131
176.0,0.2656456232070923
192.0,0.2596975266933441
208.0,0.2555837035179138
224.0,0.2515345513820648
240.0,0.24501363933086395
256.0,0.2367255836725235
288.0,0.21815834939479828
320.0,0.20286042988300323
352.0,0.19496490061283112
384.0,0.19308780133724213
416.0,0.1924172043800354
448.0,0.19021067023277283
480.0,0.18935391306877136
512.0,0.19018195569515228
576.0,0.1913406103849411
640.0,0.17762920260429382
704.0,0.16689465939998627
768.0,0.15497936308383942
832.0,0.15035568177700043
896.0,0.1422530561685562
960.0,0.14372390508651733
1024.0,0.1363557130098343
1152.0,0.12042911350727081
1280.0,0.10510946810245514
1408.0,0.106901615858078
1536.0,0.12836404144763947
1664.0,0.14507527649402618
1792.0,0.14064465463161469
1920.0,0.10455074161291122
2048.0,0.0642099529504776
2304.0,0.016520824283361435
2560.0,-0.013934314250946045
2816.0,-0.047526925802230835
3072.0,-0.09263576567173004
3328.0,-0.08401016891002655
3584.0,-0.12808012962341309
3840.0,-0.17668981850147247
4096.0,-0.23403795063495636
4608.0,-0.21275313198566437
5120.0,-0.22754666209220886
5632.0,-0.23785018920898438
6144.0,-0.19158604741096497
6656.0,-0.055999819189310074
7168.0,0.11982672661542892
end
