version,3.0
numOfCh,1
type,point
parent_name,34a6d_0dot2-0dot01
ch_type,1_1
kcount,1
numberNandB,1
brightnessNandB,1
carpet pos,0
pc,0
Time (ms),CH1 Auto-Correlation
1.0,0.10601858794689178
2.0,0.10489239543676376
3.0,0.10372525453567505
4.0,0.10264424234628677
5.0,0.10155311226844788
6.0,0.10046827793121338
7.0,0.09932395815849304
8.0,0.09819444268941879
9.0,0.09703068435192108
10.0,0.09592586010694504
11.0,0.0948585793375969
12.0,0.09382938593626022
13.0,0.0928545817732811
14.0,0.09188459813594818
15.0,0.09104178100824356
16.0,0.09022983908653259
18.0,0.0888013020157814
20.0,0.08752415329217911
22.0,0.0863458663225174
24.0,0.08511780947446823
26.0,0.084030382335186
28.0,0.08299274742603302
30.0,0.08189195394515991
32.0,0.08068324625492096
36.0,0.07812961935997009
40.0,0.07542379945516586
44.0,0.07286051660776138
48.0,0.07097823917865753
52.0,0.07030929625034332
56.0,0.06981602311134338
60.0,0.06932992488145828
64.0,0.06862962990999222
72.0,0.06709165871143341
80.0,0.06598473340272903
88.0,0.06562983244657516
96.0,0.06567603349685669
104.0,0.06529532372951508
112.0,0.06473250687122345
120.0,0.06453399360179901
128.0,0.06472223997116089
144.0,0.06387455016374588
160.0,0.06269573420286179
176.0,0.06286817044019699
192.0,0.0627235546708107
208.0,0.06283189356327057
224.0,0.06289276480674744
240.0,0.06557872146368027
256.0,0.06728408485651016
288.0,0.064732126891613
320.0,0.06003332510590553
352.0,0.05401776358485222
384.0,0.05296332761645317
416.0,0.0567280575633049
448.0,0.05802737921476364
480.0,0.05445721372961998
512.0,0.05271877720952034
576.0,0.048159241676330566
640.0,0.04280223697423935
704.0,0.04224042221903801
768.0,0.04021131619811058
832.0,0.03466396778821945
896.0,0.0340995229780674
960.0,0.03094852901995182
1024.0,0.029761044308543205
1152.0,0.026285916566848755
1280.0,0.02247653529047966
1408.0,0.02139967493712902
1536.0,0.018125811591744423
1664.0,0.017948707565665245
1792.0,0.017099132761359215
1920.0,0.012086145579814911
2048.0,0.01342680398374796
2304.0,0.013646100647747517
2560.0,0.011517318896949291
2816.0,0.0032870490103960037
3072.0,-0.0072108604945242405
3328.0,-0.017013462260365486
3584.0,-0.019645944237709045
3840.0,-0.01869192346930504
4096.0,-0.021583981812000275
4608.0,-0.03861536085605621
5120.0,-0.05641228333115578
5632.0,-0.07314878702163696
6144.0,-0.07583398371934891
6656.0,-0.057969823479652405
7168.0,-0.03829029202461243
7680.0,-0.02758888714015484
8192.0,-0.022396333515644073
end
