version,3.0
numOfCh,1
type,point
parent_name,ff67b_0dot08-0dot1
ch_type,1_1
kcount,1
numberNandB,1
brightnessNandB,1
carpet pos,0
pc,0
Time (ms),CH1 Auto-Correlation
1.0,0.07479258626699448
2.0,0.07407152652740479
3.0,0.07336968183517456
4.0,0.07271968573331833
5.0,0.07211579382419586
6.0,0.07152577489614487
7.0,0.07095353305339813
8.0,0.0704006776213646
9.0,0.06985793262720108
10.0,0.06930699199438095
11.0,0.06878560036420822
12.0,0.06826040893793106
13.0,0.06772647053003311
14.0,0.06718634814023972
15.0,0.06666784733533859
16.0,0.06613314151763916
18.0,0.06505607068538666
20.0,0.06395291537046432
22.0,0.06289171427488327
24.0,0.06188470125198364
26.0,0.06097663193941116
28.0,0.06010160967707634
30.0,0.059227582067251205
32.0,0.058397796005010605
36.0,0.056899577379226685
40.0,0.05553964152932167
44.0,0.05419139191508293
48.0,0.0528835654258728
52.0,0.051656074821949005
56.0,0.05052657797932625
60.0,0.0494314506649971
64.0,0.0484127514064312
72.0,0.046288203448057175
80.0,0.04414581507444382
88.0,0.042050860822200775
96.0,0.04023270308971405
104.0,0.03867650777101517
112.0,0.0369376577436924
120.0,0.034871164709329605
128.0,0.0326644591987133
144.0,0.029735129326581955
160.0,0.02766478806734085
176.0,0.026629671454429626
192.0,0.02637527324259281
208.0,0.026287797838449478
224.0,0.02598518133163452
240.0,0.0260942243039608
256.0,0.026483209803700447
288.0,0.02713022567331791
320.0,0.02741418220102787
352.0,0.026837030425667763
384.0,0.02542354166507721
416.0,0.023071762174367905
448.0,0.019794167950749397
480.0,0.015872744843363762
512.0,0.013055226765573025
576.0,0.008138504810631275
640.0,0.008618062362074852
704.0,0.010799350216984749
768.0,0.011423064395785332
832.0,0.007592036388814449
896.0,0.003337342292070389
960.0,0.001370381796732545
1024.0,0.002642284380272031
1152.0,0.00027929703355766833
1280.0,-0.0024435047525912523
1408.0,-0.003012868110090494
1536.0,0.0006577055319212377
1664.0,-0.0025878669694066048
1792.0,-0.00393714802339673
1920.0,-0.010898283682763577
2048.0,-0.01470586471259594
2304.0,-0.01948249526321888
2560.0,-0.014616652391850948
2816.0,-0.013379589654505253
3072.0,-0.012249868363142014
3328.0,-0.008885937742888927
3584.0,-0.009186997078359127
3840.0,-0.0046697636134922504
4096.0,0.0005182891618460417
4608.0,0.010321205481886864
5120.0,0.00820236001163721
5632.0,0.006563818082213402
6144.0,0.004988136235624552
6656.0,-0.007314207963645458
7168.0,-0.0068709044717252254
7680.0,-0.014965956099331379
8192.0,-0.012567374855279922
end
