version,3.0
numOfCh,1
type,point
parent_name,ff67b_1dot0-0dot01
ch_type,1_1
kcount,1
numberNandB,1
brightnessNandB,1
carpet pos,0
pc,0
Time (ms),CH1 Auto-Correlation
1.0,0.7095604538917542
2.0,0.7082291841506958
3.0,0.7069994211196899
4.0,0.7058857679367065
5.0,0.7048401236534119
6.0,0.7037612795829773
7.0,0.702704131603241
8.0,0.7016417980194092
9.0,0.7005680203437805
10.0,0.6995318531990051
11.0,0.6985201239585876
12.0,0.6974599361419678
13.0,0.6963725686073303
14.0,0.6953933238983154
15.0,0.6944933533668518
16.0,0.6936275959014893
18.0,0.6918080449104309
20.0,0.6899523138999939
22.0,0.6880404949188232
24.0,0.6862008571624756
26.0,0.6845698952674866
28.0,0.6829313039779663
30.0,0.6813461780548096
32.0,0.67963707447052
36.0,0.6761556267738342
40.0,0.672798752784729
44.0,0.6693718433380127
48.0,0.6658339500427246
52.0,0.6621909141540527
56.0,0.6588150262832642
60.0,0.6556481719017029
64.0,0.652776300907135
72.0,0.6471890807151794
80.0,0.6417916417121887
88.0,0.6360355615615845
96.0,0.6310797929763794
104.0,0.6264889240264893
112.0,0.6217714548110962
120.0,0.6177663207054138
128.0,0.6147929430007935
144.0,0.6069652438163757
160.0,0.5979263782501221
176.0,0.585832417011261
192.0,0.5716517567634583
208.0,0.5570792555809021
224.0,0.542931079864502
240.0,0.5300478339195251
256.0,0.5174228549003601
288.0,0.49420198798179626
320.0,0.4743381142616272
352.0,0.45458659529685974
384.0,0.42995598912239075
416.0,0.40229013562202454
448.0,0.37393978238105774
480.0,0.3522704541683197
512.0,0.3339175879955292
576.0,0.2950016260147095
640.0,0.2592542767524719
704.0,0.23384574055671692
768.0,0.21354667842388153
832.0,0.17477326095104218
896.0,0.1344645619392395
960.0,0.09560724347829819
1024.0,0.045078396797180176
1152.0,-0.07904674112796783
1280.0,-0.12810544669628143
1408.0,-0.12853188812732697
1536.0,-0.1172967255115509
1664.0,-0.10410076379776001
1792.0,-0.10075268149375916
1920.0,-0.12353847920894623
2048.0,-0.14092831313610077
2304.0,-0.17391352355480194
2560.0,-0.20503288507461548
2816.0,-0.242324560880661
3072.0,-0.2974090576171875
3328.0,-0.3732394874095917
3584.0,-0.445211261510849
3840.0,-0.4067915976047516
4096.0,-0.34955668449401855
end
