version,3.0
numOfCh,1
type,point
parent_name,ff67b_1dot0-0dot01
ch_type,1_1
kcount,1
numberNandB,1
brightnessNandB,1
carpet pos,0
pc,0
Time (ms),CH1 Auto-Correlation
1.0,0.13203392922878265
2.0,0.1275349110364914
3.0,0.1234099343419075
4.0,0.11966212838888168
5.0,0.11609750241041183
6.0,0.11267750710248947
7.0,0.10972706228494644
8.0,0.10691020637750626
9.0,0.1038661003112793
10.0,0.10114269703626633
11.0,0.09879490733146667
12.0,0.09667268395423889
13.0,0.09461256861686707
14.0,0.09256517142057419
15.0,0.09103851020336151
16.0,0.08949121087789536
18.0,0.08424243330955505
20.0,0.08115112036466599
22.0,0.07859645038843155
24.0,0.07710787653923035
26.0,0.07525800168514252
28.0,0.07339520752429962
30.0,0.07193968445062637
32.0,0.07069028913974762
36.0,0.06953085958957672
40.0,0.06805060803890228
44.0,0.06489884108304977
48.0,0.060467932373285294
52.0,0.055069927126169205
56.0,0.05029717832803726
60.0,0.0459931455552578
64.0,0.044651009142398834
72.0,0.04084791988134384
80.0,0.03655345365405083
88.0,0.03562942519783974
96.0,0.03263241797685623
104.0,0.029403651133179665
112.0,0.027307838201522827
120.0,0.023644225671887398
128.0,0.02137777768075466
144.0,0.01677194982767105
160.0,0.01906690001487732
176.0,0.02223290503025055
192.0,0.02270306646823883
208.0,0.01835516467690468
224.0,0.015970153734087944
240.0,0.015541484579443932
256.0,0.01332300528883934
288.0,0.012646286748349667
320.0,0.008761437609791756
352.0,0.011757985688745975
384.0,0.01183931715786457
416.0,0.01368538849055767
448.0,0.015283671207726002
480.0,0.011302599683403969
512.0,0.005211484152823687
576.0,-0.003596792696043849
640.0,-0.006068384740501642
704.0,-0.0036821195390075445
768.0,-0.004620286636054516
832.0,-0.004109599161893129
896.0,-0.002404393395408988
960.0,-0.010005923919379711
1024.0,-0.013503625057637691
1152.0,-0.0014975765952840447
1280.0,-0.009957751259207726
1408.0,0.0018515785923227668
1536.0,-0.0065557886846363544
1664.0,0.011073663830757141
1792.0,-0.00485883466899395
1920.0,0.006442984566092491
2048.0,-0.0025777395348995924
2304.0,0.005877759773284197
2560.0,0.008058615028858185
2816.0,-0.0033157900907099247
3072.0,-0.01163225993514061
3328.0,-0.010293046943843365
3584.0,-0.004283195827156305
end
