version,3.0
numOfCh,1
type,point
parent_name,ff67b_1dot0-0dot01
ch_type,1_1
kcount,1
numberNandB,1
brightnessNandB,1
carpet pos,0
pc,0
Time (ms),CH1 Auto-Correlation
1.0,0.05355631932616234
2.0,0.05046860873699188
3.0,0.04790688678622246
4.0,0.045470915734767914
5.0,0.043230243027210236
6.0,0.04112119600176811
7.0,0.039166972041130066
8.0,0.037527572363615036
9.0,0.03602105379104614
10.0,0.03496944531798363
11.0,0.033888157457113266
12.0,0.0328860841691494
13.0,0.03205706924200058
14.0,0.03122769296169281
15.0,0.03052271157503128
16.0,0.029835205525159836
18.0,0.028910402208566666
20.0,0.02814726158976555
22.0,0.027165578678250313
24.0,0.026187608018517494
26.0,0.025286242365837097
28.0,0.02467644214630127
30.0,0.02416444942355156
32.0,0.023653561249375343
36.0,0.02251267619431019
40.0,0.021544083952903748
44.0,0.020984187722206116
48.0,0.02068426087498665
52.0,0.020264683291316032
56.0,0.019090309739112854
60.0,0.018115228042006493
64.0,0.017571087926626205
72.0,0.01583695039153099
80.0,0.0133905578404665
88.0,0.011759244836866856
96.0,0.010173305869102478
104.0,0.008668817579746246
112.0,0.008777947165071964
120.0,0.009502544067800045
128.0,0.00890344474464655
144.0,0.00666753388941288
160.0,0.00919885840266943
176.0,0.009115271270275116
192.0,0.006200339645147324
208.0,0.00407438725233078
224.0,0.004267359152436256
240.0,0.006640550214797258
256.0,0.005187121219933033
288.0,0.0038902354426681995
320.0,0.0009888762142509222
352.0,-0.003034282475709915
384.0,-0.005272784736007452
416.0,-0.008039695210754871
448.0,-0.009347086772322655
480.0,-0.008839882910251617
512.0,-0.008453376591205597
576.0,-0.00847280491143465
640.0,-0.0053867073729634285
704.0,-0.007163518574088812
768.0,-0.006079604849219322
832.0,-0.0008349278941750526
896.0,0.0018028195481747389
960.0,0.0033520162105560303
1024.0,0.005895254667848349
1152.0,0.005114762578159571
1280.0,0.0047277542762458324
1408.0,0.010331380181014538
1536.0,-0.001027810387313366
1664.0,0.0012794827343896031
1792.0,-0.00923448521643877
1920.0,-0.011312195099890232
2048.0,-0.008491438813507557
end
