version,3.0
numOfCh,1
type,point
parent_name,fe81d_0dot1-0dot01
ch_type,1_1
kcount,1
numberNandB,1
brightnessNandB,1
carpet pos,0
pc,0
Time (ms),CH1 Auto-Correlation
1.0,0.030998341739177704
2.0,0.030791664496064186
3.0,0.03058650903403759
4.0,0.030393783003091812
5.0,0.030192112550139427
6.0,0.03000316396355629
7.0,0.029819240793585777
8.0,0.029647309333086014
9.0,0.02947545424103737
10.0,0.029295634478330612
11.0,0.029134316369891167
12.0,0.02897384949028492
13.0,0.02882678620517254
14.0,0.028677206486463547
15.0,0.028525767847895622
16.0,0.028381822630763054
18.0,0.02811487577855587
20.0,0.02785853110253811
22.0,0.027612904086709023
24.0,0.027386657893657684
26.0,0.027165232226252556
28.0,0.026926595717668533
30.0,0.026685962453484535
32.0,0.026450371369719505
36.0,0.025997988879680634
40.0,0.025569021701812744
44.0,0.02516258880496025
48.0,0.02477858029305935
52.0,0.024443885311484337
56.0,0.024112194776535034
60.0,0.02375803142786026
64.0,0.02331613190472126
72.0,0.02250753529369831
80.0,0.02181517332792282
88.0,0.021150043234229088
96.0,0.020418841391801834
104.0,0.019624628126621246
112.0,0.018799318000674248
120.0,0.017959726974368095
128.0,0.01718578301370144
144.0,0.01576743833720684
160.0,0.014513402245938778
176.0,0.013548925518989563
192.0,0.01295455452054739
208.0,0.012373377569019794
224.0,0.011556395329535007
240.0,0.010896638035774231
256.0,0.010622021742165089
288.0,0.009434988722205162
320.0,0.007638526149094105
352.0,0.0066657899878919125
384.0,0.0053952531889081
416.0,0.0032687238417565823
448.0,0.0013428902020677924
480.0,-0.00041174693615175784
512.0,-0.001955624669790268
576.0,-0.003977400716394186
640.0,-0.005291322711855173
704.0,-0.006048728246241808
768.0,-0.006013816222548485
832.0,-0.006730195134878159
896.0,-0.006801576819270849
960.0,-0.005225073080509901
1024.0,-0.0022490101400762796
1152.0,-0.0010475110029801726
1280.0,-0.0005973796360194683
1408.0,-0.0018809641478583217
1536.0,-0.0025160841178148985
1664.0,-0.003156240563839674
1792.0,-0.00697843125090003
1920.0,-0.0077095613814890385
2048.0,-0.01049085147678852
2304.0,-0.005264700390398502
2560.0,0.006188706494867802
2816.0,0.0061255935579538345
3072.0,-0.0013521843357011676
3328.0,-0.0054522291757166386
3584.0,0.0006851997459307313
3840.0,-0.0037776310928165913
4096.0,-0.005503157619386911
end
