version,3.0
numOfCh,1
type,point
parent_name,fe81d_0dot1-0dot01
ch_type,1_1
kcount,1
numberNandB,1
brightnessNandB,1
carpet pos,0
pc,0
Time (ms),CH1 Auto-Correlation
1.0,0.026618335396051407
2.0,0.02637762576341629
3.0,0.026133526116609573
4.0,0.025888750329613686
5.0,0.025652829557657242
6.0,0.025418972596526146
7.0,0.025189893320202827
8.0,0.024971934035420418
9.0,0.024757007136940956
10.0,0.02454487979412079
11.0,0.02435115911066532
12.0,0.02416098304092884
13.0,0.023979945108294487
14.0,0.02380269765853882
15.0,0.023614753037691116
16.0,0.02343152090907097
18.0,0.023073431104421616
20.0,0.0227169468998909
22.0,0.02237432450056076
24.0,0.022046705707907677
26.0,0.02173776738345623
28.0,0.02144794538617134
30.0,0.021159693598747253
32.0,0.02086457796394825
36.0,0.020286355167627335
40.0,0.019713565707206726
44.0,0.019117001444101334
48.0,0.018531760200858116
52.0,0.01794971339404583
56.0,0.01731872372329235
60.0,0.0166594460606575
64.0,0.016014203429222107
72.0,0.014720428735017776
80.0,0.013724911026656628
88.0,0.012771395966410637
96.0,0.01186071615666151
104.0,0.011049238964915276
112.0,0.01038163248449564
120.0,0.009884248487651348
128.0,0.009413043037056923
144.0,0.008488413877785206
160.0,0.008000711910426617
176.0,0.007511040661484003
192.0,0.006917891092598438
208.0,0.0066330102272331715
224.0,0.0061277481727302074
240.0,0.00565014872699976
256.0,0.005226928740739822
288.0,0.0037998284678906202
320.0,0.0022872518748044968
352.0,0.001653157058171928
384.0,0.0011848672293126583
416.0,0.0009189789998345077
448.0,0.0006899829022586346
480.0,0.0006045267218723893
512.0,-0.00016487778339069337
576.0,-0.0007452969439327717
640.0,-0.0010863698553293943
704.0,0.0006366840680129826
768.0,0.0014879161026328802
832.0,7.310971454899118e-07
896.0,-0.0027591644320636988
960.0,-0.0037360594142228365
1024.0,-0.004676378797739744
1152.0,-0.005316332448273897
1280.0,0.0002512091596145183
1408.0,0.0024532650131732225
1536.0,0.0012414297088980675
1664.0,0.001320432755164802
1792.0,-0.002515133935958147
1920.0,-0.0050291214138269424
2048.0,-0.0026305855717509985
2304.0,-0.004779212176799774
2560.0,-0.002396534662693739
2816.0,0.0013904841616749763
3072.0,0.00713609904050827
3328.0,0.0007273310329765081
3584.0,-0.0029509845189750195
3840.0,-0.0017527348827570677
4096.0,-0.002052322728559375
end
