version,3.0
numOfCh,1
type,point
parent_name,fe81d_0dot1-0dot01
ch_type,1_1
kcount,1
numberNandB,1
brightnessNandB,1
carpet pos,0
pc,0
Time (ms),CH1 Auto-Correlation
1.0,0.031243804842233658
2.0,0.03090554103255272
3.0,0.030550172552466393
4.0,0.03021176904439926
5.0,0.029905682429671288
6.0,0.029637493193149567
7.0,0.0293661430478096
8.0,0.02908812090754509
9.0,0.028804069384932518
10.0,0.028508467599749565
11.0,0.028241708874702454
12.0,0.02800486795604229
13.0,0.027789421379566193
14.0,0.027559371665120125
15.0,0.027320975437760353
16.0,0.02709304913878441
18.0,0.026651820167899132
20.0,0.02619638293981552
22.0,0.025727219879627228
24.0,0.02532191202044487
26.0,0.024921728298068047
28.0,0.02448718063533306
30.0,0.024062734097242355
32.0,0.0237145833671093
36.0,0.023001424968242645
40.0,0.022268248721957207
44.0,0.021342918276786804
48.0,0.020504768937826157
52.0,0.01976478286087513
56.0,0.018970293924212456
60.0,0.01806151680648327
64.0,0.017186518758535385
72.0,0.01570669561624527
80.0,0.014447554014623165
88.0,0.0134198609739542
96.0,0.01253124326467514
104.0,0.012050185352563858
112.0,0.011721240356564522
120.0,0.011328933760523796
128.0,0.010931264609098434
144.0,0.009749237447977066
160.0,0.008745810948312283
176.0,0.008039696142077446
192.0,0.0072759292088449
208.0,0.006718053482472897
224.0,0.006642282009124756
240.0,0.007001477759331465
256.0,0.007139233872294426
288.0,0.007130926009267569
320.0,0.006622737273573875
352.0,0.005750123877078295
384.0,0.004336769692599773
416.0,0.00280969706363976
448.0,0.0011888976441696286
480.0,-0.0004914845922030509
512.0,-0.002518636407330632
576.0,-0.0022651846520602703
640.0,-0.00013280576968099922
704.0,0.000853737466968596
768.0,-0.0006545745418407023
832.0,-0.004373707342892885
896.0,-0.00687364349141717
960.0,-0.007074091117829084
1024.0,-0.005466772243380547
1152.0,-0.007325412705540657
1280.0,-0.008388148620724678
1408.0,-0.004162739031016827
1536.0,-0.003908295184373856
1664.0,0.0029906006529927254
1792.0,0.006312052719295025
1920.0,0.0025841891765594482
2048.0,0.0008678999729454517
2304.0,0.003948507830500603
2560.0,0.004896481987088919
2816.0,-0.0037980128545314074
3072.0,-0.008062250912189484
3328.0,-0.0028480608016252518
3584.0,-0.0009172654245048761
3840.0,-0.0032385566737502813
4096.0,0.0013885655207559466
end
