version,3.0
numOfCh,1
type,point
parent_name,fe81d_0dot1-0dot01
ch_type,1_1
kcount,1
numberNandB,1
brightnessNandB,1
carpet pos,0
pc,0
Time (ms),CH1 Auto-Correlation
1.0,0.01909751072525978
2.0,0.018902761861681938
3.0,0.018715716898441315
4.0,0.018527427688241005
5.0,0.018346959725022316
6.0,0.018175937235355377
7.0,0.018010815605521202
8.0,0.017852727323770523
9.0,0.01770627498626709
10.0,0.017558468505740166
11.0,0.01741241291165352
12.0,0.017260262742638588
13.0,0.01710975170135498
14.0,0.01696060039103031
15.0,0.016819123178720474
16.0,0.016682973131537437
18.0,0.016401400789618492
20.0,0.016128424555063248
22.0,0.015869617462158203
24.0,0.01563332974910736
26.0,0.015415708534419537
28.0,0.015201376751065254
30.0,0.01497603952884674
32.0,0.01474926806986332
36.0,0.014275878667831421
40.0,0.013803320936858654
44.0,0.013342310674488544
48.0,0.012884257361292839
52.0,0.012480963952839375
56.0,0.012096287682652473
60.0,0.01172668021172285
64.0,0.011399585753679276
72.0,0.010704011656343937
80.0,0.009961511939764023
88.0,0.009196875616908073
96.0,0.008677506819367409
104.0,0.008280953392386436
112.0,0.00795502308756113
120.0,0.0076376874931156635
128.0,0.0072878035716712475
144.0,0.006273170001804829
160.0,0.005060974042862654
176.0,0.003990961238741875
192.0,0.0030775282066315413
208.0,0.002311546355485916
224.0,0.0017354426672682166
240.0,0.0013560891384258866
256.0,0.0010738756973296404
288.0,0.0003244285471737385
320.0,0.00011520850966917351
352.0,-0.00033678687759675086
384.0,-0.0007365133496932685
416.0,-0.0011811439180746675
448.0,-0.0015875424724072218
480.0,-0.0020576841197907925
512.0,-0.0026751714758574963
576.0,-0.004263452719897032
640.0,-0.005534701514989138
704.0,-0.005960242822766304
768.0,-0.004738966003060341
832.0,-0.0034642270766198635
896.0,-0.001829819637350738
960.0,-6.246822158573195e-05
1024.0,0.002133747795596719
1152.0,0.0028540347702801228
1280.0,0.0025134461466223
1408.0,0.0025859749875962734
1536.0,-0.0009753121412359178
1664.0,-0.0053358678705990314
1792.0,-0.0059573776088654995
1920.0,-0.005321682896465063
2048.0,-0.0049813310615718365
2304.0,0.000847426475957036
2560.0,0.002377682365477085
2816.0,5.2115650760242715e-05
3072.0,-0.0009250741568394005
3328.0,0.00016935326857492328
3584.0,0.002265856834128499
3840.0,0.0018624700605869293
4096.0,-0.0011852830648422241
end
