version,3.0
numOfCh,1
type,point
parent_name,ff67b_0dot069-0dot01
ch_type,1_1
kcount,1
numberNandB,1
brightnessNandB,1
carpet pos,0
pc,0
Time (ms),CH1 Auto-Correlation
1.0,0.024539900943636894
2.0,0.024041343480348587
3.0,0.023587659001350403
4.0,0.02314441092312336
5.0,0.022698121145367622
6.0,0.02223653718829155
7.0,0.02178744040429592
8.0,0.021362602710723877
9.0,0.02095513790845871
10.0,0.02057051658630371
11.0,0.02018505148589611
12.0,0.019820166751742363
13.0,0.019444899633526802
14.0,0.019048891961574554
15.0,0.018665093928575516
16.0,0.01829904317855835
18.0,0.017689818516373634
20.0,0.01711617410182953
22.0,0.016552165150642395
24.0,0.016023045405745506
26.0,0.015525706112384796
28.0,0.015036780387163162
30.0,0.014589337632060051
32.0,0.01416403241455555
36.0,0.013075386174023151
40.0,0.012090153992176056
44.0,0.011019713245332241
48.0,0.010030579753220081
52.0,0.009066331200301647
56.0,0.00815940648317337
60.0,0.007469960954040289
64.0,0.00682071503251791
72.0,0.0059672086499631405
80.0,0.005728497635573149
88.0,0.00507072638720274
96.0,0.004576581064611673
104.0,0.004483493510633707
112.0,0.004313900601118803
120.0,0.004134046845138073
128.0,0.004027582239359617
144.0,0.003463741159066558
160.0,0.002698659896850586
176.0,0.0023832174483686686
192.0,0.0021342444233596325
208.0,0.002491821302101016
224.0,0.002453997964039445
240.0,0.0015489539364352822
256.0,0.0006671098526567221
288.0,-2.0992024474253412e-06
320.0,0.0001264577585970983
352.0,-0.0012691073352470994
384.0,-0.0021041110157966614
416.0,-0.0016125607071444392
448.0,-3.0912538022676017e-06
480.0,0.0018478021956980228
512.0,0.0016875800210982561
576.0,0.0007530661532655358
640.0,0.0004060481733176857
704.0,-0.0011684260098263621
768.0,-0.0023106057196855545
832.0,-0.004722921643406153
896.0,-0.0057493411004543304
960.0,-0.00266425427980721
1024.0,-0.0026267715729773045
1152.0,0.00015146262012422085
1280.0,0.0017796208849176764
1408.0,0.0019079770427197218
1536.0,0.0034949532710015774
1664.0,0.0028551798313856125
1792.0,0.002425347687676549
1920.0,0.0025038360618054867
2048.0,0.0022462017368525267
2304.0,-0.004667445085942745
2560.0,-0.0024851306807249784
2816.0,-0.008033325895667076
3072.0,0.003834770293906331
3328.0,-0.0015942881582304835
3584.0,0.01007583923637867
end
