version,3.0
numOfCh,1
type,point
parent_name,ff67b_0dot069-0dot01
ch_type,1_1
kcount,1
numberNandB,1
brightnessNandB,1
carpet pos,0
pc,0
Time (ms),CH1 Auto-Correlation
1.0,0.03884441778063774
2.0,0.038643110543489456
3.0,0.03843330219388008
4.0,0.038222067058086395
5.0,0.038007330149412155
6.0,0.037806157022714615
7.0,0.037606604397296906
8.0,0.03740912675857544
9.0,0.037209153175354004
10.0,0.03700663521885872
11.0,0.03680973872542381
12.0,0.03661085292696953
13.0,0.03641430288553238
14.0,0.0362081415951252
15.0,0.03600374236702919
16.0,0.03580468147993088
18.0,0.03541925922036171
20.0,0.03504073619842529
22.0,0.03466415032744408
24.0,0.03428981080651283
26.0,0.03391724452376366
28.0,0.03356122598052025
30.0,0.03322560712695122
32.0,0.032925255596637726
36.0,0.03233834356069565
40.0,0.031733669340610504
44.0,0.031114721670746803
48.0,0.03052622824907303
52.0,0.029981421306729317
56.0,0.029438715428113937
60.0,0.028904203325510025
64.0,0.028367238119244576
72.0,0.027341177687048912
80.0,0.02641955576837063
88.0,0.025678642094135284
96.0,0.02503761649131775
104.0,0.024282682687044144
112.0,0.02347264252603054
120.0,0.022710494697093964
128.0,0.022030452266335487
144.0,0.020922668278217316
160.0,0.020341070368885994
176.0,0.019540149718523026
192.0,0.018605221062898636
208.0,0.01770264282822609
224.0,0.0167044959962368
240.0,0.015768105164170265
256.0,0.014997773803770542
288.0,0.013042354956269264
320.0,0.011240941472351551
352.0,0.010206368751823902
384.0,0.009848000481724739
416.0,0.009486674331128597
448.0,0.008446993306279182
480.0,0.006826161406934261
512.0,0.005158830434083939
576.0,0.00338826235383749
640.0,0.002293675672262907
704.0,0.00038610881892964244
768.0,-0.0021230510901659727
832.0,-0.004032001364976168
896.0,-0.004854831378906965
960.0,-0.0062144724652171135
1024.0,-0.006203027442097664
1152.0,-0.004359745420515537
1280.0,-0.004674723371863365
1408.0,-0.0017517786473035812
1536.0,0.0003915397683158517
1664.0,0.0026805587112903595
1792.0,0.0027575725689530373
1920.0,0.002071433700621128
2048.0,0.0016204464482143521
2304.0,-0.0018205736996605992
2560.0,-0.0001209723050124012
2816.0,0.004207557532936335
3072.0,0.006301531568169594
3328.0,0.00618243170902133
3584.0,-0.003914543427526951
3840.0,-0.007333880290389061
4096.0,-0.009782099165022373
end
