version,3.0
numOfCh,1
type,point
parent_name,ff67b_0dot069-0dot01
ch_type,1_1
kcount,1
numberNandB,1
brightnessNandB,1
carpet pos,0
pc,0
Time (ms),CH1 Auto-Correlation
1.0,0.038988299667835236
2.0,0.03877772390842438
3.0,0.038571178913116455
4.0,0.038362883031368256
5.0,0.03815912455320358
6.0,0.03796270489692688
7.0,0.03777560219168663
8.0,0.03759601339697838
9.0,0.03740967437624931
10.0,0.03723978251218796
11.0,0.03707357868552208
12.0,0.036905642598867416
13.0,0.03675788268446922
14.0,0.03660954535007477
15.0,0.03647268936038017
16.0,0.036342259496450424
18.0,0.03607438504695892
20.0,0.03580186888575554
22.0,0.035533491522073746
24.0,0.035261545330286026
26.0,0.03499379754066467
28.0,0.03473115339875221
30.0,0.034474927932024
32.0,0.0342245027422905
36.0,0.03376339375972748
40.0,0.03333648666739464
44.0,0.0329580195248127
48.0,0.03260871395468712
52.0,0.03227145969867706
56.0,0.031929757446050644
60.0,0.031560350209474564
64.0,0.031181221827864647
72.0,0.03046497516334057
80.0,0.029929786920547485
88.0,0.029447315260767937
96.0,0.02881678380072117
104.0,0.028160173445940018
112.0,0.027599787339568138
120.0,0.026961171999573708
128.0,0.026453260332345963
144.0,0.02585756406188011
160.0,0.02526460401713848
176.0,0.024716492742300034
192.0,0.024354519322514534
208.0,0.02422155626118183
224.0,0.024387214332818985
240.0,0.024483785033226013
256.0,0.02435746230185032
288.0,0.023944756016135216
320.0,0.023045232519507408
352.0,0.021720992401242256
384.0,0.02125842124223709
416.0,0.02074384316802025
448.0,0.019977547228336334
480.0,0.01949531026184559
512.0,0.01882333680987358
576.0,0.018037620931863785
640.0,0.017058799043297768
704.0,0.016058137640357018
768.0,0.014889296144247055
832.0,0.013241568580269814
896.0,0.011685612611472607
960.0,0.011120028793811798
1024.0,0.010132541880011559
1152.0,0.00528294499963522
1280.0,0.0038082783576101065
1408.0,-0.0010501070646569133
1536.0,-0.003499760292470455
1664.0,-0.005535687319934368
1792.0,-0.008589324541389942
1920.0,-0.010903588496148586
2048.0,-0.014057623222470284
2304.0,-0.018376225605607033
2560.0,-0.022880634292960167
2816.0,-0.02426442690193653
3072.0,-0.0200913455337286
3328.0,-0.017555618658661842
3584.0,-0.012776984833180904
3840.0,-0.01124861091375351
4096.0,-0.005299119744449854
end
