version,3.0
numOfCh,1
type,point
parent_name,ff67b_0dot069-0dot01
ch_type,1_1
kcount,1
numberNandB,1
brightnessNandB,1
carpet pos,0
pc,0
Time (ms),CH1 Auto-Correlation
1.0,0.06039838120341301
2.0,0.06010570749640465
3.0,0.059836842119693756
4.0,0.05955658107995987
5.0,0.05929502844810486
6.0,0.05904163047671318
7.0,0.05878596007823944
8.0,0.0585298016667366
9.0,0.05827753245830536
10.0,0.0580400712788105
11.0,0.05780356377363205
12.0,0.057559333741664886
13.0,0.05731187015771866
14.0,0.05705364793539047
15.0,0.05679832026362419
16.0,0.05655090883374214
18.0,0.056067951023578644
20.0,0.05558042973279953
22.0,0.055081937462091446
24.0,0.05458633974194527
26.0,0.05410519242286682
28.0,0.053643885999917984
30.0,0.05321608483791351
32.0,0.05277498811483383
36.0,0.05192999541759491
40.0,0.051124103367328644
44.0,0.05034969374537468
48.0,0.04958267882466316
52.0,0.048926107585430145
56.0,0.048259589821100235
60.0,0.04755791276693344
64.0,0.04690447077155113
72.0,0.04547618329524994
80.0,0.04411722719669342
88.0,0.04271123930811882
96.0,0.04133810102939606
104.0,0.0399811752140522
112.0,0.038664985448122025
120.0,0.03758678212761879
128.0,0.03657304495573044
144.0,0.034642353653907776
160.0,0.03337332606315613
176.0,0.03236285597085953
192.0,0.031122440472245216
208.0,0.02955516055226326
224.0,0.02802148461341858
240.0,0.026680838316679
256.0,0.024962574243545532
288.0,0.021606963127851486
320.0,0.0192403681576252
352.0,0.017983730882406235
384.0,0.01659771427512169
416.0,0.015443036332726479
448.0,0.01394724566489458
480.0,0.012163975276052952
512.0,0.009339225478470325
576.0,0.005761497188359499
640.0,0.002484897617250681
704.0,0.0013591889292001724
768.0,0.002049144823104143
832.0,0.0004700231074821204
896.0,-0.002980860648676753
960.0,-0.00849704910069704
1024.0,-0.014563309028744698
1152.0,-0.02236541546881199
1280.0,-0.02935030497610569
1408.0,-0.03245879337191582
1536.0,-0.03266620635986328
1664.0,-0.026538589969277382
1792.0,-0.01848696358501911
1920.0,-0.01816968433558941
2048.0,-0.01846073567867279
2304.0,-0.003387681907042861
2560.0,0.012387952767312527
2816.0,0.028390290215611458
3072.0,0.026382451876997948
3328.0,0.027148708701133728
3584.0,0.014625483192503452
3840.0,-0.008140073157846928
4096.0,-0.019201181828975677
end
