version,3.0
numOfCh,1
type,point
parent_name,714af_0dot1-0dot01
ch_type,1_1
kcount,1
numberNandB,1
brightnessNandB,1
carpet pos,0
pc,0
Time (ms),CH1 Auto-Correlation
1.0,0.017944568768143654
2.0,0.017598725855350494
3.0,0.01723710261285305
4.0,0.01690220832824707
5.0,0.016598515212535858
6.0,0.016313446685671806
7.0,0.01605343073606491
8.0,0.01581542007625103
9.0,0.015585748478770256
10.0,0.015334200114011765
11.0,0.015086892992258072
12.0,0.014851088635623455
13.0,0.014617721550166607
14.0,0.01439195591956377
15.0,0.014160503633320332
16.0,0.013927758671343327
18.0,0.013492145575582981
20.0,0.013057103380560875
22.0,0.0126264039427042
24.0,0.012241560034453869
26.0,0.011875255033373833
28.0,0.011521201580762863
30.0,0.011195691302418709
32.0,0.010920598171651363
36.0,0.010104493238031864
40.0,0.009433996863663197
44.0,0.009019594639539719
48.0,0.00865925196558237
52.0,0.008348852396011353
56.0,0.007982496172189713
60.0,0.0075985947623848915
64.0,0.0073789432644844055
72.0,0.006959693972021341
80.0,0.006608143448829651
88.0,0.006293755955994129
96.0,0.005957741755992174
104.0,0.005645416676998138
112.0,0.005430490709841251
120.0,0.005158923100680113
128.0,0.004872967954725027
144.0,0.0043593598529696465
160.0,0.004029784817248583
176.0,0.0035097631625831127
192.0,0.002984499093145132
208.0,0.0023920536041259766
224.0,0.0020811338908970356
240.0,0.0017757781315594912
256.0,0.0013119167415425181
288.0,0.001007852959446609
320.0,0.0015356121584773064
352.0,0.0014680406311526895
384.0,-9.24029609450372e-06
416.0,-0.001056913984939456
448.0,-0.0014387024566531181
480.0,-0.0023438644129782915
512.0,-0.0032085012644529343
576.0,-0.0037553098518401384
640.0,-0.0017767366953194141
704.0,-0.00031180898076854646
768.0,0.0002814454201143235
832.0,-8.097676618490368e-05
896.0,-0.0012724637053906918
960.0,-0.0013147139688953757
1024.0,-0.0007113179308362305
1152.0,-0.001620545401237905
1280.0,-0.0007784651243127882
1408.0,0.000492503575515002
1536.0,0.002389668021351099
1664.0,0.0062059941701591015
1792.0,0.005033685825765133
1920.0,0.0023714094422757626
2048.0,0.0005695928120985627
2304.0,-0.005257559008896351
2560.0,-0.0029306113719940186
2816.0,-0.00020652227976825088
3072.0,-0.0011703105410560966
3328.0,0.001763202715665102
3584.0,0.0021252131555229425
3840.0,-0.004131453577429056
4096.0,-0.008771766908466816
end
