version,3.0
numOfCh,1
type,point
parent_name,c1204_0dot2-0dot01
ch_type,1_1
kcount,1
numberNandB,1
brightnessNandB,1
carpet pos,0
pc,0
Time (ms),CH1 Auto-Correlation
1.0,0.04406289383769035
2.0,0.043416619300842285
3.0,0.042764175683259964
4.0,0.042113542556762695
5.0,0.04148207604885101
6.0,0.04087737202644348
7.0,0.04031036049127579
8.0,0.03976760059595108
9.0,0.039249397814273834
10.0,0.038755159825086594
11.0,0.03829728066921234
12.0,0.037830010056495667
13.0,0.03739137575030327
14.0,0.036971237510442734
15.0,0.03656629100441933
16.0,0.036172959953546524
18.0,0.035342808812856674
20.0,0.03456784784793854
22.0,0.033840496093034744
24.0,0.03313861042261124
26.0,0.03244782239198685
28.0,0.03179841861128807
30.0,0.031122412532567978
32.0,0.030453825369477272
36.0,0.02916657365858555
40.0,0.028064358979463577
44.0,0.02710982784628868
48.0,0.026383576914668083
52.0,0.0256744883954525
56.0,0.024864520877599716
60.0,0.024089014157652855
64.0,0.023319637402892113
72.0,0.021827630698680878
80.0,0.02080123871564865
88.0,0.02031693607568741
96.0,0.019733833149075508
104.0,0.01886594481766224
112.0,0.017934227362275124
120.0,0.017088012769818306
128.0,0.016522012650966644
144.0,0.01573840342462063
160.0,0.015176412649452686
176.0,0.01511993445456028
192.0,0.015284732915461063
208.0,0.015155365690588951
224.0,0.014636272564530373
240.0,0.014259296469390392
256.0,0.014106770046055317
288.0,0.013778679072856903
320.0,0.01268666610121727
352.0,0.010909524746239185
384.0,0.010948661714792252
416.0,0.012020597234368324
448.0,0.011163236573338509
480.0,0.009818708524107933
512.0,0.008185066282749176
576.0,0.00867320317775011
640.0,0.008681006729602814
704.0,0.0062851994298398495
768.0,0.004972162656486034
832.0,0.005375365726649761
896.0,0.005761877167969942
960.0,0.003516276367008686
1024.0,0.0033252425491809845
1152.0,0.005502596963196993
1280.0,0.0075066788122057915
1408.0,0.008860328234732151
1536.0,0.007279464974999428
1664.0,0.008197174407541752
1792.0,0.008976351469755173
1920.0,0.011529780924320221
2048.0,0.011148587800562382
2304.0,0.006135320756584406
2560.0,-0.0019823694601655006
2816.0,-0.0059057180769741535
3072.0,-0.006605924107134342
3328.0,-0.0023161203134804964
3584.0,-0.0024433645885437727
3840.0,-0.0023692927788943052
4096.0,-0.0043550338596105576
4608.0,-0.015950608998537064
5120.0,-0.02051806077361107
5632.0,-0.014025747776031494
6144.0,-0.01711704581975937
6656.0,-0.01862255670130253
7168.0,-0.02408897690474987
end
