version,3.0
numOfCh,1
type,point
parent_name,34a6d_0dot6-0dot01
ch_type,1_1
kcount,1
numberNandB,1
brightnessNandB,1
carpet pos,0
pc,0
Time (ms),CH1 Auto-Correlation
1.0,0.11711731553077698
2.0,0.11585598438978195
3.0,0.11464448273181915
4.0,0.11351299285888672
5.0,0.11246367543935776
6.0,0.11147507280111313
7.0,0.11056549847126007
8.0,0.10966614633798599
9.0,0.108801931142807
10.0,0.10800635814666748
11.0,0.10722317546606064
12.0,0.1064816415309906
13.0,0.10578425973653793
14.0,0.10520461946725845
15.0,0.10463695973157883
16.0,0.10410992801189423
18.0,0.10302218794822693
20.0,0.10199590772390366
22.0,0.10109689086675644
24.0,0.10025685280561447
26.0,0.09950340539216995
28.0,0.09885940700769424
30.0,0.09821851551532745
32.0,0.09764958173036575
36.0,0.09615297615528107
40.0,0.09478344768285751
44.0,0.09352072328329086
48.0,0.09244967252016068
52.0,0.09150233119726181
56.0,0.09069931507110596
60.0,0.0899362564086914
64.0,0.08921519666910172
72.0,0.08795889467000961
80.0,0.0861923024058342
88.0,0.08480153977870941
96.0,0.08307292312383652
104.0,0.08084839582443237
112.0,0.07804705947637558
120.0,0.07554100453853607
128.0,0.07315817475318909
144.0,0.07041378319263458
160.0,0.06856405735015869
176.0,0.06714706122875214
192.0,0.06373846530914307
208.0,0.059708595275878906
224.0,0.056237734854221344
240.0,0.05362136662006378
256.0,0.05136136710643768
288.0,0.04664832353591919
320.0,0.04146568104624748
352.0,0.039626698940992355
384.0,0.03555203601717949
416.0,0.030393486842513084
448.0,0.0267481729388237
480.0,0.022143425419926643
512.0,0.02168641984462738
576.0,0.019837355241179466
640.0,0.013863353990018368
704.0,0.00554512906819582
768.0,0.000635962060187012
832.0,-0.0033977627754211426
896.0,-0.003324078628793359
960.0,0.0013817710569128394
1024.0,0.004075106233358383
1152.0,0.011517316102981567
1280.0,0.018068818375468254
1408.0,0.022818615660071373
1536.0,0.02868492156267166
1664.0,0.038519445806741714
1792.0,0.033539772033691406
1920.0,0.022494090721011162
2048.0,0.015459581278264523
2304.0,-0.0036327773705124855
2560.0,-0.010793553665280342
2816.0,-0.007012104149907827
3072.0,-0.0023486793506890535
3328.0,-0.00127703498583287
3584.0,-0.00811768788844347
3840.0,-0.005333075765520334
4096.0,-0.017208022996783257
4608.0,-0.02593267522752285
5120.0,-0.019122105091810226
5632.0,-0.035557959228754044
6144.0,-0.045596398413181305
6656.0,-0.02723059244453907
7168.0,-0.0371638685464859
7680.0,-0.05714813619852066
8192.0,-0.0518471859395504
end
