version,3.0
numOfCh,1
type,point
parent_name,34a6d_0dot6-0dot01
ch_type,1_1
kcount,1
numberNandB,1
brightnessNandB,1
carpet pos,0
pc,0
Time (ms),CH1 Auto-Correlation
1.0,0.21885091066360474
2.0,0.218022421002388
3.0,0.21722036600112915
4.0,0.2164299339056015
5.0,0.21563410758972168
6.0,0.21483345329761505
7.0,0.21406157314777374
8.0,0.21328358352184296
9.0,0.21250663697719574
10.0,0.2117287665605545
11.0,0.2109474092721939
12.0,0.21019399166107178
13.0,0.20945954322814941
14.0,0.2087496519088745
15.0,0.208062082529068
16.0,0.20738747715950012
18.0,0.20605351030826569
20.0,0.2047165334224701
22.0,0.203412726521492
24.0,0.20216213166713715
26.0,0.20094165205955505
28.0,0.19972993433475494
30.0,0.19855603575706482
32.0,0.19743672013282776
36.0,0.19505131244659424
40.0,0.19249941408634186
44.0,0.1898607760667801
48.0,0.18718881905078888
52.0,0.18461760878562927
56.0,0.18198955059051514
60.0,0.1793702393770218
64.0,0.17683039605617523
72.0,0.17187556624412537
80.0,0.16717910766601562
88.0,0.16245532035827637
96.0,0.15793782472610474
104.0,0.15345630049705505
112.0,0.14931076765060425
120.0,0.1456238180398941
128.0,0.1424637734889984
144.0,0.13689392805099487
160.0,0.13185986876487732
176.0,0.12593591213226318
192.0,0.11991825699806213
208.0,0.11399248987436295
224.0,0.10781446844339371
240.0,0.10118218511343002
256.0,0.09416311234235764
288.0,0.08617077022790909
320.0,0.08067814260721207
352.0,0.07752363383769989
384.0,0.07270348817110062
416.0,0.06545816361904144
448.0,0.05889837071299553
480.0,0.051678746938705444
512.0,0.04497607797384262
576.0,0.03456947207450867
640.0,0.023162638768553734
704.0,0.011289147660136223
768.0,0.004682907834649086
832.0,0.0014714360004290938
896.0,0.003001243807375431
960.0,0.006373979151248932
1024.0,0.004981741309165955
1152.0,-0.01982300914824009
1280.0,-0.03912185877561569
1408.0,-0.04398356378078461
1536.0,-0.04511518031358719
1664.0,-0.044241804629564285
1792.0,-0.04066019505262375
1920.0,-0.028092307969927788
2048.0,-0.02843126468360424
2304.0,-0.033197011798620224
2560.0,-0.018539123237133026
2816.0,0.0026093185879290104
3072.0,0.008298219181597233
3328.0,-0.0023088213056325912
3584.0,-0.010610684752464294
3840.0,0.017294064164161682
4096.0,0.0009087175712920725
4608.0,-0.041158776730298996
5120.0,0.0030653325375169516
5632.0,0.05168282985687256
6144.0,0.016318121924996376
6656.0,-0.08472636342048645
7168.0,-0.10748185217380524
7680.0,-0.062022674828767776
8192.0,0.029630763456225395
end
