version,3.0
numOfCh,1
type,point
parent_name,34a6d_0dot6-0dot01
ch_type,1_1
kcount,1
numberNandB,1
brightnessNandB,1
carpet pos,0
pc,0
Time (ms),CH1 Auto-Correlation
1.0,0.06074226275086403
2.0,0.05967377498745918
3.0,0.0586528554558754
4.0,0.057719673961400986
5.0,0.05686718225479126
6.0,0.056090097874403
7.0,0.055364444851875305
8.0,0.05470188707113266
9.0,0.05408535152673721
10.0,0.05352291464805603
11.0,0.05298970267176628
12.0,0.052490320056676865
13.0,0.05203009396791458
14.0,0.05154845118522644
15.0,0.051086634397506714
16.0,0.05063678324222565
18.0,0.049872174859046936
20.0,0.049153029918670654
22.0,0.04850354418158531
24.0,0.04784717410802841
26.0,0.04718870297074318
28.0,0.046563439071178436
30.0,0.04591670632362366
32.0,0.045260556042194366
36.0,0.04397278651595116
40.0,0.04290428385138512
44.0,0.04207094386219978
48.0,0.04136810824275017
52.0,0.04064832255244255
56.0,0.04003855958580971
60.0,0.039469003677368164
64.0,0.0389307402074337
72.0,0.0379507802426815
80.0,0.036871977150440216
88.0,0.03580715134739876
96.0,0.03509734943509102
104.0,0.03403836488723755
112.0,0.03287440165877342
120.0,0.031931597739458084
128.0,0.031225653365254402
144.0,0.02932615391910076
160.0,0.02837829291820526
176.0,0.027402523905038834
192.0,0.025976166129112244
208.0,0.025516975671052933
224.0,0.0254215095192194
240.0,0.024732524529099464
256.0,0.024789784103631973
288.0,0.023815441876649857
320.0,0.022663556039333344
352.0,0.021023789420723915
384.0,0.018285373225808144
416.0,0.015639059245586395
448.0,0.013808111660182476
480.0,0.011205833405256271
512.0,0.011279790662229061
576.0,0.013463376089930534
640.0,0.015176358632743359
704.0,0.014547822065651417
768.0,0.014699114486575127
832.0,0.01508239097893238
896.0,0.01663840375840664
960.0,0.0150093799456954
1024.0,0.011843075975775719
1152.0,0.0056056072935462
1280.0,0.004834790714085102
1408.0,0.0014957826351746917
1536.0,0.0012543491320684552
1664.0,0.0007763265748508275
1792.0,-0.0031451075337827206
1920.0,-0.0055001163855195045
2048.0,-0.008137218654155731
2304.0,-0.006736338138580322
2560.0,-0.006192078348249197
2816.0,-0.007820703089237213
3072.0,-0.006163488142192364
3328.0,-0.0032654127571731806
3584.0,-0.0007565748528577387
3840.0,0.002649357309564948
4096.0,0.004363431595265865
4608.0,0.01322220079600811
5120.0,0.0160211194306612
5632.0,0.007269509136676788
6144.0,-0.00271797738969326
6656.0,-0.006250415928661823
7168.0,-0.014844031073153019
7680.0,-0.015257650054991245
8192.0,-0.011965595185756683
end
