version,3.0
numOfCh,1
type,point
parent_name,714af_0dot6-0dot01
ch_type,1_1
kcount,1
numberNandB,1
brightnessNandB,1
carpet pos,0
pc,0
Time (ms),CH1 Auto-Correlation
1.0,0.021242357790470123
2.0,0.020146513357758522
3.0,0.019134527072310448
4.0,0.018198154866695404
5.0,0.017353173345327377
6.0,0.016580022871494293
7.0,0.015870150178670883
8.0,0.015234495513141155
9.0,0.014612912200391293
10.0,0.014064894989132881
11.0,0.013521934859454632
12.0,0.013013207353651524
13.0,0.01249272096902132
14.0,0.0120160561054945
15.0,0.011586236767470837
16.0,0.0112108513712883
18.0,0.010414201766252518
20.0,0.00973085779696703
22.0,0.009137483313679695
24.0,0.00867519062012434
26.0,0.008298585191369057
28.0,0.008012950420379639
30.0,0.007879529148340225
32.0,0.007795419078320265
36.0,0.0074337925761938095
40.0,0.007198079023510218
44.0,0.006873490754514933
48.0,0.0064360108226537704
52.0,0.005832720547914505
56.0,0.005181819666177034
60.0,0.00444389833137393
64.0,0.0036953610833734274
72.0,0.0031149990390986204
80.0,0.002852515783160925
88.0,0.0028829697985202074
96.0,0.0026423586532473564
104.0,0.0022413909900933504
112.0,0.001910470542497933
120.0,0.0016062298091128469
128.0,0.0013116506161168218
144.0,0.0005725459195673466
160.0,0.0004080809303559363
176.0,0.0011186510091647506
192.0,0.0013739034766331315
208.0,0.0011697064619511366
224.0,0.0010355176636949182
240.0,0.0009341071709059179
256.0,5.24682727700565e-05
288.0,-0.0006921800086274743
320.0,-0.001555317547172308
352.0,-0.001023144694045186
384.0,-0.00012262380914762616
416.0,-0.0004016952880192548
448.0,-0.0010332561796531081
480.0,-0.00026332595734857023
512.0,0.0003212221199646592
576.0,0.0014362562214955688
640.0,0.002154165878891945
704.0,0.0017082670237869024
768.0,0.0005519002443179488
832.0,0.00047025823732838035
896.0,-0.0005314910667948425
960.0,-0.0022442119661718607
1024.0,-0.002131048822775483
1152.0,-0.00043400938739068806
1280.0,0.0005067628808319569
1408.0,0.00014350214041769505
1536.0,0.00023066974245011806
1664.0,-5.11973375978414e-05
1792.0,0.0005077142850495875
1920.0,0.0021515816915780306
2048.0,0.0024680050555616617
2304.0,-0.0008890169556252658
2560.0,0.00018472352530807257
2816.0,-0.0012542062904685736
3072.0,-0.001247596344910562
3328.0,-0.0006296035135164857
3584.0,-0.0001336409623036161
3840.0,-0.0006855528336018324
4096.0,-0.0007686889148317277
end
