version,3.0
numOfCh,1
type,point
parent_name,c1204_0dot1-0dot1
ch_type,1_1
kcount,1
numberNandB,1
brightnessNandB,1
carpet pos,0
pc,0
Time (ms),CH1 Auto-Correlation
1.0,0.06931518763303757
2.0,0.06870711594820023
3.0,0.06811146438121796
4.0,0.06753798574209213
5.0,0.06697545945644379
6.0,0.06644948571920395
7.0,0.06593579053878784
8.0,0.06543345004320145
9.0,0.06494567543268204
10.0,0.06449637562036514
11.0,0.0640951618552208
12.0,0.06368895620107651
13.0,0.06329437345266342
14.0,0.06288772821426392
15.0,0.06248578801751137
16.0,0.06207524612545967
18.0,0.06131334602832794
20.0,0.06055935472249985
22.0,0.05983807146549225
24.0,0.05914178490638733
26.0,0.05846098065376282
28.0,0.057857975363731384
30.0,0.05729692429304123
32.0,0.05676994472742081
36.0,0.055765051394701004
40.0,0.05475301668047905
44.0,0.053811803460121155
48.0,0.05289124697446823
52.0,0.051920369267463684
56.0,0.05105800926685333
60.0,0.05024822801351547
64.0,0.04937487468123436
72.0,0.04736584052443504
80.0,0.0455738827586174
88.0,0.04396684840321541
96.0,0.04247194156050682
104.0,0.04116269201040268
112.0,0.040215250104665756
120.0,0.03935488313436508
128.0,0.038352541625499725
144.0,0.03631548210978508
160.0,0.03428502753376961
176.0,0.03243306651711464
192.0,0.030756380409002304
208.0,0.029019435867667198
224.0,0.02703486755490303
240.0,0.02512003481388092
256.0,0.0235684122890234
288.0,0.020468149334192276
320.0,0.017333459109067917
352.0,0.014795766212046146
384.0,0.011585564352571964
416.0,0.009924209676682949
448.0,0.00988712627440691
480.0,0.010609140619635582
512.0,0.011966255493462086
576.0,0.011525258421897888
640.0,0.013042876496911049
704.0,0.015268567949533463
768.0,0.017529120668768883
832.0,0.019093023613095284
896.0,0.021859435364603996
960.0,0.024198099970817566
1024.0,0.02337738126516342
1152.0,0.02038155496120453
1280.0,0.010632702149450779
1408.0,0.0006789948674850166
1536.0,-0.00024217985628638417
1664.0,0.0021095070987939835
1792.0,0.00707693537697196
1920.0,0.006693725008517504
2048.0,0.004724886734038591
2304.0,0.002440432086586952
2560.0,0.0017527949530631304
2816.0,-0.0030480483546853065
3072.0,-0.005524817854166031
3328.0,-0.0018718942301347852
3584.0,0.006616721861064434
3840.0,0.0012634031008929014
4096.0,-0.001738729770295322
4608.0,0.0016193483024835587
5120.0,0.0004710065259132534
5632.0,0.00372510589659214
6144.0,-0.0015476150438189507
6656.0,-0.0036927552428096533
7168.0,-0.01920105330646038
7680.0,-0.02257288061082363
8192.0,-0.03525491803884506
end
