version,3.0
numOfCh,1
type,point
parent_name,34a6d_0dot069-0dot01
ch_type,1_1
kcount,1
numberNandB,1
brightnessNandB,1
carpet pos,0
pc,0
Time (ms),CH1 Auto-Correlation
1.0,0.030239107087254524
2.0,0.029765069484710693
3.0,0.029312454164028168
4.0,0.028873279690742493
5.0,0.02849377691745758
6.0,0.028148051351308823
7.0,0.027817662805318832
8.0,0.027488496154546738
9.0,0.027163581922650337
10.0,0.02686643786728382
11.0,0.02654755674302578
12.0,0.026219647377729416
13.0,0.025863155722618103
14.0,0.02553684450685978
15.0,0.02523391880095005
16.0,0.024950675666332245
18.0,0.02436807006597519
20.0,0.023745976388454437
22.0,0.02313164435327053
24.0,0.022551624104380608
26.0,0.022052476182579994
28.0,0.021517204120755196
30.0,0.020940428599715233
32.0,0.02038203552365303
36.0,0.019473953172564507
40.0,0.018744301050901413
44.0,0.017835235223174095
48.0,0.016892418265342712
52.0,0.016205381602048874
56.0,0.015607857145369053
60.0,0.01503425370901823
64.0,0.014596753753721714
72.0,0.013695742003619671
80.0,0.012585872784256935
88.0,0.011489923112094402
96.0,0.010865099728107452
104.0,0.010564049705862999
112.0,0.010288525372743607
120.0,0.010114422999322414
128.0,0.010066838935017586
144.0,0.009578460827469826
160.0,0.00923679955303669
176.0,0.009118200279772282
192.0,0.008793218061327934
208.0,0.008142048493027687
224.0,0.007254390977323055
240.0,0.006884108763188124
256.0,0.006769890896975994
288.0,0.005618879571557045
320.0,0.004391842521727085
352.0,0.003870072541758418
384.0,0.003737435443326831
416.0,0.003124506678432226
448.0,0.003822233062237501
480.0,0.005044054705649614
512.0,0.00514033529907465
576.0,0.0017499129753559828
640.0,-0.0019191597821190953
704.0,-0.0018024144228547812
768.0,-0.0017755861626937985
832.0,-0.00247812713496387
896.0,-0.0032376153394579887
960.0,-0.0029958703089505434
1024.0,-0.0037473957054316998
1152.0,-0.003244421910494566
1280.0,-0.0040701949037611485
1408.0,-0.0037893978878855705
1536.0,-0.005280978046357632
1664.0,-0.003914841916412115
1792.0,-0.005258995573967695
1920.0,-0.0029908865690231323
2048.0,-0.001330372761003673
2304.0,0.00170895888004452
2560.0,0.0021617438178509474
2816.0,0.0014076544903218746
3072.0,-0.003949441015720367
3328.0,-0.0011163249146193266
3584.0,-0.0018923638854175806
3840.0,-0.0029513996560126543
4096.0,-0.0036783264949917793
end
