version,3.0
numOfCh,1
type,point
parent_name,34a6d_0dot069-0dot01
ch_type,1_1
kcount,1
numberNandB,1
brightnessNandB,1
carpet pos,0
pc,0
Time (ms),CH1 Auto-Correlation
1.0,0.13509386777877808
2.0,0.13408148288726807
3.0,0.13303789496421814
4.0,0.13202540576457977
5.0,0.1310468316078186
6.0,0.13008081912994385
7.0,0.12908755242824554
8.0,0.12815062701702118
9.0,0.12719303369522095
10.0,0.12625935673713684
11.0,0.1253328025341034
12.0,0.12444055080413818
13.0,0.12353144586086273
14.0,0.12266762554645538
15.0,0.1218421682715416
16.0,0.121006540954113
18.0,0.11931651085615158
20.0,0.11760859936475754
22.0,0.11582168191671371
24.0,0.11417271196842194
26.0,0.11272589862346649
28.0,0.11143125593662262
30.0,0.11009496450424194
32.0,0.1087658554315567
36.0,0.10622742027044296
40.0,0.10386447608470917
44.0,0.10137155652046204
48.0,0.09907392412424088
52.0,0.09633897989988327
56.0,0.09339316934347153
60.0,0.09030163288116455
64.0,0.08725482225418091
72.0,0.08229100704193115
80.0,0.0785975307226181
88.0,0.07590401917695999
96.0,0.07341576367616653
104.0,0.07122869789600372
112.0,0.06842415779829025
120.0,0.06501555442810059
128.0,0.06265567988157272
144.0,0.059930868446826935
160.0,0.056505974382162094
176.0,0.05187926068902016
192.0,0.045489102602005005
208.0,0.03916789963841438
224.0,0.032485928386449814
240.0,0.02533865161240101
256.0,0.02133157104253769
288.0,0.018965473398566246
320.0,0.018970796838402748
352.0,0.018384909257292747
384.0,0.017240166664123535
416.0,0.01538112573325634
448.0,0.012359794229269028
480.0,0.007821624167263508
512.0,0.003584875026717782
576.0,0.0008135795942507684
640.0,0.004669680260121822
704.0,0.0009966108482331038
768.0,-0.004753728862851858
832.0,-0.007783198729157448
896.0,-0.01143390778452158
960.0,-0.0077544571831822395
1024.0,0.002686717314645648
1152.0,-0.000756816181819886
1280.0,0.0006464530015364289
1408.0,0.0047624371945858
1536.0,-0.004636367317289114
1664.0,-0.00412086583673954
1792.0,-0.0025124677922576666
1920.0,-0.011303375475108624
2048.0,-0.032586753368377686
2304.0,-0.05191347002983093
2560.0,-0.04132718965411186
2816.0,-0.011002962477505207
3072.0,-0.012452993541955948
3328.0,-0.005375417415052652
3584.0,-0.027364462614059448
3840.0,0.006588325835764408
4096.0,-0.01829138584434986
end
