version,3.0
numOfCh,1
type,point
parent_name,34a6d_0dot069-0dot01
ch_type,1_1
kcount,1
numberNandB,1
brightnessNandB,1
carpet pos,0
pc,0
Time (ms),CH1 Auto-Correlation
1.0,0.1502525359392166
2.0,0.14936110377311707
3.0,0.148502379655838
4.0,0.14764568209648132
5.0,0.1466936469078064
6.0,0.14576394855976105
7.0,0.1448492854833603
8.0,0.14393647015094757
9.0,0.14302471280097961
10.0,0.1421758532524109
11.0,0.14136773347854614
12.0,0.14058250188827515
13.0,0.13981038331985474
14.0,0.13909122347831726
15.0,0.13834847509860992
16.0,0.13754664361476898
18.0,0.13596177101135254
20.0,0.13441847264766693
22.0,0.13314583897590637
24.0,0.13188613951206207
26.0,0.13065892457962036
28.0,0.12943249940872192
30.0,0.128125861287117
32.0,0.12684260308742523
36.0,0.12450776994228363
40.0,0.12202072143554688
44.0,0.11962854862213135
48.0,0.11755545437335968
52.0,0.11628784239292145
56.0,0.11514006555080414
60.0,0.11419088393449783
64.0,0.11327064782381058
72.0,0.11097293347120285
80.0,0.10822857171297073
88.0,0.10487904399633408
96.0,0.10172063112258911
104.0,0.09911829978227615
112.0,0.09673341363668442
120.0,0.09473627805709839
128.0,0.09224096685647964
144.0,0.08673344552516937
160.0,0.07878966629505157
176.0,0.07109243422746658
192.0,0.06395585089921951
208.0,0.057848893105983734
224.0,0.05229344591498375
240.0,0.04656524956226349
256.0,0.042269736528396606
288.0,0.03680381178855896
320.0,0.030894342809915543
352.0,0.027007820084691048
384.0,0.025419307872653008
416.0,0.02314937859773636
448.0,0.022072158753871918
480.0,0.022006943821907043
512.0,0.023778289556503296
576.0,0.027806663885712624
640.0,0.029791394248604774
704.0,0.026200713589787483
768.0,0.017225516960024834
832.0,0.0040193297900259495
896.0,-0.00584228103980422
960.0,-0.014244770631194115
1024.0,-0.019735492765903473
1152.0,-0.02999824471771717
1280.0,-0.035769715905189514
1408.0,-0.03431330993771553
1536.0,-0.02735808864235878
1664.0,-0.026964904740452766
1792.0,-0.03683963045477867
1920.0,-0.04854949563741684
2048.0,-0.04775984212756157
2304.0,-0.01937265694141388
2560.0,-0.014415367506444454
2816.0,-0.01213423628360033
3072.0,-0.005257352255284786
3328.0,0.006772675551474094
3584.0,0.028301578015089035
3840.0,0.05416688695549965
4096.0,0.05672409012913704
end
