version,3.0
numOfCh,1
type,point
parent_name,c1204_0dot1-0dot01
ch_type,1_1
kcount,1
numberNandB,1
brightnessNandB,1
carpet pos,0
pc,0
Time (ms),CH1 Auto-Correlation
1.0,0.2855430543422699
2.0,0.2852123975753784
3.0,0.28489407896995544
4.0,0.28456050157546997
5.0,0.2842268645763397
6.0,0.2838876247406006
7.0,0.28354474902153015
8.0,0.28319045901298523
9.0,0.28284749388694763
10.0,0.2825126051902771
11.0,0.28218165040016174
12.0,0.28187626600265503
13.0,0.2815665602684021
14.0,0.28125864267349243
15.0,0.28095749020576477
16.0,0.28066912293434143
18.0,0.2800781726837158
20.0,0.2795131206512451
22.0,0.2789539098739624
24.0,0.27841779589653015
26.0,0.27793434262275696
28.0,0.27744245529174805
30.0,0.27693939208984375
32.0,0.2764313220977783
36.0,0.2755593955516815
40.0,0.2746761739253998
44.0,0.27390098571777344
48.0,0.273192822933197
52.0,0.2725043296813965
56.0,0.27181124687194824
60.0,0.27111193537712097
64.0,0.27036288380622864
72.0,0.2692505717277527
80.0,0.2682446837425232
88.0,0.26722800731658936
96.0,0.26597169041633606
104.0,0.26480647921562195
112.0,0.26387113332748413
120.0,0.2626987397670746
128.0,0.2612583637237549
144.0,0.2581713795661926
160.0,0.25453421473503113
176.0,0.2504782974720001
192.0,0.24681760370731354
208.0,0.24414442479610443
224.0,0.24107688665390015
240.0,0.23800183832645416
256.0,0.23434510827064514
288.0,0.22790175676345825
320.0,0.22249314188957214
352.0,0.21624678373336792
384.0,0.20845286548137665
416.0,0.19883783161640167
448.0,0.1896967589855194
480.0,0.18026475608348846
512.0,0.17230689525604248
576.0,0.15896233916282654
640.0,0.14793001115322113
704.0,0.13847151398658752
768.0,0.1285754144191742
832.0,0.11409863084554672
896.0,0.10086895525455475
960.0,0.08696627616882324
1024.0,0.07552598416805267
1152.0,0.05646331608295441
1280.0,0.03692084550857544
1408.0,0.019274726510047913
1536.0,0.0006915981648489833
1664.0,-0.014319672249257565
1792.0,-0.029368143528699875
1920.0,-0.03867969289422035
2048.0,-0.04158225283026695
2304.0,-0.046246979385614395
2560.0,-0.04910026118159294
2816.0,-0.06265096366405487
3072.0,-0.08657065033912659
3328.0,-0.11466258019208908
3584.0,-0.13320337235927582
3840.0,-0.14420750737190247
4096.0,-0.1679539829492569
end
