version,3.0
numOfCh,1
type,point
parent_name,ff67b_50dot0-0dot01
ch_type,1_1
kcount,1
numberNandB,1
brightnessNandB,1
carpet pos,0
pc,0
Time (ms),CH1 Auto-Correlation
1.0,0.006140242796391249
2.0,0.003864718833938241
3.0,0.003672929247841239
4.0,0.003346933051943779
5.0,0.0028098158072680235
6.0,0.002540027489885688
7.0,0.0030119549483060837
8.0,0.003034578636288643
9.0,0.002834856044501066
10.0,0.0028051105327904224
11.0,0.0024800002574920654
12.0,0.00222686561755836
13.0,0.0016084880335256457
14.0,0.0019372878596186638
15.0,0.0020545090083032846
16.0,0.0019327925983816385
18.0,0.00173374661244452
20.0,0.002215188229456544
22.0,0.0016642854316160083
24.0,0.0016421950422227383
26.0,0.0013007986126467586
28.0,0.0016499694902449846
30.0,0.0016578193753957748
32.0,0.0016102120280265808
36.0,0.0018410688498988748
40.0,0.0018004553858190775
44.0,0.0017647282220423222
48.0,0.0015263700624927878
52.0,0.001572377746924758
56.0,0.0016809701919555664
60.0,0.0014751380076631904
64.0,0.0020044429693371058
72.0,0.001492388779297471
80.0,0.0015231887809932232
88.0,0.001368449768051505
96.0,0.001182914013043046
104.0,0.0010085484245792031
112.0,0.0007806571084074676
120.0,0.001055621076375246
128.0,0.0008875393541529775
144.0,0.0008239690214395523
160.0,0.0009080971940420568
176.0,0.0007023405632935464
192.0,0.0006418123957701027
208.0,0.0006395781529136002
224.0,0.0009519644663669169
240.0,0.0006902164896018803
256.0,0.00046232828754000366
288.0,0.0008546673343516886
320.0,0.0008983395528048277
352.0,0.0007801626925356686
384.0,0.0007535425829701126
416.0,0.0006442107260227203
448.0,0.0008598198182880878
480.0,0.0004550350713543594
512.0,0.0006026446935720742
576.0,0.0006093261763453484
640.0,0.0007106924313120544
704.0,0.0005287988460622728
768.0,0.0003486725618131459
832.0,0.00025063109933398664
896.0,6.987892265897244e-05
960.0,0.00020099514222238213
1024.0,6.702752580167726e-05
1152.0,-1.5959068377924268e-06
1280.0,-0.0001583808334544301
1408.0,-0.0004793101397808641
1536.0,-0.00034660837263800204
1664.0,-0.0004285723844077438
1792.0,-0.0005511766066774726
1920.0,-0.00028030030080117285
2048.0,-0.0004696589894592762
2304.0,-0.0003029968647751957
2560.0,-0.0002554273814894259
2816.0,-0.00043439341243356466
3072.0,-0.0007628950988873839
3328.0,-0.0007997956709004939
3584.0,-0.000596412515733391
3840.0,-0.000744348275475204
4096.0,-0.00012874648382421583
end
