version,3.0
numOfCh,1
type,point
parent_name,labthresh-0dot04_cutandshift_0dot1-0dot01
ch_type,1_1
kcount,1
numberNandB,1
brightnessNandB,1
carpet pos,0
pc,0
Time (ms),CH1 Auto-Correlation
1.0,0.02476213313639164
2.0,0.024487759917974472
3.0,0.02422148361802101
4.0,0.02396857552230358
5.0,0.023713111877441406
6.0,0.023464206606149673
7.0,0.023215625435113907
8.0,0.02299792319536209
9.0,0.022783413529396057
10.0,0.02257544733583927
11.0,0.022366918623447418
12.0,0.02216847613453865
13.0,0.021980486810207367
14.0,0.021795596927404404
15.0,0.02160639874637127
16.0,0.021418385207653046
18.0,0.021050626412034035
20.0,0.020694492384791374
22.0,0.020357005298137665
24.0,0.0200364850461483
26.0,0.019761189818382263
28.0,0.01951165497303009
30.0,0.019282467663288116
32.0,0.019070465117692947
36.0,0.018626173958182335
40.0,0.01821615733206272
44.0,0.017894484102725983
48.0,0.017626576125621796
52.0,0.017396926879882812
56.0,0.017145823687314987
60.0,0.01680850051343441
64.0,0.01642218790948391
72.0,0.01569998823106289
80.0,0.015078042633831501
88.0,0.01462279912084341
96.0,0.013949224725365639
104.0,0.013221725821495056
112.0,0.012565596960484982
120.0,0.012017128989100456
128.0,0.011536127887666225
144.0,0.010684632696211338
160.0,0.010035966522991657
176.0,0.009505780413746834
192.0,0.009017514064908028
208.0,0.008791889995336533
224.0,0.008369705639779568
240.0,0.007378781214356422
256.0,0.006785962730646133
288.0,0.0052129048854112625
320.0,0.0027369833551347256
352.0,0.0018294684123247862
384.0,0.00011573690426303074
416.0,-0.002101696329191327
448.0,-0.003338778857141733
480.0,-0.004854447208344936
512.0,-0.005403174553066492
576.0,-0.005599475000053644
640.0,-0.006073688622564077
704.0,-0.006750936154276133
768.0,-0.006714134011417627
832.0,-0.005026089958846569
896.0,-0.003900921670719981
960.0,-0.00235770083963871
1024.0,-0.0016498841578140855
1152.0,-3.0462588256341405e-05
1280.0,0.0011023147962987423
1408.0,0.0034421596210449934
1536.0,0.0018831149209290743
1664.0,-0.00324098183773458
1792.0,-0.00582865159958601
1920.0,-0.007534350734204054
2048.0,-0.005241433158516884
2304.0,3.150245902361348e-05
2560.0,0.00011886184802278876
2816.0,-0.003309131134301424
3072.0,-0.0001591572363395244
3328.0,0.005249567795544863
3584.0,0.0025750664062798023
3840.0,-0.0009742171387188137
4096.0,1.2076657185389195e-05
end
