version,3.0
numOfCh,1
type,point
parent_name,labthresh-0dot04_cutandshift_0dot1-0dot01
ch_type,1_1
kcount,1
numberNandB,1
brightnessNandB,1
carpet pos,0
pc,0
Time (ms),CH1 Auto-Correlation
1.0,0.012998787686228752
2.0,0.012811223044991493
3.0,0.012637517414987087
4.0,0.012465420179069042
5.0,0.012293037958443165
6.0,0.012118462473154068
7.0,0.011948187835514545
8.0,0.011778868734836578
9.0,0.011614392511546612
10.0,0.011457034386694431
11.0,0.011315902695059776
12.0,0.011176600120961666
13.0,0.011043528094887733
14.0,0.010910304263234138
15.0,0.010783853940665722
16.0,0.010669306851923466
18.0,0.010447710752487183
20.0,0.010237353853881359
22.0,0.010022277943789959
24.0,0.009808668866753578
26.0,0.009616847150027752
28.0,0.009445728734135628
30.0,0.009266208857297897
32.0,0.009084194898605347
36.0,0.008700323291122913
40.0,0.008337344042956829
44.0,0.007963663898408413
48.0,0.007624048739671707
52.0,0.007312100380659103
56.0,0.006996192969381809
60.0,0.006676797289401293
64.0,0.006352913565933704
72.0,0.00579904206097126
80.0,0.005385361146181822
88.0,0.004984564147889614
96.0,0.004595214035362005
104.0,0.004215264227241278
112.0,0.0038017097394913435
120.0,0.0034619357902556658
128.0,0.003124637994915247
144.0,0.0023660894948989153
160.0,0.0018292966997250915
176.0,0.0015748362056910992
192.0,0.0013067626859992743
208.0,0.001031389576382935
224.0,0.0009088001097552478
240.0,0.0007018878241069615
256.0,0.0003938534646295011
288.0,0.0002514778752811253
320.0,0.0002762792573776096
352.0,0.0009026761399582028
384.0,0.001791206537745893
416.0,0.0019917574245482683
448.0,0.001493805437348783
480.0,0.0010694877710193396
512.0,0.0007813709671609104
576.0,0.000641064892988652
640.0,-9.400070848641917e-05
704.0,-0.001136450911872089
768.0,-0.0006259062793105841
832.0,0.0008539059781469405
896.0,0.0011958654504269361
960.0,-0.00012102992332074791
1024.0,-0.0014414500910788774
1152.0,-0.0012760732788592577
1280.0,-0.0009705596603453159
1408.0,-0.0003720340027939528
1536.0,-0.0005179481231607497
1664.0,-0.0020311849657446146
1792.0,-0.0017001633532345295
1920.0,-0.00233206688426435
2048.0,-0.000633089744951576
2304.0,0.0005745936650782824
2560.0,-0.00023131654597818851
2816.0,0.0007315094117075205
3072.0,-0.001803279505111277
3328.0,-0.00035253551322966814
3584.0,-0.0021106689237058163
3840.0,-0.0027750448789447546
4096.0,-0.0017565969610586762
end
