version,3.0
numOfCh,1
type,point
parent_name,0cd20_0dot4-0dot01
ch_type,1_1
kcount,1
numberNandB,1
brightnessNandB,1
carpet pos,0
pc,0
Time (ms),CH1 Auto-Correlation
1.0,0.08259452134370804
2.0,0.081118144094944
3.0,0.07973261177539825
4.0,0.0784277692437172
5.0,0.07722669094800949
6.0,0.07603835314512253
7.0,0.07513125240802765
8.0,0.07428430765867233
9.0,0.07347961515188217
10.0,0.07272361218929291
11.0,0.07203608751296997
12.0,0.07136653363704681
13.0,0.07071001082658768
14.0,0.07003422826528549
15.0,0.06940622627735138
16.0,0.06885284185409546
18.0,0.0678136944770813
20.0,0.06677258759737015
22.0,0.06585860252380371
24.0,0.06500045210123062
26.0,0.0642346441745758
28.0,0.06364160776138306
30.0,0.0632074773311615
32.0,0.06283042579889297
36.0,0.062004175037145615
40.0,0.06119426712393761
44.0,0.06039920076727867
48.0,0.05960512533783913
52.0,0.05875730141997337
56.0,0.05790681764483452
60.0,0.057094722986221313
64.0,0.05654001981019974
72.0,0.05554140731692314
80.0,0.0543498769402504
88.0,0.05311604216694832
96.0,0.05208200588822365
104.0,0.051206234842538834
112.0,0.05024046078324318
120.0,0.04950232058763504
128.0,0.04828652739524841
144.0,0.044926997274160385
160.0,0.04264519736170769
176.0,0.040542297065258026
192.0,0.038951411843299866
208.0,0.03781351074576378
224.0,0.03683250769972801
240.0,0.035936713218688965
256.0,0.034708552062511444
288.0,0.032300278544425964
320.0,0.02996995858848095
352.0,0.026993395760655403
384.0,0.023090697824954987
416.0,0.01962536945939064
448.0,0.016650764271616936
480.0,0.01476516667753458
512.0,0.014424935914576054
576.0,0.012982640415430069
640.0,0.012178588658571243
704.0,0.009404882788658142
768.0,0.006641647312790155
832.0,0.004332471638917923
896.0,0.0018300164956599474
960.0,0.0001694522943580523
1024.0,-0.0024582063779234886
1152.0,0.001192488125525415
1280.0,0.0034082187339663506
1408.0,0.0019014673307538033
1536.0,0.0031945891678333282
1664.0,0.00312441517598927
1792.0,0.00589403510093689
1920.0,0.000955799943767488
2048.0,-0.0010157378856092691
2304.0,-0.0035203248262405396
2560.0,0.0028876974247395992
2816.0,0.00029950373573228717
3072.0,-0.00023269079974852502
3328.0,0.005744282156229019
3584.0,0.011604778468608856
3840.0,-0.002062593586742878
4096.0,-0.0028036136645823717
4608.0,-0.007436339743435383
5120.0,-0.005822712555527687
5632.0,-0.022634917870163918
6144.0,-0.01002610195428133
6656.0,-0.02223777212202549
7168.0,-0.01348995789885521
7680.0,0.005205096676945686
8192.0,-0.009939179755747318
end
