version,3.0
numOfCh,1
type,point
parent_name,714af_1dot0-0dot01
ch_type,1_1
kcount,1
numberNandB,1
brightnessNandB,1
carpet pos,0
pc,0
Time (ms),CH1 Auto-Correlation
1.0,0.10384827852249146
2.0,0.09815472364425659
3.0,0.09244157373905182
4.0,0.08720215409994125
5.0,0.08216406404972076
6.0,0.0772002711892128
7.0,0.07245131582021713
8.0,0.06769011914730072
9.0,0.06305181980133057
10.0,0.05858230963349342
11.0,0.05413185432553291
12.0,0.04974684864282608
13.0,0.04543951526284218
14.0,0.04142365604639053
15.0,0.03753181919455528
16.0,0.03390781581401825
18.0,0.026287151500582695
20.0,0.018397431820631027
22.0,0.011071404442191124
24.0,0.010164856910705566
26.0,0.009486230090260506
28.0,0.0087484335526824
30.0,0.007927902042865753
32.0,0.007259448524564505
36.0,0.0064895497635006905
40.0,0.005740151274949312
44.0,0.0038175496738404036
48.0,0.0027352662291377783
52.0,0.000985239166766405
56.0,-0.0008385461987927556
60.0,-0.0020256650168448687
64.0,-0.001722277025692165
72.0,0.0004615914367605001
80.0,0.0015999278984963894
88.0,0.0026342440396547318
96.0,0.0018220993224531412
104.0,-0.000830035365652293
112.0,-0.0022573466412723064
120.0,-0.0021685196552425623
128.0,-0.00039014543290250003
144.0,-0.0004318957217037678
160.0,-0.0006952888797968626
176.0,-0.0024743136018514633
192.0,-0.002754995133727789
208.0,-0.0029582653660327196
224.0,-0.004821851383894682
240.0,-0.0044380417093634605
256.0,-0.001045350800268352
288.0,-0.00030162421171553433
320.0,-0.002256711944937706
352.0,0.0002581731241662055
384.0,0.0011019855737686157
416.0,0.002480557654052973
448.0,0.002611928852275014
480.0,-0.003616882488131523
512.0,0.0023541285190731287
576.0,0.0029401148203760386
640.0,0.001640820992179215
704.0,-0.0023841785732656717
768.0,-0.002252650447189808
832.0,-0.001732341363094747
896.0,-0.001376174739561975
960.0,0.005237457808107138
1024.0,-0.0004403672064654529
1152.0,0.001280296826735139
1280.0,-0.002629989990964532
1408.0,0.001390028977766633
1536.0,0.0006712137255817652
1664.0,-0.0003457239072304219
1792.0,-0.0018687249394133687
1920.0,0.0011067275190725923
2048.0,0.0025364882312715054
end
