version,3.0
numOfCh,1
type,point
parent_name,714af_1dot0-0dot01
ch_type,1_1
kcount,1
numberNandB,1
brightnessNandB,1
carpet pos,0
pc,0
Time (ms),CH1 Auto-Correlation
1.0,0.050206948071718216
2.0,0.0472019799053669
3.0,0.04462137445807457
4.0,0.0422997772693634
5.0,0.040270041674375534
6.0,0.038396529853343964
7.0,0.03679506480693817
8.0,0.035411935299634933
9.0,0.03412206843495369
10.0,0.032872214913368225
11.0,0.03181299567222595
12.0,0.030776582658290863
13.0,0.02984619326889515
14.0,0.02904624678194523
15.0,0.028354018926620483
16.0,0.027688264846801758
18.0,0.02607114613056183
20.0,0.02470836415886879
22.0,0.0234413780272007
24.0,0.022618481889367104
26.0,0.021908525377511978
28.0,0.021572601050138474
30.0,0.021298330277204514
32.0,0.021129045635461807
36.0,0.02069856785237789
40.0,0.020501436665654182
44.0,0.019629623740911484
48.0,0.018754029646515846
52.0,0.017555028200149536
56.0,0.016909049823880196
60.0,0.016816766932606697
64.0,0.01689101755619049
72.0,0.016734374687075615
80.0,0.01639619469642639
88.0,0.016601931303739548
96.0,0.016261249780654907
104.0,0.015836507081985474
112.0,0.01616518571972847
120.0,0.015585768967866898
128.0,0.014719351194798946
144.0,0.013086010701954365
160.0,0.012320633977651596
176.0,0.012457525357604027
192.0,0.011688140220940113
208.0,0.010356057435274124
224.0,0.009419754147529602
240.0,0.008405539207160473
256.0,0.007119364570826292
288.0,0.007110899779945612
320.0,0.0037454154808074236
352.0,0.0025225949939340353
384.0,0.003098920453339815
416.0,0.0034628594294190407
448.0,0.0007768563809804618
480.0,-0.00016719043196644634
512.0,0.0009220688370987773
576.0,0.0006035746191628277
640.0,0.0019131253939121962
704.0,0.0017655856208875775
768.0,0.00296460697427392
832.0,0.0053641037084162235
896.0,0.0033363436814397573
960.0,0.0026946933940052986
1024.0,-0.00020939057867508382
1152.0,-0.0009990166872739792
1280.0,-0.003294602269306779
1408.0,-0.004874793346971273
1536.0,-0.002360782353207469
1664.0,-0.0010830654064193368
1792.0,-0.0003290687163826078
1920.0,0.002106903586536646
2048.0,-0.0011903590057045221
2304.0,-0.004537890199571848
2560.0,-0.003622252494096756
2816.0,0.0035404074005782604
3072.0,0.0016423454508185387
3328.0,0.005392948631197214
3584.0,0.008130814880132675
3840.0,-0.0039949179627001286
4096.0,-0.006866624113172293
end
