version,3.0
numOfCh,1
type,point
parent_name,714af_1dot0-0dot01
ch_type,1_1
kcount,1
numberNandB,1
brightnessNandB,1
carpet pos,0
pc,0
Time (ms),CH1 Auto-Correlation
1.0,0.44678419828414917
2.0,0.4442968964576721
3.0,0.4418348968029022
4.0,0.43952178955078125
5.0,0.43750640749931335
6.0,0.4356067478656769
7.0,0.4337309002876282
8.0,0.43192020058631897
9.0,0.43024560809135437
10.0,0.42845043540000916
11.0,0.4267270267009735
12.0,0.42478716373443604
13.0,0.42287158966064453
14.0,0.4211389720439911
15.0,0.4200679361820221
16.0,0.4191626012325287
18.0,0.41751807928085327
20.0,0.4159016013145447
22.0,0.41418248414993286
24.0,0.4122162163257599
26.0,0.4101099669933319
28.0,0.407819002866745
30.0,0.4055379629135132
32.0,0.40314826369285583
36.0,0.3980330526828766
40.0,0.3935561776161194
44.0,0.38918209075927734
48.0,0.3856350779533386
52.0,0.3822266161441803
56.0,0.3792937099933624
60.0,0.3770957291126251
64.0,0.37471622228622437
72.0,0.3671816289424896
80.0,0.36055314540863037
88.0,0.3556954562664032
96.0,0.35385802388191223
104.0,0.35285794734954834
112.0,0.3528245687484741
120.0,0.3540708124637604
128.0,0.35528564453125
144.0,0.35496148467063904
160.0,0.3521702289581299
176.0,0.34802013635635376
192.0,0.3466496169567108
208.0,0.34018194675445557
224.0,0.32885733246803284
240.0,0.31462550163269043
256.0,0.30211514234542847
288.0,0.2696256637573242
320.0,0.23762768507003784
352.0,0.2273946851491928
384.0,0.21547305583953857
416.0,0.18919798731803894
448.0,0.14643967151641846
480.0,0.11520568281412125
512.0,0.08865699917078018
576.0,0.05795063450932503
640.0,0.019806277006864548
704.0,-0.017515109851956367
768.0,-0.04334267973899841
832.0,-0.055299486964941025
896.0,-0.06472031027078629
960.0,-0.06825966387987137
1024.0,-0.06625877320766449
1152.0,-0.05883558839559555
1280.0,-0.05181838572025299
1408.0,-0.05870216712355614
1536.0,-0.04842285066843033
1664.0,-0.06390118598937988
1792.0,-0.09205453842878342
1920.0,-0.12873749434947968
2048.0,-0.19424031674861908
end
