version,3.0
numOfCh,1
type,point
parent_name,714af_1dot0-0dot01
ch_type,1_1
kcount,1
numberNandB,1
brightnessNandB,1
carpet pos,0
pc,0
Time (ms),CH1 Auto-Correlation
1.0,0.08006680011749268
2.0,0.07506772875785828
3.0,0.07044592499732971
4.0,0.06625080108642578
5.0,0.062155552208423615
6.0,0.05846476927399635
7.0,0.05522669479250908
8.0,0.052154749631881714
9.0,0.048923712223768234
10.0,0.046106353402137756
11.0,0.043735962361097336
12.0,0.04131795093417168
13.0,0.0388290211558342
14.0,0.03633434697985649
15.0,0.033844999969005585
16.0,0.03137164190411568
18.0,0.026383399963378906
20.0,0.02544577419757843
22.0,0.025146963074803352
24.0,0.024831080809235573
26.0,0.02412273734807968
28.0,0.023533135652542114
30.0,0.022922463715076447
32.0,0.022585110738873482
36.0,0.021437611430883408
40.0,0.020703619346022606
44.0,0.02010919712483883
48.0,0.018728135153651237
52.0,0.01777905412018299
56.0,0.018258925527334213
60.0,0.017975391820073128
64.0,0.016842495650053024
72.0,0.013734889216721058
80.0,0.01178100984543562
88.0,0.011428040452301502
96.0,0.010807906277477741
104.0,0.010037566535174847
112.0,0.006829492282122374
120.0,0.0045918673276901245
128.0,0.004532644059509039
144.0,0.0019959378987550735
160.0,0.006756243295967579
176.0,0.008064277470111847
192.0,0.008379238657653332
208.0,0.007495796773582697
224.0,0.013309253379702568
240.0,0.012805086560547352
256.0,0.012057138606905937
288.0,0.0068785506300628185
320.0,0.0005637637805193663
352.0,0.0009139497415162623
384.0,-0.0009577741147950292
416.0,-0.0016490347916260362
448.0,0.0020736590959131718
480.0,-0.0001752743701217696
512.0,0.0007060289499349892
576.0,-0.0029551819898188114
640.0,-0.005128548014909029
704.0,-9.203463378071319e-07
768.0,0.0020077910739928484
832.0,-0.000479209644254297
896.0,-0.00018857675604522228
960.0,-0.005242694169282913
1024.0,-0.010366863571107388
1152.0,-0.0015907436609268188
1280.0,-0.007173092570155859
1408.0,0.0018144999630749226
1536.0,0.000407282990636304
1664.0,0.007139972876757383
1792.0,-0.002345988294109702
1920.0,-0.0017781442729756236
2048.0,0.00010485167149454355
2304.0,0.004926087334752083
2560.0,0.0009693836909718812
2816.0,-0.006283800583332777
3072.0,-0.0107003478333354
3328.0,-0.008723518811166286
3584.0,-0.012333187274634838
end
