version,3.0
numOfCh,1
type,point
parent_name,34766_0dot08-0dot01
ch_type,1_1
kcount,1
numberNandB,1
brightnessNandB,1
carpet pos,0
pc,0
Time (ms),CH1 Auto-Correlation
1.0,0.05364467203617096
2.0,0.05338994786143303
3.0,0.0531412698328495
4.0,0.05289518088102341
5.0,0.05264965444803238
6.0,0.052410874515771866
7.0,0.05217234417796135
8.0,0.051936570554971695
9.0,0.05170764774084091
10.0,0.05147890746593475
11.0,0.05125805735588074
12.0,0.0510370247066021
13.0,0.05081404745578766
14.0,0.05060206353664398
15.0,0.05038353055715561
16.0,0.050155844539403915
18.0,0.0497157983481884
20.0,0.04926932230591774
22.0,0.048819612711668015
24.0,0.04838331416249275
26.0,0.04796476662158966
28.0,0.04754731431603432
30.0,0.04713742807507515
32.0,0.0467289499938488
36.0,0.04594078287482262
40.0,0.04519633203744888
44.0,0.04445464536547661
48.0,0.04375357925891876
52.0,0.043110962957143784
56.0,0.04249247908592224
60.0,0.04188603535294533
64.0,0.04130367934703827
72.0,0.04024713486433029
80.0,0.03927158564329147
88.0,0.03843080997467041
96.0,0.03768075630068779
104.0,0.036943040788173676
112.0,0.03623660281300545
120.0,0.03553406521677971
128.0,0.03472861647605896
144.0,0.032912224531173706
160.0,0.03148069232702255
176.0,0.0306928139179945
192.0,0.03030485287308693
208.0,0.030067967250943184
224.0,0.02963963709771633
240.0,0.02916684001684189
256.0,0.02854764461517334
288.0,0.026731440797448158
320.0,0.02474101632833481
352.0,0.022369494661688805
384.0,0.020087115466594696
416.0,0.01845209114253521
448.0,0.01673150062561035
480.0,0.01587538979947567
512.0,0.01569562405347824
576.0,0.015293540433049202
640.0,0.014394684694707394
704.0,0.01360277459025383
768.0,0.013421239331364632
832.0,0.012742755934596062
896.0,0.011775096878409386
960.0,0.013355785980820656
1024.0,0.015980182215571404
1152.0,0.01829160563647747
1280.0,0.01755007728934288
1408.0,0.012336520478129387
1536.0,0.005847552791237831
1664.0,-0.0006537248264066875
1792.0,-0.004366133362054825
1920.0,-0.00669532734900713
2048.0,-0.007755868602544069
2304.0,-0.005987560376524925
2560.0,-0.009242527186870575
2816.0,-0.015247635543346405
3072.0,-0.024747030809521675
3328.0,-0.030361812561750412
3584.0,-0.02412763237953186
3840.0,-0.018251633271574974
4096.0,-0.015964213758707047
4608.0,-0.012613055296242237
5120.0,-0.0018924303585663438
5632.0,-0.0016443462809547782
6144.0,0.008690980263054371
6656.0,0.012254941277205944
7168.0,0.008358480408787727
7680.0,0.007853720337152481
8192.0,-0.004375315736979246
end
