version,3.0
numOfCh,1
type,point
parent_name,34766_0dot08-0dot01
ch_type,1_1
kcount,1
numberNandB,1
brightnessNandB,1
carpet pos,0
pc,0
Time (ms),CH1 Auto-Correlation
1.0,0.04677451401948929
2.0,0.046512946486473083
3.0,0.0462644025683403
4.0,0.04601748287677765
5.0,0.04577290639281273
6.0,0.045534491539001465
7.0,0.04529476910829544
8.0,0.04505288973450661
9.0,0.04480479657649994
10.0,0.04455570504069328
11.0,0.04430607333779335
12.0,0.0440620556473732
13.0,0.04381738230586052
14.0,0.04357272759079933
15.0,0.04333081096410751
16.0,0.04308643564581871
18.0,0.04260134696960449
20.0,0.04212159290909767
22.0,0.04164847731590271
24.0,0.04118618741631508
26.0,0.04072943329811096
28.0,0.04029085487127304
30.0,0.03986477479338646
32.0,0.03946225717663765
36.0,0.038678474724292755
40.0,0.03790117800235748
44.0,0.03716439753770828
48.0,0.03646166995167732
52.0,0.03577394038438797
56.0,0.035105764865875244
60.0,0.03445852920413017
64.0,0.03385428711771965
72.0,0.03265778720378876
80.0,0.03149663284420967
88.0,0.030376948416233063
96.0,0.029312053695321083
104.0,0.02832934819161892
112.0,0.02736692503094673
120.0,0.0264585018157959
128.0,0.025621091946959496
144.0,0.023905277252197266
160.0,0.02220865897834301
176.0,0.020804811269044876
192.0,0.019575711339712143
208.0,0.01841338723897934
224.0,0.017369495704770088
240.0,0.016363568603992462
256.0,0.015415851026773453
288.0,0.014294329099357128
320.0,0.013247163966298103
352.0,0.01277018804103136
384.0,0.012536085210740566
416.0,0.012630375102162361
448.0,0.012912974692881107
480.0,0.01271103322505951
512.0,0.011699247173964977
576.0,0.009161289781332016
640.0,0.0074372547678649426
704.0,0.0060829040594398975
768.0,0.006650881841778755
832.0,0.007913687266409397
896.0,0.007717456202954054
960.0,0.005815557669848204
1024.0,0.00290486728772521
1152.0,0.00032729131635278463
1280.0,0.000964289647527039
1408.0,0.003080194117501378
1536.0,0.002954001072794199
1664.0,0.005308040417730808
1792.0,0.005039992742240429
1920.0,0.0026321967598050833
2048.0,-0.001968811498954892
2304.0,-0.00430765375494957
2560.0,-0.0089986277744174
2816.0,-0.0100329564884305
3072.0,-0.008753078058362007
3328.0,-0.006316305138170719
3584.0,-0.0102273840457201
3840.0,-0.01157500222325325
4096.0,-0.007898268289864063
4608.0,-0.005635795183479786
5120.0,-0.0032847763504832983
5632.0,-0.003997583873569965
6144.0,0.0019751822110265493
6656.0,0.006210396531969309
7168.0,0.0029629147611558437
7680.0,0.005103865172713995
8192.0,0.012915556319057941
end
