version,3.0
numOfCh,1
type,point
parent_name,34766_0dot08-0dot01
ch_type,1_1
kcount,1
numberNandB,1
brightnessNandB,1
carpet pos,0
pc,0
Time (ms),CH1 Auto-Correlation
1.0,0.11218632012605667
2.0,0.11146686971187592
3.0,0.11075028777122498
4.0,0.11004070192575455
5.0,0.10933328419923782
6.0,0.10858044773340225
7.0,0.10785621404647827
8.0,0.10714726150035858
9.0,0.10647035390138626
10.0,0.10580030083656311
11.0,0.10509801656007767
12.0,0.10441069304943085
13.0,0.10370270162820816
14.0,0.10304511338472366
15.0,0.10241995751857758
16.0,0.10176076740026474
18.0,0.10036294907331467
20.0,0.09903348982334137
22.0,0.09772372990846634
24.0,0.09639731049537659
26.0,0.09519608318805695
28.0,0.09414900094270706
30.0,0.09317579120397568
32.0,0.09234969317913055
36.0,0.09086363017559052
40.0,0.0893741324543953
44.0,0.08798670768737793
48.0,0.0868210718035698
52.0,0.08587980270385742
56.0,0.08499795943498611
60.0,0.0841652974486351
64.0,0.08360964059829712
72.0,0.0816647857427597
80.0,0.08002572506666183
88.0,0.07816791534423828
96.0,0.07636449486017227
104.0,0.07484009861946106
112.0,0.07359933853149414
120.0,0.0723358690738678
128.0,0.07127459347248077
144.0,0.0700535997748375
160.0,0.06867985427379608
176.0,0.06597526371479034
192.0,0.06390803307294846
208.0,0.0624515675008297
224.0,0.06032403185963631
240.0,0.05758756771683693
256.0,0.05475733429193497
288.0,0.04855986684560776
320.0,0.04487454518675804
352.0,0.0424867607653141
384.0,0.039034340530633926
416.0,0.03729933872818947
448.0,0.03594943881034851
480.0,0.03230668231844902
512.0,0.03206971660256386
576.0,0.030896615236997604
640.0,0.029610242694616318
704.0,0.02952020801603794
768.0,0.026746291667222977
832.0,0.028745077550411224
896.0,0.02956213988363743
960.0,0.03422503173351288
1024.0,0.0393318347632885
1152.0,0.043257057666778564
1280.0,0.043112900108098984
1408.0,0.03817446902394295
1536.0,0.03989953547716141
1664.0,0.0362401083111763
1792.0,0.028884775936603546
1920.0,0.011919541284441948
2048.0,-0.0008828769787214696
2304.0,-0.009414859116077423
2560.0,-0.018779363483190536
2816.0,-0.022462204098701477
3072.0,-0.03523571416735649
3328.0,-0.03610488027334213
3584.0,-0.046675704419612885
3840.0,-0.052278418093919754
4096.0,-0.04903605952858925
end
