version,3.0
numOfCh,1
type,point
parent_name,34766_0dot08-0dot01
ch_type,1_1
kcount,1
numberNandB,1
brightnessNandB,1
carpet pos,0
pc,0
Time (ms),CH1 Auto-Correlation
1.0,0.12662672996520996
2.0,0.12556493282318115
3.0,0.12444911897182465
4.0,0.12339264899492264
5.0,0.12231608480215073
6.0,0.12122124433517456
7.0,0.120154470205307
8.0,0.11910109221935272
9.0,0.1180248036980629
10.0,0.11694515496492386
11.0,0.11585210263729095
12.0,0.1147846207022667
13.0,0.11370950937271118
14.0,0.11260248720645905
15.0,0.11152373999357224
16.0,0.11048095673322678
18.0,0.10843517631292343
20.0,0.10639940202236176
22.0,0.10438290238380432
24.0,0.10243126004934311
26.0,0.10052574425935745
28.0,0.09855102747678757
30.0,0.09657340496778488
32.0,0.09502648562192917
36.0,0.09359509497880936
40.0,0.09254924207925797
44.0,0.09151327610015869
48.0,0.09018179029226303
52.0,0.08865620195865631
56.0,0.08723943680524826
60.0,0.08572286367416382
64.0,0.08385364711284637
72.0,0.08015293627977371
80.0,0.07662453502416611
88.0,0.07289641350507736
96.0,0.06941204518079758
104.0,0.06655395776033401
112.0,0.06422235816717148
120.0,0.0625334084033966
128.0,0.061225567013025284
144.0,0.05728696286678314
160.0,0.0522967129945755
176.0,0.047325555235147476
192.0,0.04238735884428024
208.0,0.03756053000688553
224.0,0.03353967145085335
240.0,0.030374914407730103
256.0,0.027487216517329216
288.0,0.027158277109265327
320.0,0.02460487186908722
352.0,0.021459605544805527
384.0,0.016754018142819405
416.0,0.013753143139183521
448.0,0.01180210430175066
480.0,0.009548911824822426
512.0,0.0075578708201646805
576.0,0.008007727563381195
640.0,0.009554289281368256
704.0,0.011246908456087112
768.0,0.0150435920804739
832.0,0.018656110391020775
896.0,0.021924201399087906
960.0,0.030159974470734596
1024.0,0.039470262825489044
1152.0,0.042691268026828766
1280.0,0.023784050717949867
1408.0,0.012971950694918633
1536.0,0.007816046476364136
1664.0,0.0025757350958883762
1792.0,0.002324325032532215
1920.0,0.0016066567040979862
2048.0,-0.0024715187028050423
2304.0,-0.003624148666858673
2560.0,0.004616520833224058
2816.0,0.009620158933103085
3072.0,0.005966310389339924
3328.0,-0.008035428822040558
3584.0,-0.004690542817115784
3840.0,0.0014978968538343906
4096.0,0.005023587495088577
4608.0,-0.0068581015802919865
5120.0,-0.020267752930521965
5632.0,-0.005298733711242676
6144.0,-0.03720073401927948
6656.0,-0.005242944695055485
7168.0,-0.03411669656634331
7680.0,-0.057352133095264435
8192.0,-0.08500052243471146
end
