version,3.0
numOfCh,1
type,point
parent_name,714af_0dot069-1dot0
ch_type,1_1
kcount,1
numberNandB,1
brightnessNandB,1
carpet pos,0
pc,0
Time (ms),CH1 Auto-Correlation
1.0,0.09270656108856201
2.0,0.09158335626125336
3.0,0.09058724343776703
4.0,0.08968910574913025
5.0,0.08881250768899918
6.0,0.0879693329334259
7.0,0.08719441294670105
8.0,0.0865248516201973
9.0,0.08574219793081284
10.0,0.08507111668586731
11.0,0.08442532271146774
12.0,0.08374174684286118
13.0,0.08318128436803818
14.0,0.08260747045278549
15.0,0.08201637119054794
16.0,0.08147114515304565
18.0,0.0803646519780159
20.0,0.0793224349617958
22.0,0.0783487856388092
24.0,0.07728017121553421
26.0,0.07623498141765594
28.0,0.07524140179157257
30.0,0.07444543391466141
32.0,0.07371954619884491
36.0,0.07216228544712067
40.0,0.07041564583778381
44.0,0.06868521869182587
48.0,0.06706053763628006
52.0,0.06563034653663635
56.0,0.06432924419641495
60.0,0.06305844336748123
64.0,0.06178774684667587
72.0,0.05923687294125557
80.0,0.05678665637969971
88.0,0.05466398224234581
96.0,0.05315481871366501
104.0,0.051491521298885345
112.0,0.05010399967432022
120.0,0.04885052517056465
128.0,0.04776355251669884
144.0,0.04602025821805
160.0,0.04472881555557251
176.0,0.04357866942882538
192.0,0.04255116358399391
208.0,0.0416768416762352
224.0,0.04102417454123497
240.0,0.039846599102020264
256.0,0.038821276277303696
288.0,0.03429178521037102
320.0,0.02788408100605011
352.0,0.02264491096138954
384.0,0.019504191353917122
416.0,0.01676243357360363
448.0,0.015582301653921604
480.0,0.014264055527746677
512.0,0.011671262793242931
576.0,0.005165538284927607
640.0,0.0025180336087942123
704.0,0.004730541724711657
768.0,0.006632322911173105
832.0,0.009314890950918198
896.0,0.008416089229285717
960.0,0.008393922820687294
1024.0,0.01036166027188301
1152.0,0.011954543180763721
1280.0,0.012493595480918884
1408.0,0.013538035564124584
1536.0,0.011890624649822712
1664.0,0.008950283750891685
1792.0,0.005725519731640816
1920.0,0.004254957195371389
2048.0,0.007078062742948532
2304.0,0.019353479146957397
2560.0,0.024710504338145256
2816.0,0.010980417020618916
3072.0,0.0012717398349195719
3328.0,0.002788766287267208
3584.0,0.0033277126494795084
3840.0,0.0012439951533451676
4096.0,0.0007760765729472041
4608.0,0.009464793838560581
5120.0,0.0027825641445815563
5632.0,-0.012898700311779976
6144.0,-0.011558531783521175
6656.0,-0.013338951393961906
7168.0,-0.00787027645856142
7680.0,-0.015598366037011147
8192.0,-0.012136423029005527
end
