version,3.0
numOfCh,1
type,point
parent_name,714af_0dot069-1dot0
ch_type,1_1
kcount,1
numberNandB,1
brightnessNandB,1
carpet pos,0
pc,0
Time (ms),CH1 Auto-Correlation
1.0,0.1044129729270935
2.0,0.10356201231479645
3.0,0.10274830460548401
4.0,0.10200551897287369
5.0,0.10127833485603333
6.0,0.1005956158041954
7.0,0.09991234540939331
8.0,0.09927337616682053
9.0,0.09869520366191864
10.0,0.09807050228118896
11.0,0.0974804013967514
12.0,0.09694399684667587
13.0,0.09640184044837952
14.0,0.09580296277999878
15.0,0.0952400267124176
16.0,0.09463603794574738
18.0,0.09356707334518433
20.0,0.0925988033413887
22.0,0.09167058020830154
24.0,0.0907512977719307
26.0,0.0898776575922966
28.0,0.08899999409914017
30.0,0.08812901377677917
32.0,0.08731241524219513
36.0,0.0856529250741005
40.0,0.08399688452482224
44.0,0.08238578587770462
48.0,0.0807986706495285
52.0,0.07923531532287598
56.0,0.07777492702007294
60.0,0.07636527717113495
64.0,0.07509030401706696
72.0,0.07263833284378052
80.0,0.0703597143292427
88.0,0.06840977072715759
96.0,0.06633520126342773
104.0,0.06416105479001999
112.0,0.062427133321762085
120.0,0.06096408888697624
128.0,0.059487517923116684
144.0,0.05660812184214592
160.0,0.05419988930225372
176.0,0.05204726383090019
192.0,0.04986502230167389
208.0,0.047155581414699554
224.0,0.04492311552166939
240.0,0.042764365673065186
256.0,0.04115546867251396
288.0,0.04121484234929085
320.0,0.04179708659648895
352.0,0.038949549198150635
384.0,0.03443530946969986
416.0,0.030311185866594315
448.0,0.02600291185081005
480.0,0.02262265793979168
512.0,0.020701758563518524
576.0,0.01790742389857769
640.0,0.018252374604344368
704.0,0.018733253702521324
768.0,0.017066489905118942
832.0,0.015398240648210049
896.0,0.01502925530076027
960.0,0.012774228118360043
1024.0,0.010768336243927479
1152.0,0.002669641049578786
1280.0,-0.0022143551614135504
1408.0,-0.00448645930737257
1536.0,-0.009445915929973125
1664.0,-0.016668027266860008
1792.0,-0.022441305220127106
1920.0,-0.03214209899306297
2048.0,-0.03571368381381035
2304.0,-0.028590518981218338
2560.0,-0.02273041568696499
2816.0,-0.02246709167957306
3072.0,-0.009552747942507267
3328.0,0.003858680836856365
3584.0,0.0039373161271214485
3840.0,0.0033936675172299147
4096.0,0.012443535961210728
4608.0,0.011737676337361336
5120.0,-0.003020703559741378
5632.0,-0.02547343447804451
6144.0,-0.025966990739107132
6656.0,-0.022744039073586464
7168.0,-0.0064055644907057285
7680.0,0.003397301770746708
8192.0,0.01371077261865139
end
