version,3.0
numOfCh,1
type,point
parent_name,714af_0dot069-1dot0
ch_type,1_1
kcount,1
numberNandB,1
brightnessNandB,1
carpet pos,0
pc,0
Time (ms),CH1 Auto-Correlation
1.0,0.06830646842718124
2.0,0.06730203330516815
3.0,0.0664820447564125
4.0,0.0656503289937973
5.0,0.06486611813306808
6.0,0.06423930078744888
7.0,0.06358616799116135
8.0,0.06301886588335037
9.0,0.06237592175602913
10.0,0.061693307012319565
11.0,0.06105711683630943
12.0,0.06042676791548729
13.0,0.05988895893096924
14.0,0.05934475362300873
15.0,0.05882613733410835
16.0,0.058350540697574615
18.0,0.057246528565883636
20.0,0.05619363114237785
22.0,0.05527377128601074
24.0,0.05447448790073395
26.0,0.05368023365736008
28.0,0.05289598926901817
30.0,0.05211763456463814
32.0,0.05138349533081055
36.0,0.050212763249874115
40.0,0.049051038920879364
44.0,0.047886937856674194
48.0,0.04686278477311134
52.0,0.04589761048555374
56.0,0.04504295811057091
60.0,0.04430696740746498
64.0,0.043542973697185516
72.0,0.04243846610188484
80.0,0.04157111421227455
88.0,0.04060963913798332
96.0,0.03957344591617584
104.0,0.03850233554840088
112.0,0.03746335953474045
120.0,0.03654151409864426
128.0,0.035806406289339066
144.0,0.035619787871837616
160.0,0.034974049776792526
176.0,0.033561088144779205
192.0,0.03206091374158859
208.0,0.03043357841670513
224.0,0.029163355007767677
240.0,0.027788367122411728
256.0,0.02650339901447296
288.0,0.024304503574967384
320.0,0.024229230359196663
352.0,0.024637676775455475
384.0,0.02384655736386776
416.0,0.02249002642929554
448.0,0.019216109067201614
480.0,0.016081107780337334
512.0,0.01466162409633398
576.0,0.012173156253993511
640.0,0.011569813825190067
704.0,0.011554041877388954
768.0,0.012489818036556244
832.0,0.012117738835513592
896.0,0.01138055045157671
960.0,0.009519336745142937
1024.0,0.011721593327820301
1152.0,0.012877163477241993
1280.0,0.0071298182010650635
1408.0,0.009303445927798748
1536.0,0.010182123631238937
1664.0,0.006344537250697613
1792.0,0.007052740082144737
1920.0,0.009480278007686138
2048.0,0.005888589192181826
2304.0,0.0016006429214030504
2560.0,-0.003335289191454649
2816.0,-0.005530830472707748
3072.0,-0.005399114917963743
3328.0,-0.005165102891623974
3584.0,-0.0079405028373003
3840.0,-0.009242129512131214
4096.0,-0.008726340718567371
4608.0,-0.009762396104633808
5120.0,-0.00032020796788856387
5632.0,-0.003951861057430506
6144.0,0.0001962088281288743
6656.0,0.010241232812404633
7168.0,0.00711884256452322
7680.0,0.005911431275308132
8192.0,0.00251033715903759
end
