version,3.0
numOfCh,1
type,point
parent_name,714af_0dot069-1dot0
ch_type,1_1
kcount,1
numberNandB,1
brightnessNandB,1
carpet pos,0
pc,0
Time (ms),CH1 Auto-Correlation
1.0,0.11279316991567612
2.0,0.11195739358663559
3.0,0.11117219179868698
4.0,0.11042670160531998
5.0,0.1097581684589386
6.0,0.1091269925236702
7.0,0.10849355161190033
8.0,0.10787579417228699
9.0,0.10731350630521774
10.0,0.10676690191030502
11.0,0.10621088743209839
12.0,0.10567952692508698
13.0,0.10513252764940262
14.0,0.10460114479064941
15.0,0.10412031412124634
16.0,0.10363033413887024
18.0,0.102633535861969
20.0,0.10164183378219604
22.0,0.10066588222980499
24.0,0.09967716783285141
26.0,0.09870824217796326
28.0,0.09774734824895859
30.0,0.0968252420425415
32.0,0.09596733003854752
36.0,0.09428481012582779
40.0,0.0927320048213005
44.0,0.0912121832370758
48.0,0.08980471640825272
52.0,0.08840589225292206
56.0,0.08705304563045502
60.0,0.08580894768238068
64.0,0.08460061252117157
72.0,0.08243225514888763
80.0,0.08038082718849182
88.0,0.07852469384670258
96.0,0.07669248431921005
104.0,0.07487282156944275
112.0,0.07286680489778519
120.0,0.07069507241249084
128.0,0.06868324428796768
144.0,0.06572385132312775
160.0,0.06290241330862045
176.0,0.06067433953285217
192.0,0.059607863426208496
208.0,0.05851566791534424
224.0,0.057745758444070816
240.0,0.0566953606903553
256.0,0.05557972565293312
288.0,0.0527103990316391
320.0,0.047900374978780746
352.0,0.0428154356777668
384.0,0.03779900074005127
416.0,0.0335821770131588
448.0,0.03103485144674778
480.0,0.02851552516222
512.0,0.026703353971242905
576.0,0.022142665460705757
640.0,0.016018852591514587
704.0,0.010057291947305202
768.0,0.008076992817223072
832.0,0.008942047134041786
896.0,0.0070579396560788155
960.0,0.0027232328429818153
1024.0,-0.0023275117855519056
1152.0,-0.00482075335457921
1280.0,-0.014438432641327381
1408.0,-0.014951812103390694
1536.0,-0.015084580518305302
1664.0,-0.007134813815355301
1792.0,-0.007602114230394363
1920.0,-0.009517870843410492
2048.0,-0.0039612846449017525
2304.0,-0.0035558161325752735
2560.0,0.0030386243015527725
2816.0,0.012027626857161522
3072.0,0.01773386262357235
3328.0,0.023458033800125122
3584.0,0.017612963914871216
3840.0,0.002452238230034709
4096.0,-0.02168837934732437
4608.0,-0.008164757862687111
5120.0,-0.002446763915941119
5632.0,0.00644752848893404
6144.0,-0.006092142313718796
6656.0,0.007563987746834755
7168.0,-0.0042998166754841805
7680.0,-0.01374733354896307
8192.0,0.004257560707628727
end
