version,3.0
numOfCh,1
type,point
parent_name,714af_0dot069-1dot0
ch_type,1_1
kcount,1
numberNandB,1
brightnessNandB,1
carpet pos,0
pc,0
Time (ms),CH1 Auto-Correlation
1.0,0.09449277818202972
2.0,0.09393399953842163
3.0,0.09336643666028976
4.0,0.09281239658594131
5.0,0.09227902442216873
6.0,0.09174548089504242
7.0,0.09123173356056213
8.0,0.09074898064136505
9.0,0.09027167409658432
10.0,0.08978337794542313
11.0,0.08931031078100204
12.0,0.08883495628833771
13.0,0.0884062796831131
14.0,0.08795081079006195
15.0,0.08749452978372574
16.0,0.08705797046422958
18.0,0.08621368557214737
20.0,0.08541090041399002
22.0,0.08460995554924011
24.0,0.08386386185884476
26.0,0.08307978510856628
28.0,0.08228358626365662
30.0,0.08152482658624649
32.0,0.08078490197658539
36.0,0.07940597087144852
40.0,0.07806160300970078
44.0,0.07673828303813934
48.0,0.07552659511566162
52.0,0.07433424890041351
56.0,0.07316825538873672
60.0,0.07197726517915726
64.0,0.07082483917474747
72.0,0.0689188539981842
80.0,0.0671263188123703
88.0,0.06547114998102188
96.0,0.0639989823102951
104.0,0.06257646530866623
112.0,0.061005618423223495
120.0,0.05949023738503456
128.0,0.05801723152399063
144.0,0.05461058020591736
160.0,0.05117405951023102
176.0,0.04763195663690567
192.0,0.04411890730261803
208.0,0.04087930545210838
224.0,0.038198333233594894
240.0,0.035648323595523834
256.0,0.03281921148300171
288.0,0.027883486822247505
320.0,0.024216629564762115
352.0,0.02160286344587803
384.0,0.01898941770195961
416.0,0.01672183908522129
448.0,0.014834322035312653
480.0,0.012274065986275673
512.0,0.008794797584414482
576.0,0.003698570653796196
640.0,-0.0003548833483364433
704.0,-0.004227269906550646
768.0,-0.004715889226645231
832.0,-0.00444132462143898
896.0,-0.00317279901355505
960.0,-0.0009786192094907165
1024.0,-0.0019440316827967763
1152.0,0.004122949205338955
1280.0,0.010577138513326645
1408.0,0.008672193624079227
1536.0,0.008095044642686844
1664.0,0.007557266391813755
1792.0,0.008468624204397202
1920.0,0.012212962843477726
2048.0,0.013421705923974514
2304.0,0.013376779854297638
2560.0,0.0021150903776288033
2816.0,-0.008945044130086899
3072.0,-0.021960698068141937
3328.0,-0.020112592726945877
3584.0,-0.009433365426957607
3840.0,-0.00924759916961193
4096.0,-0.005876677576452494
4608.0,-0.0008815390174277127
5120.0,-0.009815872646868229
5632.0,0.006588783580809832
6144.0,0.010374048724770546
6656.0,0.0002960048441309482
7168.0,0.005051332991570234
7680.0,0.011649055406451225
8192.0,0.004718176554888487
end
