version,3.0
numOfCh,1
type,point
parent_name,714af_0dot069-1dot0
ch_type,1_1
kcount,1
numberNandB,1
brightnessNandB,1
carpet pos,0
pc,0
Time (ms),CH1 Auto-Correlation
1.0,0.07622966170310974
2.0,0.07515643537044525
3.0,0.07435379922389984
4.0,0.07358922064304352
5.0,0.07289645820856094
6.0,0.07226133346557617
7.0,0.0716453567147255
8.0,0.07112663984298706
9.0,0.07061666250228882
10.0,0.07003196328878403
11.0,0.06945360451936722
12.0,0.06892072409391403
13.0,0.06835955381393433
14.0,0.0678492859005928
15.0,0.06737666577100754
16.0,0.06692498922348022
18.0,0.06602466106414795
20.0,0.06518534570932388
22.0,0.06448081135749817
24.0,0.06371387094259262
26.0,0.06294401735067368
28.0,0.06222909688949585
30.0,0.06153835356235504
32.0,0.06072574481368065
36.0,0.05904151499271393
40.0,0.057493750005960464
44.0,0.055997807532548904
48.0,0.0546170175075531
52.0,0.05329094082117081
56.0,0.05204912647604942
60.0,0.05083781108260155
64.0,0.04965456947684288
72.0,0.047188352793455124
80.0,0.04479892924427986
88.0,0.04262009635567665
96.0,0.04071739315986633
104.0,0.03891175240278244
112.0,0.03712616115808487
120.0,0.0352511890232563
128.0,0.03358374536037445
144.0,0.03122814930975437
160.0,0.029275143519043922
176.0,0.026848334819078445
192.0,0.0250468160957098
208.0,0.023520588874816895
224.0,0.022459613159298897
240.0,0.02117156982421875
256.0,0.020378174260258675
288.0,0.019088933244347572
320.0,0.01871529035270214
352.0,0.020210454240441322
384.0,0.02080853469669819
416.0,0.0208736564964056
448.0,0.019493022933602333
480.0,0.017611030489206314
512.0,0.01663333736360073
576.0,0.012451144866645336
640.0,0.010427967645227909
704.0,0.010432370938360691
768.0,0.013213484548032284
832.0,0.01636268012225628
896.0,0.014640461653470993
960.0,0.012470358982682228
1024.0,0.008414470590651035
1152.0,0.0063964505679905415
1280.0,0.007121108006685972
1408.0,0.0031941425986588
1536.0,0.0037788741756230593
1664.0,0.006196619942784309
1792.0,0.003233440453186631
1920.0,0.0004069005372002721
2048.0,0.004021539818495512
2304.0,0.00423528254032135
2560.0,-0.0034233788028359413
2816.0,-0.011416648514568806
3072.0,-0.018168365582823753
3328.0,-0.01633085496723652
3584.0,-0.02117365039885044
3840.0,-0.015885386615991592
4096.0,-0.01790693774819374
4608.0,-0.015991440042853355
5120.0,-0.01533312164247036
5632.0,-0.00917145423591137
6144.0,-0.007314021233469248
6656.0,-0.0017618057318031788
7168.0,0.01237536035478115
7680.0,0.019291281700134277
8192.0,0.01618904061615467
end
