version,3.0
numOfCh,1
type,point
parent_name,714af_0dot1-0dot1
ch_type,1_1
kcount,1
numberNandB,1
brightnessNandB,1
carpet pos,0
pc,0
Time (ms),CH1 Auto-Correlation
1.0,0.067234106361866
2.0,0.06672313064336777
3.0,0.0662434846162796
4.0,0.06576415151357651
5.0,0.0653020441532135
6.0,0.06484200060367584
7.0,0.06440668553113937
8.0,0.06398218870162964
9.0,0.06356888264417648
10.0,0.06315591931343079
11.0,0.06276247650384903
12.0,0.06237838417291641
13.0,0.062015779316425323
14.0,0.061674658209085464
15.0,0.06134234741330147
16.0,0.06102152168750763
18.0,0.0603938102722168
20.0,0.05977799743413925
22.0,0.059160202741622925
24.0,0.05855032056570053
26.0,0.05794215947389603
28.0,0.05736057832837105
30.0,0.056810345500707626
32.0,0.056268323212862015
36.0,0.05525188520550728
40.0,0.054236263036727905
44.0,0.05324644595384598
48.0,0.05226025730371475
52.0,0.05133838579058647
56.0,0.050422023981809616
60.0,0.049548931419849396
64.0,0.048755962401628494
72.0,0.04700849577784538
80.0,0.045239221304655075
88.0,0.04348909854888916
96.0,0.04169696196913719
104.0,0.0401512011885643
112.0,0.038687027990818024
120.0,0.03738000616431236
128.0,0.036111947149038315
144.0,0.03405086323618889
160.0,0.032288987189531326
176.0,0.03111603856086731
192.0,0.030152855440974236
208.0,0.02935151755809784
224.0,0.028479451313614845
240.0,0.02819344587624073
256.0,0.02881932258605957
288.0,0.029243284836411476
320.0,0.028563957661390305
352.0,0.02778017520904541
384.0,0.025995196774601936
416.0,0.02463800460100174
448.0,0.02400517277419567
480.0,0.023763425648212433
512.0,0.023495903238654137
576.0,0.024889934808015823
640.0,0.02500508911907673
704.0,0.021472778171300888
768.0,0.018023114651441574
832.0,0.015632545575499535
896.0,0.015022790059447289
960.0,0.01645369455218315
1024.0,0.016276879236102104
1152.0,0.012717809528112411
1280.0,0.011100532487034798
1408.0,0.006023305002599955
1536.0,0.0008347816183231771
1664.0,0.0042559122666716576
1792.0,0.003999471198767424
1920.0,0.0038531736936420202
2048.0,-0.0006522806361317635
2304.0,0.0007656666566617787
2560.0,-0.0120968297123909
2816.0,-0.014270060695707798
3072.0,-0.016960691660642624
3328.0,-0.021748308092355728
3584.0,-0.019086120650172234
3840.0,-0.020315634086728096
4096.0,-0.016390711069107056
4608.0,-0.024567080661654472
5120.0,-0.021446412429213524
5632.0,-0.008071725256741047
6144.0,0.008514709770679474
6656.0,0.023508630692958832
7168.0,0.02226761169731617
7680.0,0.02438344992697239
8192.0,0.024737229570746422
end
