version,3.0
numOfCh,1
type,point
parent_name,34766_1dot0-0dot01
ch_type,1_1
kcount,1
numberNandB,1
brightnessNandB,1
carpet pos,0
pc,0
Time (ms),CH1 Auto-Correlation
1.0,0.45494577288627625
2.0,0.45379433035850525
3.0,0.45271915197372437
4.0,0.45170268416404724
5.0,0.4507930278778076
6.0,0.4499029517173767
7.0,0.4490585923194885
8.0,0.4482373297214508
9.0,0.44747239351272583
10.0,0.44668397307395935
11.0,0.4459971785545349
12.0,0.44530293345451355
13.0,0.4445743262767792
14.0,0.4439305067062378
15.0,0.44334876537323
16.0,0.4426972568035126
18.0,0.4414481520652771
20.0,0.4401952028274536
22.0,0.4390895664691925
24.0,0.4379749298095703
26.0,0.43692368268966675
28.0,0.43586012721061707
30.0,0.4346913993358612
32.0,0.43348434567451477
36.0,0.4310642182826996
40.0,0.428788959980011
44.0,0.4263588786125183
48.0,0.4239741265773773
52.0,0.4218223989009857
56.0,0.419983446598053
60.0,0.4181426763534546
64.0,0.41609030961990356
72.0,0.411950945854187
80.0,0.4081585109233856
88.0,0.404429167509079
96.0,0.4010593295097351
104.0,0.39786702394485474
112.0,0.39470604062080383
120.0,0.3924653232097626
128.0,0.39014679193496704
144.0,0.3866555392742157
160.0,0.3820711672306061
176.0,0.37749749422073364
192.0,0.3727792501449585
208.0,0.3677574098110199
224.0,0.36033791303634644
240.0,0.3529433608055115
256.0,0.3452375531196594
288.0,0.3298836946487427
320.0,0.317067950963974
352.0,0.3100082576274872
384.0,0.30343902111053467
416.0,0.29987967014312744
448.0,0.2940130829811096
480.0,0.2862545847892761
512.0,0.28079718351364136
576.0,0.27225103974342346
640.0,0.2674233019351959
704.0,0.25676560401916504
768.0,0.24329915642738342
832.0,0.2274189591407776
896.0,0.20314134657382965
960.0,0.17805831134319305
1024.0,0.15560954809188843
1152.0,0.11931800097227097
1280.0,0.08904184401035309
1408.0,0.05561138316988945
1536.0,0.013452859595417976
1664.0,-0.023117151111364365
1792.0,-0.046991560608148575
1920.0,-0.05515281856060028
2048.0,-0.06441430002450943
2304.0,-0.09869465976953506
2560.0,-0.13385626673698425
2816.0,-0.17309729754924774
3072.0,-0.2247849404811859
3328.0,-0.3027341365814209
3584.0,-0.3796602785587311
3840.0,-0.466524213552475
4096.0,-0.4687211811542511
end
