version,3.0
numOfCh,1
type,point
parent_name,labthresh-0dot04_cutandshift_0dot069-1dot0
ch_type,1_1
kcount,1
numberNandB,1
brightnessNandB,1
carpet pos,0
pc,0
Time (ms),CH1 Auto-Correlation
1.0,0.10500354319810867
2.0,0.10397825390100479
3.0,0.10314863920211792
4.0,0.10244274139404297
5.0,0.10182833671569824
6.0,0.10118694603443146
7.0,0.10055314004421234
8.0,0.09990442544221878
9.0,0.0992479994893074
10.0,0.0987144410610199
11.0,0.0981518030166626
12.0,0.09766127169132233
13.0,0.09717098623514175
14.0,0.09675123542547226
15.0,0.0963013619184494
16.0,0.0958530530333519
18.0,0.09501121938228607
20.0,0.09412239491939545
22.0,0.09335539489984512
24.0,0.09264027327299118
26.0,0.09194750338792801
28.0,0.09119347482919693
30.0,0.09044879674911499
32.0,0.08975379168987274
36.0,0.08848170936107635
40.0,0.08733285218477249
44.0,0.0862981453537941
48.0,0.0851830393075943
52.0,0.0841476246714592
56.0,0.08320309221744537
60.0,0.08225171267986298
64.0,0.08140246570110321
72.0,0.07986503094434738
80.0,0.07805761694908142
88.0,0.07634774595499039
96.0,0.0747963935136795
104.0,0.07356596738100052
112.0,0.07238981872797012
120.0,0.07103069871664047
128.0,0.0695614144206047
144.0,0.06726304441690445
160.0,0.0646742433309555
176.0,0.06239032372832298
192.0,0.060091376304626465
208.0,0.05791546031832695
224.0,0.05622356757521629
240.0,0.05457739531993866
256.0,0.05315077304840088
288.0,0.05132489278912544
320.0,0.04873817786574364
352.0,0.045737944543361664
384.0,0.044605474919080734
416.0,0.04537671059370041
448.0,0.04451832175254822
480.0,0.04128903150558472
512.0,0.03763953223824501
576.0,0.03388983756303787
640.0,0.03143584355711937
704.0,0.027488116174936295
768.0,0.021099522709846497
832.0,0.018038304522633553
896.0,0.0192420557141304
960.0,0.020088408142328262
1024.0,0.02227315679192543
1152.0,0.0226721353828907
1280.0,0.021077988669276237
1408.0,0.018418293446302414
1536.0,0.018440930172801018
1664.0,0.016259783878922462
1792.0,0.012735600583255291
1920.0,0.01075818482786417
2048.0,0.007824852131307125
2304.0,0.004572868812829256
2560.0,0.0030918517149984837
2816.0,0.002771291183307767
3072.0,-0.0040499186143279076
3328.0,-0.00916582066565752
3584.0,-0.015905780717730522
3840.0,-0.0128329461440444
4096.0,-0.007833583280444145
4608.0,-0.006687138695269823
5120.0,0.00027023948496207595
5632.0,-0.014244369231164455
6144.0,-0.015881653875112534
6656.0,-0.013135567307472229
7168.0,-0.017599375918507576
7680.0,-0.03287886828184128
8192.0,-0.06467614322900772
end
