version,3.0
numOfCh,1
type,point
parent_name,labthresh-0dot04_cutandshift_0dot069-0dot01
ch_type,1_1
kcount,1
numberNandB,1
brightnessNandB,1
carpet pos,0
pc,0
Time (ms),CH1 Auto-Correlation
1.0,0.019451431930065155
2.0,0.019237596541643143
3.0,0.019026251509785652
4.0,0.01882394775748253
5.0,0.01862480491399765
6.0,0.018431823700666428
7.0,0.018234984949231148
8.0,0.01803525909781456
9.0,0.017839014530181885
10.0,0.017650334164500237
11.0,0.017465516924858093
12.0,0.017283709719777107
13.0,0.01710444502532482
14.0,0.016917459666728973
15.0,0.01673794351518154
16.0,0.016564909368753433
18.0,0.016242733225226402
20.0,0.0159246064722538
22.0,0.015598293393850327
24.0,0.01526066567748785
26.0,0.014932522550225258
28.0,0.01462540403008461
30.0,0.014322998933494091
32.0,0.014014405198395252
36.0,0.013446623459458351
40.0,0.012890662997961044
44.0,0.012316465377807617
48.0,0.011724600568413734
52.0,0.011125462129712105
56.0,0.010593030601739883
60.0,0.010082951746881008
64.0,0.009554463438689709
72.0,0.008516110479831696
80.0,0.007647407706826925
88.0,0.007012614514678717
96.0,0.006480335257947445
104.0,0.005976804066449404
112.0,0.0054142894223332405
120.0,0.00489806616678834
128.0,0.004427413456141949
144.0,0.0037038689479231834
160.0,0.0030266058165580034
176.0,0.0022377478890120983
192.0,0.0014747728127986193
208.0,0.0006080576567910612
224.0,-0.0001814447168726474
240.0,-0.000776111613959074
256.0,-0.0009985414799302816
288.0,-0.00017882765678223222
320.0,0.0009244378888979554
352.0,0.0015058849239721894
384.0,0.0020693812984973192
416.0,0.0027027458418160677
448.0,0.00356471911072731
480.0,0.003973828628659248
512.0,0.0037912658881396055
576.0,0.003131386823952198
640.0,0.0016568101709708571
704.0,0.0007963987882249057
768.0,-0.0003831592039205134
832.0,-0.0011620951117947698
896.0,-0.0011151903308928013
960.0,-0.00040536298183724284
1024.0,0.00020216742996126413
1152.0,0.0021664758678525686
1280.0,0.001614379812963307
1408.0,-0.000755132467020303
1536.0,-0.000897117774002254
1664.0,0.0025732230860739946
1792.0,0.0025572525337338448
1920.0,9.565267828293145e-05
2048.0,-0.0037869333755224943
2304.0,-0.0012932915706187487
2560.0,-0.0017069615423679352
2816.0,9.0847272076644e-05
3072.0,0.001797461067326367
3328.0,-0.0009987327503040433
3584.0,0.0006746182916685939
3840.0,0.0007894386071711779
4096.0,0.0006383105064742267
end
