version,3.0
numOfCh,1
type,point
parent_name,labthresh-0dot04_cutandshift_0dot069-1dot0
ch_type,1_1
kcount,1
numberNandB,1
brightnessNandB,1
carpet pos,0
pc,0
Time (ms),CH1 Auto-Correlation
1.0,0.11202377825975418
2.0,0.11082876473665237
3.0,0.10988122969865799
4.0,0.10910700261592865
5.0,0.10845544934272766
6.0,0.10778103768825531
7.0,0.10720500349998474
8.0,0.10664983093738556
9.0,0.10617100447416306
10.0,0.10559815168380737
11.0,0.10504758358001709
12.0,0.10455287992954254
13.0,0.10416533052921295
14.0,0.10364630818367004
15.0,0.10322382301092148
16.0,0.10279273986816406
18.0,0.10196050256490707
20.0,0.10115262866020203
22.0,0.10028679668903351
24.0,0.09926587343215942
26.0,0.09816702455282211
28.0,0.09726274013519287
30.0,0.09636139124631882
32.0,0.09539005160331726
36.0,0.09367754310369492
40.0,0.09215488284826279
44.0,0.09076868742704391
48.0,0.08934326469898224
52.0,0.08785036206245422
56.0,0.0862777903676033
60.0,0.08496913313865662
64.0,0.0840190052986145
72.0,0.08199946582317352
80.0,0.08021310716867447
88.0,0.0789155662059784
96.0,0.0777556300163269
104.0,0.07659687101840973
112.0,0.07567697018384933
120.0,0.07474662363529205
128.0,0.07367732375860214
144.0,0.07159577310085297
160.0,0.0692584440112114
176.0,0.06713606417179108
192.0,0.06523822993040085
208.0,0.06312324106693268
224.0,0.061046626418828964
240.0,0.05949563533067703
256.0,0.05811852961778641
288.0,0.05521100014448166
320.0,0.052472155541181564
352.0,0.05031394585967064
384.0,0.04747317358851433
416.0,0.04411647096276283
448.0,0.04224944859743118
480.0,0.040323738008737564
512.0,0.0371723547577858
576.0,0.03147485852241516
640.0,0.02626238390803337
704.0,0.022426335141062737
768.0,0.019188227131962776
832.0,0.020795974880456924
896.0,0.02088090404868126
960.0,0.01802617684006691
1024.0,0.011433087289333344
1152.0,0.002216876484453678
1280.0,0.0005140703869983554
1408.0,0.0023649160284549
1536.0,0.0003498381993267685
1664.0,0.0018922804156318307
1792.0,0.006724114529788494
1920.0,0.007224241737276316
2048.0,0.0029563531279563904
2304.0,0.00237703206948936
2560.0,-0.0002864947309717536
2816.0,-0.00877879373729229
3072.0,-0.016916992142796516
3328.0,-0.016209406778216362
3584.0,-0.017297567799687386
3840.0,-0.018403654918074608
4096.0,-0.01087040826678276
4608.0,-0.01768864504992962
5120.0,-0.02989511750638485
5632.0,-0.02805611491203308
6144.0,-0.018547972664237022
6656.0,-0.004775305278599262
7168.0,-0.0017557174433022738
7680.0,0.011390449479222298
8192.0,0.0037984116934239864
end
