version,3.0
numOfCh,1
type,point
parent_name,labthresh-0dot04_cutandshift_0dot069-0dot01
ch_type,1_1
kcount,1
numberNandB,1
brightnessNandB,1
carpet pos,0
pc,0
Time (ms),CH1 Auto-Correlation
1.0,0.026043040677905083
2.0,0.02583654783666134
3.0,0.025685036554932594
4.0,0.025526005774736404
5.0,0.02537989616394043
6.0,0.02523570880293846
7.0,0.025106914341449738
8.0,0.024978242814540863
9.0,0.02484949864447117
10.0,0.024721309542655945
11.0,0.02458794228732586
12.0,0.02446799725294113
13.0,0.024367276579141617
14.0,0.024247173219919205
15.0,0.024147214367985725
16.0,0.024069201201200485
18.0,0.023874903097748756
20.0,0.023662317544221878
22.0,0.02344692312180996
24.0,0.023222193121910095
26.0,0.023014361038804054
28.0,0.02280663698911667
30.0,0.02261728048324585
32.0,0.022381655871868134
36.0,0.021918298676609993
40.0,0.021404435858130455
44.0,0.020826149731874466
48.0,0.02024264447391033
52.0,0.019620444625616074
56.0,0.019021684303879738
60.0,0.018421098589897156
64.0,0.017791759222745895
72.0,0.0166307520121336
80.0,0.01558326743543148
88.0,0.01457230094820261
96.0,0.013515002094209194
104.0,0.012412171810865402
112.0,0.011487211100757122
120.0,0.010654667392373085
128.0,0.009871955960988998
144.0,0.00830138847231865
160.0,0.006685054861009121
176.0,0.005069599021226168
192.0,0.0033898367546498775
208.0,0.0023632522206753492
224.0,0.0018447507172822952
240.0,0.0020469350274652243
256.0,0.0028503485955297947
288.0,0.004154071677476168
320.0,0.004696321208029985
352.0,0.0036556909326463938
384.0,0.0020508707966655493
416.0,0.0005118297412991524
448.0,-0.0009362116106785834
480.0,-0.0032382765784859657
512.0,-0.006243918556720018
576.0,-0.011213305406272411
640.0,-0.015039554797112942
704.0,-0.01667848415672779
768.0,-0.00966720376163721
832.0,-0.0027888237964361906
896.0,-5.071342093287967e-05
960.0,-0.002733215456828475
1024.0,-0.00808518286794424
end
