version,3.0
numOfCh,1
type,point
parent_name,labthresh-0dot04_cutandshift_0dot069-0dot01
ch_type,1_1
kcount,1
numberNandB,1
brightnessNandB,1
carpet pos,0
pc,0
Time (ms),CH1 Auto-Correlation
1.0,0.021999889984726906
2.0,0.021792560815811157
3.0,0.021593693643808365
4.0,0.02139340527355671
5.0,0.021199921146035194
6.0,0.02101081795990467
7.0,0.02082640863955021
8.0,0.0206453874707222
9.0,0.020455367863178253
10.0,0.020270414650440216
11.0,0.020094532519578934
12.0,0.019917842000722885
13.0,0.019741402938961983
14.0,0.019571524113416672
15.0,0.019406916573643684
16.0,0.019237922504544258
18.0,0.018923994153738022
20.0,0.018624598160386086
22.0,0.01833912543952465
24.0,0.01805831491947174
26.0,0.01778499037027359
28.0,0.01751530170440674
30.0,0.017258884385228157
32.0,0.016989802941679955
36.0,0.016467956826090813
40.0,0.015948794782161713
44.0,0.015386270359158516
48.0,0.014797956682741642
52.0,0.014230595901608467
56.0,0.013637619093060493
60.0,0.01302142720669508
64.0,0.01241148542612791
72.0,0.011228584684431553
80.0,0.009993982501327991
88.0,0.008769668638706207
96.0,0.007594266440719366
104.0,0.006464292295277119
112.0,0.005498426966369152
120.0,0.004703829530626535
128.0,0.003980216570198536
144.0,0.002693991642445326
160.0,0.0015203591901808977
176.0,0.0005256084841676056
192.0,4.903563603875227e-05
208.0,-0.00025658379308879375
224.0,-0.00033023665309883654
240.0,-0.00023261914611794055
256.0,0.0003221350780222565
288.0,0.0015139580937102437
320.0,0.0030930477660149336
352.0,0.004773838445544243
384.0,0.004985372070223093
416.0,0.004948428366333246
448.0,0.004523790441453457
480.0,0.003205261193215847
512.0,0.002493779407814145
576.0,0.002758948365226388
640.0,0.0030409919563680887
704.0,0.002545685274526477
768.0,0.0028039398603141308
832.0,0.0030202451162040234
896.0,0.001501605031080544
960.0,0.0009752470068633556
1024.0,0.0008302934584207833
1152.0,0.0008727615349926054
1280.0,0.0014205293264240026
1408.0,-0.0011296238517388701
1536.0,0.000912542047444731
1664.0,0.0027944217436015606
1792.0,0.0002351417060708627
1920.0,-0.001691523939371109
2048.0,-0.0028511437121778727
2304.0,-0.004836765583604574
2560.0,-0.004287002608180046
2816.0,-0.0012390228221192956
3072.0,-0.0035671480000019073
3328.0,-0.0063674114644527435
3584.0,-0.006785621400922537
3840.0,-0.0059790704399347305
4096.0,-0.007829288020730019
end
