version,3.0
numOfCh,1
type,point
parent_name,robust_thresh-2
ch_type,1_1
kcount,1
numberNandB,1
brightnessNandB,1
carpet pos,0
pc,0
Time (ms),CH1 Auto-Correlation
1.0,0.08021558076143265
2.0,0.07831782102584839
3.0,0.07650891691446304
4.0,0.07478144764900208
5.0,0.07326830178499222
6.0,0.071759894490242
7.0,0.07039385288953781
8.0,0.06918405741453171
9.0,0.0679578185081482
10.0,0.0668896809220314
11.0,0.06585358828306198
12.0,0.06482812762260437
13.0,0.06386525183916092
14.0,0.06296748667955399
15.0,0.06199956685304642
16.0,0.061157386749982834
18.0,0.059677377343177795
20.0,0.05839880183339119
22.0,0.0571444034576416
24.0,0.055878616869449615
26.0,0.05457671731710434
28.0,0.05317981541156769
30.0,0.05191526189446449
32.0,0.05076580494642258
36.0,0.04854106530547142
40.0,0.04631882160902023
44.0,0.04444969817996025
48.0,0.04317791014909744
52.0,0.04212479293346405
56.0,0.04086393862962723
60.0,0.039654333144426346
64.0,0.03874138370156288
72.0,0.03692493960261345
80.0,0.03505154326558113
88.0,0.03282814100384712
96.0,0.03131880983710289
104.0,0.030534198507666588
112.0,0.029757902026176453
120.0,0.028312645852565765
128.0,0.0267310980707407
144.0,0.025297535583376884
160.0,0.023833032697439194
176.0,0.021515943109989166
192.0,0.01989932358264923
208.0,0.017995472997426987
224.0,0.01596217043697834
240.0,0.013591734692454338
256.0,0.012026977725327015
288.0,0.01198936440050602
320.0,0.013134668581187725
352.0,0.015178999863564968
384.0,0.014637929387390614
416.0,0.013350831344723701
448.0,0.012598580680787563
480.0,0.0131363021209836
512.0,0.014156443066895008
576.0,0.014642775990068913
640.0,0.01107536256313324
704.0,0.009487880393862724
768.0,0.009515722282230854
832.0,0.0084052924066782
896.0,0.00799307506531477
960.0,0.009982287883758545
1024.0,0.013335064053535461
1152.0,0.011404822580516338
1280.0,0.009196500293910503
1408.0,0.008527318015694618
1536.0,0.00621963432058692
1664.0,0.0035872305743396282
1792.0,0.0058060940355062485
1920.0,0.012705845758318901
2048.0,0.011372452601790428
2304.0,0.007535301148891449
2560.0,0.003740194020792842
2816.0,0.0021353408228605986
3072.0,-0.004644117783755064
3328.0,-0.0014651176752522588
3584.0,-0.006484650541096926
3840.0,-0.007662992924451828
4096.0,-0.0026059444062411785
4608.0,-0.0021891328506171703
5120.0,0.00045724413939751685
5632.0,-0.004398765042424202
6144.0,-0.013653953559696674
6656.0,-0.009257194586098194
7168.0,-0.011095531284809113
7680.0,-0.0012129242531955242
8192.0,-0.019808001816272736
end
