version,3.0
numOfCh,1
type,point
parent_name,robust_thresh-2
ch_type,1_1
kcount,1
numberNandB,1
brightnessNandB,1
carpet pos,0
pc,0
Time (ms),CH1 Auto-Correlation
1.0,0.09008708596229553
2.0,0.08937360346317291
3.0,0.08868788927793503
4.0,0.08806125819683075
5.0,0.0874234139919281
6.0,0.0867815613746643
7.0,0.08615712076425552
8.0,0.08554202318191528
9.0,0.08496174961328506
10.0,0.08441244810819626
11.0,0.08390383422374725
12.0,0.08337647467851639
13.0,0.08286748826503754
14.0,0.08236601203680038
15.0,0.0818907618522644
16.0,0.08141203224658966
18.0,0.0805417001247406
20.0,0.07972095906734467
22.0,0.0789097249507904
24.0,0.07817443460226059
26.0,0.07751964032649994
28.0,0.07694433629512787
30.0,0.0763448029756546
32.0,0.07567071169614792
36.0,0.07429908961057663
40.0,0.07287474721670151
44.0,0.0715271532535553
48.0,0.07035684585571289
52.0,0.06928644329309464
56.0,0.06828011572360992
60.0,0.06736479699611664
64.0,0.06650146842002869
72.0,0.06498070061206818
80.0,0.06364510953426361
88.0,0.06239553540945053
96.0,0.06129663437604904
104.0,0.06017717346549034
112.0,0.05932996794581413
120.0,0.05884188041090965
128.0,0.058294348418712616
144.0,0.057118259370326996
160.0,0.055980101227760315
176.0,0.05497235804796219
192.0,0.05393161624670029
208.0,0.05340414121747017
224.0,0.05310944840312004
240.0,0.05215232074260712
256.0,0.05128097161650658
288.0,0.04997890815138817
320.0,0.04868720471858978
352.0,0.04773062840104103
384.0,0.047289688140153885
416.0,0.048332199454307556
448.0,0.048624709248542786
480.0,0.04675612598657608
512.0,0.04348384588956833
576.0,0.03869802504777908
640.0,0.036499470472335815
704.0,0.032631177455186844
768.0,0.027584441006183624
832.0,0.022111989557743073
896.0,0.01959802769124508
960.0,0.01873249188065529
1024.0,0.014563585631549358
1152.0,0.01174820028245449
1280.0,0.004472930449992418
1408.0,-0.0008478223462589085
1536.0,-0.00629508588463068
1664.0,-0.011589877307415009
1792.0,-0.01602351665496826
1920.0,-0.019459757953882217
2048.0,-0.022623835131525993
2304.0,-0.02199169248342514
2560.0,-0.01752801053225994
2816.0,-0.01405274122953415
3072.0,-0.012352547608315945
3328.0,-0.005525084678083658
3584.0,0.002107116160914302
3840.0,0.017493104562163353
4096.0,0.013430986553430557
4608.0,0.008227112703025341
5120.0,0.006248060148209333
5632.0,-0.00317345536313951
6144.0,-0.009356489405035973
6656.0,-0.01672906056046486
7168.0,-0.024377169087529182
7680.0,-0.021942494437098503
8192.0,-0.02912924438714981
end
