version,3.0
numOfCh,1
type,point
parent_name,robust_thresh-2
ch_type,1_1
kcount,1
numberNandB,1
brightnessNandB,1
carpet pos,0
pc,0
Time (ms),CH1 Auto-Correlation
1.0,0.3707156181335449
2.0,0.370151162147522
3.0,0.3696044385433197
4.0,0.36907047033309937
5.0,0.3685464859008789
6.0,0.3680236339569092
7.0,0.3675008714199066
8.0,0.36698439717292786
9.0,0.36644330620765686
10.0,0.3658960163593292
11.0,0.3653768301010132
12.0,0.36484983563423157
13.0,0.364337682723999
14.0,0.3638346791267395
15.0,0.36332830786705017
16.0,0.36282798647880554
18.0,0.3618263006210327
20.0,0.3607798218727112
22.0,0.35974615812301636
24.0,0.358673632144928
26.0,0.3575926423072815
28.0,0.3564963638782501
30.0,0.3554230332374573
32.0,0.3543505370616913
36.0,0.3522028625011444
40.0,0.3500441014766693
44.0,0.34789013862609863
48.0,0.3457833528518677
52.0,0.3436966836452484
56.0,0.34177032113075256
60.0,0.33997365832328796
64.0,0.33823496103286743
72.0,0.3348769545555115
80.0,0.33150795102119446
88.0,0.3280285894870758
96.0,0.3246334195137024
104.0,0.32163354754447937
112.0,0.31878969073295593
120.0,0.31586307287216187
128.0,0.31295180320739746
144.0,0.3077628016471863
160.0,0.30256927013397217
176.0,0.2980389893054962
192.0,0.2943548560142517
208.0,0.2909282147884369
224.0,0.28803080320358276
240.0,0.2858962118625641
256.0,0.2840529978275299
288.0,0.28193971514701843
320.0,0.2801513075828552
352.0,0.27870020270347595
384.0,0.27827179431915283
416.0,0.27664661407470703
448.0,0.2736734449863434
480.0,0.269718199968338
512.0,0.26530811190605164
576.0,0.2578580975532532
640.0,0.251836359500885
704.0,0.24989846348762512
768.0,0.2492246776819229
832.0,0.2442692667245865
896.0,0.23479773104190826
960.0,0.2238481044769287
1024.0,0.21696147322654724
1152.0,0.22021183371543884
1280.0,0.21336668729782104
1408.0,0.1983696073293686
1536.0,0.1937619000673294
1664.0,0.18433736264705658
1792.0,0.17479108273983002
1920.0,0.18367277085781097
2048.0,0.18431302905082703
2304.0,0.15588034689426422
2560.0,0.15668830275535583
2816.0,0.14047791063785553
3072.0,0.1406295746564865
3328.0,0.12910246849060059
3584.0,0.11942841112613678
3840.0,0.09887611120939255
4096.0,0.08042525500059128
4608.0,0.055390652269124985
5120.0,0.015795394778251648
5632.0,-0.05286004766821861
6144.0,-0.10317782312631607
6656.0,-0.10680510103702545
7168.0,-0.12329381704330444
7680.0,-0.12102094292640686
8192.0,-0.1460157185792923
end
