version,3.0
numOfCh,1
type,point
parent_name,robust_thresh-2
ch_type,1_1
kcount,1
numberNandB,1
brightnessNandB,1
carpet pos,0
pc,0
Time (ms),CH1 Auto-Correlation
1.0,0.12375130504369736
2.0,0.12306762486696243
3.0,0.12239667028188705
4.0,0.12174208462238312
5.0,0.12110535055398941
6.0,0.12049771845340729
7.0,0.11993429064750671
8.0,0.11937984079122543
9.0,0.1188168004155159
10.0,0.11826485395431519
11.0,0.11768762767314911
12.0,0.11710409820079803
13.0,0.11653418093919754
14.0,0.11597651988267899
15.0,0.11543875187635422
16.0,0.11493366211652756
18.0,0.11393766850233078
20.0,0.11298614740371704
22.0,0.11212974786758423
24.0,0.11130859702825546
26.0,0.11046410351991653
28.0,0.10959622263908386
30.0,0.10876922309398651
32.0,0.10798336565494537
36.0,0.1065601259469986
40.0,0.10523615777492523
44.0,0.10403170436620712
48.0,0.10283420234918594
52.0,0.10172705352306366
56.0,0.1005789190530777
60.0,0.099400594830513
64.0,0.09830405563116074
72.0,0.0962694063782692
80.0,0.09419219940900803
88.0,0.09200938791036606
96.0,0.08991751819849014
104.0,0.08798301219940186
112.0,0.08591894060373306
120.0,0.08414909243583679
128.0,0.08249005675315857
144.0,0.07903467863798141
160.0,0.07535293698310852
176.0,0.07164537161588669
192.0,0.06825438886880875
208.0,0.06543122977018356
224.0,0.06315694749355316
240.0,0.06060866266489029
256.0,0.05744117498397827
288.0,0.05109718441963196
320.0,0.04655320942401886
352.0,0.043551623821258545
384.0,0.04072680324316025
416.0,0.03926023095846176
448.0,0.03884090483188629
480.0,0.03871014341711998
512.0,0.038216765969991684
576.0,0.03818552568554878
640.0,0.03514447435736656
704.0,0.02994280867278576
768.0,0.026721199974417686
832.0,0.02329236827790737
896.0,0.020276840776205063
960.0,0.017827725037932396
1024.0,0.017295338213443756
1152.0,0.02515031024813652
1280.0,0.03735310211777687
1408.0,0.044902049005031586
1536.0,0.04708791896700859
1664.0,0.0427442267537117
1792.0,0.034978460520505905
1920.0,0.023017916828393936
2048.0,0.014716069214046001
2304.0,0.003191400086507201
2560.0,-0.0033248073887079954
2816.0,0.0074639394879341125
3072.0,0.02177802473306656
3328.0,0.009450780227780342
3584.0,0.010194572620093822
3840.0,0.003740793326869607
4096.0,-0.014104019850492477
4608.0,-0.009886234067380428
5120.0,-0.014377734623849392
5632.0,-0.029775016009807587
6144.0,-0.01982569508254528
6656.0,-0.011590578593313694
7168.0,-0.018036847934126854
7680.0,-0.021864216774702072
8192.0,-0.017756544053554535
end
