version,3.0
numOfCh,1
type,point
parent_name,robust_thresh-2
ch_type,1_1
kcount,1
numberNandB,1
brightnessNandB,1
carpet pos,0
pc,0
Time (ms),CH1 Auto-Correlation
1.0,0.14451712369918823
2.0,0.1411541849374771
3.0,0.1382322907447815
4.0,0.13527067005634308
5.0,0.1324637085199356
6.0,0.1298808455467224
7.0,0.12748602032661438
8.0,0.12511593103408813
9.0,0.12306026369333267
10.0,0.12097041308879852
11.0,0.11901841312646866
12.0,0.11713653057813644
13.0,0.11514034867286682
14.0,0.11342952400445938
15.0,0.11168835312128067
16.0,0.10979633033275604
18.0,0.10672639310359955
20.0,0.10371045023202896
22.0,0.10064104944467545
24.0,0.09769958257675171
26.0,0.09504565596580505
28.0,0.09244474023580551
30.0,0.09023089706897736
32.0,0.08842795342206955
36.0,0.0850568562746048
40.0,0.0813949704170227
44.0,0.0777922049164772
48.0,0.0744844451546669
52.0,0.07135868072509766
56.0,0.0686030462384224
60.0,0.06607663631439209
64.0,0.06366869807243347
72.0,0.05795089900493622
80.0,0.05347486585378647
88.0,0.05049772188067436
96.0,0.048047348856925964
104.0,0.04505164548754692
112.0,0.0412202887237072
120.0,0.038745321333408356
128.0,0.03770291432738304
144.0,0.03721535950899124
160.0,0.035577867180109024
176.0,0.034431733191013336
192.0,0.03195985406637192
208.0,0.028394009917974472
224.0,0.02287803590297699
240.0,0.01906190998852253
256.0,0.018267324194312096
288.0,0.023305658251047134
320.0,0.027316715568304062
352.0,0.0319603756070137
384.0,0.036293260753154755
416.0,0.03673318400979042
448.0,0.03488907590508461
480.0,0.029175657778978348
512.0,0.02317332848906517
576.0,0.018854806199669838
640.0,0.011646319180727005
704.0,0.009279616177082062
768.0,0.01900428906083107
832.0,0.017782719805836678
896.0,0.013096638955175877
960.0,0.011026202701032162
1024.0,0.004751228261739016
1152.0,0.012606250122189522
1280.0,0.021896060556173325
1408.0,0.026441294699907303
1536.0,0.025791116058826447
1664.0,0.01657683588564396
1792.0,0.017002733424305916
1920.0,0.021776849403977394
2048.0,0.017666250467300415
2304.0,0.026888512074947357
2560.0,0.01714238151907921
2816.0,0.017264440655708313
3072.0,0.013673443347215652
3328.0,-0.003593009663745761
3584.0,0.000926113803870976
3840.0,-0.0015577719314023852
4096.0,-0.009927172213792801
4608.0,-0.01347663626074791
5120.0,-0.019940024241805077
5632.0,-0.015947427600622177
6144.0,-0.017529990524053574
6656.0,-0.03124452754855156
7168.0,-0.03226783126592636
7680.0,-0.022648140788078308
8192.0,-0.018992820754647255
end
