version,3.0
numOfCh,1
type,point
parent_name,robust_thresh-2
ch_type,1_1
kcount,1
numberNandB,1
brightnessNandB,1
carpet pos,0
pc,0
Time (ms),CH1 Auto-Correlation
1.0,0.4423820376396179
2.0,0.43248528242111206
3.0,0.42350125312805176
4.0,0.41578030586242676
5.0,0.4076851010322571
6.0,0.40016835927963257
7.0,0.3936869204044342
8.0,0.38742074370384216
9.0,0.38184401392936707
10.0,0.375698059797287
11.0,0.3705155849456787
12.0,0.36526957154273987
13.0,0.3603971600532532
14.0,0.3550436198711395
15.0,0.35034435987472534
16.0,0.3457552194595337
18.0,0.33680981397628784
20.0,0.3285365402698517
22.0,0.32037732005119324
24.0,0.31209859251976013
26.0,0.30499526858329773
28.0,0.29865190386772156
30.0,0.29326125979423523
32.0,0.287965327501297
36.0,0.2787904441356659
40.0,0.2693083584308624
44.0,0.2588513195514679
48.0,0.2480568140745163
52.0,0.23523220419883728
56.0,0.22352124750614166
60.0,0.21567721664905548
64.0,0.20828266441822052
72.0,0.19234628975391388
80.0,0.17861542105674744
88.0,0.16697803139686584
96.0,0.16107074916362762
104.0,0.1540292352437973
112.0,0.1442936658859253
120.0,0.13967467844486237
128.0,0.13376186788082123
144.0,0.12134746462106705
160.0,0.10592446476221085
176.0,0.08849598467350006
192.0,0.07824931293725967
208.0,0.08104895055294037
224.0,0.08276094496250153
240.0,0.08556562662124634
256.0,0.09318102151155472
288.0,0.11086365580558777
320.0,0.11450203508138657
352.0,0.10836653411388397
384.0,0.11756852269172668
416.0,0.11879589408636093
448.0,0.09938229620456696
480.0,0.07201660424470901
512.0,0.0709223598241806
576.0,0.07590600848197937
640.0,0.08031705021858215
704.0,0.07509168237447739
768.0,0.06618177145719528
832.0,0.06450644135475159
896.0,0.04946289211511612
960.0,0.05014083534479141
1024.0,0.057604409754276276
1152.0,0.0545029453933239
1280.0,0.013711630366742611
1408.0,0.008567431010305882
1536.0,0.021241605281829834
1664.0,0.010962086729705334
1792.0,-0.00999446865171194
1920.0,0.0055893887765705585
2048.0,0.012141000479459763
2304.0,0.026270756497979164
2560.0,0.05523557588458061
2816.0,0.004241352900862694
3072.0,0.03516112640500069
3328.0,0.006669947877526283
3584.0,-0.019106416031718254
3840.0,-0.08259798586368561
4096.0,-0.0656583234667778
4608.0,-0.10160798579454422
5120.0,-0.08145502209663391
5632.0,-0.06953572481870651
6144.0,-0.046551767736673355
6656.0,-0.0725284144282341
7168.0,-0.06822061538696289
7680.0,-0.047446999698877335
8192.0,-0.006104084197431803
end
