version,3.0
numOfCh,1
type,point
parent_name,robust_thresh-2
ch_type,1_1
kcount,1
numberNandB,1
brightnessNandB,1
carpet pos,0
pc,0
Time (ms),CH1 Auto-Correlation
1.0,0.13125906884670258
2.0,0.13039302825927734
3.0,0.12955625355243683
4.0,0.12875241041183472
5.0,0.12798139452934265
6.0,0.12722453474998474
7.0,0.12649355828762054
8.0,0.12571433186531067
9.0,0.12498769164085388
10.0,0.12428529560565948
11.0,0.12355124205350876
12.0,0.1228080466389656
13.0,0.12206615507602692
14.0,0.12132079154253006
15.0,0.12058959901332855
16.0,0.11988918483257294
18.0,0.11856608837842941
20.0,0.11735770106315613
22.0,0.1161487028002739
24.0,0.11493033915758133
26.0,0.11372809112071991
28.0,0.11255199462175369
30.0,0.11135423183441162
32.0,0.11015976220369339
36.0,0.10768188536167145
40.0,0.10550273209810257
44.0,0.10331244766712189
48.0,0.10123343765735626
52.0,0.0991334319114685
56.0,0.0971614420413971
60.0,0.09546037763357162
64.0,0.09393473714590073
72.0,0.09150473773479462
80.0,0.08960824459791183
88.0,0.08822675049304962
96.0,0.08701927214860916
104.0,0.08551310747861862
112.0,0.08356130123138428
120.0,0.081379733979702
128.0,0.07861389964818954
144.0,0.0727158710360527
160.0,0.0682959109544754
176.0,0.06556025892496109
192.0,0.06352344900369644
208.0,0.06313598901033401
224.0,0.06313428282737732
240.0,0.06197613477706909
256.0,0.0600125715136528
288.0,0.05558720603585243
320.0,0.052424173802137375
352.0,0.04875952750444412
384.0,0.04245825856924057
416.0,0.03747227415442467
448.0,0.033806588500738144
480.0,0.02998065948486328
512.0,0.026964442804455757
576.0,0.024710960686206818
640.0,0.024956433102488518
704.0,0.02655399963259697
768.0,0.0281762033700943
832.0,0.030839866027235985
896.0,0.03111605904996395
960.0,0.029194215312600136
1024.0,0.031867336481809616
1152.0,0.030324166640639305
1280.0,0.029314061626791954
1408.0,0.02753600850701332
1536.0,0.022435475140810013
1664.0,0.017991159111261368
1792.0,0.010253609158098698
1920.0,0.004252700600773096
2048.0,0.0029110994655638933
2304.0,0.007170927245169878
2560.0,0.00808513630181551
2816.0,0.0016335159307345748
3072.0,-0.002081856830045581
3328.0,-0.006558162625879049
3584.0,-0.007802750449627638
3840.0,-0.007824057713150978
4096.0,-0.014353287406265736
4608.0,-0.026209738105535507
5120.0,-0.030969426035881042
5632.0,-0.037210769951343536
6144.0,-0.03675231710076332
6656.0,-0.03487492352724075
7168.0,-0.031470879912376404
7680.0,-0.035429615527391434
8192.0,-0.02839047834277153
end
