version,3.0
numOfCh,1
type,point
parent_name,robust_thresh-2
ch_type,1_1
kcount,1
numberNandB,1
brightnessNandB,1
carpet pos,0
pc,0
Time (ms),CH1 Auto-Correlation
1.0,0.2450924813747406
2.0,0.24458608031272888
3.0,0.2440967708826065
4.0,0.24360425770282745
5.0,0.24312278628349304
6.0,0.24264837801456451
7.0,0.24216695129871368
8.0,0.24168851971626282
9.0,0.24120473861694336
10.0,0.2407025545835495
11.0,0.2402142733335495
12.0,0.2397245168685913
13.0,0.23923461139202118
14.0,0.23875677585601807
15.0,0.23828886449337006
16.0,0.23783616721630096
18.0,0.23694926500320435
20.0,0.23613625764846802
22.0,0.23533500730991364
24.0,0.2345505654811859
26.0,0.23378728330135345
28.0,0.23303017020225525
30.0,0.23228386044502258
32.0,0.23153628408908844
36.0,0.23005938529968262
40.0,0.22860722243785858
44.0,0.22722473740577698
48.0,0.22586865723133087
52.0,0.2245534360408783
56.0,0.22324465215206146
60.0,0.2219463735818863
64.0,0.2207372933626175
72.0,0.21841152012348175
80.0,0.2159024327993393
88.0,0.2134954333305359
96.0,0.21146154403686523
104.0,0.20975875854492188
112.0,0.20807160437107086
120.0,0.20640139281749725
128.0,0.20494282245635986
144.0,0.20289713144302368
160.0,0.20094990730285645
176.0,0.19892799854278564
192.0,0.1965356022119522
208.0,0.19455507397651672
224.0,0.19281524419784546
240.0,0.19039864838123322
256.0,0.18798629939556122
288.0,0.1826503872871399
320.0,0.176927387714386
352.0,0.17151914536952972
384.0,0.1660042405128479
416.0,0.16164658963680267
448.0,0.1581444889307022
480.0,0.1562289446592331
512.0,0.15393906831741333
576.0,0.14554142951965332
640.0,0.1363677978515625
704.0,0.12987011671066284
768.0,0.12126707285642624
832.0,0.1108107641339302
896.0,0.101241834461689
960.0,0.09463467448949814
1024.0,0.09059546887874603
1152.0,0.07582273334264755
1280.0,0.0699586346745491
1408.0,0.05936623364686966
1536.0,0.04865534231066704
1664.0,0.04010684788227081
1792.0,0.04116272181272507
1920.0,0.044138118624687195
2048.0,0.04381154477596283
2304.0,0.031137604266405106
2560.0,0.02556317113339901
2816.0,0.014207817614078522
3072.0,-0.008253119885921478
3328.0,-0.02216329425573349
3584.0,-0.028342565521597862
3840.0,-0.03517002612352371
4096.0,-0.04890205338597298
4608.0,-0.06313589215278625
5120.0,-0.07977841794490814
5632.0,-0.08098281174898148
6144.0,-0.08504804223775864
6656.0,-0.08668497949838638
7168.0,-0.08936882764101028
7680.0,-0.07425782084465027
8192.0,-0.03411798179149628
end
