version,3.0
numOfCh,1
type,point
parent_name,0cd20_10dot0-0dot01
ch_type,1_1
kcount,1
numberNandB,1
brightnessNandB,1
carpet pos,0
pc,0
Time (ms),CH1 Auto-Correlation
1.0,0.6451553106307983
2.0,0.6409078240394592
3.0,0.6377231478691101
4.0,0.6352295875549316
5.0,0.6328187584877014
6.0,0.6310350894927979
7.0,0.6289066672325134
8.0,0.6267786026000977
9.0,0.6254621744155884
10.0,0.6238498091697693
11.0,0.6218142509460449
12.0,0.6201302409172058
13.0,0.6186462640762329
14.0,0.6173713207244873
15.0,0.6160783767700195
16.0,0.614508867263794
18.0,0.6111145615577698
20.0,0.608073353767395
22.0,0.6048150062561035
24.0,0.602077066898346
26.0,0.5990467667579651
28.0,0.5959317684173584
30.0,0.5926991701126099
32.0,0.59007728099823
36.0,0.5837583541870117
40.0,0.5777155160903931
44.0,0.5709507465362549
48.0,0.5643293261528015
52.0,0.5577403903007507
56.0,0.551612377166748
60.0,0.5454579591751099
64.0,0.5391564965248108
72.0,0.5289591550827026
80.0,0.5204549431800842
88.0,0.5112267136573792
96.0,0.5018249154090881
104.0,0.49125710129737854
112.0,0.4803657829761505
120.0,0.47171550989151
128.0,0.46399441361427307
144.0,0.4426475167274475
160.0,0.4259848892688751
176.0,0.4042673408985138
192.0,0.38236406445503235
208.0,0.3577171564102173
224.0,0.33216801285743713
240.0,0.30650216341018677
256.0,0.28617122769355774
288.0,0.24633252620697021
320.0,0.20925819873809814
352.0,0.17547206580638885
384.0,0.1469951719045639
416.0,0.12477096915245056
448.0,0.10750705003738403
480.0,0.09098972380161285
512.0,0.07878389954566956
576.0,0.05730878561735153
640.0,0.038755226880311966
704.0,0.023600591346621513
768.0,0.016238033771514893
832.0,0.015737222507596016
896.0,0.015371016226708889
960.0,0.023503249511122704
1024.0,0.029391225427389145
1152.0,0.05733522027730942
1280.0,0.09938344359397888
1408.0,0.14673852920532227
1536.0,0.22199182212352753
1664.0,0.29106777906417847
1792.0,0.2704158127307892
1920.0,0.15587306022644043
2048.0,-0.009443916380405426
2304.0,-0.050201259553432465
2560.0,-0.06705649197101593
2816.0,-0.0742340013384819
3072.0,-0.09315856546163559
3328.0,-0.10615638643503189
3584.0,-0.11554307490587234
3840.0,-0.13250042498111725
4096.0,-0.15386782586574554
end
