version,3.0
numOfCh,1
type,point
parent_name,ff67b_0dot069-1dot0
ch_type,1_1
kcount,1
numberNandB,1
brightnessNandB,1
carpet pos,0
pc,0
Time (ms),CH1 Auto-Correlation
1.0,0.09734492003917694
2.0,0.09617729485034943
3.0,0.09515348821878433
4.0,0.09434980154037476
5.0,0.0936475470662117
6.0,0.09296011924743652
7.0,0.09231294691562653
8.0,0.09176561236381531
9.0,0.09113948047161102
10.0,0.09056394547224045
11.0,0.09001273661851883
12.0,0.0894136130809784
13.0,0.0888584554195404
14.0,0.08830605447292328
15.0,0.08777087926864624
16.0,0.08719715476036072
18.0,0.08597861975431442
20.0,0.08486279845237732
22.0,0.08388000726699829
24.0,0.08298584073781967
26.0,0.08206900209188461
28.0,0.08115600794553757
30.0,0.08027584850788116
32.0,0.07944504171609879
36.0,0.0777803584933281
40.0,0.07615916430950165
44.0,0.07448755204677582
48.0,0.07274878025054932
52.0,0.07107292860746384
56.0,0.06940703094005585
60.0,0.06777417659759521
64.0,0.06633996218442917
72.0,0.06393866240978241
80.0,0.06159111484885216
88.0,0.05922551453113556
96.0,0.05730314925312996
104.0,0.055732399225234985
112.0,0.054446153342723846
120.0,0.05329284444451332
128.0,0.052035797387361526
144.0,0.04961889982223511
160.0,0.047867849469184875
176.0,0.0469869002699852
192.0,0.04597610607743263
208.0,0.0446694977581501
224.0,0.04296013340353966
240.0,0.0407121405005455
256.0,0.0382462777197361
288.0,0.03409262374043465
320.0,0.030357468873262405
352.0,0.028090469539165497
384.0,0.026644054800271988
416.0,0.02519974671304226
448.0,0.023112758994102478
480.0,0.021439973264932632
512.0,0.019116444513201714
576.0,0.012068436481058598
640.0,0.009268732741475105
704.0,0.00978910643607378
768.0,0.00884968414902687
832.0,0.006904115900397301
896.0,0.005487996153533459
960.0,0.002094654133543372
1024.0,0.0005095614469610155
1152.0,0.0019206011202186346
1280.0,-0.0015421757707372308
1408.0,0.0007858839235268533
1536.0,-0.005300850607454777
1664.0,-0.010234163142740726
1792.0,-0.007934835739433765
1920.0,-0.007537137251347303
2048.0,-0.010269449092447758
2304.0,-0.0032915864139795303
2560.0,0.0005637421854771674
2816.0,0.00010157669748878106
3072.0,0.0003354170185048133
3328.0,0.004873603116720915
3584.0,0.01174182165414095
3840.0,0.01307253260165453
4096.0,0.011717582121491432
4608.0,0.01246543787419796
5120.0,-0.0072206067852675915
5632.0,-0.02588893659412861
6144.0,-0.02131028287112713
6656.0,-0.010301043279469013
7168.0,-0.02475314773619175
7680.0,-0.01647574082016945
8192.0,0.0002500865375623107
end
