version,3.0
numOfCh,1
type,point
parent_name,ff67b_0dot069-1dot0
ch_type,1_1
kcount,1
numberNandB,1
brightnessNandB,1
carpet pos,0
pc,0
Time (ms),CH1 Auto-Correlation
1.0,0.1218729019165039
2.0,0.12082567065954208
3.0,0.11978195607662201
4.0,0.11896450817584991
5.0,0.11806309223175049
6.0,0.11725097894668579
7.0,0.11645487695932388
8.0,0.11575981974601746
9.0,0.11500480771064758
10.0,0.11430910229682922
11.0,0.11357232928276062
12.0,0.11289751529693604
13.0,0.11222731322050095
14.0,0.11161016672849655
15.0,0.11101315915584564
16.0,0.11037899553775787
18.0,0.10929006338119507
20.0,0.10823474079370499
22.0,0.10718531161546707
24.0,0.10624410957098007
26.0,0.10529247671365738
28.0,0.1043098047375679
30.0,0.10327065736055374
32.0,0.10231197625398636
36.0,0.10043271631002426
40.0,0.09864412248134613
44.0,0.09699667990207672
48.0,0.09540503472089767
52.0,0.09387585520744324
56.0,0.09255366772413254
60.0,0.09117349982261658
64.0,0.08981028199195862
72.0,0.08685360848903656
80.0,0.08402393758296967
88.0,0.0816396176815033
96.0,0.07969226688146591
104.0,0.07764728367328644
112.0,0.07532642036676407
120.0,0.07335930317640305
128.0,0.0715055912733078
144.0,0.06770167499780655
160.0,0.06420250236988068
176.0,0.06038898229598999
192.0,0.058167099952697754
208.0,0.056805599480867386
224.0,0.05512518808245659
240.0,0.05299424007534981
256.0,0.05104578658938408
288.0,0.04800274968147278
320.0,0.04628200829029083
352.0,0.04344410076737404
384.0,0.04117698594927788
416.0,0.039790667593479156
448.0,0.03786827623844147
480.0,0.037168893963098526
512.0,0.035570818930864334
576.0,0.036119136959314346
640.0,0.03458840027451515
704.0,0.03426036983728409
768.0,0.0304779801517725
832.0,0.027462134137749672
896.0,0.024926260113716125
960.0,0.023959724232554436
1024.0,0.0231957845389843
1152.0,0.026971884071826935
1280.0,0.022779015824198723
1408.0,0.01822965033352375
1536.0,0.01448297780007124
1664.0,0.009951580315828323
1792.0,0.009663478471338749
1920.0,-0.005836089141666889
2048.0,-0.015906238928437233
2304.0,-0.029341675341129303
2560.0,-0.03934531286358833
2816.0,-0.040448762476444244
3072.0,-0.04044785350561142
3328.0,-0.05219930782914162
3584.0,-0.05046575888991356
3840.0,-0.04113845154643059
4096.0,-0.029833737760782242
4608.0,-0.032312218099832535
5120.0,-0.0221206396818161
5632.0,0.011102385818958282
6144.0,0.023768192157149315
6656.0,0.0259698573499918
7168.0,0.04885512962937355
7680.0,0.03674302250146866
8192.0,0.01863933354616165
end
