version,3.0
numOfCh,1
type,point
parent_name,ff67b_0dot069-1dot0
ch_type,1_1
kcount,1
numberNandB,1
brightnessNandB,1
carpet pos,0
pc,0
Time (ms),CH1 Auto-Correlation
1.0,0.09225473552942276
2.0,0.09138448536396027
3.0,0.09059654921293259
4.0,0.08986419439315796
5.0,0.08921363949775696
6.0,0.08854372054338455
7.0,0.08795633167028427
8.0,0.08743289113044739
9.0,0.08687322586774826
10.0,0.08628246188163757
11.0,0.08575710654258728
12.0,0.08522636443376541
13.0,0.08469963073730469
14.0,0.08420290052890778
15.0,0.08372148126363754
16.0,0.08324103057384491
18.0,0.082401804625988
20.0,0.08153976500034332
22.0,0.08073154091835022
24.0,0.07996983081102371
26.0,0.07919900864362717
28.0,0.07830239832401276
30.0,0.07743358612060547
32.0,0.07661495357751846
36.0,0.07498717308044434
40.0,0.07320939004421234
44.0,0.07162364572286606
48.0,0.07005143910646439
52.0,0.06868288666009903
56.0,0.06739740073680878
60.0,0.06626924127340317
64.0,0.06524673849344254
72.0,0.06330133229494095
80.0,0.061269138008356094
88.0,0.059388596564531326
96.0,0.05775553360581398
104.0,0.056128691881895065
112.0,0.05457986891269684
120.0,0.053073450922966
128.0,0.05176171660423279
144.0,0.048954617232084274
160.0,0.04698304086923599
176.0,0.04487293213605881
192.0,0.043184105306863785
208.0,0.041653502732515335
224.0,0.039929937571287155
240.0,0.038164399564266205
256.0,0.036362532526254654
288.0,0.03323078155517578
320.0,0.029286960139870644
352.0,0.02525947615504265
384.0,0.02366976998746395
416.0,0.02263617515563965
448.0,0.02080601453781128
480.0,0.018082614988088608
512.0,0.0160799790173769
576.0,0.011155359447002411
640.0,0.0050210533663630486
704.0,0.0018930018413811922
768.0,0.0007274741074070334
832.0,0.001066548633389175
896.0,-0.002452273853123188
960.0,-0.005751410033553839
1024.0,-0.0084417425096035
1152.0,-0.011580578982830048
1280.0,-0.019131923094391823
1408.0,-0.01671605370938778
1536.0,-0.013632758520543575
1664.0,-0.007842733524739742
1792.0,-0.007628971245139837
1920.0,-0.006601754110306501
2048.0,0.00023929050075821579
2304.0,0.006656941492110491
2560.0,0.007449417840689421
2816.0,0.002854804741218686
3072.0,-0.008744527585804462
3328.0,-0.009077358059585094
3584.0,-0.005914873443543911
3840.0,0.003721652552485466
4096.0,0.0013421546900644898
4608.0,0.012575540691614151
5120.0,-0.007370719686150551
5632.0,-0.017560122534632683
6144.0,-0.007303120568394661
6656.0,0.0030509852804243565
7168.0,0.005280285608023405
7680.0,-0.028799384832382202
8192.0,-0.03245392069220543
end
