version,3.0
numOfCh,1
type,point
parent_name,ff67b_0dot069-1dot0
ch_type,1_1
kcount,1
numberNandB,1
brightnessNandB,1
carpet pos,0
pc,0
Time (ms),CH1 Auto-Correlation
1.0,0.10940275341272354
2.0,0.10811765491962433
3.0,0.10709655284881592
4.0,0.10616461932659149
5.0,0.1053595319390297
6.0,0.10468310862779617
7.0,0.10399547219276428
8.0,0.10328339785337448
9.0,0.10254473239183426
10.0,0.10185417532920837
11.0,0.10120376199483871
12.0,0.10064199566841125
13.0,0.10006512701511383
14.0,0.09951663762331009
15.0,0.09885956346988678
16.0,0.09819298982620239
18.0,0.09712636470794678
20.0,0.0961165502667427
22.0,0.09515929967164993
24.0,0.09426329284906387
26.0,0.09342160820960999
28.0,0.09258376806974411
30.0,0.09168724715709686
32.0,0.09087781608104706
36.0,0.08927208930253983
40.0,0.08763643354177475
44.0,0.08586465567350388
48.0,0.08421493321657181
52.0,0.08270440250635147
56.0,0.08123145252466202
60.0,0.08004401624202728
64.0,0.07888569682836533
72.0,0.0766952633857727
80.0,0.07471612840890884
88.0,0.07310986518859863
96.0,0.07130579650402069
104.0,0.06936856359243393
112.0,0.06745340675115585
120.0,0.06545239686965942
128.0,0.0634281262755394
144.0,0.05950675159692764
160.0,0.056095171719789505
176.0,0.053774643689394
192.0,0.051197074353694916
208.0,0.04886433854699135
224.0,0.04637013375759125
240.0,0.04301023855805397
256.0,0.04051141440868378
288.0,0.03646201640367508
320.0,0.034317631274461746
352.0,0.0343175046145916
384.0,0.033425163477659225
416.0,0.03168943524360657
448.0,0.028115686029195786
480.0,0.02439749240875244
512.0,0.0210723914206028
576.0,0.017447538673877716
640.0,0.01582406647503376
704.0,0.015127916820347309
768.0,0.017176857218146324
832.0,0.020807117223739624
896.0,0.02560301125049591
960.0,0.02554907649755478
1024.0,0.027358947321772575
1152.0,0.024644769728183746
1280.0,0.02200077660381794
1408.0,0.016943706199526787
1536.0,0.014277216047048569
1664.0,0.011500339023768902
1792.0,0.010341989807784557
1920.0,0.015186223201453686
2048.0,0.019291197881102562
2304.0,0.02961375191807747
2560.0,0.024636026471853256
2816.0,0.015316889621317387
3072.0,0.014860717579722404
3328.0,0.015346416272222996
3584.0,0.0005193992983549833
3840.0,-0.0024006643798202276
4096.0,-0.004017814062535763
4608.0,-0.003096121596172452
5120.0,0.005492260679602623
5632.0,-0.009653216227889061
6144.0,-0.03117031417787075
6656.0,-0.02261906862258911
7168.0,-0.02772737666964531
7680.0,-0.0021769702434539795
8192.0,-0.02371312491595745
end
