version,3.0
numOfCh,1
type,point
parent_name,ff67b_0dot069-1dot0
ch_type,1_1
kcount,1
numberNandB,1
brightnessNandB,1
carpet pos,0
pc,0
Time (ms),CH1 Auto-Correlation
1.0,0.08561234176158905
2.0,0.08490769565105438
3.0,0.08427465707063675
4.0,0.08366123586893082
5.0,0.08308277279138565
6.0,0.08252597600221634
7.0,0.08199046552181244
8.0,0.08146146684885025
9.0,0.08096522092819214
10.0,0.080477774143219
11.0,0.08000141382217407
12.0,0.07955854386091232
13.0,0.07914311438798904
14.0,0.07869451493024826
15.0,0.07827120274305344
16.0,0.07785707712173462
18.0,0.07702075690031052
20.0,0.07621286064386368
22.0,0.0754191055893898
24.0,0.07462958991527557
26.0,0.07384062558412552
28.0,0.07310786843299866
30.0,0.07242116332054138
32.0,0.07177054136991501
36.0,0.07035835087299347
40.0,0.06886328756809235
44.0,0.06736341118812561
48.0,0.06595411896705627
52.0,0.0646132230758667
56.0,0.06326644867658615
60.0,0.06197033450007439
64.0,0.06076117232441902
72.0,0.058555718511343
80.0,0.056725651025772095
88.0,0.05516347289085388
96.0,0.05376272648572922
104.0,0.052487973123788834
112.0,0.051322273910045624
120.0,0.050029780715703964
128.0,0.04899640753865242
144.0,0.047012221068143845
160.0,0.045041780918836594
176.0,0.04342750087380409
192.0,0.042278219014406204
208.0,0.04119690880179405
224.0,0.04027365893125534
240.0,0.039272285997867584
256.0,0.037913184612989426
288.0,0.035202253609895706
320.0,0.03327383100986481
352.0,0.03216687589883804
384.0,0.030912503600120544
416.0,0.030584244057536125
448.0,0.030563930049538612
480.0,0.029920466244220734
512.0,0.027896540239453316
576.0,0.024805380031466484
640.0,0.025263404473662376
704.0,0.024765750393271446
768.0,0.024793164804577827
832.0,0.021675750613212585
896.0,0.01661425270140171
960.0,0.014969509094953537
1024.0,0.013106849044561386
1152.0,0.014712782576680183
1280.0,0.018917160108685493
1408.0,0.016280703246593475
1536.0,0.014649493619799614
1664.0,0.011726552620530128
1792.0,0.0063714031130075455
1920.0,0.005051994230598211
2048.0,0.003921415191143751
2304.0,-0.005430283956229687
2560.0,0.0003291054454166442
2816.0,0.00662163645029068
3072.0,0.004517039284110069
3328.0,0.008179071359336376
3584.0,0.003852198598906398
3840.0,0.0050725615583360195
4096.0,0.012603385373950005
4608.0,0.013080124743282795
5120.0,0.01134896744042635
5632.0,0.0004501373041421175
6144.0,-0.014592049643397331
6656.0,-0.021426400169730186
7168.0,-0.02949945069849491
7680.0,-0.025132188573479652
8192.0,-0.014588907361030579
end
