version,3.0
numOfCh,1
type,point
parent_name,ff67b_0dot069-1dot0
ch_type,1_1
kcount,1
numberNandB,1
brightnessNandB,1
carpet pos,0
pc,0
Time (ms),CH1 Auto-Correlation
1.0,0.08303777873516083
2.0,0.08215803653001785
3.0,0.08136885613203049
4.0,0.08066407591104507
5.0,0.07998233288526535
6.0,0.07932557910680771
7.0,0.07876475900411606
8.0,0.07820261269807816
9.0,0.07763566821813583
10.0,0.07708330452442169
11.0,0.07653367519378662
12.0,0.07601284235715866
13.0,0.07548867911100388
14.0,0.07493320107460022
15.0,0.07436370849609375
16.0,0.07377179712057114
18.0,0.07273167371749878
20.0,0.0717262402176857
22.0,0.07078292220830917
24.0,0.06986721605062485
26.0,0.06896533071994781
28.0,0.06806450337171555
30.0,0.06726866215467453
32.0,0.06652511656284332
36.0,0.06512204557657242
40.0,0.0636398047208786
44.0,0.062359292060136795
48.0,0.06122848391532898
52.0,0.06007826328277588
56.0,0.05883776769042015
60.0,0.05769328773021698
64.0,0.056546103209257126
72.0,0.05433158576488495
80.0,0.05223711207509041
88.0,0.05029461160302162
96.0,0.048417381942272186
104.0,0.04683704674243927
112.0,0.045620135962963104
120.0,0.04468805715441704
128.0,0.04358740150928497
144.0,0.041412606835365295
160.0,0.03939038887619972
176.0,0.03813878446817398
192.0,0.03719540312886238
208.0,0.036629319190979004
224.0,0.03672938048839569
240.0,0.03671792522072792
256.0,0.03590182960033417
288.0,0.03150629624724388
320.0,0.02709687128663063
352.0,0.024147802963852882
384.0,0.02283667027950287
416.0,0.02314184606075287
448.0,0.02351648546755314
480.0,0.02403249591588974
512.0,0.0223520677536726
576.0,0.021030178293585777
640.0,0.022460496053099632
704.0,0.025279134511947632
768.0,0.025588739663362503
832.0,0.026770098134875298
896.0,0.030119162052869797
960.0,0.03071436658501625
1024.0,0.031759776175022125
1152.0,0.03084484487771988
1280.0,0.0239678043872118
1408.0,0.01823936030268669
1536.0,0.01335140597075224
1664.0,0.009404189884662628
1792.0,0.009769669733941555
1920.0,0.00907053705304861
2048.0,0.00631436612457037
2304.0,0.0028013766277581453
2560.0,0.0014479750534519553
2816.0,-0.00749330734834075
3072.0,-0.023373594507575035
3328.0,-0.023564614355564117
3584.0,-0.014485814608633518
3840.0,-0.015575610101222992
4096.0,-0.03068634308874607
4608.0,-0.028165480121970177
5120.0,-0.02651703916490078
5632.0,-0.025314703583717346
6144.0,-0.025367233902215958
6656.0,-0.013033809140324593
7168.0,-0.002400496508926153
7680.0,0.010586475022137165
8192.0,0.0109849339351058
end
