version,3.0
numOfCh,1
type,point
parent_name,ff67b_0dot069-1dot0
ch_type,1_1
kcount,1
numberNandB,1
brightnessNandB,1
carpet pos,0
pc,0
Time (ms),CH1 Auto-Correlation
1.0,0.0992879793047905
2.0,0.09825845062732697
3.0,0.09740420430898666
4.0,0.09659096598625183
5.0,0.0958285853266716
6.0,0.09508974105119705
7.0,0.09435117989778519
8.0,0.093660369515419
9.0,0.09300843626260757
10.0,0.092327781021595
11.0,0.09165274351835251
12.0,0.09100914746522903
13.0,0.09038226306438446
14.0,0.08977418392896652
15.0,0.08918403834104538
16.0,0.0886421799659729
18.0,0.08759389817714691
20.0,0.08658339083194733
22.0,0.08564957976341248
24.0,0.0847814679145813
26.0,0.0839182659983635
28.0,0.08307022601366043
30.0,0.08232782781124115
32.0,0.08155236393213272
36.0,0.0801149532198906
40.0,0.07879944890737534
44.0,0.07740902900695801
48.0,0.07609701156616211
52.0,0.07485432922840118
56.0,0.07372522354125977
60.0,0.07257051765918732
64.0,0.07139402627944946
72.0,0.06923355907201767
80.0,0.06728091090917587
88.0,0.06576596200466156
96.0,0.06464013457298279
104.0,0.06324637681245804
112.0,0.06164255738258362
120.0,0.06021129712462425
128.0,0.05876656249165535
144.0,0.05608906224370003
160.0,0.05347687378525734
176.0,0.05081883445382118
192.0,0.0477919764816761
208.0,0.044795770198106766
224.0,0.04167842119932175
240.0,0.0394848957657814
256.0,0.03727506101131439
288.0,0.03487292677164078
320.0,0.03231893852353096
352.0,0.02938956394791603
384.0,0.02607601322233677
416.0,0.022799678146839142
448.0,0.01967942900955677
480.0,0.016160007566213608
512.0,0.011416533030569553
576.0,0.006732344161719084
640.0,0.0036120694130659103
704.0,0.0027599246241152287
768.0,0.002447000937536359
832.0,0.002709863940253854
896.0,0.004144227597862482
960.0,0.00819416157901287
1024.0,0.010174804367125034
1152.0,0.010507744736969471
1280.0,0.009830567054450512
1408.0,0.007218813523650169
1536.0,-0.0014199406141415238
1664.0,-0.010132239200174809
1792.0,-0.013538451865315437
1920.0,-0.01508321613073349
2048.0,-0.013244559057056904
2304.0,-0.00855943188071251
2560.0,-0.0030584847554564476
2816.0,0.0007490263669751585
3072.0,-9.11702009034343e-05
3328.0,-0.0031216249335557222
3584.0,-0.008083241060376167
3840.0,-0.004721623845398426
4096.0,0.008891846053302288
4608.0,0.01114529836922884
5120.0,-0.006250986363738775
5632.0,0.006064354442059994
6144.0,-0.031947243958711624
6656.0,-0.02999541535973549
7168.0,-0.019268397241830826
7680.0,-0.02593219093978405
8192.0,-0.0012001144932582974
end
