version,3.0
numOfCh,1
type,point
parent_name,ff67b_0dot069-1dot0
ch_type,1_1
kcount,1
numberNandB,1
brightnessNandB,1
carpet pos,0
pc,0
Time (ms),CH1 Auto-Correlation
1.0,0.2221316397190094
2.0,0.20989829301834106
3.0,0.19575968384742737
4.0,0.18098685145378113
5.0,0.16893641650676727
6.0,0.15806809067726135
7.0,0.14570313692092896
8.0,0.13535375893115997
9.0,0.12696819007396698
10.0,0.11978170275688171
11.0,0.11885739117860794
12.0,0.11761210858821869
13.0,0.11662756651639938
14.0,0.1158573105931282
15.0,0.11508137732744217
16.0,0.11433660238981247
18.0,0.11272918432950974
20.0,0.11115854978561401
22.0,0.11013241857290268
24.0,0.10912246257066727
26.0,0.10818886011838913
28.0,0.10759595036506653
30.0,0.10697672516107559
32.0,0.10625194013118744
36.0,0.10451127588748932
40.0,0.10249126702547073
44.0,0.10141462087631226
48.0,0.10002360492944717
52.0,0.09788214415311813
56.0,0.09568024426698685
60.0,0.09338777512311935
64.0,0.09158540517091751
72.0,0.0893060714006424
80.0,0.0863620862364769
88.0,0.08349423110485077
96.0,0.08066396415233612
104.0,0.07841873914003372
112.0,0.07620556652545929
120.0,0.07483591884374619
128.0,0.07357700914144516
144.0,0.07096461951732635
160.0,0.06831017881631851
176.0,0.06578144431114197
192.0,0.06444495916366577
208.0,0.06361892074346542
224.0,0.06126265600323677
240.0,0.059072673320770264
256.0,0.05723824352025986
288.0,0.055114831775426865
320.0,0.05518784373998642
352.0,0.05453646555542946
384.0,0.053486134856939316
416.0,0.051698748022317886
448.0,0.052581872791051865
480.0,0.050432249903678894
512.0,0.04791095107793808
576.0,0.044959794729948044
640.0,0.039300814270973206
704.0,0.033941850066185
768.0,0.03137362748384476
832.0,0.026535503566265106
896.0,0.020919419825077057
960.0,0.014971268363296986
1024.0,0.007800976280122995
1152.0,-0.004395553842186928
1280.0,-0.006657036021351814
1408.0,-0.0037240958772599697
1536.0,-0.005850045941770077
1664.0,-0.012404239736497402
1792.0,-0.01607312075793743
1920.0,-0.015811607241630554
2048.0,-0.01760207489132881
2304.0,-0.02567918784916401
2560.0,-0.02631191536784172
2816.0,-0.023861126974225044
3072.0,-0.025155816227197647
3328.0,-0.019535142928361893
3584.0,-0.016202639788389206
3840.0,-0.008865437470376492
4096.0,-0.0024343575350940228
4608.0,-0.004862476140260696
5120.0,-0.007347936742007732
5632.0,-0.0013271656353026628
6144.0,-0.0004067982081323862
6656.0,-0.013268334791064262
7168.0,-0.017520979046821594
7680.0,-0.006934225559234619
8192.0,-0.007581748068332672
end
