version,3.0
numOfCh,1
type,point
parent_name,ff67b_0dot069-1dot0
ch_type,1_1
kcount,1
numberNandB,1
brightnessNandB,1
carpet pos,0
pc,0
Time (ms),CH1 Auto-Correlation
1.0,0.10414113849401474
2.0,0.10329093039035797
3.0,0.10253661870956421
4.0,0.10182540118694305
5.0,0.10115344077348709
6.0,0.10054294019937515
7.0,0.0999496728181839
8.0,0.09938274323940277
9.0,0.09880682826042175
10.0,0.09822381287813187
11.0,0.0976940169930458
12.0,0.09715403616428375
13.0,0.0966133400797844
14.0,0.09609989076852798
15.0,0.09555460512638092
16.0,0.09503316134214401
18.0,0.09400803595781326
20.0,0.09300676733255386
22.0,0.09195635467767715
24.0,0.09093042463064194
26.0,0.089976966381073
28.0,0.0890488475561142
30.0,0.08815925568342209
32.0,0.08729420602321625
36.0,0.08564459532499313
40.0,0.08412551879882812
44.0,0.08256761729717255
48.0,0.08106516301631927
52.0,0.0797564908862114
56.0,0.0785134956240654
60.0,0.07743079960346222
64.0,0.07632855325937271
72.0,0.07394984364509583
80.0,0.07156576961278915
88.0,0.06939928233623505
96.0,0.06727226823568344
104.0,0.06526689231395721
112.0,0.06343388557434082
120.0,0.061590179800987244
128.0,0.059696927666664124
144.0,0.05516016110777855
160.0,0.05091923475265503
176.0,0.04721754416823387
192.0,0.04435589537024498
208.0,0.041792143136262894
224.0,0.03881983831524849
240.0,0.03565623611211777
256.0,0.03329117223620415
288.0,0.029894869774580002
320.0,0.027122709900140762
352.0,0.023870715871453285
384.0,0.022132128477096558
416.0,0.021687356755137444
448.0,0.020245712250471115
480.0,0.01811985671520233
512.0,0.01655268669128418
576.0,0.015914026647806168
640.0,0.01657060533761978
704.0,0.016673794016242027
768.0,0.015460670925676823
832.0,0.011975903064012527
896.0,0.00846440065652132
960.0,0.008999543264508247
1024.0,0.011732944287359715
1152.0,0.007301018573343754
1280.0,-0.0021756035275757313
1408.0,-0.010244511067867279
1536.0,-0.014684977941215038
1664.0,-0.01714104600250721
1792.0,-0.014191074296832085
1920.0,-0.01743040233850479
2048.0,-0.018681727349758148
2304.0,-0.011969787999987602
2560.0,-0.012143769301474094
2816.0,0.0008448577136732638
3072.0,0.001519452198408544
3328.0,-0.00577147351577878
3584.0,-0.002645071828737855
3840.0,0.008486341685056686
4096.0,0.022086268290877342
4608.0,-0.005856063682585955
5120.0,0.013780510984361172
5632.0,-0.015912558883428574
6144.0,0.002419948112219572
6656.0,0.010265449061989784
7168.0,0.0030560295563191175
7680.0,-0.02351289615035057
8192.0,-0.031894002109766006
end
