version,3.0
numOfCh,1
type,point
parent_name,ff67b_0dot069-1dot0
ch_type,1_1
kcount,1
numberNandB,1
brightnessNandB,1
carpet pos,0
pc,0
Time (ms),CH1 Auto-Correlation
1.0,0.10922111570835114
2.0,0.10846062004566193
3.0,0.10776699334383011
4.0,0.10711158812046051
5.0,0.10649427026510239
6.0,0.10594320297241211
7.0,0.10538683831691742
8.0,0.10487443208694458
9.0,0.10438193380832672
10.0,0.10389173775911331
11.0,0.10339830815792084
12.0,0.102923683822155
13.0,0.10243088006973267
14.0,0.10197131335735321
15.0,0.10147019475698471
16.0,0.10099855810403824
18.0,0.10015477985143661
20.0,0.09931493550539017
22.0,0.0984383374452591
24.0,0.097574882209301
26.0,0.09670833498239517
28.0,0.09585857391357422
30.0,0.09503154456615448
32.0,0.09423090517520905
36.0,0.09279166162014008
40.0,0.09134861826896667
44.0,0.08991848677396774
48.0,0.08863598108291626
52.0,0.08739092946052551
56.0,0.08624228835105896
60.0,0.08513262867927551
64.0,0.08397971838712692
72.0,0.0821196585893631
80.0,0.08054443448781967
88.0,0.07882092148065567
96.0,0.07702651619911194
104.0,0.07526813447475433
112.0,0.0736144483089447
120.0,0.07193522900342941
128.0,0.07003733515739441
144.0,0.06651650369167328
160.0,0.06312145292758942
176.0,0.05963638797402382
192.0,0.05645781382918358
208.0,0.054294928908348083
224.0,0.052852582186460495
240.0,0.051745664328336716
256.0,0.050504546612501144
288.0,0.04893915727734566
320.0,0.04761064425110817
352.0,0.04638680815696716
384.0,0.04556252807378769
416.0,0.045121919363737106
448.0,0.045574672520160675
480.0,0.04492265731096268
512.0,0.043710604310035706
576.0,0.04229256510734558
640.0,0.038278978317976
704.0,0.02977701835334301
768.0,0.02309231460094452
832.0,0.017666177824139595
896.0,0.016330895945429802
960.0,0.013198909349739552
1024.0,0.010064451955258846
1152.0,0.007523301523178816
1280.0,0.005198147613555193
1408.0,0.0023123982828110456
1536.0,0.004915807396173477
1664.0,0.00539754144847393
1792.0,0.004982173442840576
1920.0,0.004047772381454706
2048.0,0.007089287508279085
2304.0,0.008745795115828514
2560.0,0.004413159564137459
2816.0,0.0018694896716624498
3072.0,-0.006026696879416704
3328.0,-0.01648152433335781
3584.0,-0.021612556651234627
3840.0,-0.021097972989082336
4096.0,-0.014205866493284702
4608.0,-0.0031839043367654085
5120.0,0.00017740498878993094
5632.0,-0.0068258000537753105
6144.0,-0.023575833067297935
6656.0,-0.040605973452329636
7168.0,-0.04357311874628067
7680.0,-0.03503129631280899
8192.0,-0.017798451706767082
end
