version,3.0
numOfCh,1
type,point
parent_name,484af_1dot0-0dot01
ch_type,1_1
kcount,1
numberNandB,1
brightnessNandB,1
carpet pos,0
pc,0
Time (ms),CH1 Auto-Correlation
1.0,0.10692154616117477
2.0,0.10385088622570038
3.0,0.10117129236459732
4.0,0.09868135303258896
5.0,0.09656540304422379
6.0,0.09459000080823898
7.0,0.09280703216791153
8.0,0.09117003530263901
9.0,0.08962132036685944
10.0,0.08814984560012817
11.0,0.08691347390413284
12.0,0.08559287339448929
13.0,0.08436519652605057
14.0,0.0833461657166481
15.0,0.08233607560396194
16.0,0.08151090145111084
18.0,0.07964013516902924
20.0,0.07800094783306122
22.0,0.07652919739484787
24.0,0.07542473822832108
26.0,0.07421992719173431
28.0,0.07300760596990585
30.0,0.07172885537147522
32.0,0.07050187140703201
36.0,0.0677366554737091
40.0,0.06471069902181625
44.0,0.06126833334565163
48.0,0.057922061532735825
52.0,0.05439053475856781
56.0,0.051093220710754395
60.0,0.04851336032152176
64.0,0.04574324190616608
72.0,0.04088866338133812
80.0,0.03650738671422005
88.0,0.0337943397462368
96.0,0.03125039488077164
104.0,0.029144421219825745
112.0,0.02747563272714615
120.0,0.025174472481012344
128.0,0.024080567061901093
144.0,0.022088930010795593
160.0,0.020628852769732475
176.0,0.02275749482214451
192.0,0.022970862686634064
208.0,0.02403610199689865
224.0,0.024769669398665428
240.0,0.025662243366241455
256.0,0.02547053061425686
288.0,0.02355259098112583
320.0,0.017335902899503708
352.0,0.008813266642391682
384.0,0.008771749213337898
416.0,0.009714853949844837
448.0,0.005234324373304844
480.0,0.002051821444183588
512.0,0.003788882168009877
576.0,0.0028655643109232187
640.0,0.009110667742788792
704.0,0.010392600670456886
768.0,0.005277514457702637
832.0,0.015312456525862217
896.0,0.01659565232694149
960.0,0.01225377805531025
1024.0,0.017481816932559013
1152.0,0.01288499403744936
1280.0,0.01045606192201376
1408.0,0.0055936723947525024
1536.0,0.007821382954716682
1664.0,0.0018797011580318213
1792.0,0.0026611972134560347
1920.0,0.0014975342201068997
2048.0,0.0016514516901224852
2304.0,-0.005065760109573603
2560.0,-0.006506235804408789
2816.0,-0.004715865943580866
3072.0,-0.0028130935970693827
3328.0,-0.012299240566790104
3584.0,-0.010660242289304733
3840.0,-0.007310583256185055
4096.0,-0.016178371384739876
end
