version,3.0
numOfCh,1
type,point
parent_name,484af_1dot0-0dot01
ch_type,1_1
kcount,1
numberNandB,1
brightnessNandB,1
carpet pos,0
pc,0
Time (ms),CH1 Auto-Correlation
1.0,0.14612695574760437
2.0,0.14411762356758118
3.0,0.1422490030527115
4.0,0.14049096405506134
5.0,0.13883134722709656
6.0,0.13729701936244965
7.0,0.13586761057376862
8.0,0.1345767378807068
9.0,0.13332806527614594
10.0,0.13215744495391846
11.0,0.13107366859912872
12.0,0.13008233904838562
13.0,0.1291387677192688
14.0,0.12821263074874878
15.0,0.12733717262744904
16.0,0.12650664150714874
18.0,0.1249142736196518
20.0,0.12322638928890228
22.0,0.12146934121847153
24.0,0.11966510117053986
26.0,0.1178276464343071
28.0,0.11619862169027328
30.0,0.11478699743747711
32.0,0.11363016068935394
36.0,0.11181304603815079
40.0,0.11020131409168243
44.0,0.10898645222187042
48.0,0.10779833048582077
52.0,0.10633102059364319
56.0,0.10518296808004379
60.0,0.10447274893522263
64.0,0.10427626967430115
72.0,0.10268821567296982
80.0,0.10094999521970749
88.0,0.09916156530380249
96.0,0.0968209058046341
104.0,0.09387373924255371
112.0,0.09039311856031418
120.0,0.08749262243509293
128.0,0.08617496490478516
144.0,0.0838482677936554
160.0,0.08037324994802475
176.0,0.07508775591850281
192.0,0.07095108181238174
208.0,0.06792353093624115
224.0,0.06699453294277191
240.0,0.06614836305379868
256.0,0.061837583780288696
288.0,0.056270673871040344
320.0,0.051568858325481415
352.0,0.0457882359623909
384.0,0.040565770119428635
416.0,0.03579747676849365
448.0,0.03610602393746376
480.0,0.03271227329969406
512.0,0.029141876846551895
576.0,0.02061782218515873
640.0,0.01593947596848011
704.0,0.013561749830842018
768.0,0.011911262758076191
832.0,0.004583956208080053
896.0,-0.006265191361308098
960.0,-0.012922776862978935
1024.0,-0.018478430807590485
1152.0,-0.020932983607053757
1280.0,-0.018392125144600868
1408.0,-0.024873409420251846
1536.0,-0.02534889429807663
1664.0,-0.03244701400399208
1792.0,-0.03580103814601898
1920.0,-0.03709421679377556
2048.0,-0.026294823735952377
2304.0,-0.0011036422802135348
2560.0,0.029086675494909286
2816.0,0.04872182384133339
3072.0,0.04380416497588158
3328.0,-0.0001044034434016794
3584.0,-0.02787921577692032
3840.0,-0.03462111949920654
4096.0,-0.05188831686973572
end
