version,3.0
numOfCh,1
type,point
parent_name,484af_1dot0-0dot01
ch_type,1_1
kcount,1
numberNandB,1
brightnessNandB,1
carpet pos,0
pc,0
Time (ms),CH1 Auto-Correlation
1.0,0.3315926194190979
2.0,0.32727932929992676
3.0,0.32336628437042236
4.0,0.319629043340683
5.0,0.31589269638061523
6.0,0.3122375011444092
7.0,0.30856505036354065
8.0,0.3049046993255615
9.0,0.3012906312942505
10.0,0.29815375804901123
11.0,0.2951408326625824
12.0,0.2921135723590851
13.0,0.28932905197143555
14.0,0.2867768704891205
15.0,0.2843482494354248
16.0,0.28209564089775085
18.0,0.2777925431728363
20.0,0.2734295725822449
22.0,0.26941031217575073
24.0,0.26574569940567017
26.0,0.26221078634262085
28.0,0.2590761184692383
30.0,0.25595542788505554
32.0,0.25293347239494324
36.0,0.24806956946849823
40.0,0.24445369839668274
44.0,0.24081572890281677
48.0,0.23637230694293976
52.0,0.2306627333164215
56.0,0.22565285861492157
60.0,0.22155553102493286
64.0,0.21783347427845
72.0,0.2035759836435318
80.0,0.1945001780986786
88.0,0.18301540613174438
96.0,0.16961753368377686
104.0,0.15772198140621185
112.0,0.1476440131664276
120.0,0.1369314342737198
128.0,0.1245030015707016
144.0,0.11340328305959702
160.0,0.11068442463874817
176.0,0.10527008026838303
192.0,0.09705997258424759
208.0,0.08912242203950882
224.0,0.08823756873607635
240.0,0.08732225745916367
256.0,0.08666384220123291
288.0,0.0842437818646431
320.0,0.07656805962324142
352.0,0.07227907329797745
384.0,0.06789033859968185
416.0,0.07121613621711731
448.0,0.08111049979925156
480.0,0.07853499054908752
512.0,0.0763019397854805
576.0,0.045804284512996674
640.0,0.03196919709444046
704.0,0.04546027630567551
768.0,0.05970069766044617
832.0,0.045677997171878815
896.0,0.010552391409873962
960.0,-0.013086557388305664
1024.0,-0.02470104582607746
1152.0,-0.027952956035733223
1280.0,-0.014695764519274235
1408.0,-0.025477316230535507
1536.0,-0.012053045444190502
1664.0,-0.019052598625421524
1792.0,-0.039862144738435745
1920.0,-0.025280961766839027
2048.0,-0.02414707839488983
2304.0,-0.02794157899916172
2560.0,-0.05329384282231331
2816.0,-0.0650007501244545
3072.0,-0.09741046279668808
3328.0,-0.13754619657993317
3584.0,-0.15500643849372864
3840.0,-0.13976377248764038
4096.0,-0.08809539675712585
end
