version,3.0
numOfCh,1
type,point
parent_name,484af_1dot0-0dot01
ch_type,1_1
kcount,1
numberNandB,1
brightnessNandB,1
carpet pos,0
pc,0
Time (ms),CH1 Auto-Correlation
1.0,0.2601534128189087
2.0,0.2559584379196167
3.0,0.2519315481185913
4.0,0.24808627367019653
5.0,0.24460504949092865
6.0,0.24138420820236206
7.0,0.23809757828712463
8.0,0.23516696691513062
9.0,0.23244082927703857
10.0,0.22990061342716217
11.0,0.22739848494529724
12.0,0.224761500954628
13.0,0.22228416800498962
14.0,0.21969905495643616
15.0,0.21736039221286774
16.0,0.21515657007694244
18.0,0.21079246699810028
20.0,0.20684093236923218
22.0,0.20272129774093628
24.0,0.1984945684671402
26.0,0.19425490498542786
28.0,0.18983504176139832
30.0,0.18575875461101532
32.0,0.18202245235443115
36.0,0.17836418747901917
40.0,0.17578472197055817
44.0,0.173368901014328
48.0,0.17058709263801575
52.0,0.1679057478904724
56.0,0.16533805429935455
60.0,0.16329923272132874
64.0,0.16196133196353912
72.0,0.15762507915496826
80.0,0.15454070270061493
88.0,0.15333563089370728
96.0,0.15087412297725677
104.0,0.14606565237045288
112.0,0.13635875284671783
120.0,0.12205196917057037
128.0,0.10688436031341553
144.0,0.0827486664056778
160.0,0.07274690270423889
176.0,0.06453227996826172
192.0,0.05215434357523918
208.0,0.04239615425467491
224.0,0.03260982036590576
240.0,0.01631833054125309
256.0,0.003185164649039507
288.0,0.0004926722031086683
320.0,-0.009197156876325607
352.0,-0.011048419401049614
384.0,-0.015101042576134205
416.0,-0.024711981415748596
448.0,-0.0285080187022686
480.0,-0.027183333411812782
512.0,-0.029007242992520332
576.0,-0.032880306243896484
640.0,-0.03269580751657486
704.0,-0.029467683285474777
768.0,-0.025554947555065155
832.0,-0.017012545838952065
896.0,-0.011621298268437386
960.0,-0.010591108351945877
1024.0,-0.011941755190491676
1152.0,-0.014360352419316769
1280.0,-0.014299039728939533
1408.0,-0.012714903801679611
1536.0,-0.008292414247989655
1664.0,-0.016286224126815796
1792.0,-0.02679281309247017
1920.0,-0.023118363693356514
2048.0,-0.02002706751227379
2304.0,-0.01399080641567707
2560.0,0.004016428254544735
2816.0,-0.006104412488639355
3072.0,-0.0041811345145106316
3328.0,0.0035678164567798376
3584.0,-0.010824094526469707
3840.0,-0.008613367564976215
4096.0,0.022379955276846886
end
