version,3.0
numOfCh,1
type,point
parent_name,19e3e_0dot2-0dot1
ch_type,1_1
kcount,1
numberNandB,1
brightnessNandB,1
carpet pos,0
pc,0
Time (ms),CH1 Auto-Correlation
1.0,0.08146212249994278
2.0,0.0801895260810852
3.0,0.07898455858230591
4.0,0.07782385498285294
5.0,0.07671593874692917
6.0,0.07565882056951523
7.0,0.07465269416570663
8.0,0.07369519770145416
9.0,0.07274442166090012
10.0,0.07184305042028427
11.0,0.07096683233976364
12.0,0.07008924335241318
13.0,0.06925906240940094
14.0,0.0684499740600586
15.0,0.0676448792219162
16.0,0.06683589518070221
18.0,0.06532572209835052
20.0,0.06399711966514587
22.0,0.06268274784088135
24.0,0.061404597014188766
26.0,0.06021657958626747
28.0,0.059092942625284195
30.0,0.05798261985182762
32.0,0.056955642998218536
36.0,0.055087365210056305
40.0,0.05340898782014847
44.0,0.051836952567100525
48.0,0.050314176827669144
52.0,0.04892348125576973
56.0,0.04764484986662865
60.0,0.046393584460020065
64.0,0.04513843357563019
72.0,0.043262600898742676
80.0,0.0418609082698822
88.0,0.04052290320396423
96.0,0.0389372855424881
104.0,0.03731539845466614
112.0,0.03598867356777191
120.0,0.03481072932481766
128.0,0.03344379737973213
144.0,0.03216308355331421
160.0,0.03090893104672432
176.0,0.02896907553076744
192.0,0.02841261588037014
208.0,0.027503149583935738
224.0,0.026430349797010422
240.0,0.025642944499850273
256.0,0.02439092844724655
288.0,0.023271415382623672
320.0,0.02171558141708374
352.0,0.02103816717863083
384.0,0.02036760188639164
416.0,0.01798669621348381
448.0,0.018131790682673454
480.0,0.015388550236821175
512.0,0.01156859751790762
576.0,0.007613547146320343
640.0,0.006572232116013765
704.0,0.00842711515724659
768.0,0.007785898633301258
832.0,0.008014322258532047
896.0,0.006571201607584953
960.0,0.0012425443856045604
1024.0,0.0018702956149354577
1152.0,0.006568384822458029
1280.0,0.004054316785186529
1408.0,0.00046416049008257687
1536.0,0.006319746375083923
1664.0,0.00864768773317337
1792.0,0.008789473213255405
1920.0,0.016594987362623215
2048.0,0.01361276675015688
2304.0,0.005397418048232794
2560.0,-0.0032385203521698713
2816.0,0.006211225874722004
3072.0,0.007043980062007904
3328.0,-0.0019154620822519064
3584.0,-0.0013042218051850796
3840.0,0.0026314440183341503
4096.0,0.003772457130253315
4608.0,-0.003446240210905671
5120.0,-0.008823574520647526
5632.0,-0.019661808386445045
6144.0,-0.01514151506125927
6656.0,-0.016738131642341614
7168.0,-0.014227906242012978
7680.0,-0.01961873285472393
8192.0,-0.005363966803997755
end
