version,3.0
numOfCh,1
type,point
parent_name,19e3e_0dot069-1dot0
ch_type,1_1
kcount,1
numberNandB,1
brightnessNandB,1
carpet pos,0
pc,0
Time (ms),CH1 Auto-Correlation
1.0,0.08744692802429199
2.0,0.08666376769542694
3.0,0.0859566256403923
4.0,0.08529938012361526
5.0,0.08469590544700623
6.0,0.08411054313182831
7.0,0.08353287726640701
8.0,0.08299552649259567
9.0,0.08239226043224335
10.0,0.08183253556489944
11.0,0.08125559240579605
12.0,0.0806865245103836
13.0,0.08013211935758591
14.0,0.07959434390068054
15.0,0.0790499672293663
16.0,0.07852751016616821
18.0,0.07751663774251938
20.0,0.07648497819900513
22.0,0.07548729330301285
24.0,0.07456673681735992
26.0,0.07364555448293686
28.0,0.07268944382667542
30.0,0.07176049053668976
32.0,0.07088270038366318
36.0,0.06924039870500565
40.0,0.06756414473056793
44.0,0.0658874660730362
48.0,0.06429628282785416
52.0,0.06275453418493271
56.0,0.06134062632918358
60.0,0.059989430010318756
64.0,0.058778226375579834
72.0,0.05656532570719719
80.0,0.05478302761912346
88.0,0.05298550799489021
96.0,0.051527149975299835
104.0,0.050346940755844116
112.0,0.04920545592904091
120.0,0.04793815687298775
128.0,0.046558480709791183
144.0,0.04422888532280922
160.0,0.04209662973880768
176.0,0.04020082205533981
192.0,0.03893618658185005
208.0,0.0378410629928112
224.0,0.03716057166457176
240.0,0.03680325299501419
256.0,0.03647025302052498
288.0,0.035891227424144745
320.0,0.03412441164255142
352.0,0.03131788223981857
384.0,0.02884618006646633
416.0,0.027646519243717194
448.0,0.026067106053233147
480.0,0.023795677348971367
512.0,0.022470563650131226
576.0,0.021184898912906647
640.0,0.015348300337791443
704.0,0.010992941446602345
768.0,0.009986264631152153
832.0,0.008023297414183617
896.0,0.007713823579251766
960.0,0.004628027323633432
1024.0,0.0017793811857700348
1152.0,-0.009209793992340565
1280.0,-0.006905986461788416
1408.0,-0.0027568922378122807
1536.0,-0.0013784150360152125
1664.0,-0.00335544697009027
1792.0,-0.004351115319877863
1920.0,-0.001830018707551062
2048.0,-0.000438615505117923
2304.0,0.004399105440825224
2560.0,0.0012682505184784532
2816.0,0.0006829960038885474
3072.0,0.0016677906969562173
3328.0,-7.816229481250048e-05
3584.0,-0.0013387856306508183
3840.0,0.008540812879800797
4096.0,0.007606046739965677
4608.0,0.001459405175410211
5120.0,-0.018322737887501717
5632.0,-0.024556759744882584
6144.0,-0.021416639909148216
6656.0,-0.008720521815121174
7168.0,0.001040993258357048
7680.0,-0.006390783935785294
8192.0,-0.010125281289219856
end
