version,3.0
numOfCh,1
type,point
parent_name,19e3e_0dot069-1dot0
ch_type,1_1
kcount,1
numberNandB,1
brightnessNandB,1
carpet pos,0
pc,0
Time (ms),CH1 Auto-Correlation
1.0,0.13214877247810364
2.0,0.13115151226520538
3.0,0.1302696019411087
4.0,0.12938101589679718
5.0,0.128587007522583
6.0,0.12784501910209656
7.0,0.127113938331604
8.0,0.1263405978679657
9.0,0.1256076991558075
10.0,0.12490576505661011
11.0,0.12423790991306305
12.0,0.12361001968383789
13.0,0.12296449393033981
14.0,0.12234876304864883
15.0,0.12170711904764175
16.0,0.12106607854366302
18.0,0.11977553367614746
20.0,0.11856464296579361
22.0,0.117347851395607
24.0,0.11620130389928818
26.0,0.1150655522942543
28.0,0.11384132504463196
30.0,0.11258937418460846
32.0,0.11132730543613434
36.0,0.10907348245382309
40.0,0.10696595907211304
44.0,0.10490646958351135
48.0,0.10314474999904633
52.0,0.10159299522638321
56.0,0.10007968544960022
60.0,0.09868768602609634
64.0,0.09742668271064758
72.0,0.09503300487995148
80.0,0.09288592636585236
88.0,0.09057076275348663
96.0,0.08822426944971085
104.0,0.08633693307638168
112.0,0.08440615981817245
120.0,0.08218085020780563
128.0,0.08037388324737549
144.0,0.07733263075351715
160.0,0.07414364069700241
176.0,0.07079830020666122
192.0,0.0679040476679802
208.0,0.0652528628706932
224.0,0.0617859922349453
240.0,0.058377254754304886
256.0,0.05526520311832428
288.0,0.05294309929013252
320.0,0.05134713277220726
352.0,0.04921068623661995
384.0,0.048510801047086716
416.0,0.0455298125743866
448.0,0.042052607983350754
480.0,0.037769559770822525
512.0,0.032743703573942184
576.0,0.02425049990415573
640.0,0.02116452157497406
704.0,0.024296168237924576
768.0,0.027987096458673477
832.0,0.03403278812766075
896.0,0.03916718438267708
960.0,0.041913025081157684
1024.0,0.04663429036736488
1152.0,0.05073957145214081
1280.0,0.0444483645260334
1408.0,0.03245868533849716
1536.0,0.022427691146731377
1664.0,0.013453120365738869
1792.0,0.009446359239518642
1920.0,0.012309325858950615
2048.0,0.019804826006293297
2304.0,0.015786489471793175
2560.0,0.004378109239041805
2816.0,-0.00973452813923359
3072.0,-0.011492866091430187
3328.0,-0.012954420410096645
3584.0,-0.015446851961314678
3840.0,-0.02120361290872097
4096.0,-0.022723805159330368
4608.0,-0.027207205072045326
5120.0,-0.042523209005594254
5632.0,-0.03679635375738144
6144.0,-0.03255142271518707
6656.0,-0.03265901654958725
7168.0,-0.03243895620107651
7680.0,-0.030651967972517014
8192.0,0.008040170185267925
end
