version,3.0
numOfCh,1
type,point
parent_name,19e3e_0dot069-1dot0
ch_type,1_1
kcount,1
numberNandB,1
brightnessNandB,1
carpet pos,0
pc,0
Time (ms),CH1 Auto-Correlation
1.0,0.0836852565407753
2.0,0.08292635530233383
3.0,0.08224755525588989
4.0,0.08161415159702301
5.0,0.08105440437793732
6.0,0.08051007986068726
7.0,0.07997794449329376
8.0,0.07943741232156754
9.0,0.07895221561193466
10.0,0.07847212255001068
11.0,0.07796807587146759
12.0,0.0774722471833229
13.0,0.07698603719472885
14.0,0.07646108418703079
15.0,0.07593190670013428
16.0,0.07539413124322891
18.0,0.07433013617992401
20.0,0.07333690673112869
22.0,0.0724092647433281
24.0,0.07148076593875885
26.0,0.07060477882623672
28.0,0.06970693171024323
30.0,0.0687953531742096
32.0,0.0679011270403862
36.0,0.06627710163593292
40.0,0.0647638812661171
44.0,0.06330468505620956
48.0,0.06192609295248985
52.0,0.06068933755159378
56.0,0.05957571789622307
60.0,0.05851864814758301
64.0,0.057480182498693466
72.0,0.0555575005710125
80.0,0.053911760449409485
88.0,0.05249946564435959
96.0,0.05126223713159561
104.0,0.05016027390956879
112.0,0.048982731997966766
120.0,0.04772048816084862
128.0,0.04650908336043358
144.0,0.04413483291864395
160.0,0.04216946288943291
176.0,0.04022643715143204
192.0,0.038895800709724426
208.0,0.038613393902778625
224.0,0.03906311094760895
240.0,0.039221588522195816
256.0,0.03855711221694946
288.0,0.03566576540470123
320.0,0.032729148864746094
352.0,0.031383614987134933
384.0,0.03024798445403576
416.0,0.028900625184178352
448.0,0.026131868362426758
480.0,0.023229042068123817
512.0,0.021377082914114
576.0,0.017613857984542847
640.0,0.014505235478281975
704.0,0.00886607076972723
768.0,0.007370393257588148
832.0,0.006039327941834927
896.0,0.00492249708622694
960.0,0.006464207079261541
1024.0,0.008214726112782955
1152.0,0.004223291762173176
1280.0,0.004809992853552103
1408.0,0.0022185882553458214
1536.0,0.004753304645419121
1664.0,-0.0009599109180271626
1792.0,-0.00421746214851737
1920.0,-0.007261606398969889
2048.0,-0.0051553500816226006
2304.0,-0.013724551536142826
2560.0,-0.01984027400612831
2816.0,-0.02771786041557789
3072.0,-0.03016572818160057
3328.0,-0.0201067216694355
3584.0,-0.0024270936846733093
3840.0,0.004106338135898113
4096.0,0.009510872885584831
4608.0,0.010557823814451694
5120.0,0.009304852224886417
5632.0,0.00904144998639822
6144.0,-0.0011445839190855622
6656.0,-0.022146692499518394
7168.0,-0.023757372051477432
7680.0,-0.025014284998178482
8192.0,-0.024927088990807533
end
