version,3.0
numOfCh,1
type,point
parent_name,19e3e_0dot069-1dot0
ch_type,1_1
kcount,1
numberNandB,1
brightnessNandB,1
carpet pos,0
pc,0
Time (ms),CH1 Auto-Correlation
1.0,0.09680107980966568
2.0,0.09596922993659973
3.0,0.09526749700307846
4.0,0.09459606558084488
5.0,0.09394033253192902
6.0,0.09333519637584686
7.0,0.09269128739833832
8.0,0.09206219017505646
9.0,0.09146194159984589
10.0,0.09091436862945557
11.0,0.09036678075790405
12.0,0.08979170024394989
13.0,0.0892484188079834
14.0,0.08868253231048584
15.0,0.0881287008523941
16.0,0.08758571743965149
18.0,0.08656753599643707
20.0,0.08550775051116943
22.0,0.08449743688106537
24.0,0.08363338559865952
26.0,0.08280904591083527
28.0,0.08197029680013657
30.0,0.08112221211194992
32.0,0.08026853948831558
36.0,0.07850483804941177
40.0,0.07685259729623795
44.0,0.07531559467315674
48.0,0.07386282086372375
52.0,0.07254727184772491
56.0,0.07122387737035751
60.0,0.06982725858688354
64.0,0.06842789053916931
72.0,0.06609418243169785
80.0,0.06382068246603012
88.0,0.06168092042207718
96.0,0.059690166264772415
104.0,0.05776643380522728
112.0,0.0558377243578434
120.0,0.053634610027074814
128.0,0.05159039422869682
144.0,0.04811955243349075
160.0,0.044918403029441833
176.0,0.04190471023321152
192.0,0.03967196121811867
208.0,0.03750614449381828
224.0,0.035071808844804764
240.0,0.03348744660615921
256.0,0.032445888966321945
288.0,0.03144236281514168
320.0,0.02973923832178116
352.0,0.027615902945399284
384.0,0.02504129149019718
416.0,0.02135193534195423
448.0,0.01702536642551422
480.0,0.013837691396474838
512.0,0.012680675834417343
576.0,0.012034207582473755
640.0,0.008282049559056759
704.0,0.0016759022837504745
768.0,-0.0025061892811208963
832.0,-0.004025071393698454
896.0,-0.004214318934828043
960.0,-0.002720779739320278
1024.0,-0.0025998689234256744
1152.0,0.005052546039223671
1280.0,0.008976658806204796
1408.0,0.010791296139359474
1536.0,0.014023327268660069
1664.0,0.009959053248167038
1792.0,0.008276588283479214
1920.0,0.002948852488771081
2048.0,-0.004051584750413895
2304.0,-0.009093944914638996
2560.0,-0.010999112389981747
2816.0,-0.0073468564078211784
3072.0,-0.009187164716422558
3328.0,-0.022392122074961662
3584.0,-0.030109141021966934
3840.0,-0.03743477538228035
4096.0,-0.023801032453775406
4608.0,-0.006657321006059647
5120.0,-0.0043632872402668
5632.0,-0.020610960200428963
6144.0,-0.005657997913658619
6656.0,0.012793448753654957
7168.0,0.014642205089330673
7680.0,0.0202550757676363
8192.0,0.023340027779340744
end
