version,3.0
numOfCh,1
type,point
parent_name,19e3e_0dot069-1dot0
ch_type,1_1
kcount,1
numberNandB,1
brightnessNandB,1
carpet pos,0
pc,0
Time (ms),CH1 Auto-Correlation
1.0,0.08826145529747009
2.0,0.08768289536237717
3.0,0.08711287379264832
4.0,0.0865466520190239
5.0,0.08599203079938889
6.0,0.08544445782899857
7.0,0.08492802083492279
8.0,0.08443227410316467
9.0,0.08393630385398865
10.0,0.08343243598937988
11.0,0.08294644206762314
12.0,0.0824630931019783
13.0,0.08200309425592422
14.0,0.08153465390205383
15.0,0.08106784522533417
16.0,0.08062735944986343
18.0,0.07977252453565598
20.0,0.07892782241106033
22.0,0.0781133770942688
24.0,0.07731688767671585
26.0,0.07650119811296463
28.0,0.07568234950304031
30.0,0.07489170134067535
32.0,0.0741395503282547
36.0,0.07272396236658096
40.0,0.0713469386100769
44.0,0.07001689076423645
48.0,0.06879059225320816
52.0,0.06756866723299026
56.0,0.06636469066143036
60.0,0.06519581377506256
64.0,0.06404039263725281
72.0,0.06207835301756859
80.0,0.06024451181292534
88.0,0.05851719528436661
96.0,0.056935474276542664
104.0,0.05540408194065094
112.0,0.05377649888396263
120.0,0.052186544984579086
128.0,0.05062295123934746
144.0,0.04708770290017128
160.0,0.04356352239847183
176.0,0.04053755849599838
192.0,0.037369534373283386
208.0,0.034463267773389816
224.0,0.032242026180028915
240.0,0.029878932982683182
256.0,0.027002444490790367
288.0,0.022022007033228874
320.0,0.01916797272861004
352.0,0.017592573538422585
384.0,0.0152343874797225
416.0,0.013373156078159809
448.0,0.011147348210215569
480.0,0.00935920886695385
512.0,0.0065736426040530205
576.0,0.003137215506285429
640.0,-8.9305940491613e-05
704.0,-0.003022004384547472
768.0,-0.0028568138368427753
832.0,-0.0025189502630382776
896.0,-0.0005088791367597878
960.0,0.0011373171582818031
1024.0,0.0005871723406016827
1152.0,0.00885203666985035
1280.0,0.013491679914295673
1408.0,0.009735585190355778
1536.0,0.006764582823961973
1664.0,0.0012249507708474994
1792.0,0.004056376870721579
1920.0,0.010595063678920269
2048.0,0.012249836698174477
2304.0,0.007981900125741959
2560.0,-0.008575871586799622
2816.0,-0.01467704214155674
3072.0,-0.022152883931994438
3328.0,-0.014478132128715515
3584.0,-0.008972146548330784
3840.0,-0.01064718421548605
4096.0,-0.0050926171243190765
4608.0,-0.007560383528470993
5120.0,-0.0018414800288155675
5632.0,0.0016874183202162385
6144.0,0.009333980269730091
6656.0,-0.0019347413908690214
7168.0,0.010306572541594505
7680.0,0.021690424531698227
8192.0,-0.00935613177716732
end
