version,3.0
numOfCh,1
type,point
parent_name,19e3e_0dot069-1dot0
ch_type,1_1
kcount,1
numberNandB,1
brightnessNandB,1
carpet pos,0
pc,0
Time (ms),CH1 Auto-Correlation
1.0,0.08371010422706604
2.0,0.08234451711177826
3.0,0.08113120496273041
4.0,0.0801585391163826
5.0,0.07933111488819122
6.0,0.0785752683877945
7.0,0.07772824913263321
8.0,0.07699979841709137
9.0,0.07630104571580887
10.0,0.07563304901123047
11.0,0.07491536438465118
12.0,0.07432762533426285
13.0,0.07380631566047668
14.0,0.0733526423573494
15.0,0.07297827303409576
16.0,0.07253693044185638
18.0,0.07160662859678268
20.0,0.07065407931804657
22.0,0.06980178505182266
24.0,0.06893923878669739
26.0,0.06801716238260269
28.0,0.067103810608387
30.0,0.06632029265165329
32.0,0.06561728566884995
36.0,0.06460002064704895
40.0,0.06354334205389023
44.0,0.062473949044942856
48.0,0.06137850880622864
52.0,0.06033872440457344
56.0,0.0590253546833992
60.0,0.05778956040740013
64.0,0.05687126889824867
72.0,0.05528467893600464
80.0,0.05355042964220047
88.0,0.05157862976193428
96.0,0.04970688745379448
104.0,0.04806959629058838
112.0,0.046448562294244766
120.0,0.04486354440450668
128.0,0.04322821646928787
144.0,0.03985254466533661
160.0,0.03576146438717842
176.0,0.03221673518419266
192.0,0.029733937233686447
208.0,0.027196383103728294
224.0,0.024895504117012024
240.0,0.022692902013659477
256.0,0.020268172025680542
288.0,0.017069540917873383
320.0,0.013555062934756279
352.0,0.01111909095197916
384.0,0.009800505824387074
416.0,0.009523672051727772
448.0,0.010001031681895256
480.0,0.00950714759528637
512.0,0.008596030995249748
576.0,0.007854243740439415
640.0,0.007435974199324846
704.0,0.0074420045129954815
768.0,0.006518845912069082
832.0,0.004644391126930714
896.0,0.0040590655989944935
960.0,-0.00013489715638570487
1024.0,-0.0037370803765952587
1152.0,-0.0014060466783121228
1280.0,0.0046086423099040985
1408.0,0.011349768377840519
1536.0,0.014700530096888542
1664.0,0.011319896206259727
1792.0,0.004541445057839155
1920.0,0.0020144726149737835
2048.0,0.0004552393511403352
2304.0,-0.0009242697269655764
2560.0,-0.007281229365617037
2816.0,-0.01385362260043621
3072.0,-0.003333501750603318
3328.0,-0.00819462351500988
3584.0,-0.00813208892941475
3840.0,-0.003319671144708991
4096.0,-0.015366017818450928
4608.0,0.0002874351921491325
5120.0,0.0080099580809474
5632.0,0.005736360792070627
6144.0,0.011083591729402542
6656.0,0.00844781007617712
7168.0,0.005717274267226458
7680.0,0.0031196721829473972
8192.0,-0.004299231804907322
end
