version,3.0
numOfCh,1
type,point
parent_name,19e3e_0dot069-1dot0
ch_type,1_1
kcount,1
numberNandB,1
brightnessNandB,1
carpet pos,0
pc,0
Time (ms),CH1 Auto-Correlation
1.0,0.12206390500068665
2.0,0.1213037371635437
3.0,0.1206066757440567
4.0,0.11997697502374649
5.0,0.11935368925333023
6.0,0.11869260668754578
7.0,0.11805236339569092
8.0,0.11745637655258179
9.0,0.11684577912092209
10.0,0.11622216552495956
11.0,0.11563223600387573
12.0,0.11500370502471924
13.0,0.11438298970460892
14.0,0.11377198994159698
15.0,0.11318204551935196
16.0,0.11260778456926346
18.0,0.11143714189529419
20.0,0.11027386784553528
22.0,0.10913382470607758
24.0,0.10803748667240143
26.0,0.10694620758295059
28.0,0.10588555783033371
30.0,0.10488338023424149
32.0,0.103948213160038
36.0,0.10207340121269226
40.0,0.10024288296699524
44.0,0.09859765321016312
48.0,0.09705214947462082
52.0,0.09567759186029434
56.0,0.09434444457292557
60.0,0.09306062757968903
64.0,0.0918782502412796
72.0,0.08943670243024826
80.0,0.08684822171926498
88.0,0.08424181491136551
96.0,0.08175904303789139
104.0,0.07928413152694702
112.0,0.07688774168491364
120.0,0.07460839301347733
128.0,0.07274901121854782
144.0,0.0706511065363884
160.0,0.06955122202634811
176.0,0.06840936094522476
192.0,0.06655114889144897
208.0,0.06412620097398758
224.0,0.061655230820178986
240.0,0.05927363038063049
256.0,0.05706246197223663
288.0,0.05145234242081642
320.0,0.045478031039237976
352.0,0.03875270485877991
384.0,0.033745720982551575
416.0,0.029986301437020302
448.0,0.02743145078420639
480.0,0.02441360056400299
512.0,0.01929713599383831
576.0,0.007831760682165623
640.0,0.0019068022957071662
704.0,-0.0016580278752371669
768.0,-0.006597472820430994
832.0,-0.010240565054118633
896.0,-0.011584720574319363
960.0,-0.013400588184595108
1024.0,-0.014040813781321049
1152.0,-0.012481064535677433
1280.0,-0.006912060081958771
1408.0,-0.005134953185915947
1536.0,-0.004306406248360872
1664.0,-0.007941938936710358
1792.0,-0.014354606159031391
1920.0,-0.01330758910626173
2048.0,-0.015512987039983273
2304.0,-0.012969309464097023
2560.0,-0.010749146342277527
2816.0,-0.010498722083866596
3072.0,-0.010910381563007832
3328.0,-0.005944760050624609
3584.0,0.002563484013080597
3840.0,0.015477092936635017
4096.0,0.012525389902293682
4608.0,-0.020689882338047028
5120.0,-0.028932178393006325
5632.0,-0.005529114045202732
6144.0,0.028387336060404778
6656.0,0.017230184748768806
7168.0,0.011742553673684597
7680.0,0.021808937191963196
8192.0,0.004240075591951609
end
