version,3.0
numOfCh,1
type,point
parent_name,0cd20_0dot4-1dot0
ch_type,1_1
kcount,1
numberNandB,1
brightnessNandB,1
carpet pos,0
pc,0
Time (ms),CH1 Auto-Correlation
1.0,0.13620685040950775
2.0,0.1317436844110489
3.0,0.12781257927417755
4.0,0.12379278242588043
5.0,0.11962169408798218
6.0,0.1167437732219696
7.0,0.11355233937501907
8.0,0.11048170924186707
9.0,0.10729526728391647
10.0,0.10434513539075851
11.0,0.10157646238803864
12.0,0.0990075170993805
13.0,0.09657187759876251
14.0,0.09454625844955444
15.0,0.09255307167768478
16.0,0.0905434787273407
18.0,0.08676972985267639
20.0,0.0832924097776413
22.0,0.07985679805278778
24.0,0.0767257958650589
26.0,0.07380063831806183
28.0,0.07126279920339584
30.0,0.06915806233882904
32.0,0.0671035647392273
36.0,0.06394989788532257
40.0,0.06146027147769928
44.0,0.05908193066716194
48.0,0.05625426396727562
52.0,0.05320243909955025
56.0,0.050578050315380096
60.0,0.04840521141886711
64.0,0.04641348123550415
72.0,0.04273539409041405
80.0,0.04024447128176689
88.0,0.03813863918185234
96.0,0.03568905591964722
104.0,0.0344107560813427
112.0,0.033658217638731
120.0,0.032139021903276443
128.0,0.030462533235549927
144.0,0.02522991970181465
160.0,0.018064221367239952
176.0,0.01452627219259739
192.0,0.012649926356971264
208.0,0.010055821388959885
224.0,0.012332567013800144
240.0,0.014112667180597782
256.0,0.013978276401758194
288.0,0.016844047233462334
320.0,0.017301931977272034
352.0,0.019923249259591103
384.0,0.023505274206399918
416.0,0.018315941095352173
448.0,0.014189188368618488
480.0,0.016765950247645378
512.0,0.01628205180168152
576.0,0.015460069291293621
640.0,0.018915310502052307
704.0,0.012483135797083378
768.0,0.011092050932347775
832.0,0.010255249217152596
896.0,0.0021810135804116726
960.0,0.0023408248089253902
1024.0,0.0029220059514045715
1152.0,0.005107561592012644
1280.0,0.0016412711702287197
1408.0,0.0047097220085561275
1536.0,0.0002363273233640939
1664.0,-0.009918357245624065
1792.0,-0.005932130850851536
1920.0,0.0009425157913938165
2048.0,0.002565372036769986
2304.0,-0.011199891567230225
2560.0,0.0029592798091471195
2816.0,0.003050497267395258
3072.0,-7.615598588017747e-05
3328.0,0.01329739112406969
3584.0,0.003923239652067423
3840.0,0.002898721257224679
4096.0,0.005808969959616661
4608.0,-0.002874902216717601
5120.0,-0.0013527688570320606
5632.0,0.005983829498291016
6144.0,0.0010383111657574773
6656.0,0.0033712894655764103
7168.0,-0.005854196380823851
7680.0,-0.0019728299230337143
8192.0,-0.007115397602319717
end
