version,3.0
numOfCh,1
type,point
parent_name,484af_0dot2-0dot01
ch_type,1_1
kcount,1
numberNandB,1
brightnessNandB,1
carpet pos,0
pc,0
Time (ms),CH1 Auto-Correlation
1.0,0.043111126869916916
2.0,0.04247146099805832
3.0,0.04184260219335556
4.0,0.041202008724212646
5.0,0.04058104380965233
6.0,0.03997916728258133
7.0,0.03940446674823761
8.0,0.03885830566287041
9.0,0.03832830488681793
10.0,0.037815626710653305
11.0,0.03734083101153374
12.0,0.03687174618244171
13.0,0.03643212094902992
14.0,0.03601027652621269
15.0,0.035593222826719284
16.0,0.035194043070077896
18.0,0.03439537063241005
20.0,0.03364440053701401
22.0,0.03292255476117134
24.0,0.032237157225608826
26.0,0.031587280333042145
28.0,0.030963754281401634
30.0,0.03037048876285553
32.0,0.029794704169034958
36.0,0.028629735112190247
40.0,0.027638765051960945
44.0,0.02690787799656391
48.0,0.026437608525156975
52.0,0.02599565126001835
56.0,0.025433747097849846
60.0,0.024814464151859283
64.0,0.024195872247219086
72.0,0.02308717556297779
80.0,0.022316336631774902
88.0,0.021619852632284164
96.0,0.02093937061727047
104.0,0.020029865205287933
112.0,0.018959125503897667
120.0,0.018055029213428497
128.0,0.017269926145672798
144.0,0.016126155853271484
160.0,0.015595360659062862
176.0,0.015251528471708298
192.0,0.015583693981170654
208.0,0.015401963144540787
224.0,0.01462116651237011
240.0,0.013970069587230682
256.0,0.013363439589738846
288.0,0.012502188794314861
320.0,0.010605239309370518
352.0,0.008569699712097645
384.0,0.007542112842202187
416.0,0.008817353285849094
448.0,0.00921457540243864
480.0,0.008935709483921528
512.0,0.008573252707719803
576.0,0.006695025134831667
640.0,0.00437852181494236
704.0,0.0007757720886729658
768.0,0.0016806945204734802
832.0,0.0032051492016762495
896.0,0.003261621342971921
960.0,0.00277160806581378
1024.0,0.0049827792681753635
1152.0,0.005274609662592411
1280.0,0.002011246979236603
1408.0,0.0034672811161726713
1536.0,0.008977491408586502
1664.0,0.01006435975432396
1792.0,0.009954811073839664
1920.0,0.012293095700442791
2048.0,0.012214334681630135
2304.0,0.008141396567225456
2560.0,-0.0009495994891040027
2816.0,-0.005669234786182642
3072.0,-0.009061884135007858
3328.0,-0.004563146270811558
3584.0,-0.0036349936854094267
3840.0,-0.0015986516373232007
4096.0,-0.00359655381180346
4608.0,-0.012653429992496967
5120.0,-0.02146466076374054
5632.0,-0.012051878497004509
6144.0,-0.01453695073723793
6656.0,-0.016905859112739563
7168.0,-0.018404942005872726
end
