version,3.0
numOfCh,1
type,point
parent_name,labthresh-0dot04_cutandshift_0dot2-0dot01
ch_type,1_1
kcount,1
numberNandB,1
brightnessNandB,1
carpet pos,0
pc,0
Time (ms),CH1 Auto-Correlation
1.0,0.038952216506004333
2.0,0.03836959972977638
3.0,0.037779200822114944
4.0,0.03718896955251694
5.0,0.03662708401679993
6.0,0.03608722239732742
7.0,0.03557503968477249
8.0,0.0350833386182785
9.0,0.034642308950424194
10.0,0.034204911440610886
11.0,0.03375894948840141
12.0,0.03332258388400078
13.0,0.0329316146671772
14.0,0.03253853693604469
15.0,0.03215642645955086
16.0,0.03180043771862984
18.0,0.03113495372235775
20.0,0.030563602223992348
22.0,0.03001329116523266
24.0,0.029446659609675407
26.0,0.028856053948402405
28.0,0.02829430066049099
30.0,0.02773853950202465
32.0,0.027199508622288704
36.0,0.026239080354571342
40.0,0.025275563821196556
44.0,0.02439551241695881
48.0,0.023549914360046387
52.0,0.02270798571407795
56.0,0.021857459098100662
60.0,0.02107331156730652
64.0,0.020506007596850395
72.0,0.019379688426852226
80.0,0.018147466704249382
88.0,0.017254918813705444
96.0,0.016290761530399323
104.0,0.015252597630023956
112.0,0.014495288021862507
120.0,0.01398989837616682
128.0,0.013291473500430584
144.0,0.01201996672898531
160.0,0.01065580639988184
176.0,0.008919768035411835
192.0,0.00717620924115181
208.0,0.005602632649242878
224.0,0.004155337810516357
240.0,0.0024543642066419125
256.0,0.0008549003396183252
288.0,-0.002474903129041195
320.0,-0.003571561072021723
352.0,-0.004326373804360628
384.0,-0.004170799627900124
416.0,-0.004995092749595642
448.0,-0.004270258825272322
480.0,-0.004111417569220066
512.0,-0.004149551037698984
576.0,-0.005245694890618324
640.0,-0.0036733720917254686
704.0,-0.004263537935912609
768.0,-0.005597819108515978
832.0,-0.00782308354973793
896.0,-0.009837295860052109
960.0,-0.012631275691092014
1024.0,-0.01020134799182415
1152.0,-0.0009730429737828672
1280.0,0.004592958837747574
1408.0,0.005388345569372177
1536.0,0.0033168471418321133
1664.0,0.002318991580978036
1792.0,0.000791352242231369
1920.0,-0.0013985809637233615
2048.0,-0.004184812773019075
2304.0,-0.002538374625146389
2560.0,-0.0023190488573163748
2816.0,0.0007121562375687063
3072.0,0.0047376155853271484
3328.0,3.094395651714876e-05
3584.0,0.0008646646747365594
3840.0,0.0010155837517231703
4096.0,0.0030801964458078146
end
