version,3.0
numOfCh,1
type,point
parent_name,484af_50dot0-0dot01
ch_type,1_1
kcount,1
numberNandB,1
brightnessNandB,1
carpet pos,0
pc,0
Time (ms),CH1 Auto-Correlation
1.0,0.005104645621031523
2.0,0.0028774524107575417
3.0,0.0025812822859734297
4.0,0.0020205359905958176
5.0,0.0011274872813373804
6.0,0.0012213197769597173
7.0,0.0008440187084488571
8.0,0.001409568591043353
9.0,0.0012918252032250166
10.0,0.0014977197861298919
11.0,0.0014881036477163434
12.0,0.0013854041462764144
13.0,0.0009062035824172199
14.0,0.0014289881801232696
15.0,0.0013662236742675304
16.0,0.0015967757208272815
18.0,0.0011824874673038721
20.0,0.0009476185659877956
22.0,0.0008926353766582906
24.0,0.0008573249215260148
26.0,0.0008733486756682396
28.0,0.0006154978182166815
30.0,0.0005525773158296943
32.0,0.000516334199346602
36.0,0.0007232666248455644
40.0,0.000845361384563148
44.0,0.0010434348369017243
48.0,0.0008702216437086463
52.0,0.0006726063438691199
56.0,0.000634035503026098
60.0,0.00028683297568932176
64.0,0.0005650572129525244
72.0,0.00043813136289827526
80.0,0.0006499367882497609
88.0,0.0004342776082921773
96.0,0.0006781489937566221
104.0,0.0004281145811546594
112.0,0.0004471716529224068
120.0,0.0003855124523397535
128.0,0.0005183453904464841
144.0,0.0005972029757685959
160.0,0.0003600722993724048
176.0,0.0005256126751191914
192.0,0.000672604946885258
208.0,0.0003472525277175009
224.0,0.0006011787336319685
240.0,0.0005521021666936576
256.0,0.0005285088554956019
288.0,0.0003025188634637743
320.0,0.00021244882373139262
352.0,0.00010884108633035794
384.0,0.00023964709544088691
416.0,0.00024095347907859832
448.0,8.343370427610353e-05
480.0,4.268603152013384e-05
512.0,7.742330490145832e-05
576.0,0.0002943029103334993
640.0,0.0003090848040301353
704.0,8.650105155538768e-05
768.0,0.00033477641409263015
832.0,0.00028935924638062716
896.0,7.541063678218052e-05
960.0,0.00019846668874379247
1024.0,7.693177758483216e-05
1152.0,-4.805832759302575e-06
1280.0,-7.168987940531224e-05
1408.0,-0.0002679749159142375
1536.0,-0.000376992131350562
1664.0,-0.00034695531940087676
1792.0,-0.0004201628908049315
1920.0,-0.0003577784518711269
2048.0,-0.0003380491107236594
2304.0,-0.0003865652543026954
2560.0,-0.00041866893297992647
2816.0,-0.0003960777830798179
3072.0,-0.00019538388005457819
3328.0,-0.0002410552988294512
3584.0,2.7386109650251456e-05
3840.0,0.0003055427805520594
4096.0,0.0003133098070975393
end
