version,3.0
numOfCh,1
type,point
parent_name,484af_50dot0-0dot01
ch_type,1_1
kcount,1
numberNandB,1
brightnessNandB,1
carpet pos,0
pc,0
Time (ms),CH1 Auto-Correlation
1.0,0.01163230836391449
2.0,0.009634292684495449
3.0,0.008655126206576824
4.0,0.008727539330720901
5.0,0.0083469832316041
6.0,0.008648224174976349
7.0,0.007959657348692417
8.0,0.00801048893481493
9.0,0.00772645091637969
10.0,0.007204961031675339
11.0,0.007292312569916248
12.0,0.007770298048853874
13.0,0.0076069701462984085
14.0,0.007472829427570105
15.0,0.007296193856745958
16.0,0.0073672086000442505
18.0,0.007256854325532913
20.0,0.0069087790325284
22.0,0.00658806785941124
24.0,0.006663845852017403
26.0,0.006311575882136822
28.0,0.006125450134277344
30.0,0.00652909092605114
32.0,0.006063562817871571
36.0,0.005719247739762068
40.0,0.005697222426533699
44.0,0.005405929870903492
48.0,0.005556121468544006
52.0,0.0056955283507704735
56.0,0.0056052920408546925
60.0,0.005852109286934137
64.0,0.005484399385750294
72.0,0.005601936485618353
80.0,0.005400433205068111
88.0,0.005085634998977184
96.0,0.0055189053528010845
104.0,0.004776535555720329
112.0,0.004872370045632124
120.0,0.0048869457095861435
128.0,0.005065531469881535
144.0,0.00475517800077796
160.0,0.004589265678077936
176.0,0.004758393857628107
192.0,0.005001583602279425
208.0,0.004993555136024952
224.0,0.004901619162410498
240.0,0.004625039175152779
256.0,0.004613861441612244
288.0,0.004840895067900419
320.0,0.004110205918550491
352.0,0.0034755151718854904
384.0,0.0035892471205443144
416.0,0.003442866960540414
448.0,0.0031923975329846144
480.0,0.0030742271337658167
512.0,0.0028719843830913305
576.0,0.002236446598544717
640.0,0.0015757903456687927
704.0,0.001805939944460988
768.0,0.001791579881682992
832.0,0.0011042022379115224
896.0,0.0009511861717328429
960.0,0.000857786217238754
1024.0,0.0008818591013550758
1152.0,0.0010265707969665527
1280.0,0.0008859543013386428
1408.0,0.0004270678327884525
1536.0,0.00024452758952975273
1664.0,-0.0001085730837075971
1792.0,-0.0005897131050005555
1920.0,-0.000851742981467396
2048.0,-0.0012263614917173982
2304.0,-0.0015399398980662227
2560.0,-0.0016979863867163658
2816.0,-0.0011800704523921013
3072.0,-0.0011961599811911583
3328.0,-0.001461833599023521
3584.0,-0.0015857999678701162
3840.0,-0.0021306683775037527
4096.0,-0.0023418378550559282
end
