version,3.0
numOfCh,1
type,point
parent_name,484af_50dot0-0dot01
ch_type,1_1
kcount,1
numberNandB,1
brightnessNandB,1
carpet pos,0
pc,0
Time (ms),CH1 Auto-Correlation
1.0,0.014554087072610855
2.0,0.013158011250197887
3.0,0.011879190802574158
4.0,0.011162090115249157
5.0,0.011329953558743
6.0,0.010980790480971336
7.0,0.011156100779771805
8.0,0.010998246259987354
9.0,0.011062044650316238
10.0,0.010539209470152855
11.0,0.010040943510830402
12.0,0.010240687057375908
13.0,0.009945826604962349
14.0,0.009876571595668793
15.0,0.01017627865076065
16.0,0.010315892286598682
18.0,0.010219943709671497
20.0,0.009894929826259613
22.0,0.009669145569205284
24.0,0.009334918111562729
26.0,0.00961508508771658
28.0,0.008591552264988422
30.0,0.008780146948993206
32.0,0.009056439623236656
36.0,0.00902019813656807
40.0,0.008913019672036171
44.0,0.008888043463230133
48.0,0.008684027008712292
52.0,0.008772296831011772
56.0,0.008226233534514904
60.0,0.007961665280163288
64.0,0.00756090646609664
72.0,0.00696959812194109
80.0,0.006537149660289288
88.0,0.0066166650503873825
96.0,0.006836173590272665
104.0,0.006347760558128357
112.0,0.0059216502122581005
120.0,0.005502710584551096
128.0,0.005311467219144106
144.0,0.005222145933657885
160.0,0.00468791788443923
176.0,0.003897892078384757
192.0,0.0036123194731771946
208.0,0.0032400558702647686
224.0,0.0030918195843696594
240.0,0.003034676657989621
256.0,0.002399674616754055
288.0,0.0021194664295762777
320.0,0.002083315048366785
352.0,0.0020550766494125128
384.0,0.001942610484547913
416.0,0.001955027226358652
448.0,0.0017725563375279307
480.0,0.001689196564257145
512.0,0.0015328101580962539
576.0,0.0005683614872395992
640.0,-9.564220817992464e-05
704.0,-0.0007663753931410611
768.0,-0.001267789863049984
832.0,-0.0018948810175061226
896.0,-0.002106428612023592
960.0,-0.0022764254827052355
1024.0,-0.002227897522971034
1152.0,-0.0025951454881578684
1280.0,-0.0021849717013537884
1408.0,-0.001788857625797391
1536.0,-0.002944785403087735
1664.0,-0.0021560783497989178
1792.0,-0.0015893662348389626
1920.0,-0.0013420506147667766
2048.0,-0.001031730673275888
2304.0,0.0010620903922244906
2560.0,0.002187370089814067
2816.0,0.002181628718972206
3072.0,0.0015589529648423195
3328.0,0.0009678589412942529
3584.0,0.0006457382114604115
3840.0,6.629962445003912e-05
4096.0,-0.0007508203270845115
end
