version,3.0
numOfCh,1
type,point
parent_name,484af_50dot0-0dot01
ch_type,1_1
kcount,1
numberNandB,1
brightnessNandB,1
carpet pos,0
pc,0
Time (ms),CH1 Auto-Correlation
1.0,0.005457182414829731
2.0,0.003860530909150839
3.0,0.0022026982624083757
4.0,0.001680330140516162
5.0,0.00190433906391263
6.0,0.0009173703147098422
7.0,0.0010240203700959682
8.0,0.0012186724925413728
9.0,0.0008202595636248589
10.0,0.001119552762247622
11.0,0.000957476207986474
12.0,0.000730504107195884
13.0,0.000707044790033251
14.0,0.001095468527637422
15.0,0.0007587801082991064
16.0,0.0013299650745466352
18.0,0.0011994432425126433
20.0,0.0011198233114555478
22.0,0.0010877790628001094
24.0,0.000801822985522449
26.0,0.0003657110210042447
28.0,0.00016044825315475464
30.0,0.00044424625230021775
32.0,0.0008024643175303936
36.0,0.0006151276174932718
40.0,0.0008676114375703037
44.0,0.0006761991535313427
48.0,0.0006457422277890146
52.0,0.0006323665147647262
56.0,0.00025313871446996927
60.0,2.7017480533686467e-05
64.0,0.000446456455392763
72.0,0.0005035888170823455
80.0,0.0003129917022306472
88.0,0.0006567619275301695
96.0,0.0005071403575129807
104.0,0.00042331250733695924
112.0,0.0003155371523462236
120.0,0.00041075836634263396
128.0,0.0004471818101592362
144.0,0.0006023046444170177
160.0,0.0006116442964412272
176.0,0.000680031138472259
192.0,0.000467722857138142
208.0,0.000704865378793329
224.0,0.0002951880160253495
240.0,0.00036108377389609814
256.0,0.00021045544417575002
288.0,0.00028833135729655623
320.0,0.00036937883123755455
352.0,0.00024716934422031045
384.0,5.464974674396217e-05
416.0,0.00017771268903743476
448.0,0.0003681252128444612
480.0,-5.579012577072717e-05
512.0,4.998158146918286e-06
576.0,-2.6102587071363814e-05
640.0,0.0001999717060243711
704.0,-1.7380913050146773e-05
768.0,0.0001685670722508803
832.0,0.00013920993660576642
896.0,-2.3607261027791537e-05
960.0,4.8543777666054666e-05
1024.0,-9.894155664369464e-05
1152.0,2.447021506668534e-05
1280.0,-8.240472379839048e-05
1408.0,-3.8923324609640986e-05
1536.0,-4.80049493489787e-05
1664.0,-3.567099338397384e-05
1792.0,-8.773358786129393e-06
1920.0,-8.896738290786743e-05
2048.0,-6.659562495769933e-05
2304.0,-0.00021417417156044394
2560.0,-9.682543895905837e-05
2816.0,-7.898502371972427e-05
3072.0,-0.0003930507809855044
3328.0,-0.0004595397040247917
3584.0,-0.00016472915012855083
3840.0,-7.19225499778986e-05
4096.0,-0.00031690270407125354
end
