version,3.0
numOfCh,1
type,point
parent_name,484af_50dot0-0dot01
ch_type,1_1
kcount,1
numberNandB,1
brightnessNandB,1
carpet pos,0
pc,0
Time (ms),CH1 Auto-Correlation
1.0,0.01151314191520214
2.0,0.01004907675087452
3.0,0.009286560118198395
4.0,0.007851758971810341
5.0,0.008210462518036366
6.0,0.0077893538400530815
7.0,0.007695418782532215
8.0,0.007240030914545059
9.0,0.007770593278110027
10.0,0.006802594289183617
11.0,0.007005952764302492
12.0,0.0069219437427818775
13.0,0.006322354543954134
14.0,0.0067612966522574425
15.0,0.006664590910077095
16.0,0.0064921025186777115
18.0,0.007148609030991793
20.0,0.00651055620983243
22.0,0.0062433527782559395
24.0,0.0061220754869282246
26.0,0.005939148832112551
28.0,0.006601469125598669
30.0,0.006192304659634829
32.0,0.006181957200169563
36.0,0.006090877112001181
40.0,0.00594562292098999
44.0,0.005845160689204931
48.0,0.005807600449770689
52.0,0.005497669335454702
56.0,0.005632809828966856
60.0,0.005605048965662718
64.0,0.005486521869897842
72.0,0.004835071042180061
80.0,0.0047638900578022
88.0,0.004728937521576881
96.0,0.0038868868723511696
104.0,0.0038370441179722548
112.0,0.003687341697514057
120.0,0.003363920608535409
128.0,0.0028509777039289474
144.0,0.002091112546622753
160.0,0.002134020673111081
176.0,0.0014679261948913336
192.0,0.001294221612624824
208.0,0.0010338440770283341
224.0,0.000649582187179476
240.0,0.00014169086352922022
256.0,0.00018488260684534907
288.0,0.00045195515849627554
320.0,-0.00020072671759407967
352.0,-0.00032437912886962295
384.0,-0.00013308771303854883
416.0,-0.0004307944909669459
448.0,-0.0003938390873372555
480.0,-0.00019769204664044082
512.0,-4.535016341833398e-05
576.0,0.000873244774993509
640.0,0.0009187402320094407
704.0,0.0009434712119400501
768.0,0.0003960978356190026
832.0,-0.0002742176002357155
896.0,-0.0007145936833694577
960.0,-0.0010909831617027521
1024.0,-0.0020832137670367956
1152.0,-0.002045671222731471
1280.0,-0.0025126291438937187
1408.0,-0.0018451946089044213
1536.0,-0.00338666676543653
1664.0,-0.002913971431553364
1792.0,-0.002480583032593131
1920.0,-0.001838640426285565
2048.0,-0.0006444648024626076
end
