version,3.0
numOfCh,1
type,point
parent_name,484af_50dot0-0dot01
ch_type,1_1
kcount,1
numberNandB,1
brightnessNandB,1
carpet pos,0
pc,0
Time (ms),CH1 Auto-Correlation
1.0,0.006011843681335449
2.0,0.0030736420303583145
3.0,0.0026775917503982782
4.0,0.0021117180585861206
5.0,0.001999713946133852
6.0,0.0011993884108960629
7.0,0.002019612118601799
8.0,0.0017289562383666635
9.0,0.0017468868754804134
10.0,0.0016204298008233309
11.0,0.001299213501624763
12.0,0.0011445129057392478
13.0,0.00120457517914474
14.0,0.0015839808620512486
15.0,0.0007638235692866147
16.0,0.001101732486858964
18.0,0.0007340348092839122
20.0,0.0011313398135825992
22.0,0.0011780096683651209
24.0,0.0010105672990903258
26.0,0.0010163747938349843
28.0,0.0009641958749853075
30.0,0.0011016036150977015
32.0,0.0008829317521303892
36.0,0.0008635894628241658
40.0,0.0005658201989717782
44.0,0.0006460705189965665
48.0,0.0008097777608782053
52.0,0.0006508912774734199
56.0,0.0006579600740224123
60.0,0.0008003060356713831
64.0,0.0008352099684998393
72.0,0.0008800019859336317
80.0,0.0007525334949605167
88.0,0.0007142211543396115
96.0,0.0007761524175293744
104.0,0.001005040598101914
112.0,0.000603791733738035
120.0,0.0006288783624768257
128.0,0.0009341755066998303
144.0,0.0005466748843900859
160.0,0.0005887909792363644
176.0,0.00051881093531847
192.0,0.0006706643616780639
208.0,0.0006864422466605902
224.0,0.0006264277035370469
240.0,0.0006531428662128747
256.0,0.0006247772253118455
288.0,0.0007141520036384463
320.0,0.0010005556978285313
352.0,0.0005583591409958899
384.0,0.000652617251034826
416.0,0.0006233665626496077
448.0,0.0004954541800543666
480.0,0.00022359806462191045
512.0,0.0004225668089929968
576.0,0.0003667010460048914
640.0,0.0005993779050186276
704.0,0.00016939517809078097
768.0,0.00013127266720402986
832.0,0.00020665385818574578
896.0,0.00010521731019252911
960.0,0.00013097432383801788
1024.0,-6.399328412953764e-05
1152.0,-0.00011260699102422222
1280.0,-7.834671123418957e-05
1408.0,-0.00021614725119434297
1536.0,-6.295469938777387e-05
1664.0,-0.00015580779290758073
1792.0,-8.305875235237181e-05
1920.0,-0.00010877962631639093
2048.0,1.8524102415540256e-05
2304.0,0.00012945102935191244
2560.0,6.394163938239217e-05
2816.0,1.91400722542312e-05
3072.0,-1.9118848285870627e-05
3328.0,-0.00015960753080435097
3584.0,-0.00027895637322217226
3840.0,-0.0002621153835207224
4096.0,-0.00027723985840566456
end
