version,3.0
numOfCh,1
type,point
parent_name,19e3e_0dot4-0dot01
ch_type,1_1
kcount,1
numberNandB,1
brightnessNandB,1
carpet pos,0
pc,0
Time (ms),CH1 Auto-Correlation
1.0,0.38128235936164856
2.0,0.37938782572746277
3.0,0.377567857503891
4.0,0.3757019340991974
5.0,0.37396034598350525
6.0,0.37224432826042175
7.0,0.3706505000591278
8.0,0.3691091239452362
9.0,0.3676501214504242
10.0,0.3662071228027344
11.0,0.3647325336933136
12.0,0.36330968141555786
13.0,0.3619270920753479
14.0,0.3604196310043335
15.0,0.3589301109313965
16.0,0.3575691878795624
18.0,0.3550277352333069
20.0,0.35261040925979614
22.0,0.3501293659210205
24.0,0.3475465476512909
26.0,0.34479817748069763
28.0,0.3421059846878052
30.0,0.33948975801467896
32.0,0.3371250033378601
36.0,0.3332350254058838
40.0,0.32934075593948364
44.0,0.32496902346611023
48.0,0.3201380968093872
52.0,0.3151945471763611
56.0,0.310386061668396
60.0,0.30557355284690857
64.0,0.30136826634407043
72.0,0.2945452034473419
80.0,0.2901904881000519
88.0,0.28740194439888
96.0,0.2844789922237396
104.0,0.28171202540397644
112.0,0.27735617756843567
120.0,0.2721151113510132
128.0,0.2664906680583954
144.0,0.2566695809364319
160.0,0.24688151478767395
176.0,0.23582211136817932
192.0,0.22997316718101501
208.0,0.22620655596256256
224.0,0.2180931717157364
240.0,0.21093709766864777
256.0,0.20218375325202942
288.0,0.18719421327114105
320.0,0.17846368253231049
352.0,0.1738508939743042
384.0,0.17127208411693573
416.0,0.1712806522846222
448.0,0.16628281772136688
480.0,0.15246577560901642
512.0,0.14449191093444824
576.0,0.15305092930793762
640.0,0.16031886637210846
704.0,0.14757531881332397
768.0,0.13218960165977478
832.0,0.1113462746143341
896.0,0.08416051417589188
960.0,0.05343373864889145
1024.0,0.03834802657365799
1152.0,0.02091359905898571
1280.0,0.02327888272702694
1408.0,0.026380447670817375
1536.0,-0.0046318466775119305
1664.0,-0.04918399453163147
1792.0,-0.07207483053207397
1920.0,-0.08997490257024765
2048.0,-0.08892788738012314
2304.0,-0.09983187913894653
2560.0,-0.11674491316080093
2816.0,-0.12556317448616028
3072.0,-0.1087198555469513
3328.0,-0.04047174006700516
3584.0,0.005889202002435923
3840.0,0.0623059943318367
4096.0,0.0984155461192131
4608.0,0.16580110788345337
5120.0,0.12369906902313232
5632.0,-0.049684494733810425
6144.0,-0.18623918294906616
6656.0,-0.32150378823280334
7168.0,-0.34018492698669434
7680.0,-0.40006306767463684
8192.0,-0.49236083030700684
end
