version,3.0
numOfCh,1
type,point
parent_name,19e3e_0dot4-0dot01
ch_type,1_1
kcount,1
numberNandB,1
brightnessNandB,1
carpet pos,0
pc,0
Time (ms),CH1 Auto-Correlation
1.0,0.11713793128728867
2.0,0.11586131900548935
3.0,0.11460917443037033
4.0,0.11336462944746017
5.0,0.11212540417909622
6.0,0.11091756075620651
7.0,0.10972007364034653
8.0,0.10853968560695648
9.0,0.10742045938968658
10.0,0.10629897564649582
11.0,0.10520003736019135
12.0,0.10411365330219269
13.0,0.10309531539678574
14.0,0.1021060049533844
15.0,0.1010718122124672
16.0,0.1001543402671814
18.0,0.09846614301204681
20.0,0.09689474105834961
22.0,0.09548291563987732
24.0,0.09420440346002579
26.0,0.09304670244455338
28.0,0.0920383483171463
30.0,0.09106792509555817
32.0,0.09006399661302567
36.0,0.08840177208185196
40.0,0.08684901893138885
44.0,0.08553800731897354
48.0,0.08438611030578613
52.0,0.08325479924678802
56.0,0.08211260288953781
60.0,0.08064784854650497
64.0,0.07869617640972137
72.0,0.07414881885051727
80.0,0.06971675157546997
88.0,0.06521683186292648
96.0,0.06214146316051483
104.0,0.060332514345645905
112.0,0.05835361406207085
120.0,0.05516674742102623
128.0,0.05136524885892868
144.0,0.04329713433980942
160.0,0.03866860643029213
176.0,0.034539107233285904
192.0,0.029704712331295013
208.0,0.024395296350121498
224.0,0.02179529145359993
240.0,0.020883511751890182
256.0,0.018455615267157555
288.0,0.018072623759508133
320.0,0.017425915226340294
352.0,0.015299469232559204
384.0,0.01410882081836462
416.0,0.012675940059125423
448.0,0.010839048773050308
480.0,0.010279981419444084
512.0,0.00976092740893364
576.0,0.008441525511443615
640.0,0.010821282863616943
704.0,0.010730576701462269
768.0,0.006763432640582323
832.0,0.004030154552310705
896.0,0.003478163154795766
960.0,0.008924252353608608
1024.0,0.013358217664062977
1152.0,0.015747739002108574
1280.0,0.005574411246925592
1408.0,-0.0005219235317781568
1536.0,-0.0019097717013210058
1664.0,0.01549262274056673
1792.0,0.03287835419178009
1920.0,0.01388347428292036
2048.0,0.012568013742566109
2304.0,-0.0016512199072167277
2560.0,-0.0016394911799579859
2816.0,-0.02369283325970173
3072.0,-0.012350579723715782
3328.0,-0.016299352049827576
3584.0,-0.019383208826184273
3840.0,-0.022463783621788025
4096.0,-0.019121116027235985
4608.0,-0.01999419741332531
5120.0,-0.029738837853074074
5632.0,-0.02264770120382309
6144.0,-0.008357042446732521
6656.0,-0.001456485129892826
7168.0,-0.004070259165018797
7680.0,0.01393727958202362
8192.0,0.014440060593187809
end
