version,3.0
numOfCh,1
type,point
parent_name,fe81d_0dot069-0dot1
ch_type,1_1
kcount,1
numberNandB,1
brightnessNandB,1
carpet pos,0
pc,0
Time (ms),CH1 Auto-Correlation
1.0,0.06608954071998596
2.0,0.06544223427772522
3.0,0.06485018879175186
4.0,0.06425734609365463
5.0,0.0636957585811615
6.0,0.06317192316055298
7.0,0.06265667080879211
8.0,0.06215338036417961
9.0,0.0616789311170578
10.0,0.0611867792904377
11.0,0.060701292008161545
12.0,0.060265932232141495
13.0,0.05984833091497421
14.0,0.05938706547021866
15.0,0.058954060077667236
16.0,0.05852867290377617
18.0,0.05771362781524658
20.0,0.05696575716137886
22.0,0.056252703070640564
24.0,0.05553680285811424
26.0,0.0547766350209713
28.0,0.05404052138328552
30.0,0.05336370691657066
32.0,0.0526958666741848
36.0,0.05148257687687874
40.0,0.05036910995841026
44.0,0.04935241490602493
48.0,0.048367228358983994
52.0,0.04733671993017197
56.0,0.04640130698680878
60.0,0.04550269618630409
64.0,0.04468865320086479
72.0,0.04326414316892624
80.0,0.041986700147390366
88.0,0.0406857393682003
96.0,0.03939332813024521
104.0,0.03806114196777344
112.0,0.03683611750602722
120.0,0.035704296082258224
128.0,0.03469051048159599
144.0,0.03277318552136421
160.0,0.03110283985733986
176.0,0.02898624911904335
192.0,0.0264996699988842
208.0,0.02471626177430153
224.0,0.023037802428007126
240.0,0.021501809358596802
256.0,0.019880400970578194
288.0,0.017620796337723732
320.0,0.015720179304480553
352.0,0.013376694172620773
384.0,0.01094096340239048
416.0,0.009430990554392338
448.0,0.00847424753010273
480.0,0.008279708214104176
512.0,0.009270884096622467
576.0,0.008165569975972176
640.0,0.0071410005912184715
704.0,0.007355981506407261
768.0,0.009232956916093826
832.0,0.009398233145475388
896.0,0.008159848861396313
960.0,0.009054100140929222
1024.0,0.008992533199489117
1152.0,0.007867886684834957
1280.0,0.009064854122698307
1408.0,0.0075398706831038
1536.0,0.0034940787591040134
1664.0,0.0003194581950083375
1792.0,0.004171456675976515
1920.0,0.0074336836114525795
2048.0,0.007818469777703285
2304.0,-0.004587136674672365
2560.0,-0.012918013148009777
2816.0,-0.007021350786089897
3072.0,-0.0009117025183513761
3328.0,-0.003931540064513683
3584.0,-0.008527243509888649
3840.0,-0.006220149341970682
4096.0,-0.0005746458773501217
4608.0,-0.008936181664466858
5120.0,0.003932998050004244
5632.0,-0.01179328840225935
6144.0,-0.015507332980632782
6656.0,-0.0177049208432436
7168.0,-0.0026811473071575165
7680.0,-0.015095292590558529
8192.0,-0.007207768969237804
end
