version,3.0
numOfCh,1
type,point
parent_name,fe81d_0dot069-0dot1
ch_type,1_1
kcount,1
numberNandB,1
brightnessNandB,1
carpet pos,0
pc,0
Time (ms),CH1 Auto-Correlation
1.0,0.07967425137758255
2.0,0.07911786437034607
3.0,0.07856510579586029
4.0,0.07801654934883118
5.0,0.07751385122537613
6.0,0.07698795199394226
7.0,0.07646823674440384
8.0,0.07597750425338745
9.0,0.07549770921468735
10.0,0.07500411570072174
11.0,0.0745210126042366
12.0,0.07403697818517685
13.0,0.073562853038311
14.0,0.07313204556703568
15.0,0.07270266115665436
16.0,0.07228747010231018
18.0,0.07150732725858688
20.0,0.07077512890100479
22.0,0.07007699459791183
24.0,0.06940603256225586
26.0,0.06880535185337067
28.0,0.06827545166015625
30.0,0.06776460260152817
32.0,0.06725921481847763
36.0,0.06616507470607758
40.0,0.06505667418241501
44.0,0.06393734365701675
48.0,0.06277533620595932
52.0,0.06156172603368759
56.0,0.06038554757833481
60.0,0.059335947036743164
64.0,0.05837632715702057
72.0,0.05657795071601868
80.0,0.054869960993528366
88.0,0.053189415484666824
96.0,0.05177769437432289
104.0,0.05047089233994484
112.0,0.04929235950112343
120.0,0.04815657064318657
128.0,0.04713773727416992
144.0,0.04505917429924011
160.0,0.04233233258128166
176.0,0.0400707982480526
192.0,0.03843386843800545
208.0,0.03644195944070816
224.0,0.03494592756032944
240.0,0.03317510709166527
256.0,0.031360775232315063
288.0,0.029776927083730698
320.0,0.029228098690509796
352.0,0.027710821479558945
384.0,0.026462124660611153
416.0,0.024575253948569298
448.0,0.02204778790473938
480.0,0.02003042958676815
512.0,0.019432108849287033
576.0,0.015229183249175549
640.0,0.01210081111639738
704.0,0.009725994430482388
768.0,0.007658274378627539
832.0,0.005492519121617079
896.0,0.003548512700945139
960.0,0.001633655047044158
1024.0,-0.0015827651368454099
1152.0,-0.004043246153742075
1280.0,-0.00333192921243608
1408.0,-0.0018053834792226553
1536.0,-0.004993152339011431
1664.0,-0.013193470425903797
1792.0,-0.015785060822963715
1920.0,-0.015078267082571983
2048.0,-0.01638716086745262
2304.0,-0.012951633892953396
2560.0,-0.013017641380429268
2816.0,-0.005674134008586407
3072.0,-0.006421155296266079
3328.0,-0.007189092226326466
3584.0,-0.0009398501133546233
3840.0,0.0032586203888058662
4096.0,0.0002574034151621163
4608.0,0.00505808973684907
5120.0,0.008326970972120762
5632.0,0.011678754352033138
6144.0,0.017677074298262596
6656.0,0.0014964684378355742
7168.0,-0.024129988625645638
7680.0,-0.02246917597949505
8192.0,-0.014153067022562027
end
