version,3.0
numOfCh,1
type,point
parent_name,fe81d_0dot069-0dot1
ch_type,1_1
kcount,1
numberNandB,1
brightnessNandB,1
carpet pos,0
pc,0
Time (ms),CH1 Auto-Correlation
1.0,0.06475328654050827
2.0,0.06430438905954361
3.0,0.06385747343301773
4.0,0.0634109154343605
5.0,0.06297815591096878
6.0,0.0625600665807724
7.0,0.06215815246105194
8.0,0.06175283342599869
9.0,0.06135556846857071
10.0,0.06097434088587761
11.0,0.060605790466070175
12.0,0.0602586530148983
13.0,0.05991546809673309
14.0,0.05958138033747673
15.0,0.059251971542835236
16.0,0.05893518403172493
18.0,0.05831964313983917
20.0,0.05770497024059296
22.0,0.057117246091365814
24.0,0.056537698954343796
26.0,0.0559731051325798
28.0,0.05542127043008804
30.0,0.05488208681344986
32.0,0.05434310436248779
36.0,0.05329924821853638
40.0,0.05237556993961334
44.0,0.051516663283109665
48.0,0.05069119855761528
52.0,0.04990878701210022
56.0,0.04909483343362808
60.0,0.04827217385172844
64.0,0.04752146452665329
72.0,0.046132978051900864
80.0,0.04472804069519043
88.0,0.04355490952730179
96.0,0.04263221099972725
104.0,0.042034853249788284
112.0,0.04170728102326393
120.0,0.04129551723599434
128.0,0.04079899191856384
144.0,0.03981485590338707
160.0,0.03894392400979996
176.0,0.037739645689725876
192.0,0.036339208483695984
208.0,0.03502857685089111
224.0,0.033913735300302505
240.0,0.03317906707525253
256.0,0.03277003392577171
288.0,0.03183724731206894
320.0,0.029681894928216934
352.0,0.02697155997157097
384.0,0.025176754221320152
416.0,0.024205736815929413
448.0,0.024409063160419464
480.0,0.02492869459092617
512.0,0.025232534855604172
576.0,0.026345567777752876
640.0,0.026716889813542366
704.0,0.025856025516986847
768.0,0.024785837158560753
832.0,0.02354581654071808
896.0,0.020866403356194496
960.0,0.018547726795077324
1024.0,0.016550257802009583
1152.0,0.012963229790329933
1280.0,0.011812984943389893
1408.0,0.011447829194366932
1536.0,0.010176426731050014
1664.0,0.0107417656108737
1792.0,0.0068341647274792194
1920.0,0.0020780533086508512
2048.0,-0.002258691005408764
2304.0,-0.0096678975969553
2560.0,-0.013080189004540443
2816.0,-0.015295407734811306
3072.0,-0.017659075558185577
3328.0,-0.014388103038072586
3584.0,-0.00981237180531025
3840.0,-0.010583159513771534
4096.0,-0.01308385655283928
4608.0,-0.00161452975589782
5120.0,0.010031028650701046
5632.0,0.011625058948993683
6144.0,0.01261267438530922
6656.0,0.016946006566286087
7168.0,0.009026039391756058
7680.0,-0.003440264845266938
8192.0,-0.014720077626407146
end
