version,3.0
numOfCh,1
type,point
parent_name,34a6d_1dot0-0dot01
ch_type,1_1
kcount,1
numberNandB,1
brightnessNandB,1
carpet pos,0
pc,0
Time (ms),CH1 Auto-Correlation
1.0,0.3056187033653259
2.0,0.30343690514564514
3.0,0.30126580595970154
4.0,0.2991323471069336
5.0,0.29720184206962585
6.0,0.29538172483444214
7.0,0.293715238571167
8.0,0.2920956611633301
9.0,0.290554940700531
10.0,0.28903594613075256
11.0,0.28755468130111694
12.0,0.2861480712890625
13.0,0.28477030992507935
14.0,0.2833801507949829
15.0,0.28201037645339966
16.0,0.2806774079799652
18.0,0.27810463309288025
20.0,0.2755996286869049
22.0,0.2732762396335602
24.0,0.27099061012268066
26.0,0.26864317059516907
28.0,0.2662045359611511
30.0,0.2640244960784912
32.0,0.26189783215522766
36.0,0.2579672634601593
40.0,0.25374752283096313
44.0,0.24989324808120728
48.0,0.24611131846904755
52.0,0.24197177588939667
56.0,0.23808661103248596
60.0,0.23513102531433105
64.0,0.23254629969596863
72.0,0.2265484482049942
80.0,0.22116661071777344
88.0,0.21654492616653442
96.0,0.21229644119739532
104.0,0.20909245312213898
112.0,0.20624834299087524
120.0,0.2046319991350174
128.0,0.20294924080371857
144.0,0.20063786208629608
160.0,0.19815006852149963
176.0,0.1968311071395874
192.0,0.19761522114276886
208.0,0.19957317411899567
224.0,0.1990242451429367
240.0,0.19571039080619812
256.0,0.19194576144218445
288.0,0.18053944408893585
320.0,0.1701725274324417
352.0,0.16239294409751892
384.0,0.15468783676624298
416.0,0.1458202749490738
448.0,0.1381894052028656
480.0,0.1325327754020691
512.0,0.12164606153964996
576.0,0.08980642259120941
640.0,0.0683664083480835
704.0,0.0504557341337204
768.0,0.03166038915514946
832.0,0.011206978932023048
896.0,-0.006343132816255093
960.0,-0.019031692296266556
1024.0,-0.029255367815494537
1152.0,-0.03326090797781944
1280.0,-0.02808525785803795
1408.0,-0.014802200719714165
1536.0,0.016488168388605118
1664.0,0.048744212836027145
1792.0,0.06161562725901604
1920.0,0.0820862278342247
2048.0,0.11011141538619995
2304.0,0.10706225782632828
2560.0,0.058832183480262756
2816.0,-0.0014443856198340654
3072.0,-0.06673943996429443
3328.0,-0.09810510277748108
3584.0,-0.07360159605741501
3840.0,-0.029464198276400566
4096.0,0.0112935621291399
4608.0,0.01684221252799034
5120.0,-0.04135916754603386
5632.0,-0.09486687928438187
6144.0,-0.13505937159061432
6656.0,-0.09510895609855652
7168.0,-0.10207072645425797
7680.0,-0.21831771731376648
8192.0,-0.3571699261665344
end
