version,3.0
numOfCh,1
type,point
parent_name,34a6d_1dot0-0dot01
ch_type,1_1
kcount,1
numberNandB,1
brightnessNandB,1
carpet pos,0
pc,0
Time (ms),CH1 Auto-Correlation
1.0,0.10876692086458206
2.0,0.10474428534507751
3.0,0.10105825215578079
4.0,0.09765520691871643
5.0,0.09445200115442276
6.0,0.09147078543901443
7.0,0.08857365697622299
8.0,0.08574984967708588
9.0,0.08472928404808044
10.0,0.08379043638706207
11.0,0.08272308856248856
12.0,0.08179731667041779
13.0,0.08092329651117325
14.0,0.07992460578680038
15.0,0.07902409136295319
16.0,0.07821359485387802
18.0,0.07688445597887039
20.0,0.07569142431020737
22.0,0.07463210821151733
24.0,0.07360228151082993
26.0,0.07262584567070007
28.0,0.07193353027105331
30.0,0.07137484103441238
32.0,0.0707438513636589
36.0,0.06871042400598526
40.0,0.06703566759824753
44.0,0.0655694305896759
48.0,0.06441006809473038
52.0,0.06373200565576553
56.0,0.06355370581150055
60.0,0.06350425630807877
64.0,0.06293582916259766
72.0,0.06083732470870018
80.0,0.05968622490763664
88.0,0.05932307615876198
96.0,0.05883666127920151
104.0,0.057232458144426346
112.0,0.055711060762405396
120.0,0.05418753996491432
128.0,0.05318072810769081
144.0,0.05143582448363304
160.0,0.05110366642475128
176.0,0.0495510958135128
192.0,0.04738107696175575
208.0,0.044286053627729416
224.0,0.042947251349687576
240.0,0.042657531797885895
256.0,0.042578257620334625
288.0,0.038913626223802567
320.0,0.03581979125738144
352.0,0.032004088163375854
384.0,0.029387008398771286
416.0,0.028394311666488647
448.0,0.02658449113368988
480.0,0.024763207882642746
512.0,0.020373865962028503
576.0,0.01627107337117195
640.0,0.014362013898789883
704.0,0.01223989948630333
768.0,0.011114882305264473
832.0,0.010722978040575981
896.0,0.011313785798847675
960.0,0.010902142152190208
1024.0,0.010453562252223492
1152.0,0.007905191741883755
1280.0,0.009128605015575886
1408.0,0.012306752614676952
1536.0,0.013354804366827011
1664.0,0.01327295508235693
1792.0,0.01338540855795145
1920.0,0.00956292636692524
2048.0,0.009224103763699532
2304.0,0.02271805703639984
2560.0,0.027521921321749687
2816.0,0.023247962817549706
3072.0,0.017356907948851585
3328.0,0.0022043604403734207
3584.0,-0.009836017154157162
3840.0,-0.009598656557500362
4096.0,-0.0067786299623548985
4608.0,-0.010195953771471977
5120.0,-0.006937648169696331
5632.0,-0.013466444797813892
6144.0,-0.019801290705800056
6656.0,-0.029940025880932808
7168.0,-0.03149137645959854
7680.0,-0.02707117795944214
8192.0,-0.01720379665493965
end
