version,3.0
numOfCh,1
type,point
parent_name,ff67b_10dot0-0dot01
ch_type,1_1
kcount,1
numberNandB,1
brightnessNandB,1
carpet pos,0
pc,0
Time (ms),CH1 Auto-Correlation
1.0,0.03841875120997429
2.0,0.03255429118871689
3.0,0.02953546866774559
4.0,0.027095738798379898
5.0,0.025477679446339607
6.0,0.024710796773433685
7.0,0.024131981655955315
8.0,0.023215411230921745
9.0,0.023017747327685356
10.0,0.02267153561115265
11.0,0.022427674382925034
12.0,0.021133748814463615
13.0,0.020634498447179794
14.0,0.021197274327278137
15.0,0.020850805565714836
16.0,0.01983431726694107
18.0,0.018754171207547188
20.0,0.01877819001674652
22.0,0.018746642395853996
24.0,0.01797611266374588
26.0,0.017572831362485886
28.0,0.01747017912566662
30.0,0.017895059660077095
32.0,0.017603188753128052
36.0,0.01690591126680374
40.0,0.01699081063270569
44.0,0.016861841082572937
48.0,0.016457833349704742
52.0,0.015577726997435093
56.0,0.01479333359748125
60.0,0.013942060992121696
64.0,0.014124932698905468
72.0,0.013868764974176884
80.0,0.013909260742366314
88.0,0.012822205200791359
96.0,0.012687250040471554
104.0,0.01198555901646614
112.0,0.011261234059929848
120.0,0.010513226501643658
128.0,0.010770566761493683
144.0,0.008940565399825573
160.0,0.008593251928687096
176.0,0.008573789149522781
192.0,0.0065276059322059155
208.0,0.005280955228954554
224.0,0.0060773626901209354
240.0,0.005016070790588856
256.0,0.00508276280015707
288.0,0.004565737210214138
320.0,0.005006031598895788
352.0,0.005075384862720966
384.0,0.005028197541832924
416.0,0.005366066936403513
448.0,0.004915878176689148
480.0,0.002906340640038252
512.0,0.003216254059225321
576.0,0.005167211405932903
640.0,0.005914218258112669
704.0,0.0068112206645309925
768.0,0.00592526700347662
832.0,0.0044762068428099155
896.0,0.00203094445168972
960.0,0.0014955338556319475
1024.0,0.00041781755862757564
1152.0,0.0004442810022737831
1280.0,0.001613084808923304
1408.0,0.0029254823457449675
1536.0,0.0028619731310755014
1664.0,0.00449727475643158
1792.0,0.004360515624284744
1920.0,0.003248561406508088
2048.0,0.004642786458134651
2304.0,0.0011197285493835807
2560.0,-0.002873913152143359
2816.0,-0.003112735692411661
3072.0,-0.005356877110898495
3328.0,-0.0034600566141307354
3584.0,-0.005698461085557938
3840.0,-0.004415325820446014
4096.0,-0.004266865085810423
end
