version,3.0
numOfCh,1
type,point
parent_name,ff67b_10dot0-0dot01
ch_type,1_1
kcount,1
numberNandB,1
brightnessNandB,1
carpet pos,0
pc,0
Time (ms),CH1 Auto-Correlation
1.0,0.026566701009869576
2.0,0.020346447825431824
3.0,0.017367903143167496
4.0,0.015104041434824467
5.0,0.014111836440861225
6.0,0.012632736004889011
7.0,0.012321291491389275
8.0,0.012023071758449078
9.0,0.011473467573523521
10.0,0.010846125893294811
11.0,0.01019762922078371
12.0,0.010705787688493729
13.0,0.010700707323849201
14.0,0.009763805195689201
15.0,0.008983654901385307
16.0,0.009132396429777145
18.0,0.010242708027362823
20.0,0.009875399060547352
22.0,0.009213674813508987
24.0,0.008721401914954185
26.0,0.008080873638391495
28.0,0.0071829636581242085
30.0,0.006838447879999876
32.0,0.0065231467597186565
36.0,0.006094890180975199
40.0,0.006489747203886509
44.0,0.0067533995024859905
48.0,0.005709386430680752
52.0,0.004655754193663597
56.0,0.005565454717725515
60.0,0.005741009023040533
64.0,0.0059949797578155994
72.0,0.005762520711869001
80.0,0.005778254475444555
88.0,0.005215045064687729
96.0,0.005326382350176573
104.0,0.005175490863621235
112.0,0.005145912058651447
120.0,0.004682489670813084
128.0,0.003894154215231538
144.0,0.0037353504449129105
160.0,0.0031275455839931965
176.0,0.0025231565814465284
192.0,0.0029960593674331903
208.0,0.003377357730641961
224.0,0.004149334505200386
240.0,0.004203371237963438
256.0,0.004751726984977722
288.0,0.004722203593701124
320.0,0.003379242727532983
352.0,0.0037328582257032394
384.0,0.003611620282754302
416.0,0.0022401707246899605
448.0,0.0013120092917233706
480.0,0.0008505646255798638
512.0,0.0005023411940783262
576.0,0.0009264141554012895
640.0,0.0005744766676798463
704.0,0.0009861470898613334
768.0,-0.0007322757155634463
832.0,-0.000964119506534189
896.0,-0.0012281228555366397
960.0,0.00018154611461795866
1024.0,-0.0012919362634420395
1152.0,-0.0016450295224785805
1280.0,-0.0021431392524391413
1408.0,-0.002022385597229004
1536.0,-0.002824298106133938
1664.0,-0.0011439898516982794
1792.0,-0.0016348790377378464
1920.0,0.0003103872877545655
2048.0,-0.00025111588183790445
2304.0,0.0003395936219021678
2560.0,-2.090313682856504e-05
2816.0,-0.0018061008304357529
3072.0,-0.0054773068986833096
3328.0,-0.006481140851974487
3584.0,-0.004020963795483112
3840.0,-0.0013742158189415932
4096.0,-0.00047956561320461333
end
