version,3.0
numOfCh,1
type,point
parent_name,484af_0dot069-0dot01
ch_type,1_1
kcount,1
numberNandB,1
brightnessNandB,1
carpet pos,0
pc,0
Time (ms),CH1 Auto-Correlation
1.0,0.09083778411149979
2.0,0.08998841047286987
3.0,0.08914855867624283
4.0,0.08831676095724106
5.0,0.08744487166404724
6.0,0.08656907081604004
7.0,0.08573246747255325
8.0,0.08487608283758163
9.0,0.08399423956871033
10.0,0.08318806439638138
11.0,0.08234889805316925
12.0,0.08148660510778427
13.0,0.08067834377288818
14.0,0.07981798052787781
15.0,0.0789642184972763
16.0,0.07817880064249039
18.0,0.07620754092931747
20.0,0.07465436309576035
22.0,0.07297948002815247
24.0,0.07126691937446594
26.0,0.06969397515058517
28.0,0.06816989928483963
30.0,0.06683298945426941
32.0,0.06552157551050186
36.0,0.06266874074935913
40.0,0.05976545438170433
44.0,0.05668557062745094
48.0,0.053546056151390076
52.0,0.05029296875
56.0,0.04708161577582359
60.0,0.0440993495285511
64.0,0.04265211895108223
72.0,0.04096405580639839
80.0,0.0391903817653656
88.0,0.03771934658288956
96.0,0.03631081059575081
104.0,0.03499234840273857
112.0,0.033687520772218704
120.0,0.03250984475016594
128.0,0.03138295188546181
144.0,0.030741123482584953
160.0,0.02988702431321144
176.0,0.028913691639900208
192.0,0.02647431194782257
208.0,0.02338504232466221
224.0,0.021015053614974022
240.0,0.018630269914865494
256.0,0.016002584248781204
288.0,0.010092029348015785
320.0,0.007281155325472355
352.0,0.005848289001733065
384.0,0.004762060474604368
416.0,0.003259110264480114
448.0,0.0026796716265380383
480.0,0.0027068154886364937
512.0,0.001992139732465148
576.0,-0.0013591671595349908
640.0,-0.0033255768939852715
704.0,-0.006869064178317785
768.0,-0.015621164813637733
832.0,-0.019783275201916695
896.0,-0.01653135009109974
960.0,-0.012501901015639305
1024.0,-0.011973218061029911
1152.0,-0.006630666553974152
1280.0,-0.006200865376740694
1408.0,-0.0073056588880717754
1536.0,-0.009378147311508656
1664.0,-0.0050124735571444035
1792.0,-0.0039026858285069466
1920.0,-0.0073552317917346954
2048.0,-0.008654192090034485
2304.0,-0.004713247995823622
2560.0,-0.004480971489101648
2816.0,-0.006816012319177389
3072.0,-0.00553805660456419
3328.0,-0.004760077688843012
3584.0,-0.007380339317023754
3840.0,0.010814286768436432
4096.0,0.01562328077852726
end
