version,3.0
numOfCh,1
type,point
parent_name,34766_0dot069-0dot1
ch_type,1_1
kcount,1
numberNandB,1
brightnessNandB,1
carpet pos,0
pc,0
Time (ms),CH1 Auto-Correlation
1.0,0.06385502219200134
2.0,0.06342177838087082
3.0,0.06296985596418381
4.0,0.06253188103437424
5.0,0.062102071940898895
6.0,0.06168154999613762
7.0,0.06127484515309334
8.0,0.060871515423059464
9.0,0.060479599982500076
10.0,0.060104817152023315
11.0,0.059743691235780716
12.0,0.05939631536602974
13.0,0.05906488001346588
14.0,0.058734919875860214
15.0,0.05841556936502457
16.0,0.058095533400774
18.0,0.05747963860630989
20.0,0.05688459426164627
22.0,0.05631542578339577
24.0,0.0557524599134922
26.0,0.055204812437295914
28.0,0.05467719957232475
30.0,0.05414260923862457
32.0,0.05360852926969528
36.0,0.05260472744703293
40.0,0.05170922353863716
44.0,0.050869349390268326
48.0,0.050059180706739426
52.0,0.04929514601826668
56.0,0.04849899187684059
60.0,0.047694846987724304
64.0,0.046934183686971664
72.0,0.04555018991231918
80.0,0.04417625069618225
88.0,0.043034330010414124
96.0,0.04217753931879997
104.0,0.04168296977877617
112.0,0.04129655659198761
120.0,0.040828220546245575
128.0,0.04024716094136238
144.0,0.039269912987947464
160.0,0.038447435945272446
176.0,0.03717392310500145
192.0,0.035791102796792984
208.0,0.0346062034368515
224.0,0.033666063100099564
240.0,0.03295566886663437
256.0,0.032582417130470276
288.0,0.0313844308257103
320.0,0.02913379669189453
352.0,0.026435060426592827
384.0,0.024935849010944366
416.0,0.024311760440468788
448.0,0.024598076939582825
480.0,0.02483472041785717
512.0,0.025313204154372215
576.0,0.026535985991358757
640.0,0.026362046599388123
704.0,0.02554626762866974
768.0,0.024113714694976807
832.0,0.023160725831985474
896.0,0.020010659471154213
960.0,0.018297215923666954
1024.0,0.01595865748822689
1152.0,0.012526835314929485
1280.0,0.012162507511675358
1408.0,0.011420668102800846
1536.0,0.010419494472444057
1664.0,0.008686459623277187
1792.0,0.006144783925265074
1920.0,0.002554036909714341
2048.0,-0.002255580620840192
2304.0,-0.008237861096858978
2560.0,-0.011986960656940937
2816.0,-0.013715522363781929
3072.0,-0.01709197834134102
3328.0,-0.014476899057626724
3584.0,-0.010468344204127789
3840.0,-0.009578184224665165
4096.0,-0.011922376230359077
4608.0,-0.0012073367834091187
5120.0,0.00842013955116272
5632.0,0.011519283056259155
6144.0,0.01273315865546465
6656.0,0.016239315271377563
7168.0,0.00892514269798994
7680.0,-0.002741770585998893
8192.0,-0.01590781658887863
end
