version,3.0
numOfCh,1
type,point
parent_name,34766_0dot069-0dot1
ch_type,1_1
kcount,1
numberNandB,1
brightnessNandB,1
carpet pos,0
pc,0
Time (ms),CH1 Auto-Correlation
1.0,0.14246566593647003
2.0,0.14161694049835205
3.0,0.14089104533195496
4.0,0.1402033269405365
5.0,0.13952325284481049
6.0,0.13889889419078827
7.0,0.1383092850446701
8.0,0.13772448897361755
9.0,0.13713915646076202
10.0,0.136550635099411
11.0,0.13598811626434326
12.0,0.1354081630706787
13.0,0.13485102355480194
14.0,0.13431191444396973
15.0,0.1337820589542389
16.0,0.13326916098594666
18.0,0.1322401762008667
20.0,0.13131023943424225
22.0,0.1304394155740738
24.0,0.12961053848266602
26.0,0.1288650631904602
28.0,0.12819692492485046
30.0,0.12760265171527863
32.0,0.12702076137065887
36.0,0.12586818635463715
40.0,0.12476039677858353
44.0,0.1235746294260025
48.0,0.12238751351833344
52.0,0.12108197063207626
56.0,0.1198483407497406
60.0,0.11855795234441757
64.0,0.1171920970082283
72.0,0.11474533379077911
80.0,0.11225530505180359
88.0,0.10979843139648438
96.0,0.10745398700237274
104.0,0.10494881868362427
112.0,0.10261029750108719
120.0,0.10052560269832611
128.0,0.09833614528179169
144.0,0.09360027313232422
160.0,0.08900352567434311
176.0,0.08475860953330994
192.0,0.08035604655742645
208.0,0.07614995539188385
224.0,0.07154454290866852
240.0,0.06740029156208038
256.0,0.0634695440530777
288.0,0.05560600385069847
320.0,0.04903484880924225
352.0,0.04227753356099129
384.0,0.03704943507909775
416.0,0.031437188386917114
448.0,0.02631271630525589
480.0,0.021959390491247177
512.0,0.019706057384610176
576.0,0.01976143568754196
640.0,0.02091941609978676
704.0,0.028047004714608192
768.0,0.03729017823934555
832.0,0.044318269938230515
896.0,0.05170825496315956
960.0,0.06137148290872574
1024.0,0.06727229803800583
1152.0,0.06995559483766556
1280.0,0.05581580474972725
1408.0,0.036476630717515945
1536.0,0.022547749802470207
1664.0,0.02025514282286167
1792.0,0.024441907182335854
1920.0,0.03278404474258423
2048.0,0.04570490121841431
2304.0,0.0391344390809536
2560.0,0.01897028647363186
2816.0,0.008810161612927914
3072.0,0.011942610144615173
3328.0,0.016290685161948204
3584.0,0.007003801874816418
3840.0,-0.0015731139574199915
4096.0,-0.0034731861669570208
4608.0,-0.016774503514170647
5120.0,-0.019571561366319656
5632.0,-0.03794417157769203
6144.0,-0.054723117500543594
6656.0,-0.052226245403289795
7168.0,-0.06054489314556122
7680.0,-0.05340534821152687
8192.0,-0.05605126544833183
end
