version,3.0
numOfCh,1
type,point
parent_name,34766_0dot069-0dot1
ch_type,1_1
kcount,1
numberNandB,1
brightnessNandB,1
carpet pos,0
pc,0
Time (ms),CH1 Auto-Correlation
1.0,0.0849846750497818
2.0,0.08413339406251907
3.0,0.08330117911100388
4.0,0.08247991651296616
5.0,0.08162718266248703
6.0,0.08079202473163605
7.0,0.08000130951404572
8.0,0.07927446812391281
9.0,0.07856055349111557
10.0,0.07785716652870178
11.0,0.07720375061035156
12.0,0.07657881826162338
13.0,0.07600891590118408
14.0,0.07545377314090729
15.0,0.07489665597677231
16.0,0.07433658838272095
18.0,0.07318507879972458
20.0,0.07203707844018936
22.0,0.07092990726232529
24.0,0.06991354376077652
26.0,0.06891743838787079
28.0,0.06797954440116882
30.0,0.06702317297458649
32.0,0.06606924533843994
36.0,0.06445001065731049
40.0,0.06323637068271637
44.0,0.06222373992204666
48.0,0.061292003840208054
52.0,0.06034940853714943
56.0,0.059502799063920975
60.0,0.05880366638302803
64.0,0.058187954127788544
72.0,0.05690300837159157
80.0,0.05537337809801102
88.0,0.05369715392589569
96.0,0.05201804265379906
104.0,0.05045122280716896
112.0,0.04898856207728386
120.0,0.04764755815267563
128.0,0.04662547633051872
144.0,0.04538075998425484
160.0,0.044224441051483154
176.0,0.04258575290441513
192.0,0.04053269699215889
208.0,0.03889346495270729
224.0,0.03677729144692421
240.0,0.03378700464963913
256.0,0.030914880335330963
288.0,0.02585771307349205
320.0,0.021672066301107407
352.0,0.017709560692310333
384.0,0.01412356086075306
416.0,0.011614489369094372
448.0,0.010640420950949192
480.0,0.010922680608928204
512.0,0.010586771182715893
576.0,0.011205105111002922
640.0,0.009142180904746056
704.0,0.006760708522051573
768.0,0.006470261607319117
832.0,0.007119744084775448
896.0,0.008013340644538403
960.0,0.006633915472775698
1024.0,0.006344018969684839
1152.0,0.0021870580967515707
1280.0,-0.0023087456356734037
1408.0,0.00292140687815845
1536.0,0.009853153489530087
1664.0,0.011533689685165882
1792.0,0.007697663735598326
1920.0,0.007949589751660824
2048.0,0.007675867062062025
2304.0,0.008631700649857521
2560.0,-0.0019788972567766905
2816.0,-0.008727517910301685
3072.0,-0.000598596700001508
3328.0,0.008045485243201256
3584.0,0.0030291436705738306
3840.0,-0.008922983892261982
4096.0,-0.012232154607772827
4608.0,-0.012583394534885883
5120.0,-0.020167959854006767
5632.0,-0.00922114122658968
6144.0,-0.0011590251233428717
6656.0,-0.012705238536000252
7168.0,-0.02467264235019684
7680.0,-0.012724974192678928
8192.0,0.0027568251825869083
end
