version,3.0
numOfCh,1
type,point
parent_name,34766_0dot069-0dot1
ch_type,1_1
kcount,1
numberNandB,1
brightnessNandB,1
carpet pos,0
pc,0
Time (ms),CH1 Auto-Correlation
1.0,0.08537513017654419
2.0,0.0848025530576706
3.0,0.08426488190889359
4.0,0.08376076817512512
5.0,0.0833037868142128
6.0,0.08284653723239899
7.0,0.08238872140645981
8.0,0.08195958286523819
9.0,0.0815434604883194
10.0,0.08112943172454834
11.0,0.08073066174983978
12.0,0.08033224195241928
13.0,0.07992947846651077
14.0,0.07953594624996185
15.0,0.07914996892213821
16.0,0.07876817882061005
18.0,0.07801645249128342
20.0,0.07730069011449814
22.0,0.07659973204135895
24.0,0.07585198432207108
26.0,0.07515696436166763
28.0,0.07454264909029007
30.0,0.07395610958337784
32.0,0.07336092740297318
36.0,0.07223955541849136
40.0,0.07111833989620209
44.0,0.06999915838241577
48.0,0.068923719227314
52.0,0.0677604153752327
56.0,0.06650896370410919
60.0,0.06535802036523819
64.0,0.0643390342593193
72.0,0.06254160404205322
80.0,0.06095002591609955
88.0,0.059401895850896835
96.0,0.057799018919467926
104.0,0.05628559738397598
112.0,0.05471334233880043
120.0,0.05330490320920944
128.0,0.051991626620292664
144.0,0.04929593950510025
160.0,0.04670664295554161
176.0,0.0443732813000679
192.0,0.042201317846775055
208.0,0.040133535861968994
224.0,0.03777368739247322
240.0,0.03558925539255142
256.0,0.03357771784067154
288.0,0.029603267088532448
320.0,0.02619001269340515
352.0,0.023907039314508438
384.0,0.02370055392384529
416.0,0.02317928336560726
448.0,0.022499095648527145
480.0,0.021640464663505554
512.0,0.020068654790520668
576.0,0.01673053205013275
640.0,0.01428898237645626
704.0,0.01242081169039011
768.0,0.010374965146183968
832.0,0.00726903323084116
896.0,0.007964331656694412
960.0,0.010386086069047451
1024.0,0.0124545618891716
1152.0,0.016692208126187325
1280.0,0.017345158383250237
1408.0,0.015136794187128544
1536.0,0.010873101651668549
1664.0,0.013078415766358376
1792.0,0.016899067908525467
1920.0,0.015878504142165184
2048.0,0.014811675064265728
2304.0,0.011267667636275291
2560.0,-0.002356927841901779
2816.0,0.0011813042219728231
3072.0,-0.0019166289130225778
3328.0,-0.002057935344055295
3584.0,-0.001421046443283558
3840.0,0.004693204071372747
4096.0,-0.006095415912568569
4608.0,-0.014684947207570076
5120.0,-0.01703178882598877
5632.0,-0.011851588264107704
6144.0,-0.0009415296954102814
6656.0,-0.01755363494157791
7168.0,-0.010744607076048851
7680.0,-0.0023978694807738066
8192.0,0.011431773193180561
end
