version,3.0
numOfCh,1
type,point
parent_name,34766_0dot069-0dot1
ch_type,1_1
kcount,1
numberNandB,1
brightnessNandB,1
carpet pos,0
pc,0
Time (ms),CH1 Auto-Correlation
1.0,0.0698392316699028
2.0,0.06917835772037506
3.0,0.06852883100509644
4.0,0.0679214745759964
5.0,0.06733989715576172
6.0,0.06676878035068512
7.0,0.06626469641923904
8.0,0.06577476114034653
9.0,0.06530190259218216
10.0,0.06490248441696167
11.0,0.06447891891002655
12.0,0.06409752368927002
13.0,0.06371519714593887
14.0,0.06335516273975372
15.0,0.06299551576375961
16.0,0.0626482293009758
18.0,0.06195039674639702
20.0,0.06126329302787781
22.0,0.06057232618331909
24.0,0.05989069491624832
26.0,0.059137266129255295
28.0,0.058366745710372925
30.0,0.05760343000292778
32.0,0.056872621178627014
36.0,0.055584970861673355
40.0,0.05446615442633629
44.0,0.05339023098349571
48.0,0.052343469113111496
52.0,0.05126122757792473
56.0,0.0502227246761322
60.0,0.04912298917770386
64.0,0.04814181849360466
72.0,0.04653426632285118
80.0,0.044892728328704834
88.0,0.04360575973987579
96.0,0.042346175760030746
104.0,0.04110732302069664
112.0,0.03989419341087341
120.0,0.03875201568007469
128.0,0.03739471733570099
144.0,0.03430688753724098
160.0,0.03171641007065773
176.0,0.02919854037463665
192.0,0.02690032869577408
208.0,0.025423986837267876
224.0,0.024342143908143044
240.0,0.023219460621476173
256.0,0.021892979741096497
288.0,0.020610608160495758
320.0,0.02031402848660946
352.0,0.02066453918814659
384.0,0.02059970796108246
416.0,0.02013293467462063
448.0,0.019532451406121254
480.0,0.019270258024334908
512.0,0.018947603181004524
576.0,0.013992073014378548
640.0,0.0131383640691638
704.0,0.015368168242275715
768.0,0.01573246344923973
832.0,0.015483380295336246
896.0,0.012706154026091099
960.0,0.009562980383634567
1024.0,0.007398853078484535
1152.0,0.008641346357762814
1280.0,0.01136923860758543
1408.0,0.010201522149145603
1536.0,0.011846375651657581
1664.0,0.009200888685882092
1792.0,0.0036494312807917595
1920.0,0.007226327434182167
2048.0,0.011324778199195862
2304.0,0.009595312178134918
2560.0,0.00969413761049509
2816.0,3.7491035982384346e-06
3072.0,-0.0011911287438124418
3328.0,-0.0005453946650959551
3584.0,-0.0059272004291415215
3840.0,-0.009792924858629704
4096.0,-0.005267300643026829
4608.0,-0.006814252119511366
5120.0,-0.006347121670842171
5632.0,-0.01432357169687748
6144.0,-0.02449602633714676
6656.0,-0.020338887348771095
7168.0,-0.02120054140686989
7680.0,-0.009537529200315475
8192.0,-0.022980744019150734
end
