version,3.0
numOfCh,1
type,point
parent_name,fe81d_0dot08-0dot01
ch_type,1_1
kcount,1
numberNandB,1
brightnessNandB,1
carpet pos,0
pc,0
Time (ms),CH1 Auto-Correlation
1.0,0.03196214884519577
2.0,0.03162950649857521
3.0,0.031308840960264206
4.0,0.031001172959804535
5.0,0.03068683296442032
6.0,0.03036746382713318
7.0,0.030044639483094215
8.0,0.02972361631691456
9.0,0.02940874733030796
10.0,0.029103638604283333
11.0,0.0288082268089056
12.0,0.028521476313471794
13.0,0.02823769673705101
14.0,0.027951261028647423
15.0,0.027664870023727417
16.0,0.027384229004383087
18.0,0.02687903307378292
20.0,0.026395007967948914
22.0,0.025918474420905113
24.0,0.025472009554505348
26.0,0.025034794583916664
28.0,0.02459334209561348
30.0,0.024154627695679665
32.0,0.02375118061900139
36.0,0.022967129945755005
40.0,0.022210463881492615
44.0,0.021522117778658867
48.0,0.02087170071899891
52.0,0.020198579877614975
56.0,0.01948697306215763
60.0,0.018716653808951378
64.0,0.01801370643079281
72.0,0.01678439788520336
80.0,0.01571403257548809
88.0,0.01460573635995388
96.0,0.013522033579647541
104.0,0.012497680261731148
112.0,0.0116920480504632
120.0,0.010984977707266808
128.0,0.0103910556063056
144.0,0.009171704761683941
160.0,0.007342278026044369
176.0,0.005609299521893263
192.0,0.003924541175365448
208.0,0.00278726639226079
224.0,0.002378308679908514
240.0,0.0017815940082073212
256.0,0.0013083383673802018
288.0,0.000957913463935256
320.0,0.0003404413000680506
352.0,0.00022093686857260764
384.0,-0.0007990654557943344
416.0,-0.0002354475000174716
448.0,0.0006372001953423023
480.0,0.001052968087606132
512.0,0.0014978466788306832
576.0,0.0021408877801150084
640.0,0.002105973195284605
704.0,0.0004851862322539091
768.0,-0.0015299852238968015
832.0,-0.0017425704281777143
896.0,-0.0016840778989717364
960.0,-0.0008113769581541419
1024.0,0.0006618783809244633
1152.0,0.0021291917655617
1280.0,0.002296464517712593
1408.0,0.002686151070520282
1536.0,0.0021480494178831577
1664.0,0.0011120605049654841
1792.0,-0.002049401868134737
1920.0,-0.004963230807334185
2048.0,-0.0029617585241794586
2304.0,-0.0008937146048992872
2560.0,0.0051153660751879215
2816.0,0.009506856091320515
3072.0,0.0036021226551383734
3328.0,-0.0022455407306551933
3584.0,-0.0024744996335357428
3840.0,-0.0030431163031607866
4096.0,0.00012435822281986475
4608.0,-0.007146103773266077
5120.0,-0.0001594863279024139
5632.0,-0.0012187553802505136
6144.0,-0.001829272136092186
6656.0,-0.0066495356149971485
7168.0,-0.014336100779473782
end
