version,3.0
numOfCh,1
type,point
parent_name,fe81d_0dot08-0dot01
ch_type,1_1
kcount,1
numberNandB,1
brightnessNandB,1
carpet pos,0
pc,0
Time (ms),CH1 Auto-Correlation
1.0,0.06317606568336487
2.0,0.06244847550988197
3.0,0.06168539822101593
4.0,0.06083773449063301
5.0,0.0599869079887867
6.0,0.05913471058011055
7.0,0.058291129767894745
8.0,0.05755211040377617
9.0,0.056831710040569305
10.0,0.05618938431143761
11.0,0.055576737970113754
12.0,0.054937031120061874
13.0,0.05431780219078064
14.0,0.053774330765008926
15.0,0.053233277052640915
16.0,0.052705634385347366
18.0,0.051622889935970306
20.0,0.050559140741825104
22.0,0.04934963583946228
24.0,0.04813799634575844
26.0,0.04696081578731537
28.0,0.04585391655564308
30.0,0.04488315060734749
32.0,0.04399638622999191
36.0,0.04169975966215134
40.0,0.040394023060798645
44.0,0.03928558528423309
48.0,0.03826261684298515
52.0,0.03745606169104576
56.0,0.03669487312436104
60.0,0.0361098013818264
64.0,0.03567212447524071
72.0,0.0343659482896328
80.0,0.03317641466856003
88.0,0.03178497776389122
96.0,0.030186297371983528
104.0,0.02879375033080578
112.0,0.02743302658200264
120.0,0.025480972602963448
128.0,0.023924419656395912
144.0,0.02196379192173481
160.0,0.021108174696564674
176.0,0.020076805725693703
192.0,0.019048647955060005
208.0,0.01723623462021351
224.0,0.015726907178759575
240.0,0.014111771248281002
256.0,0.014132545329630375
288.0,0.01239209994673729
320.0,0.01016208529472351
352.0,0.007779280189424753
384.0,0.004975186660885811
416.0,0.003043560776859522
448.0,0.0013563858810812235
480.0,0.0008601078880019486
512.0,-0.00012054643593728542
576.0,-0.0006134711438789964
640.0,-0.0018439594423398376
704.0,-0.002706363797187805
768.0,-0.0021065922919660807
832.0,-0.0005246082437224686
896.0,0.002489423844963312
960.0,0.0051188780926167965
1024.0,0.0036281521897763014
1152.0,-0.002949443878605962
1280.0,-0.006690411362797022
1408.0,-0.009748892858624458
1536.0,-0.01031072810292244
1664.0,-0.008863675408065319
1792.0,-0.0032011508010327816
1920.0,0.004368295427411795
2048.0,0.0048730941489338875
2304.0,-0.004515222739428282
2560.0,-0.010974731296300888
2816.0,-0.011847596615552902
3072.0,-0.008158903568983078
3328.0,-0.012133371084928513
3584.0,-0.011533806100487709
3840.0,0.005734058562666178
4096.0,0.013520247302949429
end
