version,3.0
numOfCh,1
type,point
parent_name,labthresh-0dot04_avgcorrs
ch_type,1_1
kcount,1
numberNandB,1
brightnessNandB,1
carpet pos,0
pc,0
Time (ms),CH1 Auto-Correlation
1.0,0.2226787805557251
2.0,0.21694719791412354
3.0,0.21145784854888916
4.0,0.20604145526885986
5.0,0.20096802711486816
6.0,0.1960759162902832
7.0,0.19118285179138184
8.0,0.1863822191953659
9.0,0.18172065913677216
10.0,0.17744822800159454
11.0,0.1733098179101944
12.0,0.1693182736635208
13.0,0.16512097418308258
14.0,0.16088087856769562
15.0,0.1565367728471756
16.0,0.1519591063261032
18.0,0.14288295805454254
20.0,0.13563327491283417
22.0,0.12929265201091766
24.0,0.12351834774017334
26.0,0.11701339483261108
28.0,0.11047041416168213
30.0,0.1048651933670044
32.0,0.09971559047698975
36.0,0.10278177306324887
40.0,0.09372925019401702
44.0,0.08359320719526815
48.0,0.07266751657880377
52.0,0.06217433676301014
56.0,0.05155368873272978
60.0,0.04346547572640702
64.0,0.0334198972210288
72.0,0.028050209977664053
80.0,0.016081620124168694
88.0,0.01164662108203629
96.0,0.010542966032517143
104.0,0.009606022202206077
112.0,0.011978295289736707
120.0,0.015515455622420404
128.0,0.01904601271962747
144.0,0.010817313184296446
160.0,0.01511600473895669
176.0,0.026051193808338473
192.0,0.03279377702191206
208.0,0.031116952063582306
224.0,0.018354615379524018
240.0,-0.0034271419728891207
256.0,-0.024447257200685833
288.0,0.011330118920240138
320.0,-0.0027066940545207923
352.0,-0.011218300218590431
384.0,-0.033146061236038804
416.0,-0.053024349061565265
448.0,-0.04078726580418232
480.0,-0.0231004039136072
512.0,-0.05868289715403484
576.0,-0.03883644565939903
640.0,-0.03290498303249478
704.0,-0.037527606007643044
768.0,-0.039803458435926586
832.0,-0.06664827605709434
896.0,-0.08085151622071862
960.0,-0.08064774051308632
1024.0,-0.06455150371039053
1152.0,-0.06877616047859192
1280.0,-0.055706579238176346
1408.0,-0.02508898451924324
1536.0,-0.02083621174097061
1664.0,-0.005805674474686384
1792.0,0.016417240723967552
1920.0,0.04774297773838043
2048.0,0.0013334009563550353
end
