version,3.0
numOfCh,1
type,point
parent_name,labthresh-0dot04_avgcorrs
ch_type,1_1
kcount,1
numberNandB,1
brightnessNandB,1
carpet pos,0
pc,0
Time (ms),CH1 Auto-Correlation
1.0,0.1235184371471405
2.0,0.12017136067152023
3.0,0.1167154312133789
4.0,0.11323577165603638
5.0,0.11001377552747726
6.0,0.10688848048448563
7.0,0.10401317477226257
8.0,0.10102849453687668
9.0,0.09798569977283478
10.0,0.09476053714752197
11.0,0.09130948036909103
12.0,0.08810550719499588
13.0,0.08498132973909378
14.0,0.08199020475149155
15.0,0.07920242100954056
16.0,0.07669132202863693
18.0,0.07131268084049225
20.0,0.06630239635705948
22.0,0.061717841774225235
24.0,0.05677216127514839
26.0,0.05173209682106972
28.0,0.047119367867708206
30.0,0.04275737330317497
32.0,0.03819103166460991
36.0,0.05456061064989107
40.0,0.04760425671868559
44.0,0.04115981318588768
48.0,0.03550748146039301
52.0,0.03061311694660357
56.0,0.02597017804426806
60.0,0.02292842102474424
64.0,0.01755446264633065
72.0,0.011233803146751598
80.0,0.0024728818968503255
88.0,-0.004668401913713077
96.0,-0.009146267819839219
104.0,-0.013279133217616213
112.0,-0.017539487128723757
120.0,-0.02178749836793241
128.0,-0.024228767223226335
144.0,-0.03788199729474616
160.0,-0.057034700454789256
176.0,-0.07674202421774334
192.0,-0.08404243071258645
208.0,-0.08106808905999753
224.0,-0.06892917316872627
240.0,-0.04854972294664809
256.0,-0.021738482580985874
288.0,-0.03713772969786078
320.0,-0.053725013695657256
352.0,-0.06311859344132245
384.0,-0.07857132494682446
416.0,-0.0787421546614496
448.0,-0.059418199880747126
480.0,0.013061564452073071
512.0,0.010405804845504463
576.0,0.0017043605912476778
640.0,0.01279482338577509
704.0,0.006165651138871908
768.0,0.01107911136932671
832.0,0.018995709251612425
896.0,0.0005066795274615288
960.0,-0.018053418025374413
1024.0,-0.01947044115513563
end
