version,3.0
numOfCh,1
type,point
parent_name,labthresh-0dot04_avgcorrs
ch_type,1_1
kcount,1
numberNandB,1
brightnessNandB,1
carpet pos,0
pc,0
Time (ms),CH1 Auto-Correlation
1.0,0.02889878861606121
2.0,0.025995733216404915
3.0,0.023338310420513153
4.0,0.021732300519943237
5.0,0.020250394940376282
6.0,0.018969440832734108
7.0,0.017689593136310577
8.0,0.016387615352869034
9.0,0.014904610812664032
10.0,0.013305761851370335
11.0,0.012208906933665276
12.0,0.011232247576117516
13.0,0.01013406366109848
14.0,0.009180308319628239
15.0,0.008034994825720787
16.0,0.007142033893615007
18.0,0.005448587238788605
20.0,0.004938920494168997
22.0,0.004701381549239159
24.0,0.004047833848744631
26.0,0.0032585596200078726
28.0,0.0023778139147907495
30.0,0.0013030238099519113
32.0,0.0013321396086313244
36.0,0.0032456279829299697
40.0,0.0030298067675984283
44.0,0.002943482284637058
48.0,0.002535334477215656
52.0,0.0015509776324809839
56.0,0.0009818160300104257
60.0,0.0007019156229730203
64.0,0.0010065166395232903
72.0,0.0025529781371667263
80.0,0.0018944736394504698
88.0,0.0017873205480017614
96.0,-0.0004898030149950665
104.0,-0.0030551740078821736
112.0,-0.003864658976619301
120.0,-0.004404594708996063
128.0,-0.005596506505753496
144.0,-0.009232343423718703
160.0,-0.012499555011010287
176.0,-0.01348898723556072
192.0,-0.014210137186302362
208.0,-0.014059860306588234
224.0,-0.015071499121595958
240.0,-0.01522324882373343
256.0,-0.01564705538071899
288.0,-0.005447992829431314
320.0,-0.0067212704379926436
352.0,-0.006512780688353814
384.0,-0.006116318290878553
416.0,-0.0047559020458720624
448.0,-0.0052287857070041355
480.0,-0.002012189860882548
512.0,-0.0028571959701366723
576.0,-0.0023835148895159364
640.0,-0.0023968161549419165
704.0,-0.0026583652943372726
768.0,-0.004081258783116937
832.0,0.004098912322660908
896.0,0.003202145337127149
960.0,0.008900134800569504
1024.0,0.003820456564426422
1152.0,-0.0010600147070363164
1280.0,-0.0012734024785459042
1408.0,-0.0012697897618636489
1536.0,-0.0010629072785377502
1664.0,-0.002653451170772314
1792.0,-0.00790198054164648
1920.0,-0.010358941741287708
2048.0,0.001970709301531315
end
