version,3.0
numOfCh,1
type,point
parent_name,labthresh-0dot04_avgcorrs
ch_type,1_1
kcount,1
numberNandB,1
brightnessNandB,1
carpet pos,0
pc,0
Time (ms),CH1 Auto-Correlation
1.0,0.027941497042775154
2.0,0.026507921516895294
3.0,0.02510768361389637
4.0,0.023739401251077652
5.0,0.02245299518108368
6.0,0.021309278905391693
7.0,0.02023821882903576
8.0,0.019297156482934952
9.0,0.018305625766515732
10.0,0.017313186079263687
11.0,0.01624983176589012
12.0,0.015322861261665821
13.0,0.014442401938140392
14.0,0.01363623607903719
15.0,0.012966455891728401
16.0,0.01233952958136797
18.0,0.01116759143769741
20.0,0.010236067697405815
22.0,0.009332355111837387
24.0,0.008283411152660847
26.0,0.007196800783276558
28.0,0.006414727307856083
30.0,0.006314056317751238
32.0,0.005414521080092527
36.0,0.008565382383149599
40.0,0.0066776428319481685
44.0,0.0049255610339404765
48.0,0.003018802008290518
52.0,0.0014396177139133215
56.0,-0.0002740842735812325
60.0,-0.0003979009998147376
64.0,-0.0013610750860867224
72.0,-0.002801892343204995
80.0,-0.006082655224220261
88.0,-0.007898930318491615
96.0,-0.007192621494101806
104.0,-0.006060797688247555
112.0,-0.0045678678560880535
120.0,-0.003593934438619974
128.0,-0.0024629546837373214
144.0,-0.0026427624168588537
160.0,-0.0030886990238546525
176.0,-0.0031911205608464244
192.0,-0.0033201252455390723
208.0,-0.003346468920686415
224.0,-0.002587356001250945
240.0,-0.0019161362018037056
256.0,-0.002364168966388596
288.0,0.00036433583591133356
320.0,-0.002915292955003679
352.0,-0.0050771123263984915
384.0,-0.0027562123199459166
416.0,0.0012626918382011355
448.0,-0.0017532717902213335
480.0,-0.00333587692067441
512.0,-0.010232077529912608
576.0,-0.0066317937336862086
640.0,-0.005157753615640104
704.0,-0.003808789001777768
768.0,-0.0023050871677696705
832.0,-0.007305192481726408
896.0,-0.003992117289453745
960.0,-0.0029442149098031223
1024.0,0.007245102315209806
end
