version,3.0
numOfCh,1
type,point
parent_name,labthresh-0dot04_avgcorrs
ch_type,1_1
kcount,1
numberNandB,1
brightnessNandB,1
carpet pos,0
pc,0
Time (ms),CH1 Auto-Correlation
1.0,0.07178687304258347
2.0,0.06845078617334366
3.0,0.06515006721019745
4.0,0.061749640852212906
5.0,0.05850401520729065
6.0,0.05555744096636772
7.0,0.05293429270386696
8.0,0.050459545105695724
9.0,0.04810139536857605
10.0,0.0458122193813324
11.0,0.043695539236068726
12.0,0.04151730239391327
13.0,0.03954894095659256
14.0,0.037447188049554825
15.0,0.03550459444522858
16.0,0.0336553119122982
18.0,0.029954830184578896
20.0,0.026286980137228966
22.0,0.02338753640651703
24.0,0.021276528015732765
26.0,0.019321199506521225
28.0,0.01793668232858181
30.0,0.016598248854279518
32.0,0.015082444064319134
36.0,0.015314439943176694
40.0,0.01316053177943104
44.0,0.01024505816767487
48.0,0.007352793602694874
52.0,0.003623909854286467
56.0,0.00026882692764047534
60.0,-0.0003719538822463763
64.0,-0.0031105565129014153
72.0,-0.00038212440537150813
80.0,-0.0030838872480671853
88.0,-0.0029445761976131944
96.0,-0.0007511372516293906
104.0,0.0012530770854263446
112.0,0.000924345506266238
120.0,-0.0045132708476628
128.0,-0.006957124419456635
144.0,0.00694117317770553
160.0,0.005706266164505745
176.0,0.006019745720550418
192.0,0.00793950307621237
208.0,0.007900042880518252
224.0,0.008943747610213477
240.0,-0.002535946618687982
256.0,-0.006350035750377477
288.0,-0.01599556653527543
320.0,-0.013697861845139414
352.0,-0.0063581900671124455
384.0,-0.01774091419065371
416.0,-0.04047751452308148
448.0,-0.052707058400847016
480.0,-0.056181861255835325
512.0,-0.054255295700083174
576.0,0.032565080327913165
640.0,-0.005294859409332275
704.0,-0.017527688294649124
768.0,-0.04402935039252043
832.0,-0.05103536881506443
896.0,-0.06263105571269989
960.0,-0.0797770656645298
1024.0,-0.10226668789982796
end
