version,3.0
numOfCh,1
type,point
parent_name,labthresh-0dot04_avgcorrs
ch_type,1_1
kcount,1
numberNandB,1
brightnessNandB,1
carpet pos,0
pc,0
Time (ms),CH1 Auto-Correlation
1.0,0.17247214913368225
2.0,0.16633276641368866
3.0,0.16019782423973083
4.0,0.15390679240226746
5.0,0.1476355642080307
6.0,0.14105364680290222
7.0,0.13430997729301453
8.0,0.12864375114440918
9.0,0.12256808578968048
10.0,0.11615666002035141
11.0,0.11022891104221344
12.0,0.10464898496866226
13.0,0.09993739426136017
14.0,0.09497219324111938
15.0,0.08976360410451889
16.0,0.08497195690870285
18.0,0.07720593363046646
20.0,0.07006087899208069
22.0,0.06403883546590805
24.0,0.06006863713264465
26.0,0.055502403527498245
28.0,0.050537846982479095
30.0,0.04522211477160454
32.0,0.03963173180818558
36.0,0.05531566822338068
40.0,0.0462354235613959
44.0,0.03796698568358777
48.0,0.028767658166602376
52.0,0.019883145389500104
56.0,0.010892025889798759
60.0,0.003335442626848817
64.0,-0.0013921898001083924
72.0,0.020401871383288188
80.0,0.012790142820449546
88.0,0.002849057157474913
96.0,-0.012179733731930978
104.0,-0.027466275864035675
112.0,-0.041019833413884044
120.0,-0.055030295197962244
128.0,-0.0631177821334476
144.0,-0.06829285379857399
160.0,-0.08002854013242401
176.0,-0.09025882753149535
192.0,-0.10047041963284406
208.0,-0.10901807764401802
224.0,-0.10534509774655677
240.0,-0.09741111355833709
256.0,-0.08171475165484783
288.0,-0.08311639288957748
320.0,-0.055980472825467587
352.0,-0.03858391840993944
384.0,-0.03151527096310423
416.0,-0.009616053559713893
448.0,0.018072240274503
480.0,0.04385065282177594
512.0,0.06074724826289134
576.0,0.11470264554955065
640.0,0.058244317304342985
704.0,-0.07893182132393121
768.0,-0.11372497892007231
832.0,-0.06791849578730762
896.0,-0.13717522639781238
960.0,-0.15732429148629307
1024.0,-0.023250874155201016
end
