version,3.0
numOfCh,1
type,point
parent_name,labthresh-0dot04_avgcorrs
ch_type,1_1
kcount,1
numberNandB,1
brightnessNandB,1
carpet pos,0
pc,0
Time (ms),CH1 Auto-Correlation
1.0,0.020318038761615753
2.0,0.01963799074292183
3.0,0.01899280771613121
4.0,0.018374325707554817
5.0,0.017784282565116882
6.0,0.017213597893714905
7.0,0.016661666333675385
8.0,0.01613783650100231
9.0,0.015621790662407875
10.0,0.015106689184904099
11.0,0.014649983495473862
12.0,0.014224891550838947
13.0,0.013829106464982033
14.0,0.013422972522675991
15.0,0.01311066560447216
16.0,0.012807182967662811
18.0,0.012284783646464348
20.0,0.011914580129086971
22.0,0.01160102803260088
24.0,0.011253440752625465
26.0,0.010956576094031334
28.0,0.01071830652654171
30.0,0.010740652776627441
32.0,0.01028750093234609
36.0,0.01265432454870872
40.0,0.011619065592561168
44.0,0.010669424616144564
48.0,0.009937117513998048
52.0,0.009162866381698024
56.0,0.008361796961095102
60.0,0.007580015939380325
64.0,0.006632619669013049
72.0,0.009699348319212304
80.0,0.008528611297044656
88.0,0.007194215125363211
96.0,0.005729392207713853
104.0,0.004314434336693547
112.0,0.003026504461612443
120.0,0.0020405347150860027
128.0,0.001461650154156172
144.0,0.0013961738576957336
160.0,0.0005608994048088789
176.0,0.00011381894388856987
192.0,-0.00040070148376495734
208.0,-0.0012276575871510431
224.0,-0.00178009449421855
240.0,-0.004719625181418711
256.0,-0.005496847906865047
288.0,-0.00910393278834156
320.0,-0.009278465231711214
352.0,-0.009328121943822638
384.0,-0.008621616299602796
416.0,-0.007051068659744818
448.0,-0.005047063196384856
480.0,-0.003987494020045481
512.0,-0.0023705490020802245
576.0,-0.017811415367759764
640.0,-0.01749482177547179
704.0,-0.015387902036309242
768.0,-0.01246252385317348
832.0,-0.006243787356652319
896.0,-0.007082174051902257
960.0,-0.0023839807690819725
1024.0,-0.005612157750874758
1152.0,0.002404263708740473
1280.0,-0.004448937717825174
1408.0,-0.0019913094583898783
1536.0,-0.002199433743953705
1664.0,-0.0015444509917870164
1792.0,-0.004528435878455639
1920.0,-0.00018505583284422755
2048.0,-0.001687289564870298
end
