version,3.0
numOfCh,1
type,point
parent_name,labthresh-0dot04_avgcorrs
ch_type,1_1
kcount,1
numberNandB,1
brightnessNandB,1
carpet pos,0
pc,0
Time (ms),CH1 Auto-Correlation
1.0,0.15081094205379486
2.0,0.14695516228675842
3.0,0.14333924651145935
4.0,0.1397215723991394
5.0,0.1361101120710373
6.0,0.13273707032203674
7.0,0.1296617090702057
8.0,0.1268012821674347
9.0,0.12401458621025085
10.0,0.12111767381429672
11.0,0.11827204376459122
12.0,0.115499347448349
13.0,0.11299246549606323
14.0,0.11059306561946869
15.0,0.10838407278060913
16.0,0.10619847476482391
18.0,0.10140067338943481
20.0,0.09691119194030762
22.0,0.09255331754684448
24.0,0.08823195099830627
26.0,0.08369698375463486
28.0,0.0794898048043251
30.0,0.07534736394882202
32.0,0.07172685116529465
36.0,0.07577759620797789
40.0,0.07019085242364813
44.0,0.06522452992618943
48.0,0.06123148022341975
52.0,0.059544664596614894
56.0,0.05602036322394771
60.0,0.05199857266039732
64.0,0.04817412370878095
72.0,0.05721603862993005
80.0,0.0373405707327442
88.0,0.020078068912375277
96.0,0.005468591491484808
104.0,-0.006892073420911199
112.0,-0.014124559031592475
120.0,-0.01847394207531276
128.0,-0.02034553196022494
144.0,-0.0325749378384249
160.0,-0.04931546361850841
176.0,-0.060658465314190835
192.0,-0.07086484150724053
208.0,-0.08673145879376014
224.0,-0.09183302644773253
240.0,-0.09603117087057658
256.0,-0.1082459630644215
288.0,-0.04295230209721591
320.0,-0.04654027991504832
352.0,-0.048953515477478504
384.0,-0.06025507364591414
416.0,-0.07831327778033235
448.0,-0.07241436498324302
480.0,-0.02201924187829718
512.0,-0.025770514673786236
576.0,-0.031202627578750253
640.0,-0.02417321046232246
704.0,-0.02158221631543711
768.0,-0.01699730057225679
832.0,-0.029085244925227016
896.0,-0.04229980491800234
960.0,-0.0493501838562744
1024.0,-0.058028823363461664
end
