version,3.0
numOfCh,1
type,point
parent_name,labthresh-0dot04_avgcorrs
ch_type,1_1
kcount,1
numberNandB,1
brightnessNandB,1
carpet pos,0
pc,0
Time (ms),CH1 Auto-Correlation
1.0,0.025974838063120842
2.0,0.02519388124346733
3.0,0.02445925585925579
4.0,0.023698924109339714
5.0,0.022898854687809944
6.0,0.02215569280087948
7.0,0.021465755999088287
8.0,0.02083040215075016
9.0,0.020221615210175514
10.0,0.019695580005645752
11.0,0.01922643557190895
12.0,0.018779056146740913
13.0,0.018364058807492256
14.0,0.018018249422311783
15.0,0.017716042697429657
16.0,0.017387930303812027
18.0,0.01662236452102661
20.0,0.01581132784485817
22.0,0.014896810054779053
24.0,0.014018703252077103
26.0,0.013300188817083836
28.0,0.012656581588089466
30.0,0.012383927591145039
32.0,0.012060665525496006
36.0,0.015378542273538187
40.0,0.014334633840586652
44.0,0.01343218509150161
48.0,0.012777633488770913
52.0,0.01230869146423753
56.0,0.011748084138327447
60.0,0.01104164684180763
64.0,0.010698141120056707
72.0,0.013980426085541503
80.0,0.013303396451335988
88.0,0.012858915813491254
96.0,0.011949525488920412
104.0,0.010585138917361436
112.0,0.009535636265354697
120.0,0.00920397726861809
128.0,0.008233898022138563
144.0,0.013871798286951767
160.0,0.012212536574224941
176.0,0.010052388072836038
192.0,0.008186446085649854
208.0,0.0067889139366646605
224.0,0.0056195408493901295
240.0,0.0038575848836141327
256.0,0.002366400721560543
288.0,0.0069315409202519935
320.0,0.005251500681172022
352.0,0.002311980306533062
384.0,0.001522635342553258
416.0,-0.0006934047754233082
448.0,-0.002046184779222434
480.0,-0.003057406938751228
512.0,-0.0037881936150370166
576.0,-0.005489118641708046
640.0,-0.012979178479872644
704.0,-0.02021182280732319
768.0,-0.024215998861473055
832.0,-0.024225277290679515
896.0,-0.023947562207467854
960.0,-0.025490539032034576
1024.0,-0.028038084600120784
1152.0,0.007205523084849119
1280.0,0.006860092282295227
1408.0,0.006958090700209141
1536.0,-0.007169873453676701
1664.0,-0.012202316895127296
1792.0,-0.016460051760077477
1920.0,-0.01590079441666603
2048.0,-0.020141929388046265
end
