version,3.0
numOfCh,1
type,point
parent_name,labthresh-0dot04_avgcorrs
ch_type,1_1
kcount,1
numberNandB,1
brightnessNandB,1
carpet pos,0
pc,0
Time (ms),CH1 Auto-Correlation
1.0,0.1916656345129013
2.0,0.18685704469680786
3.0,0.1830206960439682
4.0,0.17927394807338715
5.0,0.1752237230539322
6.0,0.1716572344303131
7.0,0.16815020143985748
8.0,0.16475363075733185
9.0,0.16115696728229523
10.0,0.15774692595005035
11.0,0.1547461599111557
12.0,0.15176992118358612
13.0,0.1490921974182129
14.0,0.14608114957809448
15.0,0.1429334431886673
16.0,0.13916803896427155
18.0,0.1315094381570816
20.0,0.12462836503982544
22.0,0.11879216879606247
24.0,0.11247030645608902
26.0,0.10707151889801025
28.0,0.10259141027927399
30.0,0.10094029952533139
32.0,0.09482020644645672
36.0,0.13804492533318294
40.0,0.12516924521744088
44.0,0.11349265603981305
48.0,0.10215134810372863
52.0,0.09256105787062552
56.0,0.08357985140300235
60.0,0.07658538123011924
64.0,0.07040581276005073
72.0,0.07100971950536691
80.0,0.052252709819616654
88.0,0.03478959227083435
96.0,0.024070197253757596
104.0,0.014367332988369622
112.0,0.007595222677130215
120.0,-0.00048449884771424183
128.0,-0.00679878265980412
144.0,-0.023030999046750367
160.0,-0.02497301804833114
176.0,-0.02146317921578884
192.0,-0.015962736898412308
208.0,-0.016989077813923358
224.0,-0.015631993553445984
240.0,-0.014789441189107796
256.0,-0.008282680126527945
288.0,-0.047399444246871605
320.0,-0.08039635264625151
352.0,-0.08728444969488515
384.0,-0.11731179498343004
416.0,-0.13426136263620314
448.0,-0.1453428997968634
480.0,-0.21490153984632343
512.0,-0.2743312970851548
576.0,-0.10203035213053227
640.0,-0.07273445948958397
704.0,-0.029799386486411096
768.0,0.033149578794837
832.0,0.049559333361685276
896.0,0.07205927213653922
960.0,0.07809220179915428
1024.0,-0.09398226849734784
1152.0,-0.04430612549185753
1280.0,-0.07452581077814102
1408.0,-0.057388465851545334
1536.0,-0.052745215594768524
1664.0,-0.11883533746004105
1792.0,-0.21868255734443665
1920.0,-0.11320353299379349
2048.0,-0.04564465954899788
end
