version,3.0
numOfCh,1
type,point
parent_name,labthresh-0dot04_avgcorrs
ch_type,1_1
kcount,1
numberNandB,1
brightnessNandB,1
carpet pos,0
pc,0
Time (ms),CH1 Auto-Correlation
1.0,0.11880093812942505
2.0,0.1154773160815239
3.0,0.11248527467250824
4.0,0.10956878960132599
5.0,0.10671000182628632
6.0,0.10388875752687454
7.0,0.10127756744623184
8.0,0.09869973361492157
9.0,0.09610550105571747
10.0,0.09375380724668503
11.0,0.09158667176961899
12.0,0.08945377171039581
13.0,0.08735556155443192
14.0,0.08527269214391708
15.0,0.08310646563768387
16.0,0.0805758461356163
18.0,0.07561640441417694
20.0,0.07176081091165543
22.0,0.06826473027467728
24.0,0.0647040382027626
26.0,0.06122184172272682
28.0,0.05824846401810646
30.0,0.05689249580156886
32.0,0.05428060575440112
36.0,0.06784540347224619
40.0,0.06178929233101371
44.0,0.05676256543605026
48.0,0.05254137542215176
52.0,0.046791630819724456
56.0,0.040187962251366116
60.0,0.034047439529482894
64.0,0.02908457066061803
72.0,0.03213467461830954
80.0,0.02451375417014653
88.0,0.01856777679505386
96.0,0.013567915078494008
104.0,0.009109427031405546
112.0,0.006294540491782957
120.0,0.0035222723920553646
128.0,0.0031657015939277632
144.0,0.025432665991645894
160.0,0.022396707637725694
176.0,0.024602496114216353
192.0,0.01881274693694554
208.0,0.0077041230703655044
224.0,0.002868155470902198
240.0,-0.01765793964215037
256.0,-0.024256615362699248
288.0,-0.08197357711781349
320.0,-0.11115467811136373
352.0,-0.11982618132606149
384.0,-0.11433703254754489
416.0,-0.10053508885071746
448.0,-0.09936199500225484
480.0,-0.13348201525929784
512.0,-0.1701895920559764
576.0,-0.20377577344576517
640.0,-0.2030203752219677
704.0,-0.20740788181622824
768.0,-0.17893268167972565
832.0,-0.14490775763988495
896.0,-0.10209166879455249
960.0,-0.05452626198530197
1024.0,-0.03812895389273763
1152.0,-0.12420136481523514
1280.0,-0.21286974847316742
1408.0,-0.3035355806350708
1536.0,-0.209658682346344
1664.0,0.005338962655514479
1792.0,0.05885015428066254
1920.0,0.07878036797046661
2048.0,0.10967177152633667
end
