version,3.0
numOfCh,1
type,point
parent_name,labthresh-0dot04_avgcorrs
ch_type,1_1
kcount,1
numberNandB,1
brightnessNandB,1
carpet pos,0
pc,0
Time (ms),CH1 Auto-Correlation
1.0,0.09782111644744873
2.0,0.08863665908575058
3.0,0.08057601749897003
4.0,0.0731816366314888
5.0,0.06569540500640869
6.0,0.06082381680607796
7.0,0.055801600217819214
8.0,0.0509553998708725
9.0,0.04650010168552399
10.0,0.04206473007798195
11.0,0.03707526624202728
12.0,0.033078815788030624
13.0,0.029160326346755028
14.0,0.025209294632077217
15.0,0.02075183019042015
16.0,0.016795087605714798
18.0,0.00996577087789774
20.0,0.002938307588919997
22.0,-0.002682671882212162
24.0,-0.004816544707864523
26.0,-0.0074020144529640675
28.0,-0.012778845615684986
30.0,0.004060030031723727
32.0,0.00187715556285184
36.0,-0.0016674267759905586
40.0,-0.0017798354416906175
44.0,-0.004088353312757438
48.0,-0.006052164818963017
52.0,-0.004976272241644135
56.0,-0.004193713514572058
60.0,-0.005507595442395541
64.0,-0.0015500034047969773
72.0,-0.004090171950034953
80.0,-0.0071463143216937575
88.0,-0.0088285594617648
96.0,-0.009504191520843759
104.0,-0.009218479798518173
112.0,-0.007383494813337974
120.0,-0.006130750472139981
128.0,-0.007259612249779618
144.0,-0.007295786987275018
160.0,-0.006845291487739554
176.0,-0.009600100826771398
192.0,-0.010888763817742333
208.0,-0.009920345997670665
224.0,0.0005976459984334984
240.0,-0.001376180408572379
256.0,-0.009530928801853276
288.0,-0.014156448900596134
320.0,-0.007212388277467754
352.0,-0.009906444957272874
384.0,-0.01135518236292733
416.0,-0.011630911017871566
448.0,-0.013668550657004945
480.0,-0.01654926800983958
512.0,-0.026595183997415006
576.0,0.0067247196566313505
640.0,-0.0025542203220538795
704.0,0.007094817643519491
768.0,0.0005201152816880494
832.0,-0.009000231859545238
896.0,-0.011644920567050576
960.0,-0.0011721838382072747
1024.0,0.004814535437617451
1152.0,-0.006313714664429426
1280.0,-0.008108427748084068
1408.0,0.005767371971160173
1536.0,0.0037183265667408705
1664.0,-0.00022953373263590038
1792.0,-0.00533353490754962
1920.0,0.005582285113632679
2048.0,-0.0069171953946352005
end
