version,3.0
numOfCh,1
type,point
parent_name,labthresh-0dot04_avgcorrs
ch_type,1_1
kcount,1
numberNandB,1
brightnessNandB,1
carpet pos,0
pc,0
Time (ms),CH1 Auto-Correlation
1.0,0.13227832317352295
2.0,0.1284293532371521
3.0,0.12491647899150848
4.0,0.12186125665903091
5.0,0.11878223717212677
6.0,0.11537938565015793
7.0,0.11187123507261276
8.0,0.10861732810735703
9.0,0.10518971085548401
10.0,0.10205622017383575
11.0,0.09881729632616043
12.0,0.09555450826883316
13.0,0.09218266606330872
14.0,0.0888449102640152
15.0,0.08541957288980484
16.0,0.08225169777870178
18.0,0.07587417960166931
20.0,0.07043351233005524
22.0,0.06492184847593307
24.0,0.059941403567790985
26.0,0.05523265153169632
28.0,0.05076973885297775
30.0,0.04643066227436066
32.0,0.041961919516325
36.0,0.045468971913718494
40.0,0.03876394195154157
44.0,0.033277733327010464
48.0,0.027634641998981982
52.0,0.022325221144665893
56.0,0.016551316740123393
60.0,0.011365947926533409
64.0,0.005602804205846041
72.0,0.018691393984408933
80.0,0.00957816797599662
88.0,0.0032452429441036656
96.0,-0.0002942157050711103
104.0,-0.002209258727816632
112.0,-0.0010974461416481062
120.0,0.0023950186625466144
128.0,0.0004565487922120251
144.0,-0.01611840766032829
160.0,-0.0304199743002434
176.0,-0.03849189368980553
192.0,-0.047824663897592795
208.0,-0.0548942838127807
224.0,-0.060345814445206675
240.0,-0.06434570276863216
256.0,-0.06895221527049537
288.0,-0.04814423036507585
320.0,-0.049559426261112094
352.0,-0.033675858031281015
384.0,-0.012754956344989214
416.0,0.006510972362858328
448.0,-0.01038324706976048
480.0,0.008351793024404388
512.0,-0.02204121321362133
576.0,0.002488683443516493
640.0,-0.03131481434684247
704.0,-0.022730379721906502
768.0,-0.017953381531697232
832.0,-0.02929750003386289
896.0,-0.028900321922264993
960.0,-0.03883145250438247
1024.0,-0.0035404734080657363
1152.0,0.0015992854023352265
1280.0,-0.006888130214065313
1408.0,-0.00022627689759247005
1536.0,0.010918404906988144
1664.0,0.008036109618842602
1792.0,-0.013270135037600994
end
