version,3.0
numOfCh,1
type,point
parent_name,labthresh-0dot04_avgcorrs
ch_type,1_1
kcount,1
numberNandB,1
brightnessNandB,1
carpet pos,0
pc,0
Time (ms),CH1 Auto-Correlation
1.0,0.015989089384675026
2.0,0.015362692065536976
3.0,0.014762457460165024
4.0,0.014158526435494423
5.0,0.01362570933997631
6.0,0.013081228360533714
7.0,0.012543567456305027
8.0,0.01204539556056261
9.0,0.01159121934324503
10.0,0.011188039556145668
11.0,0.010820749215781689
12.0,0.01050462294369936
13.0,0.010213153436779976
14.0,0.009890060871839523
15.0,0.009557396173477173
16.0,0.009260664694011211
18.0,0.008621991612017155
20.0,0.007984822615981102
22.0,0.007331689354032278
24.0,0.00667689461261034
26.0,0.006156181916594505
28.0,0.005520266480743885
30.0,0.005320714252840324
32.0,0.0046685069612846875
36.0,0.005968604210426312
40.0,0.005005055308688695
44.0,0.004096616807383607
48.0,0.0035150851469908325
52.0,0.0030507828487316146
56.0,0.002582399422111769
60.0,0.0019425453546041947
64.0,0.0013125764866265893
72.0,0.0008558273101698432
80.0,-0.0006762845016055508
88.0,-0.0022095225831435528
96.0,-0.0030089653708273547
104.0,-0.00304424936803116
112.0,-0.0030661583063192666
120.0,-0.002840248867869377
128.0,-0.0027492094063506414
144.0,-0.0021441635304094795
160.0,-0.0030850766566940225
176.0,-0.0035756800923711406
192.0,-0.002523733479812598
208.0,-0.0006905504000874666
224.0,0.0009516894161396732
240.0,0.002110934722273109
256.0,0.0030336825024838057
288.0,0.0012497958436142654
320.0,0.0014412057760637253
352.0,0.0016870939027285204
384.0,0.0007563041668618098
416.0,-0.0035402564972173423
448.0,-0.004119858279591426
480.0,-0.0057742188682823326
512.0,-0.004668327150284313
576.0,-4.037981852889061e-06
640.0,-0.002075024003715953
704.0,-0.0037094055114721414
768.0,-0.006185642385389656
832.0,-0.008179199467122089
896.0,-0.008731584843189921
960.0,-0.007315724506042898
1024.0,-0.006031393597368151
1152.0,-0.004835600149817765
1280.0,-0.0022883946367073804
1408.0,0.0008531644707545638
1536.0,0.0022383242030628026
1664.0,0.003295065136626363
1792.0,-0.00251502834726125
1920.0,1.0912073776125908e-05
2048.0,0.0007342889366555028
end
