version,3.0
numOfCh,1
type,point
parent_name,labthresh-0dot04_avgcorrs
ch_type,1_1
kcount,1
numberNandB,1
brightnessNandB,1
carpet pos,0
pc,0
Time (ms),CH1 Auto-Correlation
1.0,0.07508664578199387
2.0,0.06489750742912292
3.0,0.0563410222530365
4.0,0.04967682063579559
5.0,0.04360954836010933
6.0,0.0376049242913723
7.0,0.03450840711593628
8.0,0.03130557760596275
9.0,0.02830316126346588
10.0,0.025179551914334297
11.0,0.024146610870957375
12.0,0.023691287264227867
13.0,0.022763622924685478
14.0,0.022071940824389458
15.0,0.022529112175107002
16.0,0.021227601915597916
18.0,0.014565273188054562
20.0,0.009593342430889606
22.0,0.0043723927810788155
24.0,0.004406922496855259
26.0,0.0038790188264101744
28.0,0.00533651327714324
30.0,0.005773755721747875
32.0,0.009299024939537048
36.0,0.013367564725810483
40.0,0.012682309847989997
44.0,0.00817244553819854
48.0,0.0029287745793016465
52.0,5.906110723467114e-05
56.0,-0.004934240599770699
60.0,-0.0022683425957802685
64.0,-0.004601356471539475
72.0,0.0030562202820874516
80.0,0.0029420818212201995
88.0,0.0034085883598891087
96.0,-2.0624643275368727e-05
104.0,-0.0015506402050959878
112.0,-0.0013466262844303856
120.0,-0.0011808176088379696
128.0,-0.0014571864609024487
144.0,0.0024880860538150254
160.0,0.0012042210997046472
176.0,-0.0028101818394274092
192.0,-0.007612032343436463
208.0,-0.00838010583538562
224.0,-0.004199779682004681
240.0,-0.004970260268936937
256.0,-0.011044949481192116
288.0,-0.015148300904547796
320.0,-0.017361358838388696
352.0,-0.019996136406552976
384.0,-0.014996254301513546
416.0,-0.014747418316255789
448.0,-0.006300019391346723
480.0,-0.0007882860023528338
512.0,-0.002841956267548085
576.0,-0.004075951880492669
640.0,-0.0010145650178726231
704.0,-0.013034391050626124
768.0,-0.0029314888774284293
832.0,-0.00816917815245688
896.0,-0.00641399046539196
960.0,-0.0027106580091640353
1024.0,0.018281385050310444
end
