version,3.0
numOfCh,1
type,point
parent_name,labthresh-0dot04_avgcorrs
ch_type,1_1
kcount,1
numberNandB,1
brightnessNandB,1
carpet pos,0
pc,0
Time (ms),CH1 Auto-Correlation
1.0,0.014320213347673416
2.0,0.013728066347539425
3.0,0.013221343979239464
4.0,0.012722546234726906
5.0,0.01228167861700058
6.0,0.011846271343529224
7.0,0.011446136981248856
8.0,0.01104594487696886
9.0,0.010676954872906208
10.0,0.010354593396186829
11.0,0.010011913254857063
12.0,0.009649451822042465
13.0,0.009294411167502403
14.0,0.008946552872657776
15.0,0.008577117696404457
16.0,0.008243579417467117
18.0,0.0076198033057153225
20.0,0.007141263224184513
22.0,0.006665227934718132
24.0,0.0061858282424509525
26.0,0.005708796437829733
28.0,0.005169999320060015
30.0,0.004977442543296253
32.0,0.0046342340411844336
36.0,0.00736245205600584
40.0,0.0067724328584280674
44.0,0.00640190692648384
48.0,0.00610691380469412
52.0,0.005500577504078493
56.0,0.004956796732427471
60.0,0.004511777454551876
64.0,0.00387862389502318
72.0,0.0038283754777359335
80.0,0.002424051993569408
88.0,0.0015051274738078447
96.0,0.00035611173983565286
104.0,2.348580471190967e-05
112.0,3.59040093730743e-05
120.0,0.0008515230421086445
128.0,0.0005633039459901149
144.0,-0.0011631003456083514
160.0,-0.0020377467464034755
176.0,-0.0025271880360378416
192.0,-0.0030585712229367346
208.0,-0.003667060364386998
224.0,-0.004067311798765635
240.0,-0.0037925488984910773
256.0,-0.004722721614719679
288.0,-0.0052792310177917695
320.0,-0.006689469892686854
352.0,-0.008184690080169175
384.0,-0.008121300605125725
416.0,-0.007590653659361932
448.0,-0.005734021245088015
480.0,-0.009795806952752173
512.0,-0.009602253689081408
576.0,-0.008151623234152795
640.0,-0.005320155527442694
704.0,-0.0031699697836302223
768.0,9.95928538031876e-05
832.0,0.003895833436399698
896.0,0.003843769594095647
960.0,0.00795736168511212
1024.0,0.011795094673288986
1152.0,0.007224059663712978
1280.0,0.0007610987522639334
1408.0,-0.020090654492378235
1536.0,-0.0018870796775445342
1664.0,0.00514135742560029
1792.0,0.012111526913940907
1920.0,-0.00404333183541894
2048.0,-0.015667611733078957
end
