version,3.0
numOfCh,1
type,point
parent_name,labthresh-0dot04_avgcorrs
ch_type,1_1
kcount,1
numberNandB,1
brightnessNandB,1
carpet pos,0
pc,0
Time (ms),CH1 Auto-Correlation
1.0,0.03902755677700043
2.0,0.035884931683540344
3.0,0.03317521885037422
4.0,0.030981577932834625
5.0,0.02945799194276333
6.0,0.027902984991669655
7.0,0.026524486020207405
8.0,0.02554188296198845
9.0,0.02462107688188553
10.0,0.02383662946522236
11.0,0.023069558665156364
12.0,0.02241264097392559
13.0,0.021716654300689697
14.0,0.02090688794851303
15.0,0.01975039392709732
16.0,0.018375694751739502
18.0,0.01585884392261505
20.0,0.013690818101167679
22.0,0.01209338940680027
24.0,0.010670684278011322
26.0,0.009545023553073406
28.0,0.008153161033987999
30.0,0.006819458199166801
32.0,0.005440263159513517
36.0,0.005056403574240959
40.0,0.002212823172158096
44.0,0.00012364754608521858
48.0,-0.0012617600077646784
52.0,-0.002997032982352032
56.0,-0.003342498880611498
60.0,-0.0027824853208254685
64.0,-0.0027330155690750953
72.0,-0.0016367243391262794
80.0,-0.002678055673944376
88.0,-0.005097162880701944
96.0,-0.007160041664974415
104.0,-0.009712300050523481
112.0,-0.012025109925161814
120.0,-0.012994713491934817
128.0,-0.011540118486057812
144.0,-0.006256062948523322
160.0,-0.004109115789105999
176.0,-0.004359005390142556
192.0,-0.006517222006550583
208.0,-0.007704423408540606
224.0,-0.008857085261752218
240.0,-0.01501502785346626
256.0,-0.01543349320224176
288.0,-0.0016272582888632314
320.0,0.00564590361318551
352.0,-0.004389998575788923
384.0,-0.005745336064137518
416.0,-0.0017416350819985382
448.0,-0.002853361478628358
480.0,-0.0024682682342245243
512.0,-0.0009301930096512478
576.0,0.0004900359781458974
640.0,0.0019206104625482112
704.0,0.002999976510182023
768.0,0.0003804834559559822
832.0,-0.0031286380253732204
896.0,-0.007127063814550638
960.0,-0.01281950087286532
1024.0,-0.011655564419925213
1152.0,-0.002070052083581686
1280.0,-0.004452768713235855
1408.0,-0.008784433826804161
1536.0,-0.0046418230049312115
1664.0,-0.01308170985430479
1792.0,-6.79469803799293e-06
1920.0,-0.0032543116249144077
2048.0,0.00014966403250582516
end
