version,3.0
numOfCh,1
type,point
parent_name,labthresh-0dot04_avgcorrs
ch_type,1_1
kcount,1
numberNandB,1
brightnessNandB,1
carpet pos,0
pc,0
Time (ms),CH1 Auto-Correlation
1.0,0.04100735858082771
2.0,0.03761095926165581
3.0,0.03430655598640442
4.0,0.03169462829828262
5.0,0.029628269374370575
6.0,0.027519669383764267
7.0,0.025995027273893356
8.0,0.024538813158869743
9.0,0.02261638455092907
10.0,0.020891310647130013
11.0,0.01965532824397087
12.0,0.018744532018899918
13.0,0.017810363322496414
14.0,0.016730107367038727
15.0,0.01566627435386181
16.0,0.014339394867420197
18.0,0.012444781139492989
20.0,0.01095406524837017
22.0,0.010004604235291481
24.0,0.008803049102425575
26.0,0.007238589692860842
28.0,0.005771527532488108
30.0,0.00460710097104311
32.0,0.004240355454385281
36.0,0.008900187020412271
40.0,0.008224076034526366
44.0,0.007839738104824367
48.0,0.006336988623351735
52.0,0.005446027800595353
56.0,0.004290309692953235
60.0,0.003064006841062413
64.0,0.0021688347988452327
72.0,0.002041175485053962
80.0,-0.0011641637333755003
88.0,-0.0037344828737399505
96.0,-0.004951574227393225
104.0,-0.0050837789279251375
112.0,-0.0066187544763562514
120.0,-0.006629256397830501
128.0,-0.006341260585871238
144.0,-0.0050288903682182235
160.0,-0.006133753326543633
176.0,-0.006465270556671183
192.0,-0.009905024751788005
208.0,-0.011432821807425676
224.0,-0.015127115131084187
240.0,-0.006194460315301138
256.0,-0.0076706988175454386
288.0,-0.016878405427892824
320.0,-0.02023483569792006
352.0,-0.02676863019587472
384.0,-0.03387080268501969
416.0,-0.03608829612702331
448.0,-0.026283540309772695
480.0,-0.008552124258130789
512.0,-0.0010300253966956266
576.0,-0.021836912628108014
640.0,-0.0012824381313597162
704.0,0.017608993609125417
768.0,0.016195030145657558
832.0,0.016556203016079962
896.0,0.01489853758054475
960.0,0.013842712854966521
1024.0,0.02366155448059241
1152.0,-0.0058258031494915485
1280.0,-0.004896034952253103
1408.0,-0.005646563600748777
1536.0,-0.007543177809566259
1664.0,0.002371959388256073
1792.0,0.007645524572581053
1920.0,0.0009020972065627575
2048.0,0.00022073941363487393
end
