version,3.0
numOfCh,1
type,point
parent_name,labthresh-0dot04_avgcorrs
ch_type,1_1
kcount,1
numberNandB,1
brightnessNandB,1
carpet pos,0
pc,0
Time (ms),CH1 Auto-Correlation
1.0,0.028965603560209274
2.0,0.027203591540455818
3.0,0.025734487920999527
4.0,0.024553755298256874
5.0,0.023412970826029778
6.0,0.022353466600179672
7.0,0.021364498883485794
8.0,0.020643046125769615
9.0,0.019978752359747887
10.0,0.01946938969194889
11.0,0.018975703045725822
12.0,0.01854691281914711
13.0,0.018079057335853577
14.0,0.01756184920668602
15.0,0.01698152907192707
16.0,0.016535891219973564
18.0,0.015737133100628853
20.0,0.014608513563871384
22.0,0.0133466562256217
24.0,0.012141303159296513
26.0,0.01101245079189539
28.0,0.009927471168339252
30.0,0.008926103822886944
32.0,0.00816154945641756
36.0,0.00958167287899414
40.0,0.007947115425849915
44.0,0.00679376703374146
48.0,0.005810075181216234
52.0,0.005038387404056266
56.0,0.0045726383996225195
60.0,0.004079737695832364
64.0,0.003485649393951462
72.0,0.004977139102785648
80.0,0.004435588116133918
88.0,0.003585468667941833
96.0,0.0029049833953779724
104.0,0.002613860402821696
112.0,0.002351015535948266
120.0,0.002370409957490795
128.0,0.00245196302421391
144.0,0.0032010721943978833
160.0,0.0011420345925382042
176.0,-0.0006620079300112345
192.0,-0.0016266881006727503
208.0,-0.0014355341475245289
224.0,-0.001860587577208538
240.0,-0.003259726629370231
256.0,-0.00469345684343187
288.0,-0.0025546182280070046
320.0,-0.0030242507008450856
352.0,-0.005264798777514241
384.0,-0.006824378719708572
416.0,-0.009430850345072232
448.0,-0.010411875783271777
480.0,-0.008048373578478478
512.0,-0.005519269608258683
576.0,-0.007388704945333302
640.0,-0.004995517805218697
704.0,-0.0026147148106247186
768.0,0.0006946754700038582
832.0,-0.007066644541919231
896.0,-0.006269827391952277
960.0,-0.002059582300717011
1024.0,-0.0018144011264666915
1152.0,-0.006460707169026136
1280.0,-0.00502042518928647
1408.0,0.0008280290639959276
1536.0,0.006589152384549379
1664.0,0.0024545551277697086
1792.0,0.0010678187245503068
1920.0,0.0041293310932815075
2048.0,0.00030184470233507454
2304.0,-0.00771692581474781
2560.0,-0.014794961549341679
2816.0,-0.00883521419018507
3072.0,-0.0032536264043301344
3328.0,0.0029166059102863073
3584.0,0.006913790944963694
3840.0,0.013067150488495827
4096.0,0.008075334131717682
end
