version,3.0
numOfCh,1
type,point
parent_name,labthresh-0dot04_avgcorrs
ch_type,1_1
kcount,1
numberNandB,1
brightnessNandB,1
carpet pos,0
pc,0
Time (ms),CH1 Auto-Correlation
1.0,0.03313355892896652
2.0,0.030257025733590126
3.0,0.027883633971214294
4.0,0.02627352811396122
5.0,0.02455240674316883
6.0,0.0226898156106472
7.0,0.020795531570911407
8.0,0.019030628725886345
9.0,0.017877010628581047
10.0,0.016697261482477188
11.0,0.015440077520906925
12.0,0.014059479348361492
13.0,0.013209148310124874
14.0,0.012093943543732166
15.0,0.01124633103609085
16.0,0.01019221916794777
18.0,0.009051429107785225
20.0,0.007629814092069864
22.0,0.006082872394472361
24.0,0.005303480196744204
26.0,0.004408621229231358
28.0,0.004264975432306528
30.0,0.0038821299094706774
32.0,0.003306508995592594
36.0,0.00510289510169638
40.0,0.003032848882867256
44.0,0.0005684890546200967
48.0,-0.0015187575746412304
52.0,-0.002997486507038874
56.0,-0.004135882208092054
60.0,-0.004154490381717385
64.0,-0.0038855727735525843
72.0,0.00018461206682810657
80.0,0.0002936897470039855
88.0,0.0007888098395931976
96.0,0.000612364515147515
104.0,0.002111077789633878
112.0,0.004751739375550594
120.0,0.008784993995887865
128.0,0.007477048520645201
144.0,0.0021419822927176333
160.0,0.0016530055145267397
176.0,0.0010404268735631679
192.0,0.0002962196895168745
208.0,-0.000295045863216122
224.0,-0.0010305972039835372
240.0,-0.0016423946096134994
256.0,-0.0020109712835013247
288.0,-0.002821681270789769
320.0,-0.003935680129668779
352.0,-0.005806655454863276
384.0,-0.005949231433785624
416.0,-0.0055779418940397184
448.0,-0.00630230250761896
480.0,-0.0071983774250838906
512.0,-0.008188336636521854
576.0,-0.007488056132569909
640.0,-0.005226605769712478
704.0,-0.0008787311147898435
768.0,0.0019205024815164506
832.0,0.0033054388593882324
896.0,-0.001870369166135788
960.0,-0.0014515414397465066
1024.0,0.0022565890685655177
1152.0,-0.00032940530218183994
1280.0,-0.0004211055056657642
1408.0,-0.0066317785531282425
1536.0,-0.004535255953669548
1664.0,-0.0009676465997472405
1792.0,-0.003913016989827156
1920.0,-0.006405582185834646
2048.0,-0.004649381153285503
end
