version,3.0
numOfCh,1
type,point
parent_name,labthresh-0dot04_avgcorrs
ch_type,1_1
kcount,1
numberNandB,1
brightnessNandB,1
carpet pos,0
pc,0
Time (ms),CH1 Auto-Correlation
1.0,0.06980595737695694
2.0,0.0638192892074585
3.0,0.058303993195295334
4.0,0.05338716506958008
5.0,0.0491393618285656
6.0,0.04564899206161499
7.0,0.04326171800494194
8.0,0.04048747941851616
9.0,0.037487711757421494
10.0,0.034787505865097046
11.0,0.03238687291741371
12.0,0.030095500871539116
13.0,0.02852010726928711
14.0,0.027556873857975006
15.0,0.026464790105819702
16.0,0.02574816904962063
18.0,0.02496524341404438
20.0,0.023972265422344208
22.0,0.022523602470755577
24.0,0.021405545994639397
26.0,0.020225925371050835
28.0,0.01871519722044468
30.0,0.017758863046765327
32.0,0.017047839239239693
36.0,0.016483165071501087
40.0,0.014300125641013784
44.0,0.0142906418366779
48.0,0.013333624765870073
52.0,0.011968553602422443
56.0,0.008991023127886624
60.0,0.006687907144805649
64.0,0.005086089977339725
72.0,0.004589431930526189
80.0,0.0006659023265456199
88.0,-0.000762880005822808
96.0,-0.00111922654468799
104.0,-0.002010987103858497
112.0,-0.0031125464408319203
120.0,-0.005656074981743586
128.0,-0.004853315299442329
144.0,-0.0037819521302091224
160.0,-0.006699433344432951
176.0,-0.011873425320248186
192.0,-0.009375925828602963
208.0,-0.011641141921115507
224.0,-0.017693091008758138
240.0,-0.01916672722570813
256.0,-0.01567611806631948
288.0,-0.019994126128343243
320.0,-0.01408211005360095
352.0,-0.0067465473160458105
384.0,-0.006251181999687105
416.0,-0.012239260770406367
448.0,-0.015620411382567707
480.0,-0.012121458208033195
512.0,0.007191927734917651
576.0,-0.008448062813840806
640.0,-0.008370162511710078
704.0,-0.007029218133538961
768.0,0.0068363195459824055
832.0,-0.0017013098113238811
896.0,-0.0026605815801303834
960.0,-0.008026427123695612
1024.0,-0.012751032249070704
1152.0,-0.012198601849377155
1280.0,-0.008132729679346085
1408.0,0.003041884396225214
1536.0,0.01116111408919096
1664.0,0.006746625993400812
1792.0,0.018495658412575722
1920.0,0.03293135017156601
2048.0,-0.0047762030735611916
end
