version,3.0
numOfCh,1
type,point
parent_name,labthresh-0dot04_avgcorrs
ch_type,1_1
kcount,1
numberNandB,1
brightnessNandB,1
carpet pos,0
pc,0
Time (ms),CH1 Auto-Correlation
1.0,0.02958732470870018
2.0,0.026561861857771873
3.0,0.02356979437172413
4.0,0.0210970938205719
5.0,0.0195007286965847
6.0,0.01860051415860653
7.0,0.01754245162010193
8.0,0.01613020710647106
9.0,0.0147656025364995
10.0,0.012726630084216595
11.0,0.010781573131680489
12.0,0.009352746419608593
13.0,0.008428486064076424
14.0,0.0076217809692025185
15.0,0.00725938193500042
16.0,0.006672085728496313
18.0,0.005002635531127453
20.0,0.003491427516564727
22.0,0.002542410045862198
24.0,0.0023136117961257696
26.0,0.0023393749725073576
28.0,0.0019783994648605585
30.0,0.0018007968396887009
32.0,0.0018832385017958585
36.0,0.0023281073164460914
40.0,0.0023369396616804545
44.0,0.002217331259349261
48.0,0.0014405609610028997
52.0,0.0009391045335048277
56.0,0.00048436141241836594
60.0,-7.009245606381088e-05
64.0,-0.0009948572954342056
72.0,-0.0018830297558452003
80.0,-0.002500585616871831
88.0,-0.0021805000105814543
96.0,-0.0011254745608312079
104.0,-0.0002482051655533724
112.0,0.0003008798797964118
120.0,-0.0009853835960568272
128.0,-0.003071975519751983
144.0,-0.0005128329983563162
160.0,-0.0005934151471592486
176.0,-4.657824756577611e-05
192.0,0.000980221084319055
208.0,0.0024458768544718622
224.0,0.00037470176466740667
240.0,-0.000619632909365464
256.0,-0.002065678295912221
288.0,-0.000955812291875999
320.0,0.0001667122770514753
352.0,-0.0019376850953752485
384.0,-0.003781188361851188
416.0,-0.005399285120398013
448.0,-0.0092255557473335
480.0,-0.013030749205427128
512.0,-0.012396233356412267
576.0,-0.005162328394362703
640.0,-0.0027549869264476
704.0,0.00020911857427563518
768.0,-0.000655255616948125
832.0,0.0021440298296511173
896.0,0.0011345809907652438
960.0,0.006562163936905563
1024.0,0.002354890420974698
1152.0,-0.008496196940541267
1280.0,-0.007802334614098072
1408.0,-0.01334953773766756
1536.0,-0.007647990714758635
1664.0,0.02153167873620987
1792.0,-0.013210278004407883
1920.0,-0.057682186365127563
2048.0,0.01140033733099699
end
