version,3.0
numOfCh,1
type,point
parent_name,labthresh-0dot04_avgcorrs
ch_type,1_1
kcount,1
numberNandB,1
brightnessNandB,1
carpet pos,0
pc,0
Time (ms),CH1 Auto-Correlation
1.0,0.06708917021751404
2.0,0.05681009963154793
3.0,0.04696635156869888
4.0,0.04050460830330849
5.0,0.03527885302901268
6.0,0.030559364706277847
7.0,0.027219051495194435
8.0,0.024859769269824028
9.0,0.02266388013958931
10.0,0.021045003086328506
11.0,0.02028878964483738
12.0,0.020426832139492035
13.0,0.02177344262599945
14.0,0.021172501146793365
15.0,0.0204120185226202
16.0,0.017231104895472527
18.0,0.01314184907823801
20.0,0.010925384238362312
22.0,0.010014383122324944
24.0,0.006101653911173344
26.0,0.00351244886405766
28.0,0.0025801255833357573
30.0,0.006345739010590123
32.0,0.004466091179915011
36.0,0.005088417382386765
40.0,0.003492760007194353
44.0,0.002127453961667711
48.0,0.0017041258782709895
52.0,0.004348305786740692
56.0,0.005381143763396026
60.0,0.004579648530580016
64.0,0.0012431236787051603
72.0,0.002156437734811334
80.0,-0.0007108246942758948
88.0,-0.0031397787970490754
96.0,-0.004342991804151097
104.0,-0.004064528532277715
112.0,-0.0042188167830469565
120.0,-0.0046736315131662804
128.0,-0.0053116854193528225
144.0,-0.007486086557037197
160.0,-0.010849022494059883
176.0,-0.014675137546065444
192.0,-0.016875121893665183
208.0,-0.016725939784211934
224.0,-0.015576687078767767
240.0,-0.007606191840346178
256.0,-0.00010798604853334837
288.0,-0.00525755475642985
320.0,-0.0032607556363059716
352.0,-0.001307838125450706
384.0,-0.0004164072028784589
416.0,-9.490041570229964e-05
448.0,-0.0038753429385410113
480.0,-0.004036692474619486
512.0,-0.0031904827221296726
576.0,-0.010706181172281504
640.0,-0.020156916696578264
704.0,-0.03348134116580089
768.0,-0.03142188753311833
832.0,-0.0030920160934329033
896.0,0.015429747911791006
960.0,-0.019904066808521748
1024.0,-0.01309615233913064
end
