version,3.0
numOfCh,1
type,point
parent_name,labthresh-0dot04_avgcorrs
ch_type,1_1
kcount,1
numberNandB,1
brightnessNandB,1
carpet pos,0
pc,0
Time (ms),CH1 Auto-Correlation
1.0,0.053653668612241745
2.0,0.04676691070199013
3.0,0.041938986629247665
4.0,0.03790030628442764
5.0,0.03545616939663887
6.0,0.03262767940759659
7.0,0.029986917972564697
8.0,0.027685420587658882
9.0,0.026409106329083443
10.0,0.025614988058805466
11.0,0.023381847888231277
12.0,0.021867919713258743
13.0,0.019949445500969887
14.0,0.01758635602891445
15.0,0.014437748119235039
16.0,0.011267450638115406
18.0,0.006404968444257975
20.0,0.0025944409426301718
22.0,0.0008466518484055996
24.0,-0.0009722315589897335
26.0,-0.0020960543770343065
28.0,-0.0037771828938275576
30.0,-0.005972967586864758
32.0,-0.00811149584605237
36.0,-0.004034147830680013
40.0,-0.00745960126483911
44.0,-0.013066557712016603
48.0,-0.014482059871385755
52.0,-0.013007348694372922
56.0,-0.008700409032922164
60.0,-0.0036399863066004685
64.0,0.0006111827556435999
72.0,0.003665085727474294
80.0,0.006144407173941055
88.0,0.010460559081716033
96.0,0.01648573902471421
104.0,0.016655742805246867
112.0,0.006552942083754505
120.0,-0.0025867150890497635
128.0,-0.009651997088580035
144.0,-0.008031473991043944
160.0,0.003039434290258214
176.0,0.005237802569657409
192.0,0.00407401744935972
208.0,-0.0005864480093199139
224.0,-0.013629057202403297
240.0,-0.017145649738570985
256.0,-0.015923757445610438
288.0,-0.008644879498105083
320.0,-0.00922516370903597
352.0,-0.009961168705356412
384.0,-0.009284879158561429
416.0,-0.006849730781848646
448.0,-0.004606097548579176
480.0,-0.0073608095861143535
512.0,0.00011749579829888212
576.0,0.00013543743989430368
640.0,-6.967189256101847e-05
704.0,-6.461472366936505e-05
768.0,-0.0008421313832513988
832.0,-0.001483990519773215
896.0,-0.0015135888825170696
960.0,-0.001884723489638418
1024.0,-0.0026251430426782463
1152.0,-0.0005923178105149418
1280.0,0.002509717392968014
1408.0,0.003684968105517328
1536.0,0.001236641634022817
1664.0,0.0027328209835104644
1792.0,0.002237073378637433
1920.0,-0.0055998497336986475
2048.0,-0.014713070588186383
end
