version,3.0
numOfCh,1
type,point
parent_name,labthresh-0dot04_avgcorrs
ch_type,1_1
kcount,1
numberNandB,1
brightnessNandB,1
carpet pos,0
pc,0
Time (ms),CH1 Auto-Correlation
1.0,0.035841017961502075
2.0,0.03236153721809387
3.0,0.029874468222260475
4.0,0.027450814843177795
5.0,0.024748213589191437
6.0,0.022590475156903267
7.0,0.020878132432699203
8.0,0.01905168406665325
9.0,0.017920373007655144
10.0,0.01671815663576126
11.0,0.01604149304330349
12.0,0.015217877924442291
13.0,0.014397278428077698
14.0,0.013734458945691586
15.0,0.013441541232168674
16.0,0.01312591228634119
18.0,0.012528646737337112
20.0,0.011944606900215149
22.0,0.011752219870686531
24.0,0.011300181038677692
26.0,0.009909914806485176
28.0,0.008444792591035366
30.0,0.007722381968051195
32.0,0.007724893279373646
36.0,0.007992685559050491
40.0,0.005939958525899177
44.0,0.0037406202294126465
48.0,0.0016048330207316516
52.0,-0.0005151454126462341
56.0,-0.0009500257088802755
60.0,-0.0013785869698040188
64.0,-0.002507338712651593
72.0,-0.0022127836218714947
80.0,-0.003652105856720785
88.0,-0.004959938946133964
96.0,-0.005847086021428065
104.0,-0.005373552616219968
112.0,-0.005034004781009571
120.0,-0.005443708431140176
128.0,-0.005376974535782052
144.0,-0.0013159458013593823
160.0,-0.0011798041703193175
176.0,-0.001588578346212778
192.0,-0.0020201328169444904
208.0,-0.002082069284583935
224.0,-0.0028781719207900632
240.0,-0.0046280725064742215
256.0,-0.006378879397422732
288.0,-0.0028417585676329005
320.0,-0.0037545841251913873
352.0,-0.007884543599276286
384.0,-0.0083674763518502
416.0,-0.004064890724192891
448.0,-0.002763305473813994
480.0,-0.005523441621335223
512.0,-0.01035540112934541
576.0,-0.009654319381297682
640.0,-0.004490708030061796
704.0,0.003513823394314386
768.0,0.001709205738734454
832.0,0.005392120569013059
896.0,0.006663127744104713
960.0,0.0018998658342752606
1024.0,0.006547483193571679
end
