version,3.0
numOfCh,1
type,point
parent_name,labthresh-0dot04_avgcorrs
ch_type,1_1
kcount,1
numberNandB,1
brightnessNandB,1
carpet pos,0
pc,0
Time (ms),CH1 Auto-Correlation
1.0,0.040152549743652344
2.0,0.03958830609917641
3.0,0.03902711346745491
4.0,0.038498371839523315
5.0,0.03798951208591461
6.0,0.03748362511396408
7.0,0.03698186203837395
8.0,0.03646142780780792
9.0,0.03593134135007858
10.0,0.035413436591625214
11.0,0.034938130527734756
12.0,0.034492120146751404
13.0,0.03402213007211685
14.0,0.033536914736032486
15.0,0.03305773809552193
16.0,0.032606545835733414
18.0,0.03173604607582092
20.0,0.030888361856341362
22.0,0.0301164910197258
24.0,0.029350625351071358
26.0,0.028560539707541466
28.0,0.027809016406536102
30.0,0.02713051252067089
32.0,0.02647271566092968
36.0,0.031366480110348975
40.0,0.030054660821042488
44.0,0.028821056395584795
48.0,0.027620241488330068
52.0,0.026510973021868268
56.0,0.02552411898301822
60.0,0.024415474371198797
64.0,0.02333618850195004
72.0,0.02727570524660658
80.0,0.024341112149514905
88.0,0.021559654063109876
96.0,0.019170696196100755
104.0,0.016575863751906738
112.0,0.014154864044900498
120.0,0.012707713277727042
128.0,0.011260320619760972
144.0,0.012463655106590263
160.0,0.008521844522051868
176.0,0.005076159577410657
192.0,0.002131986043834678
208.0,-0.0008623118788125881
224.0,-0.003628066871204369
240.0,-0.006853136178549556
256.0,-0.010204165981295296
288.0,-0.017251168407657294
320.0,-0.023758799457402134
352.0,-0.029364592731272912
384.0,-0.038001732707283846
416.0,-0.05053723371341167
448.0,-0.06038135499693453
480.0,-0.045948972787785654
512.0,-0.058201790989066166
576.0,-0.05490932089742273
640.0,-0.07132224994711578
704.0,-0.08821879606693983
768.0,-0.08667699893703684
832.0,-0.09730828406100045
896.0,-0.11115091340616345
960.0,-0.11975863622501493
1024.0,-0.13203978165984154
end
