version,3.0
numOfCh,1
type,point
parent_name,labthresh-0dot04_avgcorrs
ch_type,1_1
kcount,1
numberNandB,1
brightnessNandB,1
carpet pos,0
pc,0
Time (ms),CH1 Auto-Correlation
1.0,0.07023241370916367
2.0,0.06797018647193909
3.0,0.06618798524141312
4.0,0.06431564688682556
5.0,0.06232219561934471
6.0,0.06042826548218727
7.0,0.05874264985322952
8.0,0.057109322398900986
9.0,0.05544021353125572
10.0,0.05386421084403992
11.0,0.05233076587319374
12.0,0.050861213356256485
13.0,0.04929380863904953
14.0,0.047894835472106934
15.0,0.04667216166853905
16.0,0.045456044375896454
18.0,0.043682269752025604
20.0,0.042205993086099625
22.0,0.040474437177181244
24.0,0.03870972990989685
26.0,0.03806914761662483
28.0,0.03703758865594864
30.0,0.037443523890774315
32.0,0.03802729123358235
36.0,0.03529776716393165
40.0,0.030402760243635963
44.0,0.026446687285153366
48.0,0.022549644303084773
52.0,0.01702755999444476
56.0,0.012227509234269912
60.0,0.00875805370610165
64.0,0.0061591211388903585
72.0,0.004515686096917642
80.0,-0.003094269422275063
88.0,-0.008737262087187878
96.0,-0.011767352065745447
104.0,-0.012694382451866803
112.0,-0.012454254626247444
120.0,-0.011193305094677367
128.0,-0.009316389980468605
144.0,0.004670276612159796
160.0,0.0029544586905103642
176.0,0.0005774742858193349
192.0,-0.0032407443068223074
208.0,-0.007379683429462602
224.0,-0.011731954800779931
240.0,-0.014490159475826658
256.0,-0.014767105312785134
288.0,-0.02267752884125168
320.0,-0.027400008455680854
352.0,-0.023247342673130333
384.0,-0.0205619492335245
416.0,-0.01257419905794615
448.0,-0.0020313952171074397
480.0,0.0037987921241438016
512.0,0.0038643480934710665
576.0,0.00022564638250817856
640.0,0.016860637115314603
704.0,-0.014782939571887255
768.0,-0.003930519490192334
832.0,-0.03632356419984717
896.0,-0.0771112887499233
960.0,-0.028267549304291605
1024.0,-0.011317379586398602
end
