version,3.0
numOfCh,1
type,point
parent_name,ff67b_3dot0-0dot01
ch_type,1_1
kcount,1
numberNandB,1
brightnessNandB,1
carpet pos,0
pc,0
Time (ms),CH1 Auto-Correlation
1.0,0.027716590091586113
2.0,0.02332337386906147
3.0,0.02020329423248768
4.0,0.017609115689992905
5.0,0.015984252095222473
6.0,0.014761369675397873
7.0,0.013534583151340485
8.0,0.012464300729334354
9.0,0.011740950867533684
10.0,0.011292307637631893
11.0,0.010661792010068893
12.0,0.01026758924126625
13.0,0.009800232015550137
14.0,0.009326557628810406
15.0,0.009000381454825401
16.0,0.008669780567288399
18.0,0.008204975165426731
20.0,0.007871843874454498
22.0,0.007660900242626667
24.0,0.007587694562971592
26.0,0.007105066906660795
28.0,0.006629351060837507
30.0,0.0060918075032532215
32.0,0.005652093328535557
36.0,0.0049516442231833935
40.0,0.004695694427937269
44.0,0.004625651054084301
48.0,0.004683643113821745
52.0,0.004764676559716463
56.0,0.004178175702691078
60.0,0.004146500490605831
64.0,0.004189684055745602
72.0,0.004266778007149696
80.0,0.004014607518911362
88.0,0.0027903220616281033
96.0,0.0027579644229263067
104.0,0.002855971921235323
112.0,0.002574163256213069
120.0,0.0019159081857651472
128.0,0.0016288796905428171
144.0,0.0016360715962946415
160.0,0.0021515616681426764
176.0,0.0009873887756839395
192.0,0.00026927507133223116
208.0,0.000704280158970505
224.0,0.0004572019388433546
240.0,-0.0005370957078412175
256.0,-0.0009195648599416018
288.0,0.00042515783570706844
320.0,0.0018694399623200297
352.0,0.0011436179047450423
384.0,0.0009888466447591782
416.0,0.0015202255453914404
448.0,0.0020464318804442883
480.0,0.0021721574012190104
512.0,0.0014455901691690087
576.0,0.0007302751764655113
640.0,0.0010751254158094525
704.0,0.0003729604941327125
768.0,-0.000545476854313165
832.0,-0.0015197595348581672
896.0,-0.00038952502654865384
960.0,0.0009452351951040328
1024.0,0.000868756789714098
1152.0,-0.000140105708851479
1280.0,-0.001471189083531499
1408.0,-0.00041161684202961624
1536.0,-0.00013208179734647274
1664.0,-0.0006525196949951351
1792.0,-0.0005323580116964877
1920.0,-0.0011717545567080379
2048.0,7.364433258771896e-05
2304.0,-0.0009397259564138949
2560.0,0.0005537771503441036
2816.0,0.0010643681744113564
3072.0,0.0006485918420366943
3328.0,0.0017276362050324678
3584.0,-0.0003636163310147822
3840.0,0.000990903121419251
4096.0,-0.0006654586759395897
end
