version,3.0
numOfCh,1
type,point
parent_name,ff67b_3dot0-0dot01
ch_type,1_1
kcount,1
numberNandB,1
brightnessNandB,1
carpet pos,0
pc,0
Time (ms),CH1 Auto-Correlation
1.0,0.035446781665086746
2.0,0.03155343607068062
3.0,0.028773296624422073
4.0,0.02646789699792862
5.0,0.024713043123483658
6.0,0.02317262440919876
7.0,0.022254500538110733
8.0,0.021566975861787796
9.0,0.020674604922533035
10.0,0.020047340542078018
11.0,0.01936493255198002
12.0,0.01857861317694187
13.0,0.018097298219799995
14.0,0.01718822866678238
15.0,0.016409367322921753
16.0,0.015617650002241135
18.0,0.014774945564568043
20.0,0.014097388833761215
22.0,0.013677991926670074
24.0,0.013432998210191727
26.0,0.013542083092033863
28.0,0.013406260870397091
30.0,0.013001185841858387
32.0,0.012496543116867542
36.0,0.01208345964550972
40.0,0.011054703034460545
44.0,0.010200469754636288
48.0,0.00956660881638527
52.0,0.008784616366028786
56.0,0.008583148941397667
60.0,0.007872965186834335
64.0,0.008250106126070023
72.0,0.008455186150968075
80.0,0.009020473808050156
88.0,0.009234077297151089
96.0,0.0078032598830759525
104.0,0.006113613490015268
112.0,0.0057727275416255
120.0,0.005928224418312311
128.0,0.004987068008631468
144.0,0.004604959860444069
160.0,0.004611733369529247
176.0,0.004264297429472208
192.0,0.004047035239636898
208.0,0.004900691099464893
224.0,0.005165427923202515
240.0,0.005948673002421856
256.0,0.004727385472506285
288.0,0.0035074944607913494
320.0,0.0034404743928462267
352.0,0.0016127724666148424
384.0,0.0021352709736675024
416.0,0.0031222407706081867
448.0,0.003092453582212329
480.0,0.0013761181617155671
512.0,0.002675433875992894
576.0,-0.001018105074763298
640.0,-0.0007141170208342373
704.0,0.0018820681143552065
768.0,0.002898307517170906
832.0,0.0003521053877193481
896.0,-0.0019023787463083863
960.0,-0.000674584589432925
1024.0,-0.0010506497928872705
1152.0,-0.0027270494028925896
1280.0,-0.003563969861716032
1408.0,-0.002872153650969267
1536.0,-0.0011419219663366675
1664.0,-0.005823311861604452
1792.0,-0.0037429598160088062
1920.0,-0.005754033103585243
2048.0,-0.004105058498680592
2304.0,0.00011130031634820625
2560.0,0.002528960583731532
2816.0,0.0035425848327577114
3072.0,0.001751264906488359
3328.0,0.004057181533426046
3584.0,-0.00026731970137916505
3840.0,-0.005020224489271641
4096.0,-0.0014023772673681378
end
