version,3.0
numOfCh,1
type,point
parent_name,ff67b_3dot0-0dot01
ch_type,1_1
kcount,1
numberNandB,1
brightnessNandB,1
carpet pos,0
pc,0
Time (ms),CH1 Auto-Correlation
1.0,0.03234772011637688
2.0,0.027854349464178085
3.0,0.024711785838007927
4.0,0.02221076563000679
5.0,0.020067766308784485
6.0,0.018150726333260536
7.0,0.016921043395996094
8.0,0.01578649878501892
9.0,0.014562505297362804
10.0,0.013408629223704338
11.0,0.01240105926990509
12.0,0.011216162703931332
13.0,0.009807656519114971
14.0,0.00863827858120203
15.0,0.007369442377239466
16.0,0.006408096291124821
18.0,0.005621764343231916
20.0,0.004906870424747467
22.0,0.004101946484297514
24.0,0.0036334069445729256
26.0,0.0035968474112451077
28.0,0.003518872195854783
30.0,0.0035780398175120354
32.0,0.003854691283777356
36.0,0.003761855186894536
40.0,0.0035419324412941933
44.0,0.0036867717280983925
48.0,0.0034927986562252045
52.0,0.003180993953719735
56.0,0.0035971540492028
60.0,0.0037003811448812485
64.0,0.0038133065681904554
72.0,0.0036167430225759745
80.0,0.002465319586917758
88.0,0.001998679246753454
96.0,0.0018789985915645957
104.0,0.0017510238103568554
112.0,0.002009870018810034
120.0,0.002352207200601697
128.0,0.0017465526470914483
144.0,0.0011774348095059395
160.0,0.0001219510450027883
176.0,0.0008351285359822214
192.0,0.001606034580618143
208.0,0.0006235302425920963
224.0,-9.932927241607103e-06
240.0,0.00038688755012117326
256.0,-0.0005779577768407762
288.0,0.0004706959589384496
320.0,0.0015879285056144
352.0,0.0005934997461736202
384.0,0.0014978747349232435
416.0,0.0008302778005599976
448.0,0.001163048087619245
480.0,-0.0003566690138541162
512.0,-0.0013846814399585128
576.0,-0.0014439087826758623
640.0,-0.0003704229893628508
704.0,-0.0002621660241857171
768.0,-0.0008391810697503388
832.0,-0.0012877677800133824
896.0,-0.0015675812028348446
960.0,-0.0010992850875481963
1024.0,0.0007885990780778229
1152.0,-0.0017148724291473627
1280.0,-0.0006877428386360407
1408.0,0.0009146943339146674
1536.0,0.0009777540108188987
1664.0,0.002706875093281269
1792.0,0.0016667002346366644
1920.0,0.0003921695169992745
2048.0,0.0008552761282771826
2304.0,0.00030650742701254785
2560.0,-0.0015471549704670906
2816.0,-0.0028977517504245043
3072.0,-0.00012242174125276506
3328.0,0.0023170923814177513
3584.0,0.0010483871446922421
3840.0,-0.0010196678340435028
4096.0,-0.0007148117292672396
end
