version,3.0
numOfCh,1
type,point
parent_name,34a6d_0dot4-0dot01
ch_type,1_1
kcount,1
numberNandB,1
brightnessNandB,1
carpet pos,0
pc,0
Time (ms),CH1 Auto-Correlation
1.0,0.15852472186088562
2.0,0.15719951689243317
3.0,0.15596584975719452
4.0,0.15482936799526215
5.0,0.15372483432292938
6.0,0.1526423841714859
7.0,0.15155823528766632
8.0,0.1505342274904251
9.0,0.14953655004501343
10.0,0.14856086671352386
11.0,0.14762231707572937
12.0,0.14670827984809875
13.0,0.1458239108324051
14.0,0.14502935111522675
15.0,0.14428487420082092
16.0,0.14351895451545715
18.0,0.14198054373264313
20.0,0.14064137637615204
22.0,0.1393233984708786
24.0,0.13798366487026215
26.0,0.13666030764579773
28.0,0.1353013515472412
30.0,0.13395731151103973
32.0,0.13263997435569763
36.0,0.1302574872970581
40.0,0.12805157899856567
44.0,0.12597839534282684
48.0,0.12398350238800049
52.0,0.12205088138580322
56.0,0.12012975662946701
60.0,0.11828713864088058
64.0,0.11622772365808487
72.0,0.1117229163646698
80.0,0.10793228447437286
88.0,0.10454891622066498
96.0,0.10162926465272903
104.0,0.09926063567399979
112.0,0.09729813039302826
120.0,0.09556207060813904
128.0,0.09439639747142792
144.0,0.09214910864830017
160.0,0.09095477312803268
176.0,0.0893106460571289
192.0,0.08715222775936127
208.0,0.08498096466064453
224.0,0.08178883045911789
240.0,0.07781561464071274
256.0,0.07480990886688232
288.0,0.0714564323425293
320.0,0.06379864364862442
352.0,0.05695483833551407
384.0,0.04917061701416969
416.0,0.0424964539706707
448.0,0.0363631546497345
480.0,0.03313629329204559
512.0,0.03085891529917717
576.0,0.03116493858397007
640.0,0.0281683299690485
704.0,0.019587527960538864
768.0,0.015715938061475754
832.0,0.014082295820116997
896.0,0.009706870652735233
960.0,-0.0010317320702597499
1024.0,-0.014048144221305847
1152.0,-0.028867844492197037
1280.0,-0.036963172256946564
1408.0,-0.043902747333049774
1536.0,-0.04232629016041756
1664.0,-0.04509718716144562
1792.0,-0.04569687321782112
1920.0,-0.041259437799453735
2048.0,-0.031919218599796295
2304.0,-0.008530455641448498
2560.0,0.005047263111919165
2816.0,0.025799289345741272
3072.0,0.024235699325799942
3328.0,0.019343843683600426
3584.0,0.03905421122908592
3840.0,0.03051099367439747
4096.0,0.00604728888720274
4608.0,-0.03293515741825104
5120.0,-0.021735424175858498
5632.0,0.016655493527650833
6144.0,0.039881620556116104
6656.0,0.004973203409463167
7168.0,-0.09214991331100464
7680.0,-0.13915058970451355
8192.0,-0.22106648981571198
end
