version,3.0
numOfCh,1
type,point
parent_name,34a6d_0dot4-0dot01
ch_type,1_1
kcount,1
numberNandB,1
brightnessNandB,1
carpet pos,0
pc,0
Time (ms),CH1 Auto-Correlation
1.0,0.10660899430513382
2.0,0.10530448704957962
3.0,0.1041022464632988
4.0,0.10300901532173157
5.0,0.10193154215812683
6.0,0.10087041556835175
7.0,0.09989774972200394
8.0,0.09896291792392731
9.0,0.09805034846067429
10.0,0.09712709486484528
11.0,0.09620974212884903
12.0,0.09536051750183105
13.0,0.09454812109470367
14.0,0.09379687160253525
15.0,0.09309937804937363
16.0,0.09247644245624542
18.0,0.09127504378557205
20.0,0.0900939404964447
22.0,0.08900248259305954
24.0,0.08800024539232254
26.0,0.08706353604793549
28.0,0.08612652868032455
30.0,0.08519326895475388
32.0,0.08441029489040375
36.0,0.08304429799318314
40.0,0.08167148381471634
44.0,0.0804809108376503
48.0,0.07934855669736862
52.0,0.07838626205921173
56.0,0.07756142318248749
60.0,0.07691434025764465
64.0,0.0765504315495491
72.0,0.0760359838604927
80.0,0.0758061632514
88.0,0.0755813717842102
96.0,0.07531628757715225
104.0,0.0749368816614151
112.0,0.07477502524852753
120.0,0.07475908100605011
128.0,0.0746789202094078
144.0,0.07369785755872726
160.0,0.07093295454978943
176.0,0.06729288399219513
192.0,0.06404883414506912
208.0,0.06206801161170006
224.0,0.06051087751984596
240.0,0.059839632362127304
256.0,0.05866386368870735
288.0,0.05559856817126274
320.0,0.05352264642715454
352.0,0.048894595354795456
384.0,0.04683568701148033
416.0,0.04739838093519211
448.0,0.04576202109456062
480.0,0.040858592838048935
512.0,0.03800409287214279
576.0,0.041058026254177094
640.0,0.03742049261927605
704.0,0.03753146529197693
768.0,0.035753775388002396
832.0,0.030899519100785255
896.0,0.030600938946008682
960.0,0.025500304996967316
1024.0,0.025423714891076088
1152.0,0.02478218823671341
1280.0,0.02503828890621662
1408.0,0.02386675402522087
1536.0,0.020624270662665367
1664.0,0.015205112285912037
1792.0,0.00877369660884142
1920.0,0.00493302196264267
2048.0,0.004099810961633921
2304.0,0.0037307182792574167
2560.0,0.005560552701354027
2816.0,0.003725009271875024
3072.0,0.0028466626536101103
3328.0,-0.0011711135739460588
3584.0,-0.008741779252886772
3840.0,-0.004461634438484907
4096.0,-0.0037413863465189934
4608.0,-0.021340979263186455
5120.0,-0.03207499161362648
5632.0,-0.03721942752599716
6144.0,-0.03623661398887634
6656.0,-0.03749372065067291
7168.0,-0.044743455946445465
7680.0,-0.039264846593141556
8192.0,-0.03300100937485695
end
