version,3.0
numOfCh,1
type,point
parent_name,34a6d_0dot4-0dot01
ch_type,1_1
kcount,1
numberNandB,1
brightnessNandB,1
carpet pos,0
pc,0
Time (ms),CH1 Auto-Correlation
1.0,0.09986042231321335
2.0,0.09867662191390991
3.0,0.09750336408615112
4.0,0.09640933573246002
5.0,0.09530036151409149
6.0,0.09426523745059967
7.0,0.09327615797519684
8.0,0.09231466054916382
9.0,0.09128677845001221
10.0,0.0904487892985344
11.0,0.08961330354213715
12.0,0.08883650600910187
13.0,0.08808498829603195
14.0,0.08735860139131546
15.0,0.08663927018642426
16.0,0.08598055690526962
18.0,0.08478109538555145
20.0,0.0835709497332573
22.0,0.0823405534029007
24.0,0.08122670650482178
26.0,0.08018471300601959
28.0,0.07923531532287598
30.0,0.07841596752405167
32.0,0.07768262922763824
36.0,0.07637524604797363
40.0,0.0751487985253334
44.0,0.07416290044784546
48.0,0.0733184963464737
52.0,0.07261697202920914
56.0,0.07183954119682312
60.0,0.07116250693798065
64.0,0.07037068903446198
72.0,0.06869350373744965
80.0,0.06708322465419769
88.0,0.0657239705324173
96.0,0.06411415338516235
104.0,0.0635102242231369
112.0,0.06306402385234833
120.0,0.06235154718160629
128.0,0.06131400540471077
144.0,0.058907363563776016
160.0,0.05637957900762558
176.0,0.0535501129925251
192.0,0.0507819727063179
208.0,0.04882363602519035
224.0,0.04774986207485199
240.0,0.045910727232694626
256.0,0.0439477264881134
288.0,0.04117319732904434
320.0,0.04028619825839996
352.0,0.039233315736055374
384.0,0.03719749674201012
416.0,0.03465009853243828
448.0,0.03016616404056549
480.0,0.027902711182832718
512.0,0.024352600798010826
576.0,0.01965392380952835
640.0,0.013737614266574383
704.0,0.010945246554911137
768.0,0.009596696123480797
832.0,0.0063172876834869385
896.0,0.007155314553529024
960.0,0.0063615478575229645
1024.0,0.0020386993419378996
1152.0,-0.0019027875969186425
1280.0,-0.00211631809361279
1408.0,-0.00539563549682498
1536.0,-0.011229779571294785
1664.0,-0.019045213237404823
1792.0,-0.025515642017126083
1920.0,-0.03168730437755585
2048.0,-0.03388003632426262
2304.0,-0.03559161722660065
2560.0,-0.030826177448034286
2816.0,-0.02004951797425747
3072.0,-0.008332304656505585
3328.0,0.01293776836246252
3584.0,0.02243099920451641
3840.0,0.029544152319431305
4096.0,0.019649563357234
4608.0,0.016367198899388313
5120.0,0.014531352557241917
5632.0,-0.020246630534529686
6144.0,-0.03376185894012451
6656.0,-0.025358378887176514
7168.0,-0.01725543662905693
7680.0,-0.013826034031808376
8192.0,0.0013007114175707102
end
