version,3.0
numOfCh,1
type,point
parent_name,34a6d_0dot4-0dot01
ch_type,1_1
kcount,1
numberNandB,1
brightnessNandB,1
carpet pos,0
pc,0
Time (ms),CH1 Auto-Correlation
1.0,0.17254289984703064
2.0,0.1709209680557251
3.0,0.1693529337644577
4.0,0.16790717840194702
5.0,0.1664961576461792
6.0,0.16508661210536957
7.0,0.1637803018093109
8.0,0.16253355145454407
9.0,0.16128353774547577
10.0,0.1600998193025589
11.0,0.15898728370666504
12.0,0.15793105959892273
13.0,0.15692555904388428
14.0,0.1559186577796936
15.0,0.15488746762275696
16.0,0.15379548072814941
18.0,0.1517464518547058
20.0,0.14974309504032135
22.0,0.14785122871398926
24.0,0.1460161656141281
26.0,0.1443869024515152
28.0,0.14281140267848969
30.0,0.14135611057281494
32.0,0.13997355103492737
36.0,0.13763786852359772
40.0,0.1358390599489212
44.0,0.1347493976354599
48.0,0.13392336666584015
52.0,0.13344335556030273
56.0,0.1324271708726883
60.0,0.13179853558540344
64.0,0.13138151168823242
72.0,0.13012811541557312
80.0,0.12867872416973114
88.0,0.1270071566104889
96.0,0.12558332085609436
104.0,0.12516269087791443
112.0,0.12382545322179794
120.0,0.12199771404266357
128.0,0.11990681290626526
144.0,0.11683438718318939
160.0,0.11246377229690552
176.0,0.10676543414592743
192.0,0.10075186938047409
208.0,0.09518426656723022
224.0,0.09202941507101059
240.0,0.08802825957536697
256.0,0.08263552933931351
288.0,0.07397543638944626
320.0,0.06585513800382614
352.0,0.05377262458205223
384.0,0.04562251642346382
416.0,0.03564969077706337
448.0,0.026996757835149765
480.0,0.015734020620584488
512.0,0.0075654094107449055
576.0,-0.0038653360679745674
640.0,-0.013125735335052013
704.0,-0.022450216114521027
768.0,-0.02703331783413887
832.0,-0.027463635429739952
896.0,-0.026506949216127396
960.0,-0.01824989728629589
1024.0,-0.01317724771797657
1152.0,0.007777730002999306
1280.0,0.021942205727100372
1408.0,0.02560323476791382
1536.0,0.013034750707447529
1664.0,-0.0036586776841431856
1792.0,-0.009159505367279053
1920.0,-0.018284082412719727
2048.0,-0.030344992876052856
2304.0,-0.042408015578985214
2560.0,-0.04023125022649765
2816.0,-0.03244642913341522
3072.0,-0.034015413373708725
3328.0,-0.0434105284512043
3584.0,-0.04692846164107323
3840.0,-0.034008197486400604
4096.0,-0.022989245131611824
4608.0,0.0020031738094985485
5120.0,0.04128565266728401
5632.0,0.04168412461876869
6144.0,0.01070252526551485
6656.0,0.008951221592724323
7168.0,0.01010621152818203
7680.0,-0.003905095625668764
8192.0,-0.006026546936482191
end
