version,3.0
numOfCh,1
type,point
parent_name,34766_0dot069-1dot0
ch_type,1_1
kcount,1
numberNandB,1
brightnessNandB,1
carpet pos,0
pc,0
Time (ms),CH1 Auto-Correlation
1.0,0.08667512238025665
2.0,0.08606374263763428
3.0,0.08547814190387726
4.0,0.08492125570774078
5.0,0.08439327776432037
6.0,0.08388035744428635
7.0,0.08339627832174301
8.0,0.0828896090388298
9.0,0.08237311244010925
10.0,0.08187264949083328
11.0,0.08138424903154373
12.0,0.08088601380586624
13.0,0.08039429783821106
14.0,0.0799066573381424
15.0,0.07945732772350311
16.0,0.07901063561439514
18.0,0.07812507450580597
20.0,0.0772830918431282
22.0,0.07647248357534409
24.0,0.07565483450889587
26.0,0.07485915720462799
28.0,0.0740894228219986
30.0,0.07333646714687347
32.0,0.07260508835315704
36.0,0.0711490735411644
40.0,0.06979187577962875
44.0,0.06841695308685303
48.0,0.06702113896608353
52.0,0.06560918688774109
56.0,0.06424640864133835
60.0,0.06296003609895706
64.0,0.0617484375834465
72.0,0.05946075916290283
80.0,0.057399436831474304
88.0,0.05541689321398735
96.0,0.05344940721988678
104.0,0.05168115720152855
112.0,0.04979212209582329
120.0,0.04764798283576965
128.0,0.0455576591193676
144.0,0.04192407801747322
160.0,0.03883535414934158
176.0,0.036186933517456055
192.0,0.03387660160660744
208.0,0.03280001878738403
224.0,0.03245532140135765
240.0,0.03235533460974693
256.0,0.032274916768074036
288.0,0.03206928074359894
320.0,0.03191658854484558
352.0,0.03087708167731762
384.0,0.029873250052332878
416.0,0.02968086116015911
448.0,0.029015550389885902
480.0,0.026894858106970787
512.0,0.025434086099267006
576.0,0.025022592395544052
640.0,0.02431286871433258
704.0,0.02415481023490429
768.0,0.023164177313447
832.0,0.02299143373966217
896.0,0.024206969887018204
960.0,0.02325582318007946
1024.0,0.018695738166570663
1152.0,0.014496881514787674
1280.0,0.014103908091783524
1408.0,0.008893373422324657
1536.0,0.007108787540346384
1664.0,0.008502918295562267
1792.0,0.008553498424589634
1920.0,0.005986529868096113
2048.0,0.00024784295237623155
2304.0,0.0005884507554583251
2560.0,-0.003074893495067954
2816.0,0.002085741376504302
3072.0,0.002525531454011798
3328.0,-0.005063626915216446
3584.0,-0.008671199902892113
3840.0,-0.00987816508859396
4096.0,-0.008542193099856377
4608.0,-0.010785375721752644
5120.0,-0.01512719877064228
5632.0,-0.009058062918484211
6144.0,5.3379135351860896e-05
6656.0,0.0030054794624447823
7168.0,0.018167221918702126
7680.0,0.014766601845622063
8192.0,0.014450332149863243
end
