version,3.0
numOfCh,1
type,point
parent_name,34766_0dot069-1dot0
ch_type,1_1
kcount,1
numberNandB,1
brightnessNandB,1
carpet pos,0
pc,0
Time (ms),CH1 Auto-Correlation
1.0,0.08465602993965149
2.0,0.08375087380409241
3.0,0.08295831829309464
4.0,0.08225616812705994
5.0,0.08153999596834183
6.0,0.08094406872987747
7.0,0.08029388636350632
8.0,0.0796578899025917
9.0,0.07904940098524094
10.0,0.07849456369876862
11.0,0.07793332636356354
12.0,0.07737784087657928
13.0,0.07680781930685043
14.0,0.07623464614152908
15.0,0.07569491863250732
16.0,0.07515142858028412
18.0,0.07404709607362747
20.0,0.07289934903383255
22.0,0.07186117768287659
24.0,0.07080986350774765
26.0,0.06977087259292603
28.0,0.06880764663219452
30.0,0.06783976405858994
32.0,0.06694099307060242
36.0,0.06513337790966034
40.0,0.06349445879459381
44.0,0.061991650611162186
48.0,0.06058221310377121
52.0,0.05935443937778473
56.0,0.0581052303314209
60.0,0.056945525109767914
64.0,0.05593203380703926
72.0,0.05376005917787552
80.0,0.05173466354608536
88.0,0.04969821497797966
96.0,0.04784595966339111
104.0,0.04596485197544098
112.0,0.04417995363473892
120.0,0.04242194443941116
128.0,0.040688276290893555
144.0,0.03782467544078827
160.0,0.03611201420426369
176.0,0.03407391160726547
192.0,0.03137846663594246
208.0,0.029066186398267746
224.0,0.026818707585334778
240.0,0.02482239156961441
256.0,0.023685267195105553
288.0,0.0225234217941761
320.0,0.0211264006793499
352.0,0.01978834718465805
384.0,0.01835102215409279
416.0,0.017931822687387466
448.0,0.015453540720045567
480.0,0.01324712298810482
512.0,0.012609126046299934
576.0,0.009935515932738781
640.0,0.01064749713987112
704.0,0.012335512787103653
768.0,0.014831563457846642
832.0,0.01722726970911026
896.0,0.016461091116070747
960.0,0.016895253211259842
1024.0,0.012517277151346207
1152.0,0.003525826381519437
1280.0,-0.00031256952206604183
1408.0,-0.004104200284928083
1536.0,-0.005267227068543434
1664.0,-0.0008092486532405019
1792.0,-0.002183538395911455
1920.0,-0.001374532817862928
2048.0,0.0011453403858467937
2304.0,-0.0005818949430249631
2560.0,-0.001495083444751799
2816.0,-0.003950662910938263
3072.0,-0.0034400844015181065
3328.0,0.0023220875300467014
3584.0,-0.003226925153285265
3840.0,-0.01523007731884718
4096.0,-0.008169245906174183
4608.0,-0.006425806786864996
5120.0,0.004703154321759939
5632.0,0.002005787333473563
6144.0,0.008072283118963242
6656.0,0.005219483282417059
7168.0,0.006050382740795612
7680.0,-0.001590461004525423
8192.0,-0.01352411974221468
end
