version,3.0
numOfCh,1
type,point
parent_name,34766_0dot069-1dot0
ch_type,1_1
kcount,1
numberNandB,1
brightnessNandB,1
carpet pos,0
pc,0
Time (ms),CH1 Auto-Correlation
1.0,0.1321505457162857
2.0,0.13108941912651062
3.0,0.13019022345542908
4.0,0.12925399839878082
5.0,0.1283499002456665
6.0,0.1275375336408615
7.0,0.1267492175102234
8.0,0.12599363923072815
9.0,0.125219464302063
10.0,0.1244809627532959
11.0,0.12384908646345139
12.0,0.12323463708162308
13.0,0.12263228744268417
14.0,0.12204486131668091
15.0,0.12142254412174225
16.0,0.12083256989717484
18.0,0.1196354553103447
20.0,0.11844746023416519
22.0,0.11719357967376709
24.0,0.11600321531295776
26.0,0.11482023447751999
28.0,0.11355303227901459
30.0,0.1123734638094902
32.0,0.11111371964216232
36.0,0.10879393666982651
40.0,0.10671531409025192
44.0,0.10465889424085617
48.0,0.10290702432394028
52.0,0.10130885988473892
56.0,0.09985898435115814
60.0,0.09843046218156815
64.0,0.09707991033792496
72.0,0.0945439413189888
80.0,0.09253011643886566
88.0,0.09027806669473648
96.0,0.0881381407380104
104.0,0.0862511545419693
112.0,0.08422043174505234
120.0,0.08225034922361374
128.0,0.08050627261400223
144.0,0.07723187655210495
160.0,0.07400590181350708
176.0,0.07092302292585373
192.0,0.068169005215168
208.0,0.06538373231887817
224.0,0.0617700032889843
240.0,0.05840519443154335
256.0,0.05540423467755318
288.0,0.05347948521375656
320.0,0.05259859934449196
352.0,0.05036773532629013
384.0,0.04954835772514343
416.0,0.04720659926533699
448.0,0.04350685700774193
480.0,0.039693593978881836
512.0,0.03435570374131203
576.0,0.025693697854876518
640.0,0.021693948656320572
704.0,0.02484581433236599
768.0,0.02869892120361328
832.0,0.033842653036117554
896.0,0.039001863449811935
960.0,0.04172779619693756
1024.0,0.046432048082351685
1152.0,0.05079762265086174
1280.0,0.043977104127407074
1408.0,0.03333842754364014
1536.0,0.023371173068881035
1664.0,0.013987109996378422
1792.0,0.009992391802370548
1920.0,0.013657264411449432
2048.0,0.02058682031929493
2304.0,0.017256218940019608
2560.0,0.004273961763828993
2816.0,-0.010306207463145256
3072.0,-0.011546398513019085
3328.0,-0.012098112143576145
3584.0,-0.014867620542645454
3840.0,-0.021492037922143936
4096.0,-0.0221718717366457
4608.0,-0.026815209537744522
5120.0,-0.04277287423610687
5632.0,-0.03744520619511604
6144.0,-0.031720638275146484
6656.0,-0.03283308073878288
7168.0,-0.033290546387434006
7680.0,-0.03115862049162388
8192.0,0.007622769568115473
end
