version,3.0
numOfCh,1
type,point
parent_name,34766_0dot069-1dot0
ch_type,1_1
kcount,1
numberNandB,1
brightnessNandB,1
carpet pos,0
pc,0
Time (ms),CH1 Auto-Correlation
1.0,0.09867485612630844
2.0,0.0976717621088028
3.0,0.09683956205844879
4.0,0.09605919569730759
5.0,0.09528932720422745
6.0,0.09458757936954498
7.0,0.09387709945440292
8.0,0.09314628690481186
9.0,0.09246554970741272
10.0,0.09183071553707123
11.0,0.09120132774114609
12.0,0.09056523442268372
13.0,0.08995866775512695
14.0,0.08935463428497314
15.0,0.08877329528331757
16.0,0.08822949975728989
18.0,0.0871632993221283
20.0,0.0861826166510582
22.0,0.08522876352071762
24.0,0.08440506458282471
26.0,0.08354179561138153
28.0,0.0827440395951271
30.0,0.08196249604225159
32.0,0.08120901882648468
36.0,0.07983536273241043
40.0,0.0784381777048111
44.0,0.0770300105214119
48.0,0.07573901116847992
52.0,0.07452671974897385
56.0,0.07337057590484619
60.0,0.07227279990911484
64.0,0.07112377882003784
72.0,0.06887541711330414
80.0,0.06697329133749008
88.0,0.06552160531282425
96.0,0.06437429785728455
104.0,0.06294737011194229
112.0,0.06150851398706436
120.0,0.060101449489593506
128.0,0.058613456785678864
144.0,0.05600191280245781
160.0,0.053471263498067856
176.0,0.050620753318071365
192.0,0.0475747287273407
208.0,0.04441342130303383
224.0,0.04167565703392029
240.0,0.039517272263765335
256.0,0.037416983395814896
288.0,0.03491080924868584
320.0,0.03265826776623726
352.0,0.029429929330945015
384.0,0.0256881695240736
416.0,0.022501429542899132
448.0,0.019612088799476624
480.0,0.01621665060520172
512.0,0.011963521130383015
576.0,0.006556884851306677
640.0,0.003928114660084248
704.0,0.0026301098987460136
768.0,0.0030651527922600508
832.0,0.0037805719766765833
896.0,0.004239738453179598
960.0,0.007361275609582663
1024.0,0.010638851672410965
1152.0,0.008773797191679478
1280.0,0.010070597752928734
1408.0,0.0066871861927211285
1536.0,-0.0010702809086069465
1664.0,-0.009637094102799892
1792.0,-0.013179556466639042
1920.0,-0.014834231697022915
2048.0,-0.015309756621718407
2304.0,-0.008485325612127781
2560.0,-0.003258255310356617
2816.0,0.00227239727973938
3072.0,0.0006750866305083036
3328.0,-0.004000741522759199
3584.0,-0.008946220390498638
3840.0,-0.005526390857994556
4096.0,0.010007319040596485
4608.0,0.01131303422152996
5120.0,-0.009014626033604145
5632.0,0.007211118936538696
6144.0,-0.032948087900877
6656.0,-0.027558263391256332
7168.0,-0.018301568925380707
7680.0,-0.028599994257092476
8192.0,0.0010236648377031088
end
