version,3.0
numOfCh,1
type,point
parent_name,34766_0dot069-1dot0
ch_type,1_1
kcount,1
numberNandB,1
brightnessNandB,1
carpet pos,0
pc,0
Time (ms),CH1 Auto-Correlation
1.0,0.11725553870201111
2.0,0.11613153666257858
3.0,0.11535561084747314
4.0,0.11464597284793854
5.0,0.11397093534469604
6.0,0.11330628395080566
7.0,0.11265380680561066
8.0,0.11205294728279114
9.0,0.11142535507678986
10.0,0.11080637574195862
11.0,0.11015888303518295
12.0,0.10953033715486526
13.0,0.10893318057060242
14.0,0.10833633691072464
15.0,0.10773291438817978
16.0,0.10710874199867249
18.0,0.10585986077785492
20.0,0.10465031862258911
22.0,0.10349585860967636
24.0,0.10237465053796768
26.0,0.10132233798503876
28.0,0.10032805800437927
30.0,0.09932432323694229
32.0,0.09835115075111389
36.0,0.09635062515735626
40.0,0.09435764700174332
44.0,0.0923924520611763
48.0,0.0905417948961258
52.0,0.08874478936195374
56.0,0.08706055581569672
60.0,0.08562278002500534
64.0,0.08431346714496613
72.0,0.08110711723566055
80.0,0.07794564217329025
88.0,0.07490559667348862
96.0,0.07195620238780975
104.0,0.06906583905220032
112.0,0.06648565828800201
120.0,0.06399369984865189
128.0,0.06174444779753685
144.0,0.057351935654878616
160.0,0.05357291176915169
176.0,0.05023432895541191
192.0,0.047410015016794205
208.0,0.04504207521677017
224.0,0.04269838705658913
240.0,0.040115486830472946
256.0,0.037154216319322586
288.0,0.03300972282886505
320.0,0.029908115044236183
352.0,0.025636106729507446
384.0,0.020423246547579765
416.0,0.01609116420149803
448.0,0.01382336113601923
480.0,0.012269795872271061
512.0,0.011007232591509819
576.0,0.006290210410952568
640.0,0.001914948457852006
704.0,-0.0038960494566708803
768.0,-0.009559794329106808
832.0,-0.014231453649699688
896.0,-0.01876368746161461
960.0,-0.017235418781638145
1024.0,-0.016315599903464317
1152.0,-0.011538033373653889
1280.0,-0.0036814785562455654
1408.0,-0.0011038834927603602
1536.0,0.00038687768392264843
1664.0,0.007723786868155003
1792.0,0.01243677083402872
1920.0,0.020189743489027023
2048.0,0.024308497086167336
2304.0,0.018266331404447556
2560.0,0.003315805457532406
2816.0,-0.016400963068008423
3072.0,-0.020826799795031548
3328.0,-0.01066966075450182
3584.0,-0.00804369617253542
3840.0,-0.0030704487580806017
4096.0,0.004331679083406925
4608.0,-0.0015724844997748733
5120.0,-0.008753824047744274
5632.0,0.00901036337018013
6144.0,0.004878974054008722
6656.0,-0.0068847727961838245
7168.0,-0.014601734466850758
7680.0,0.015610047616064548
8192.0,0.015816377475857735
end
