version,3.0
numOfCh,1
type,point
parent_name,34766_0dot069-1dot0
ch_type,1_1
kcount,1
numberNandB,1
brightnessNandB,1
carpet pos,0
pc,0
Time (ms),CH1 Auto-Correlation
1.0,0.10601191222667694
2.0,0.10532423853874207
3.0,0.10465177148580551
4.0,0.10407207906246185
5.0,0.10348281264305115
6.0,0.10294225811958313
7.0,0.1024387776851654
8.0,0.10192694514989853
9.0,0.10140098631381989
10.0,0.10083793848752975
11.0,0.10029777884483337
12.0,0.09975407272577286
13.0,0.09921709448099136
14.0,0.09870703518390656
15.0,0.09820424020290375
16.0,0.09768559783697128
18.0,0.0967181921005249
20.0,0.09575260430574417
22.0,0.09482031315565109
24.0,0.09391146153211594
26.0,0.09294707328081131
28.0,0.09197423607110977
30.0,0.0910598486661911
32.0,0.09022561460733414
36.0,0.08863092213869095
40.0,0.08720607310533524
44.0,0.08592991530895233
48.0,0.08476030826568604
52.0,0.0836285874247551
56.0,0.08251002430915833
60.0,0.08135518431663513
64.0,0.08020263910293579
72.0,0.0776752233505249
80.0,0.07541106641292572
88.0,0.07332941144704819
96.0,0.07153690606355667
104.0,0.06991896033287048
112.0,0.06854920834302902
120.0,0.06711407005786896
128.0,0.06548219919204712
144.0,0.06142185628414154
160.0,0.05721447989344597
176.0,0.05366849526762962
192.0,0.05022693797945976
208.0,0.04688958451151848
224.0,0.04442529380321503
240.0,0.0423538014292717
256.0,0.040118150413036346
288.0,0.03636521100997925
320.0,0.03305213898420334
352.0,0.03068079985678196
384.0,0.02923755720257759
416.0,0.026869704946875572
448.0,0.02384774014353752
480.0,0.021149594336748123
512.0,0.019414782524108887
576.0,0.01603681966662407
640.0,0.013717910274863243
704.0,0.011317215859889984
768.0,0.008593875914812088
832.0,0.007073662709444761
896.0,0.005193502176553011
960.0,0.0042479257099330425
1024.0,0.0030183240305632353
1152.0,-0.002022255677729845
1280.0,-0.0012489533983170986
1408.0,-0.0036984572652727365
1536.0,-0.0086233364418149
1664.0,-0.015573547221720219
1792.0,-0.014655876904726028
1920.0,-0.016061142086982727
2048.0,-0.021570609882473946
2304.0,-0.01779581420123577
2560.0,-0.005810644011944532
2816.0,0.00016873580170795321
3072.0,0.005470545496791601
3328.0,0.009161687456071377
3584.0,0.004721184726804495
3840.0,-5.659588714479469e-05
4096.0,-0.00016707753820810467
4608.0,0.0007072995649650693
5120.0,0.005885886959731579
5632.0,0.02042538672685623
6144.0,0.017185712233185768
6656.0,-0.004430072382092476
7168.0,-0.02062295377254486
7680.0,-0.011113774962723255
8192.0,0.001784455613233149
end
