version,3.0
numOfCh,1
type,point
parent_name,19e3e_0dot2-0dot01
ch_type,1_1
kcount,1
numberNandB,1
brightnessNandB,1
carpet pos,0
pc,0
Time (ms),CH1 Auto-Correlation
1.0,0.1679774969816208
2.0,0.16707976162433624
3.0,0.1661776900291443
4.0,0.16531850397586823
5.0,0.1644587218761444
6.0,0.1636115163564682
7.0,0.16276952624320984
8.0,0.1619292050600052
9.0,0.16108080744743347
10.0,0.16032277047634125
11.0,0.15958824753761292
12.0,0.15887293219566345
13.0,0.15819618105888367
14.0,0.15752282738685608
15.0,0.1568649262189865
16.0,0.15622840821743011
18.0,0.1549450010061264
20.0,0.15366390347480774
22.0,0.15248239040374756
24.0,0.15145832300186157
26.0,0.1504790186882019
28.0,0.14952799677848816
30.0,0.1485476791858673
32.0,0.1476430892944336
36.0,0.14608123898506165
40.0,0.14478431642055511
44.0,0.14360733330249786
48.0,0.1423286348581314
52.0,0.14109522104263306
56.0,0.13999804854393005
60.0,0.13890084624290466
64.0,0.13769295811653137
72.0,0.1353614777326584
80.0,0.13366371393203735
88.0,0.1325678527355194
96.0,0.13126720488071442
104.0,0.12983953952789307
112.0,0.12834639847278595
120.0,0.12679092586040497
128.0,0.1251574158668518
144.0,0.12300262600183487
160.0,0.12066937237977982
176.0,0.11858127266168594
192.0,0.11656992137432098
208.0,0.1141824871301651
224.0,0.11281948536634445
240.0,0.11138282716274261
256.0,0.107911616563797
288.0,0.10325007885694504
320.0,0.0973539799451828
352.0,0.09395432472229004
384.0,0.08811432123184204
416.0,0.08145590871572495
448.0,0.0742691308259964
480.0,0.06843964010477066
512.0,0.060673829168081284
576.0,0.04904051870107651
640.0,0.03920220956206322
704.0,0.030031297355890274
768.0,0.019803715869784355
832.0,0.015103021636605263
896.0,0.007639952003955841
960.0,0.004653859883546829
1024.0,0.005405711475759745
1152.0,0.002415248192846775
1280.0,0.0010870061814785004
1408.0,0.00012461039295885712
1536.0,0.0034205191768705845
1664.0,0.003636305220425129
1792.0,-0.0011863689869642258
1920.0,-0.00431213341653347
2048.0,-0.00774747971445322
2304.0,-0.015621950849890709
2560.0,-0.02961542084813118
2816.0,-0.037235308438539505
3072.0,-0.04362448677420616
3328.0,-0.04046158492565155
3584.0,-0.029351647943258286
3840.0,-0.010027918964624405
4096.0,0.0036761073861271143
4608.0,-0.005510684568434954
5120.0,-0.01358128059655428
5632.0,-0.023339983075857162
6144.0,-0.017612697556614876
6656.0,-0.011667168699204922
7168.0,-0.02971833385527134
7680.0,-0.020394204184412956
8192.0,0.0032458275090903044
end
