version,3.0
numOfCh,1
type,point
parent_name,19e3e_0dot2-0dot01
ch_type,1_1
kcount,1
numberNandB,1
brightnessNandB,1
carpet pos,0
pc,0
Time (ms),CH1 Auto-Correlation
1.0,0.3747684359550476
2.0,0.3737573027610779
3.0,0.3728095591068268
4.0,0.3718566298484802
5.0,0.3708607852458954
6.0,0.36990711092948914
7.0,0.36897334456443787
8.0,0.36804670095443726
9.0,0.36707210540771484
10.0,0.3660925328731537
11.0,0.36514705419540405
12.0,0.3642755448818207
13.0,0.3634238839149475
14.0,0.3625832498073578
15.0,0.36173567175865173
16.0,0.36089763045310974
18.0,0.3592976927757263
20.0,0.3576606214046478
22.0,0.3560531735420227
24.0,0.3544713854789734
26.0,0.3528330624103546
28.0,0.35119447112083435
30.0,0.34953799843788147
32.0,0.3478711247444153
36.0,0.3447471261024475
40.0,0.34172937273979187
44.0,0.33882811665534973
48.0,0.33598774671554565
52.0,0.3332757353782654
56.0,0.33084744215011597
60.0,0.32857003808021545
64.0,0.32621127367019653
72.0,0.321399450302124
80.0,0.3168392479419708
88.0,0.31246218085289
96.0,0.30776673555374146
104.0,0.3031037747859955
112.0,0.29902783036231995
120.0,0.2946905195713043
128.0,0.2900780141353607
144.0,0.28126460313796997
160.0,0.2731568515300751
176.0,0.2657155692577362
192.0,0.25805211067199707
208.0,0.2502986490726471
224.0,0.2450735867023468
240.0,0.2423214614391327
256.0,0.24050860106945038
288.0,0.234974205493927
320.0,0.22754807770252228
352.0,0.22105875611305237
384.0,0.2159489244222641
416.0,0.21156276762485504
448.0,0.20560482144355774
480.0,0.20334437489509583
512.0,0.20249339938163757
576.0,0.20490925014019012
640.0,0.20700740814208984
704.0,0.19203992187976837
768.0,0.17744180560112
832.0,0.15061596035957336
896.0,0.13575127720832825
960.0,0.11616590619087219
1024.0,0.1141379252076149
1152.0,0.10774840414524078
1280.0,0.10786731541156769
1408.0,0.10581927746534348
1536.0,0.08590681105852127
1664.0,0.07132629305124283
1792.0,0.07280493527650833
1920.0,0.05264977365732193
2048.0,0.03589900955557823
2304.0,-0.001253996742889285
2560.0,-0.043189436197280884
2816.0,-0.08785048127174377
3072.0,-0.14185915887355804
3328.0,-0.16895103454589844
3584.0,-0.21001005172729492
3840.0,-0.24443340301513672
4096.0,-0.22869499027729034
end
