version,3.0
numOfCh,1
type,point
parent_name,robust_thresh-2
ch_type,1_1
kcount,1
numberNandB,1
brightnessNandB,1
carpet pos,0
pc,0
Time (ms),CH1 Auto-Correlation
1.0,0.14379210770130157
2.0,0.1420643925666809
3.0,0.14148707687854767
4.0,0.1408771574497223
5.0,0.14031988382339478
6.0,0.1399899274110794
7.0,0.1394442319869995
8.0,0.13915492594242096
9.0,0.13854621350765228
10.0,0.1383754014968872
11.0,0.13790839910507202
12.0,0.13755206763744354
13.0,0.13727138936519623
14.0,0.136942058801651
15.0,0.1364617794752121
16.0,0.1360238492488861
18.0,0.1354314535856247
20.0,0.1342756152153015
22.0,0.13380970060825348
24.0,0.13298599421977997
26.0,0.13238051533699036
28.0,0.13187575340270996
30.0,0.13102003931999207
32.0,0.13039454817771912
36.0,0.12924939393997192
40.0,0.12816080451011658
44.0,0.12688499689102173
48.0,0.12551678717136383
52.0,0.12439659982919693
56.0,0.12347307056188583
60.0,0.12203536182641983
64.0,0.1208718791604042
72.0,0.11904722452163696
80.0,0.116958387196064
88.0,0.11491122096776962
96.0,0.11309146136045456
104.0,0.11182283610105515
112.0,0.1108168438076973
120.0,0.10933581739664078
128.0,0.1081361472606659
144.0,0.10535165667533875
160.0,0.1035357192158699
176.0,0.10220734775066376
192.0,0.10075920820236206
208.0,0.09947820007801056
224.0,0.09924951195716858
240.0,0.09953692555427551
256.0,0.09973499178886414
288.0,0.09960882365703583
320.0,0.09748126566410065
352.0,0.09399916976690292
384.0,0.08970369398593903
416.0,0.08500107377767563
448.0,0.08099429309368134
480.0,0.0789133608341217
512.0,0.07810205966234207
576.0,0.07416253536939621
640.0,0.06751815229654312
704.0,0.06170789524912834
768.0,0.054317373782396317
832.0,0.04887093976140022
896.0,0.04350096359848976
960.0,0.040969617664813995
1024.0,0.040895167738199234
1152.0,0.035536736249923706
1280.0,0.029090458527207375
1408.0,0.02805204503238201
1536.0,0.02908804640173912
1664.0,0.030684152618050575
1792.0,0.0303680170327425
1920.0,0.0315961129963398
2048.0,0.03679106384515762
2304.0,0.042280830442905426
2560.0,0.042966850101947784
2816.0,0.03166164085268974
3072.0,0.014566841535270214
3328.0,-0.0008396700723096728
3584.0,-0.00879748072475195
3840.0,-0.014907303266227245
4096.0,-0.019474728032946587
4608.0,-0.025652147829532623
5120.0,-0.030558619648218155
5632.0,-0.03484466299414635
6144.0,-0.035961225628852844
6656.0,-0.04414531588554382
7168.0,-0.05353192239999771
7680.0,-0.062236759811639786
8192.0,-0.06563062965869904
end
