version,3.0
numOfCh,1
type,point
parent_name,0cd20_0dot1-0dot01
ch_type,1_1
kcount,1
numberNandB,1
brightnessNandB,1
carpet pos,0
pc,0
Time (ms),CH1 Auto-Correlation
1.0,0.1469523310661316
2.0,0.14647619426250458
3.0,0.14600339531898499
4.0,0.1455603986978531
5.0,0.14512909948825836
6.0,0.14469724893569946
7.0,0.1442844271659851
8.0,0.14388631284236908
9.0,0.14353136718273163
10.0,0.14316360652446747
11.0,0.1428166627883911
12.0,0.1424434781074524
13.0,0.1420922428369522
14.0,0.1417522430419922
15.0,0.1414029747247696
16.0,0.14107687771320343
18.0,0.1403902918100357
20.0,0.1396225541830063
22.0,0.13884539902210236
24.0,0.1381145715713501
26.0,0.1373765915632248
28.0,0.13667668402194977
30.0,0.1359633058309555
32.0,0.13531211018562317
36.0,0.13389816880226135
40.0,0.13236141204833984
44.0,0.13080617785453796
48.0,0.12924666702747345
52.0,0.1276434361934662
56.0,0.12612293660640717
60.0,0.12469068914651871
64.0,0.12317109107971191
72.0,0.11994218081235886
80.0,0.11668772250413895
88.0,0.11354385316371918
96.0,0.11061827838420868
104.0,0.10797953605651855
112.0,0.10504534840583801
120.0,0.10198909789323807
128.0,0.09909086674451828
144.0,0.09421005845069885
160.0,0.08971075713634491
176.0,0.0853957086801529
192.0,0.0815100371837616
208.0,0.0788578912615776
224.0,0.07698927819728851
240.0,0.074836865067482
256.0,0.07278720289468765
288.0,0.0693148523569107
320.0,0.06456854194402695
352.0,0.06014622375369072
384.0,0.05704048275947571
416.0,0.05466819927096367
448.0,0.05414672568440437
480.0,0.05475645512342453
512.0,0.05475235357880592
576.0,0.05188179388642311
640.0,0.0460159108042717
704.0,0.03743317723274231
768.0,0.03095870278775692
832.0,0.02678603306412697
896.0,0.026903795078396797
960.0,0.023112814873456955
1024.0,0.015536000020802021
1152.0,0.005632536020129919
1280.0,-0.00868843961507082
1408.0,-0.007454027887433767
1536.0,0.0035653223749250174
1664.0,-0.005605149082839489
1792.0,-0.016548652201890945
1920.0,-0.02571740932762623
2048.0,-0.023064464330673218
2304.0,-0.01631651446223259
2560.0,-0.013506978750228882
2816.0,-0.0030509810894727707
3072.0,-0.024028142914175987
3328.0,-0.03626064211130142
3584.0,-0.05898059532046318
3840.0,-0.08584422618150711
4096.0,-0.10760723054409027
end
