version,3.0
numOfCh,1
type,point
parent_name,0cd20_0dot1-0dot01
ch_type,1_1
kcount,1
numberNandB,1
brightnessNandB,1
carpet pos,0
pc,0
Time (ms),CH1 Auto-Correlation
1.0,0.07630804181098938
2.0,0.07601480931043625
3.0,0.07572504132986069
4.0,0.07543586194515228
5.0,0.0751502588391304
6.0,0.07487636804580688
7.0,0.07461506873369217
8.0,0.07435793429613113
9.0,0.07409351319074631
10.0,0.07381697744131088
11.0,0.07357072830200195
12.0,0.07332373410463333
13.0,0.07309577614068985
14.0,0.07285010069608688
15.0,0.0725991353392601
16.0,0.07235629111528397
18.0,0.07184478640556335
20.0,0.07136179506778717
22.0,0.07090431451797485
24.0,0.0704338550567627
26.0,0.06998304277658463
28.0,0.06954150646924973
30.0,0.06908705085515976
32.0,0.06863008439540863
36.0,0.06763503700494766
40.0,0.06654549390077591
44.0,0.06543818861246109
48.0,0.06436619907617569
52.0,0.06327394396066666
56.0,0.06219271197915077
60.0,0.06111154705286026
64.0,0.060131482779979706
72.0,0.05816967040300369
80.0,0.05619993805885315
88.0,0.05432576313614845
96.0,0.05282709747552872
104.0,0.051516175270080566
112.0,0.05009258911013603
120.0,0.048907600343227386
128.0,0.047967616468667984
144.0,0.046245455741882324
160.0,0.04459795355796814
176.0,0.04299326613545418
192.0,0.041501548141241074
208.0,0.040517743676900864
224.0,0.03943990543484688
240.0,0.037962496280670166
256.0,0.03619525209069252
288.0,0.0323261022567749
320.0,0.030261099338531494
352.0,0.030035831034183502
384.0,0.027931567281484604
416.0,0.024467961862683296
448.0,0.02190977707505226
480.0,0.02108800783753395
512.0,0.0205585565418005
576.0,0.019903061911463737
640.0,0.012601623311638832
704.0,0.005699326749891043
768.0,0.002491642953827977
832.0,0.002006571739912033
896.0,0.0024291318841278553
960.0,0.0033530492801219225
1024.0,0.0013193358900025487
1152.0,0.0012532786931842566
1280.0,0.0005665343487635255
1408.0,0.004051885101944208
1536.0,0.008782951161265373
1664.0,0.009968200698494911
1792.0,0.005978374741971493
1920.0,0.003413050901144743
2048.0,0.003769592149183154
2304.0,-0.006369151175022125
2560.0,-0.008998347446322441
2816.0,-0.00812535174190998
3072.0,-0.01330533530563116
3328.0,-0.023244718089699745
3584.0,-0.03111116588115692
3840.0,-0.04142995551228523
4096.0,-0.03178791701793671
end
