version,3.0
numOfCh,1
type,point
parent_name,labthresh-0dot04_avgcorrs
ch_type,1_1
kcount,1
numberNandB,1
brightnessNandB,1
carpet pos,0
pc,0
Time (ms),CH1 Auto-Correlation
1.0,0.03208131343126297
2.0,0.03069126233458519
3.0,0.02993866428732872
4.0,0.029112838208675385
5.0,0.028415553271770477
6.0,0.02773607149720192
7.0,0.02733541466295719
8.0,0.026701098307967186
9.0,0.025990523397922516
10.0,0.02564961649477482
11.0,0.024990268051624298
12.0,0.024257393553853035
13.0,0.02359059266746044
14.0,0.023125464096665382
15.0,0.022541694343090057
16.0,0.022064480930566788
18.0,0.021140802651643753
20.0,0.02040562964975834
22.0,0.019635368138551712
24.0,0.01879091002047062
26.0,0.018079115077853203
28.0,0.017591875046491623
30.0,0.017227107658982277
32.0,0.016871444880962372
36.0,0.021031315432212847
40.0,0.019650725764222443
44.0,0.01852287578159511
48.0,0.01740543929788276
52.0,0.016258797198783474
56.0,0.014910478242589826
60.0,0.013827215675649183
64.0,0.013045861019366254
72.0,0.018067252066213683
80.0,0.015874501505182013
88.0,0.01374190237783339
96.0,0.011928631696805712
104.0,0.009706235734657162
112.0,0.007419345645411383
120.0,0.004846458800048346
128.0,0.0028071193761813142
144.0,0.006080785035010194
160.0,0.003482705022179289
176.0,0.0002989723025166313
192.0,-0.0015125792269827798
208.0,-0.0014133196127659176
224.0,-0.0017719937968649901
240.0,-0.0020042963325977324
256.0,-0.004322327999398112
288.0,-0.006723246636933514
320.0,-0.01474430292312588
352.0,-0.01823023710000728
384.0,-0.021656351114091064
416.0,-0.025179388201130287
448.0,-0.023729042299757048
480.0,-0.021577504596539905
512.0,-0.024594386307788745
576.0,-0.024016036884859204
640.0,-0.01940770144574344
704.0,-0.011335732182487845
768.0,-0.020884710364043713
832.0,-0.04718356113880873
896.0,-0.06103700725361705
960.0,-0.06540750525891781
1024.0,-0.07560985744930804
1152.0,-0.009838216559728608
1280.0,-0.00034265383146703243
1408.0,-0.007200608495622873
1536.0,0.0006530028767883778
1664.0,0.009058968280442059
1792.0,0.006110106594860554
end
