version,3.0
numOfCh,1
type,point
parent_name,labthresh-0dot04_avgcorrs
ch_type,1_1
kcount,1
numberNandB,1
brightnessNandB,1
carpet pos,0
pc,0
Time (ms),CH1 Auto-Correlation
1.0,0.03857410326600075
2.0,0.03723333030939102
3.0,0.03621852770447731
4.0,0.03545006737112999
5.0,0.034803356975317
6.0,0.03414928540587425
7.0,0.03356924280524254
8.0,0.03284744173288345
9.0,0.03209728002548218
10.0,0.03141755983233452
11.0,0.0306460652500391
12.0,0.02995912730693817
13.0,0.029396355152130127
14.0,0.02879631519317627
15.0,0.028205506503582
16.0,0.027636995539069176
18.0,0.026632165536284447
20.0,0.025467345491051674
22.0,0.024242747575044632
24.0,0.023338062688708305
26.0,0.02232094667851925
28.0,0.02144855260848999
30.0,0.021994521161347317
32.0,0.020950029053104422
36.0,0.022682396417412046
40.0,0.020381894752902623
44.0,0.01869094127243023
48.0,0.017307630498320438
52.0,0.01605834979384851
56.0,0.015462890963625306
60.0,0.016854352771285146
64.0,0.01599225685398172
72.0,0.01985516999120591
80.0,0.018042791403422596
88.0,0.016701598852523602
96.0,0.015287686802912504
104.0,0.012496701518830377
112.0,0.009720986284082755
120.0,0.007498379153395562
128.0,0.005614122340614956
144.0,0.0015508422384300502
160.0,-0.0006833087682025507
176.0,-0.003173300068738172
192.0,-0.006899799729580991
208.0,-0.010818148745670442
224.0,-0.013051525907940231
240.0,-0.01434411370040228
256.0,-0.014379221468698234
288.0,-0.014835687901359052
320.0,-0.018732650222955272
352.0,-0.01912219193764031
384.0,-0.019364710338413714
416.0,-0.01644450076855719
448.0,-0.013903752760961651
480.0,-0.018610814353451133
512.0,-0.019867457187501714
576.0,-0.024584634745094393
640.0,-0.023811937110232457
704.0,-0.024517920999122516
768.0,-0.026520404216301228
832.0,-0.021962667116895318
896.0,-0.01745645094862474
960.0,-0.012721085072761136
1024.0,-0.01245080603153578
1152.0,0.027525033801794052
1280.0,0.03242403641343117
1408.0,-0.007653387729078531
1536.0,-0.0581035315990448
1664.0,-0.04665139690041542
1792.0,-0.005777826067060232
1920.0,0.01592162810266018
2048.0,-0.007593020796775818
end
