version,3.0
numOfCh,1
type,point
parent_name,labthresh-0dot04_avgcorrs
ch_type,1_1
kcount,1
numberNandB,1
brightnessNandB,1
carpet pos,0
pc,0
Time (ms),CH1 Auto-Correlation
1.0,0.02551012858748436
2.0,0.025107769295573235
3.0,0.024714814499020576
4.0,0.024312563240528107
5.0,0.023956965655088425
6.0,0.023608554154634476
7.0,0.023269060999155045
8.0,0.02294028177857399
9.0,0.022633109241724014
10.0,0.022336086258292198
11.0,0.0220325980335474
12.0,0.02174009382724762
13.0,0.02146897092461586
14.0,0.021241579204797745
15.0,0.021001799032092094
16.0,0.020737269893288612
18.0,0.02022002823650837
20.0,0.019673004746437073
22.0,0.019101478159427643
24.0,0.018631966784596443
26.0,0.01823531836271286
28.0,0.017781242728233337
30.0,0.01719401590526104
32.0,0.016713183373212814
36.0,0.019387403329760258
40.0,0.018144137319640406
44.0,0.01680889062547728
48.0,0.015722575260952
52.0,0.014961839595343918
56.0,0.014417386971631046
60.0,0.013941529833986848
64.0,0.014075523992439477
72.0,0.01413878229370886
80.0,0.012260977647536876
88.0,0.01085761029466276
96.0,0.009752796938923175
104.0,0.00906359586626518
112.0,0.008415252634318006
120.0,0.008137389047892372
128.0,0.008207075748941861
144.0,0.015320312915112785
160.0,0.013791403849609196
176.0,0.012531640701733219
192.0,0.011242583670536987
208.0,0.008993210007853728
224.0,0.006485890338808531
240.0,0.0039252430336394655
256.0,0.0011587269206453736
288.0,-0.005641997765956653
320.0,-0.011751289531174634
352.0,-0.015653827615703147
384.0,-0.01703994419787907
416.0,-0.01812419517793589
448.0,-0.01932785768682758
480.0,-0.01882722123991698
512.0,-0.014821895572822541
576.0,-0.012159056682139634
640.0,-0.009105443069711328
704.0,-0.0057198880705982445
768.0,0.0008548408397473395
832.0,0.006455407966859639
896.0,0.008197782514616846
960.0,0.008750984101789072
1024.0,0.0027144407722516917
1152.0,0.015107981860637665
1280.0,0.003885621437802911
1408.0,-0.00985703431069851
1536.0,-0.010905593633651733
1664.0,-0.013636414892971516
1792.0,-0.028299342840909958
1920.0,-0.014548658393323421
2048.0,-0.0002506734454073012
end
