version,3.0
numOfCh,1
type,point
parent_name,labthresh-0dot04_avgcorrs
ch_type,1_1
kcount,1
numberNandB,1
brightnessNandB,1
carpet pos,0
pc,0
Time (ms),CH1 Auto-Correlation
1.0,0.033192090690135956
2.0,0.032728273421525955
3.0,0.03228828310966492
4.0,0.031890545040369034
5.0,0.03147543594241142
6.0,0.03104967251420021
7.0,0.03060915134847164
8.0,0.030167067423462868
9.0,0.029726490378379822
10.0,0.029271265491843224
11.0,0.0288170725107193
12.0,0.02838955633342266
13.0,0.02794887311756611
14.0,0.027553057298064232
15.0,0.02714216150343418
16.0,0.026739414781332016
18.0,0.025869984179735184
20.0,0.025126222521066666
22.0,0.02439327910542488
24.0,0.023709774017333984
26.0,0.0230827946215868
28.0,0.022510435432195663
30.0,0.021994853392243385
32.0,0.02153819613158703
36.0,0.021806286976733154
40.0,0.02073151890642923
44.0,0.019689699372975156
48.0,0.018678601011812974
52.0,0.017726936810644335
56.0,0.016913579629964752
60.0,0.01602885326708649
64.0,0.015211303732939996
72.0,0.015144582203860906
80.0,0.012926692143744069
88.0,0.010880383472877756
96.0,0.009282417218359611
104.0,0.007807505942103241
112.0,0.0060918126523161345
120.0,0.004454172221206439
128.0,0.0019395371526202542
144.0,0.007508414741096203
160.0,0.005426893489331835
176.0,0.004197580442349944
192.0,0.0032138428666965207
208.0,0.0028227098216828178
224.0,0.0014648379874415696
240.0,0.0024901921356407304
256.0,0.0016200944393252334
288.0,0.004388018562975857
320.0,0.004172873372832934
352.0,0.0037538981220374503
384.0,0.003498609320053624
416.0,0.003472307418835246
448.0,6.178769076036083e-05
480.0,-0.006763513717386458
512.0,-0.01197123647822688
576.0,-0.03268966230098158
640.0,-0.03911106815212406
704.0,-0.04666637230548076
768.0,-0.050315969943767413
832.0,-0.043188302603084594
896.0,-0.0492895400384441
960.0,-0.06220014300197363
1024.0,-0.06302258910727687
1152.0,-0.0006788986502215266
1280.0,-0.004146478604525328
1408.0,-0.00282654189504683
1536.0,0.0007104710675776005
1664.0,0.0055994498543441296
1792.0,0.0037115260493010283
1920.0,-0.0022476462181657553
2048.0,-0.0040668342262506485
end
