version,3.0
numOfCh,1
type,point
parent_name,labthresh-0dot04_avgcorrs
ch_type,1_1
kcount,1
numberNandB,1
brightnessNandB,1
carpet pos,0
pc,0
Time (ms),CH1 Auto-Correlation
1.0,0.007785935886204243
2.0,0.007551323156803846
3.0,0.007329525891691446
4.0,0.0071113016456365585
5.0,0.006902303546667099
6.0,0.006698682904243469
7.0,0.006505910772830248
8.0,0.006330503150820732
9.0,0.006152297370135784
10.0,0.005970814265310764
11.0,0.0058061061426997185
12.0,0.005641245283186436
13.0,0.0054988861083984375
14.0,0.005360128823667765
15.0,0.00521603599190712
16.0,0.005067602265626192
18.0,0.00475004268810153
20.0,0.004443624522536993
22.0,0.004138393793255091
24.0,0.0038471356965601444
26.0,0.0035982143599539995
28.0,0.003393487073481083
30.0,0.003123897360637784
32.0,0.002804642543196678
36.0,0.005115761888536609
40.0,0.004319372338268922
44.0,0.0035373260751180953
48.0,0.002790871140264087
52.0,0.0021305857694799138
56.0,0.0015903058392096087
60.0,0.0010370655644660943
64.0,0.0004604185779843929
72.0,0.0004315909295110032
80.0,-0.0007147900224663317
88.0,-0.001834553675726056
96.0,-0.0028697247740637976
104.0,-0.003615947279613465
112.0,-0.0040211386856390165
120.0,-0.004001929544720042
128.0,-0.004083336587646045
144.0,-0.0039473451085059955
160.0,-0.004440741735058562
176.0,-0.004310023388825357
192.0,-0.003525303354870309
208.0,-0.002696388144292595
224.0,-0.0020241299421553884
240.0,-0.0017179049261411658
256.0,-0.0015426062429255312
288.0,-0.002024556934234819
320.0,-0.0005505324141787631
352.0,0.000634766387520358
384.0,0.0007071006402838975
416.0,1.3118060970945017e-05
448.0,-0.0019862917537726127
480.0,-0.004182336702277618
512.0,-0.0053381774258533755
576.0,-0.0023218884743982926
640.0,0.0014090761251281947
704.0,0.0041047201957553625
768.0,0.0009360091644339263
832.0,-0.0032284939661622047
896.0,-0.0074730427004396915
960.0,-0.009473015554249287
1024.0,-0.009078187285922468
end
