version,3.0
numOfCh,1
type,point
parent_name,labthresh-0dot04_avgcorrs
ch_type,1_1
kcount,1
numberNandB,1
brightnessNandB,1
carpet pos,0
pc,0
Time (ms),CH1 Auto-Correlation
1.0,0.021228540688753128
2.0,0.020826729014515877
3.0,0.02041713520884514
4.0,0.02002585120499134
5.0,0.019640790298581123
6.0,0.019286232069134712
7.0,0.018909603357315063
8.0,0.01852605491876602
9.0,0.018138166517019272
10.0,0.01776999421417713
11.0,0.01741204597055912
12.0,0.017090067267417908
13.0,0.016793854534626007
14.0,0.016499055549502373
15.0,0.016195261850953102
16.0,0.015909908339381218
18.0,0.015276283957064152
20.0,0.014724534004926682
22.0,0.01419059932231903
24.0,0.013732696883380413
26.0,0.013347728177905083
28.0,0.012965629808604717
30.0,0.012676562182605267
32.0,0.012371773831546307
36.0,0.016852154374064413
40.0,0.015792086540022864
44.0,0.01453409529174678
48.0,0.01340182199026458
52.0,0.012407930685440079
56.0,0.011199428450199776
60.0,0.00995645806309767
64.0,0.00870207794709131
72.0,0.0123103803399772
80.0,0.010655571721144952
88.0,0.009136972192209214
96.0,0.007767050957772881
104.0,0.0065737354963857795
112.0,0.005493359764659545
120.0,0.0046353371755685656
128.0,0.003978347702650353
144.0,0.0031188038616057705
160.0,0.0015018317807356223
176.0,-0.00019390429267385865
192.0,-0.0012795361364945112
208.0,-0.0022392547381220058
224.0,-0.0028692569595638335
240.0,-0.003944150692618945
256.0,-0.005122401422875769
288.0,-0.00715560443738165
320.0,-0.010438904185624173
352.0,-0.012575759450555779
384.0,-0.011695829055194432
416.0,-0.010975205290984983
448.0,-0.019285367384630565
480.0,-0.025588406043728657
512.0,-0.029503769557474396
576.0,0.0005006802268326283
640.0,0.0019407109124585987
704.0,0.0002627875655889511
768.0,-0.005721335113048553
832.0,-0.011240917118266225
896.0,-0.02226053603226319
960.0,-0.031745094631332904
1024.0,-0.0286814205464907
end
