version,3.0
numOfCh,1
type,point
parent_name,labthresh-0dot04_avgcorrs
ch_type,1_1
kcount,1
numberNandB,1
brightnessNandB,1
carpet pos,0
pc,0
Time (ms),CH1 Auto-Correlation
1.0,0.025763535872101784
2.0,0.024485237896442413
3.0,0.023370465263724327
4.0,0.022519202902913094
5.0,0.021750211715698242
6.0,0.021173130720853806
7.0,0.020369011908769608
8.0,0.019685586914420128
9.0,0.019156843423843384
10.0,0.018557516857981682
11.0,0.017912503331899643
12.0,0.01733841747045517
13.0,0.01684291660785675
14.0,0.01640136167407036
15.0,0.016144627705216408
16.0,0.015685036778450012
18.0,0.014609375968575478
20.0,0.013343834318220615
22.0,0.01224163081496954
24.0,0.010804220102727413
26.0,0.009449062868952751
28.0,0.008004633709788322
30.0,0.007104564233385544
32.0,0.00632934095297565
36.0,0.007843135122837137
40.0,0.005645062607072759
44.0,0.003490009833411831
48.0,0.0017592686643992136
52.0,0.00025694342184579
56.0,-0.0012953779433802185
60.0,-0.0025886913855275554
64.0,-0.0039023086452895464
72.0,-0.0011115623915598175
80.0,-0.003031021544571828
88.0,-0.004380469540558773
96.0,-0.005265720136877563
104.0,-0.006126279487809235
112.0,-0.006955473639445026
120.0,-0.0076894355887715295
128.0,-0.008618727415995198
144.0,-0.008861151698511094
160.0,-0.011333656365566543
176.0,-0.012789628226432558
192.0,-0.012846472212052169
208.0,-0.012218050459571379
224.0,-0.01072795648820159
240.0,-0.010242232100911982
256.0,-0.01010501035165766
288.0,-0.007533424251180675
320.0,-0.00846392850923751
352.0,-0.008335054120314973
384.0,-0.005713976441516674
416.0,-0.004225727277246604
448.0,-0.0034928720477702363
480.0,-0.004861209674605301
512.0,-0.0030339284400854793
576.0,-0.0012128091572473447
640.0,0.0018795025534927845
704.0,-0.0031714997409532466
768.0,-0.01565750641748309
832.0,-0.013337044183572289
896.0,-0.0030597180981809893
960.0,0.008579479737818474
1024.0,0.0025405093329027295
1152.0,-0.010806147009134293
1280.0,0.0017348830588161945
1408.0,0.0012845952296629548
1536.0,-0.006132953800261021
1664.0,0.0078024850226938725
1792.0,-0.005511533468961716
1920.0,0.005386748351156712
2048.0,-0.0010433602146804333
end
