version,3.0
numOfCh,1
type,point
parent_name,labthresh-0dot04_avgcorrs
ch_type,1_1
kcount,1
numberNandB,1
brightnessNandB,1
carpet pos,0
pc,0
Time (ms),CH1 Auto-Correlation
1.0,0.13139969110488892
2.0,0.12800535559654236
3.0,0.12464342266321182
4.0,0.1214880421757698
5.0,0.11859817802906036
6.0,0.11580649763345718
7.0,0.11263047158718109
8.0,0.10962294787168503
9.0,0.10683852434158325
10.0,0.10423263162374496
11.0,0.10178176313638687
12.0,0.09965252131223679
13.0,0.09752100706100464
14.0,0.0953785851597786
15.0,0.09346672892570496
16.0,0.09164620190858841
18.0,0.08828335255384445
20.0,0.0844072625041008
22.0,0.08108706027269363
24.0,0.07795154303312302
26.0,0.07472629100084305
28.0,0.07137828320264816
30.0,0.06725974380970001
32.0,0.06287834793329239
36.0,0.07172478486333873
40.0,0.06274714686433809
44.0,0.053744446023031474
48.0,0.045097748373164735
52.0,0.03696357891832933
56.0,0.029897189197268942
60.0,0.02360845908050477
64.0,0.016434699963307747
72.0,0.006094800401047838
80.0,-0.009028824274773124
88.0,-0.020337514198790478
96.0,-0.030522678965806134
104.0,-0.039022625242877335
112.0,-0.047397056769652945
120.0,-0.054828703694511205
128.0,-0.05857112703177755
144.0,-0.027905012662005093
160.0,-0.016443242319534573
176.0,-0.012938648872174477
192.0,-0.011122351477549981
208.0,-0.007480941859183885
224.0,-0.012518790862587694
240.0,-0.03004036533906508
256.0,-0.030546374957981137
288.0,-0.021292270691316974
320.0,-0.02699998390328671
352.0,-0.02730140572280756
384.0,-0.010068758257797785
416.0,0.04521451478025743
448.0,0.06385083536484412
480.0,-0.00641267400767122
512.0,-0.09563100138413054
576.0,-0.0831528107325236
640.0,-0.13563639918963113
704.0,-0.15586531410614649
768.0,-0.09628535558780034
832.0,-0.05697649468978246
896.0,-0.1430544431010882
960.0,-0.20156644781430563
1024.0,-0.1333451084792614
1152.0,-0.1330883502960205
1280.0,-0.02564140409231186
1408.0,0.07550040632486343
1536.0,0.3073961138725281
1664.0,0.07117225974798203
1792.0,-0.30227893590927124
1920.0,-0.2060040384531021
2048.0,0.11053810268640518
end
