version,3.0
numOfCh,1
type,point
parent_name,labthresh-0dot04_avgcorrs
ch_type,1_1
kcount,1
numberNandB,1
brightnessNandB,1
carpet pos,0
pc,0
Time (ms),CH1 Auto-Correlation
1.0,0.11603841930627823
2.0,0.11140270531177521
3.0,0.1070752888917923
4.0,0.10299021005630493
5.0,0.09877258539199829
6.0,0.0946674793958664
7.0,0.09143716096878052
8.0,0.08854490518569946
9.0,0.08572946488857269
10.0,0.08296310156583786
11.0,0.08027948439121246
12.0,0.07748023420572281
13.0,0.07432877272367477
14.0,0.07146948575973511
15.0,0.06881655752658844
16.0,0.06610412895679474
18.0,0.0613100491464138
20.0,0.05657969042658806
22.0,0.05219103768467903
24.0,0.047905705869197845
26.0,0.04387363791465759
28.0,0.041179507970809937
30.0,0.03769765421748161
32.0,0.034230004996061325
36.0,0.047947356701178216
40.0,0.0377889108314211
44.0,0.030707557187897378
48.0,0.024127786389977576
52.0,0.018213221645180903
56.0,0.013163115362564487
60.0,0.00811744619279815
64.0,0.0036020747943909773
72.0,0.01567059198860079
80.0,0.009005617182410788
88.0,0.001599529290688224
96.0,-0.005042463198769838
104.0,-0.0072529931180179115
112.0,-0.006467724781250581
120.0,-0.004637731090188026
128.0,0.0012226319243200123
144.0,0.01580075394218404
160.0,0.01676545345553142
176.0,-0.00100445092025706
192.0,-0.024925274349858657
208.0,-0.043592340121155274
224.0,-0.05479890306784963
240.0,-0.06017617879928473
256.0,-0.0547884429072249
288.0,0.007080689704577837
320.0,-0.008142769602792603
352.0,-0.010133514164148696
384.0,-0.020855226637130336
416.0,-0.044956163802583306
448.0,-0.06046616765005248
480.0,-0.07372970000973769
512.0,-0.07542669660012637
576.0,-0.10972237819805741
640.0,-0.13430566247552633
704.0,-0.12788886856287718
768.0,-0.13270072266459465
832.0,-0.12560434266924858
896.0,-0.0961571428924799
960.0,-0.06600980274379253
1024.0,-0.05973878689110279
end
