version,3.0
numOfCh,1
type,point
parent_name,labthresh-0dot04_avgcorrs
ch_type,1_1
kcount,1
numberNandB,1
brightnessNandB,1
carpet pos,0
pc,0
Time (ms),CH1 Auto-Correlation
1.0,0.034903258085250854
2.0,0.0344344861805439
3.0,0.033966802060604095
4.0,0.03352406620979309
5.0,0.03310013934969902
6.0,0.03267570585012436
7.0,0.03223724290728569
8.0,0.03182484209537506
9.0,0.03141559660434723
10.0,0.030992958694696426
11.0,0.030561571940779686
12.0,0.030139721930027008
13.0,0.029748719185590744
14.0,0.02932674065232277
15.0,0.028919106349349022
16.0,0.028493598103523254
18.0,0.02758801355957985
20.0,0.026791397482156754
22.0,0.026025157421827316
24.0,0.025253821164369583
26.0,0.024427862837910652
28.0,0.023662138730287552
30.0,0.0239213659811104
32.0,0.023206418144728822
36.0,0.02771308092895197
40.0,0.02626310911902692
44.0,0.02484348039375618
48.0,0.023618386442540214
52.0,0.02264054316561669
56.0,0.02199939763639122
60.0,0.022587934374617664
64.0,0.021883629577738855
72.0,0.020362067056835673
80.0,0.018191030307207257
88.0,0.016139398445375264
96.0,0.014172508141221195
104.0,0.012284497754246166
112.0,0.011137728283012455
120.0,0.010598608705384488
128.0,0.00986588068454611
144.0,0.019398641408770345
160.0,0.015010350055360635
176.0,0.009609813078506184
192.0,0.004440682790508228
208.0,-0.001637926566348012
224.0,-0.008926257366381054
240.0,-0.01474122770845757
256.0,-0.019733625310306837
288.0,-0.019381802989907253
320.0,-0.025446121212250244
352.0,-0.02835012620683604
384.0,-0.03042019234514252
416.0,-0.03272520589477305
448.0,-0.03861617760533894
480.0,-0.041691590449772775
512.0,-0.04520356635718296
576.0,-0.026599361561238766
640.0,-0.03302984719630331
704.0,-0.038563083740882576
768.0,-0.04531703400425613
832.0,-0.048380983993411064
896.0,-0.04165283712791279
960.0,-0.03207302751252428
1024.0,-0.02056281644036062
end
