version,3.0
numOfCh,1
type,point
parent_name,labthresh-0dot04_avgcorrs
ch_type,1_1
kcount,1
numberNandB,1
brightnessNandB,1
carpet pos,0
pc,0
Time (ms),CH1 Auto-Correlation
1.0,0.16118840873241425
2.0,0.15554305911064148
3.0,0.14973098039627075
4.0,0.1435510367155075
5.0,0.1379823237657547
6.0,0.13311082124710083
7.0,0.1289086788892746
8.0,0.12481765449047089
9.0,0.12042376399040222
10.0,0.11575064063072205
11.0,0.11126565933227539
12.0,0.10666437447071075
13.0,0.1023438572883606
14.0,0.09818712621927261
15.0,0.0944593995809555
16.0,0.09098473191261292
18.0,0.0847298875451088
20.0,0.07870520651340485
22.0,0.07360857725143433
24.0,0.06920606642961502
26.0,0.06468365341424942
28.0,0.05818186327815056
30.0,0.05236490070819855
32.0,0.05037037655711174
36.0,0.05892663356316916
40.0,0.05073169363490706
44.0,0.04481376264429855
48.0,0.03945089812223159
52.0,0.033858258001600916
56.0,0.029847280163812683
60.0,0.029172263764013297
64.0,0.02390577514086397
72.0,0.03242705491088007
80.0,0.024230574075456545
88.0,0.013738227107197694
96.0,0.003364066914756499
104.0,-0.00618626374014876
112.0,-0.013151937779659183
120.0,-0.011581664422660001
128.0,-0.016287110739150585
144.0,-0.0017643236361133555
160.0,0.0013756010370949904
176.0,-0.00809369383690258
192.0,-0.027966576824352767
208.0,-0.052192922790224354
224.0,-0.08700395585037768
240.0,-0.008708213164936751
256.0,-0.021319925785064697
288.0,0.005916916920493047
320.0,0.0035892586456611753
352.0,-0.022796838854749996
384.0,-0.04759029702593883
416.0,-0.025179332587867975
448.0,-0.03067765012383461
480.0,-0.03549430445612719
512.0,-0.051146572533374034
576.0,-0.05731880944222212
640.0,-0.06169771030545235
704.0,-0.10511061362922192
768.0,-0.17585110501386225
832.0,-0.24695920455269516
896.0,-0.2931167322676629
960.0,-0.3188302092721642
1024.0,-0.2925979718565941
1152.0,-0.27483657002449036
1280.0,0.06418517231941223
1408.0,0.01765492931008339
1536.0,-0.12643510103225708
1664.0,-0.17215852439403534
1792.0,0.374021977186203
1920.0,0.5898522734642029
2048.0,0.6329810619354248
end
