version,3.0
numOfCh,1
type,point
parent_name,labthresh-0dot04_avgcorrs
ch_type,1_1
kcount,1
numberNandB,1
brightnessNandB,1
carpet pos,0
pc,0
Time (ms),CH1 Auto-Correlation
1.0,0.207472562789917
2.0,0.20369045436382294
3.0,0.2002173364162445
4.0,0.19697970151901245
5.0,0.19413062930107117
6.0,0.19141614437103271
7.0,0.18880721926689148
8.0,0.1863020956516266
9.0,0.18415459990501404
10.0,0.18224480748176575
11.0,0.1801508367061615
12.0,0.1779843270778656
13.0,0.17616435885429382
14.0,0.174191415309906
15.0,0.1725468933582306
16.0,0.17072957754135132
18.0,0.16674959659576416
20.0,0.1625959277153015
22.0,0.1586941033601761
24.0,0.15480206906795502
26.0,0.15103185176849365
28.0,0.14705045521259308
30.0,0.14314725995063782
32.0,0.13944801688194275
36.0,0.149559008270193
40.0,0.14334401572203456
44.0,0.13741533589701907
48.0,0.1314307161454304
52.0,0.12580989064359716
56.0,0.11984223206999214
60.0,0.1147043421545371
64.0,0.1097885670706405
72.0,0.1765632857285608
80.0,0.16457509597401238
88.0,0.1535656969062984
96.0,0.1445432682068915
104.0,0.13599834999897414
112.0,0.1287243084775077
120.0,0.12217175847359209
128.0,0.11496049147616658
144.0,0.1275302446863082
160.0,0.09520519564726523
176.0,0.06687911853909359
192.0,0.03425341480345066
208.0,-0.002261494693811983
224.0,-0.02879883352683724
240.0,-0.04547276050184986
256.0,-0.0552263135094628
288.0,-0.08628008341078054
320.0,-0.11431718643077395
352.0,-0.1419505148872056
384.0,-0.17822305920576167
416.0,-0.19574128446931188
448.0,-0.19665377802977507
480.0,-0.21671942896209656
512.0,-0.23214385989122094
576.0,-0.173692709649913
640.0,-0.17770708305761218
704.0,-0.16493036397150718
768.0,-0.14009150810306892
832.0,-0.12510468857362866
896.0,-0.0999235701165162
960.0,-0.10265992487048996
1024.0,-0.07988151141034905
end
