version,3.0
numOfCh,1
type,point
parent_name,labthresh-0dot04_avgcorrs
ch_type,1_1
kcount,1
numberNandB,1
brightnessNandB,1
carpet pos,0
pc,0
Time (ms),CH1 Auto-Correlation
1.0,0.028649423271417618
2.0,0.026153672486543655
3.0,0.024973368272185326
4.0,0.02362179011106491
5.0,0.022579696029424667
6.0,0.021749190986156464
7.0,0.021033160388469696
8.0,0.020437054336071014
9.0,0.019812848418951035
10.0,0.019091065973043442
11.0,0.01848316192626953
12.0,0.0180921982973814
13.0,0.0172569677233696
14.0,0.016361087560653687
15.0,0.01574653387069702
16.0,0.015144327655434608
18.0,0.014235023409128189
20.0,0.013116760179400444
22.0,0.012091823853552341
24.0,0.010854840278625488
26.0,0.010075408965349197
28.0,0.008938426151871681
30.0,0.0082264244556427
32.0,0.00728724105283618
36.0,0.012382152838298403
40.0,0.01077087270602098
44.0,0.00913753088135981
48.0,0.008460578542840465
52.0,0.0066536765206483715
56.0,0.005439920150978572
60.0,0.004265986386757425
64.0,0.003990637663659784
72.0,0.006818233523517847
80.0,0.005260783099066957
88.0,0.004484961003886144
96.0,0.003715948613764914
104.0,0.0030400770675011075
112.0,0.002076951564767545
120.0,0.0014847350849825154
128.0,0.0013720866843773126
144.0,0.0018213825088049121
160.0,-0.0002689788440193297
176.0,-0.00299589303048218
192.0,-0.0047883927781025275
208.0,-0.006358474928728195
224.0,-0.007152171285056016
240.0,-0.007107218917500337
256.0,-0.0073602996400201365
288.0,-0.0025324094591875714
320.0,-0.002021543267700407
352.0,-0.002386896418304079
384.0,-0.0036021574568520817
416.0,-0.004508420876744721
448.0,-0.007135491132632726
480.0,-0.010064405544350544
512.0,-0.014227620093151927
576.0,-0.013147573258417347
640.0,-0.013115619154026112
704.0,-0.008934546242623279
768.0,-0.005640954050856332
832.0,-0.0015884222035917144
896.0,-0.004074879223480821
960.0,-0.005452765811545153
1024.0,-0.0018582339010511835
end
