version,3.0
numOfCh,1
type,point
parent_name,labthresh-0dot04_avgcorrs
ch_type,1_1
kcount,1
numberNandB,1
brightnessNandB,1
carpet pos,0
pc,0
Time (ms),CH1 Auto-Correlation
1.0,0.24584735929965973
2.0,0.23998558521270752
3.0,0.23464258015155792
4.0,0.22955624759197235
5.0,0.22435973584651947
6.0,0.21902155876159668
7.0,0.21406061947345734
8.0,0.20930814743041992
9.0,0.20462946593761444
10.0,0.20006954669952393
11.0,0.19560867547988892
12.0,0.1909794807434082
13.0,0.18652893602848053
14.0,0.18222050368785858
15.0,0.1780780553817749
16.0,0.1745288223028183
18.0,0.1678929328918457
20.0,0.16122354567050934
22.0,0.15500518679618835
24.0,0.1472877413034439
26.0,0.1408395767211914
28.0,0.13412439823150635
30.0,0.12906008958816528
32.0,0.12388497591018677
36.0,0.13031604123534635
40.0,0.11727813492656093
44.0,0.10435515573375266
48.0,0.0911785872568461
52.0,0.07778718597017525
56.0,0.06440312599112406
60.0,0.05082466516548514
64.0,0.03848589238954115
72.0,0.04154753744369373
80.0,0.02802553360234015
88.0,0.016280797641957178
96.0,0.0023753768851747735
104.0,-0.008879453438566998
112.0,-0.015456073338282295
120.0,-0.020545894381173543
128.0,-0.02502460923048937
144.0,-0.03127654576468665
160.0,-0.02415351916159339
176.0,-0.016673764118048197
192.0,-0.011376518478808814
208.0,-0.003102160962846349
224.0,0.0024819126804633174
240.0,-0.00135613523889333
256.0,-0.010870280861126957
288.0,-0.0648680125327351
320.0,-0.0772467646568727
352.0,-0.07106810985491253
384.0,-0.056114131513123326
416.0,-0.0427216010598036
448.0,-0.030153071937652733
480.0,-0.030006598894639563
512.0,-0.028372717710832756
576.0,-0.036231309973767827
640.0,-0.059195607767573426
704.0,-0.08244812185876071
768.0,-0.09270368935540318
832.0,-0.10812226702858295
896.0,-0.09839886420273355
960.0,0.008544613917668661
1024.0,-0.018893841343621414
1152.0,0.02158770151436329
1280.0,-0.008488766849040985
1408.0,-0.041558947414159775
1536.0,-0.08429314941167831
1664.0,-0.10547388345003128
1792.0,-0.07348666340112686
1920.0,-0.12660710513591766
2048.0,-0.18998019397258759
end
