version,3.0
numOfCh,1
type,point
parent_name,labthresh-0dot04_avgcorrs
ch_type,1_1
kcount,1
numberNandB,1
brightnessNandB,1
carpet pos,0
pc,0
Time (ms),CH1 Auto-Correlation
1.0,0.0316377691924572
2.0,0.030504977330565453
3.0,0.029558725655078888
4.0,0.028795167803764343
5.0,0.027921870350837708
6.0,0.027143023908138275
7.0,0.026375146582722664
8.0,0.02568613551557064
9.0,0.024974267929792404
10.0,0.02437565289437771
11.0,0.023594586178660393
12.0,0.022987043485045433
13.0,0.022427799180150032
14.0,0.021882396191358566
15.0,0.021273933351039886
16.0,0.020639745518565178
18.0,0.01955210417509079
20.0,0.018668770790100098
22.0,0.017921706661581993
24.0,0.017393724992871284
26.0,0.01675797998905182
28.0,0.016161391511559486
30.0,0.01636244700097854
32.0,0.015875270561284398
36.0,0.01677136558555503
40.0,0.014803816641365448
44.0,0.01250187104943184
48.0,0.010493888262229325
52.0,0.00800497970739079
56.0,0.0064548692377772365
60.0,0.007175825229621425
64.0,0.005814879822602441
72.0,0.008493122021635909
80.0,0.005683763345421705
88.0,0.002783990052359348
96.0,0.00048575282959394497
104.0,-0.0017469970573942687
112.0,-0.0027102888713092066
120.0,-0.002950020905007564
128.0,-0.002590244423897405
144.0,0.006641873740591109
160.0,0.0029492010279292507
176.0,-0.0005701909166028989
192.0,-0.002960867714136839
208.0,-0.00340257423314532
224.0,-0.002638271893374622
240.0,-0.001957701456073361
256.0,-0.0041616117050580215
288.0,-0.004082398721948266
320.0,-0.010045558744524088
352.0,-0.011946576492240032
384.0,-0.011654841273816096
416.0,-0.01512266778283649
448.0,-0.01837881116403474
480.0,-0.021638875516752403
512.0,-0.02449352614995506
576.0,-0.03246654304675758
640.0,-0.028723861556500196
704.0,-0.024074488319456577
768.0,-0.022771104983985425
832.0,-0.014650467969477176
896.0,-0.021285269036889078
960.0,-0.005612218985334039
1024.0,0.009053275221958756
end
