version,3.0
numOfCh,1
type,point
parent_name,labthresh-0dot04_avgcorrs
ch_type,1_1
kcount,1
numberNandB,1
brightnessNandB,1
carpet pos,0
pc,0
Time (ms),CH1 Auto-Correlation
1.0,0.02998906560242176
2.0,0.029609449207782745
3.0,0.02924295701086521
4.0,0.028883080929517746
5.0,0.02849927917122841
6.0,0.028129814192652702
7.0,0.027749067172408104
8.0,0.02737700380384922
9.0,0.027036983519792557
10.0,0.026699481531977654
11.0,0.026364585384726524
12.0,0.026069561019539833
13.0,0.025757944211363792
14.0,0.02543925680220127
15.0,0.025121133774518967
16.0,0.02481788769364357
18.0,0.024166546761989594
20.0,0.023445943370461464
22.0,0.02270260639488697
24.0,0.021989595144987106
26.0,0.02129739336669445
28.0,0.02065301686525345
30.0,0.020788321050093015
32.0,0.020252742450403666
36.0,0.024272433971181392
40.0,0.022853134671332435
44.0,0.021478662608031933
48.0,0.020146136909201945
52.0,0.018889586415911173
56.0,0.017653560534160097
60.0,0.016386670255720357
64.0,0.015210417924011024
72.0,0.016968999458367762
80.0,0.015761521905369592
88.0,0.014906303166571887
96.0,0.014370556402718648
104.0,0.013103256074828096
112.0,0.01196285780533799
120.0,0.011134261263865292
128.0,0.008523424536657618
144.0,0.019365137823534988
160.0,0.014776188881324533
176.0,0.010612305918374868
192.0,0.006631742966979241
208.0,0.0033887752081052614
224.0,8.980570531163651e-05
240.0,-0.0023618084826291753
256.0,-0.005800873337788149
288.0,-0.014325000008102506
320.0,-0.019628171517979354
352.0,-0.02436629928415641
384.0,-0.02651758235224406
416.0,-0.026776795883779413
448.0,-0.025866885788855144
480.0,-0.035342998313808494
512.0,-0.03455597781066899
576.0,-0.053149224317166954
640.0,-0.040477838134393096
704.0,-0.027049891068600118
768.0,-0.007823181338608265
832.0,0.008331409189850092
896.0,0.021366340341046453
960.0,0.02787037449888885
1024.0,0.02437917105271481
1152.0,-0.019814965315163136
1280.0,-0.015535322949290276
1408.0,0.007622298784554005
1536.0,-0.0005641876778099686
1664.0,-0.0029167397879064083
1792.0,-0.007381003815680742
1920.0,-0.019107581116259098
2048.0,-0.02116850105812773
end
