version,3.0
numOfCh,1
type,point
parent_name,labthresh-0dot04_avgcorrs
ch_type,1_1
kcount,1
numberNandB,1
brightnessNandB,1
carpet pos,0
pc,0
Time (ms),CH1 Auto-Correlation
1.0,0.029044466093182564
2.0,0.027957826852798462
3.0,0.02712169475853443
4.0,0.026285359635949135
5.0,0.02563280425965786
6.0,0.025035589933395386
7.0,0.024722009897232056
8.0,0.024525916203856468
9.0,0.024018652737140656
10.0,0.023535393178462982
11.0,0.02303285337984562
12.0,0.02233264222741127
13.0,0.02178123965859413
14.0,0.021320343017578125
15.0,0.021144185215234756
16.0,0.020815342664718628
18.0,0.02015240117907524
20.0,0.019299572333693504
22.0,0.018245002254843712
24.0,0.01753999851644039
26.0,0.01692499965429306
28.0,0.016119472682476044
30.0,0.016307894161172953
32.0,0.01607102792581827
36.0,0.021486473793629557
40.0,0.020089648644595098
44.0,0.018815029313069925
48.0,0.017574437268497906
52.0,0.016372123233547125
56.0,0.015279116828120701
60.0,0.014006913253979292
64.0,0.012719258861428292
72.0,0.015511938918886395
80.0,0.01305148022947833
88.0,0.010645574243325327
96.0,0.008131056991664486
104.0,0.005826646639939604
112.0,0.004300037505648409
120.0,0.003414762790877527
128.0,0.002904627260351036
144.0,0.0006888094191838588
160.0,-0.001932417175599507
176.0,-0.004573951558476048
192.0,-0.006256944095574519
208.0,-0.005699790384304444
224.0,-0.003937839630192944
240.0,-0.0027218049799557775
256.0,-0.0020476293908099513
288.0,-0.013607924978714436
320.0,-0.020013470399943698
352.0,-0.025726870633661747
384.0,-0.027794768950722453
416.0,-0.025441977363597188
448.0,-0.020379979059927993
480.0,-0.012242397860063647
512.0,-0.006643706234171987
576.0,-0.0074427181971259415
640.0,-0.014079101325478405
704.0,-0.02236225240631029
768.0,-0.033755011623725295
832.0,-0.03952291770838201
896.0,-0.04479894903488457
960.0,-0.042251863051205873
1024.0,-0.032297962345182896
1152.0,-0.008068570867180824
1280.0,-0.005806102883070707
1408.0,-0.004609139636158943
1536.0,-0.004260790068656206
1664.0,0.00236308085732162
1792.0,-0.005418635904788971
1920.0,0.0016745120519772172
2048.0,-0.0003187148831784725
end
