version,3.0
numOfCh,1
type,point
parent_name,labthresh-0dot04_avgcorrs
ch_type,1_1
kcount,1
numberNandB,1
brightnessNandB,1
carpet pos,0
pc,0
Time (ms),CH1 Auto-Correlation
1.0,0.013577505946159363
2.0,0.013353121466934681
3.0,0.01312839612364769
4.0,0.012910651974380016
5.0,0.012694286182522774
6.0,0.012470642104744911
7.0,0.012248276732861996
8.0,0.0120315570384264
9.0,0.011825399473309517
10.0,0.011626971885561943
11.0,0.011423418298363686
12.0,0.011222241446375847
13.0,0.011031638830900192
14.0,0.010858768597245216
15.0,0.010687473230063915
16.0,0.0105164535343647
18.0,0.010190530680119991
20.0,0.00991752091795206
22.0,0.009641289710998535
24.0,0.009366782382130623
26.0,0.009101629257202148
28.0,0.008819599635899067
30.0,0.009118862055921844
32.0,0.008862990999140103
36.0,0.009674054658971728
40.0,0.00916504164924845
44.0,0.008672240987652912
48.0,0.00810257704142714
52.0,0.0075225820374907925
56.0,0.007000396018265746
60.0,0.007289997878009065
64.0,0.00689587858626813
72.0,0.008218459790528175
80.0,0.007464923735131465
88.0,0.006760102835306455
96.0,0.006065699779095927
104.0,0.005409421977154645
112.0,0.0046039181371660175
120.0,0.003843817966602122
128.0,0.00301811934886722
144.0,0.0018758519397938233
160.0,0.0006391625142178351
176.0,-0.00022049020117265172
192.0,-0.0008695387024138318
208.0,-0.0012096168602032489
224.0,-0.001986608835929809
240.0,-0.003372888956886634
256.0,-0.004021603708251324
288.0,-0.004014241503985734
320.0,-0.00469617593237975
352.0,-0.004723558955204984
384.0,-0.004924828685276831
416.0,-0.0050777048124776535
448.0,-0.0053291205336184555
480.0,-0.005566713435109704
512.0,-0.005603453897250196
576.0,-0.019277852930827066
640.0,-0.022761340718716383
704.0,-0.024991700425744057
768.0,-0.022637355839833617
832.0,-0.01855805958621204
896.0,-0.016635444946587086
960.0,-0.013230019869903723
1024.0,-0.010827824007719755
end
