version,3.0
numOfCh,1
type,point
parent_name,labthresh-0dot04_avgcorrs
ch_type,1_1
kcount,1
numberNandB,1
brightnessNandB,1
carpet pos,0
pc,0
Time (ms),CH1 Auto-Correlation
1.0,0.027566244825720787
2.0,0.025782510638237
3.0,0.02433684654533863
4.0,0.02345922589302063
5.0,0.022177981212735176
6.0,0.02121233567595482
7.0,0.020368311554193497
8.0,0.019579093903303146
9.0,0.018960846588015556
10.0,0.01823781058192253
11.0,0.017852744087576866
12.0,0.017356816679239273
13.0,0.016756854951381683
14.0,0.01627475395798683
15.0,0.016206275671720505
16.0,0.015587583184242249
18.0,0.015039714984595776
20.0,0.01435725949704647
22.0,0.01352729182690382
24.0,0.01255674660205841
26.0,0.01172330416738987
28.0,0.011083254590630531
30.0,0.010679054073989391
32.0,0.01070567686110735
36.0,0.012547147507223511
40.0,0.011224618072212193
44.0,0.010336154670972798
48.0,0.009689449142540744
52.0,0.008137243364246623
56.0,0.006222995405316338
60.0,0.004544298205855152
64.0,0.0038039007885081154
72.0,0.00989271290362874
80.0,0.007802292214412438
88.0,0.005719494648617815
96.0,0.0038920832019740423
104.0,0.0026134033480622364
112.0,0.0018182055010631877
120.0,0.0009985377527252574
128.0,0.00011071407750837112
144.0,0.007157924155203195
160.0,0.004275426971547019
176.0,0.0023329396678421358
192.0,0.0014630387573001476
208.0,0.0012410855986392843
224.0,0.0008806630212347955
240.0,0.001073146112806474
256.0,-0.0009085943068688115
288.0,-0.004695831406732193
320.0,-0.01155918818161202
352.0,-0.01634504145476967
384.0,-0.018900901596579287
416.0,-0.02073653570065896
448.0,-0.02359832783177909
480.0,-0.025205926633336477
512.0,-0.023079146139530674
576.0,-0.015092066023498774
640.0,-0.018121870420873164
704.0,-0.013376171421259641
768.0,-0.012274538123165257
832.0,-0.007902408577501773
896.0,-0.006990082934498787
960.0,-0.005326346401125193
1024.0,-0.00091795832850039
end
