version,3.0
numOfCh,1
type,point
parent_name,labthresh-0dot04_avgcorrs
ch_type,1_1
kcount,1
numberNandB,1
brightnessNandB,1
carpet pos,0
pc,0
Time (ms),CH1 Auto-Correlation
1.0,0.02650471217930317
2.0,0.0251616258174181
3.0,0.024229183793067932
4.0,0.02333478443324566
5.0,0.022451022639870644
6.0,0.02165205404162407
7.0,0.02118481881916523
8.0,0.02063242346048355
9.0,0.01992098242044449
10.0,0.019316749647259712
11.0,0.018696343526244164
12.0,0.01812557503581047
13.0,0.01753356121480465
14.0,0.016871130093932152
15.0,0.01616593636572361
16.0,0.015556239522993565
18.0,0.014365277253091335
20.0,0.013360697776079178
22.0,0.012578082270920277
24.0,0.011531129479408264
26.0,0.010022792965173721
28.0,0.008756961673498154
30.0,0.007839842597022653
32.0,0.006507278880671947
36.0,0.0095345648694906
40.0,0.007381649031518272
44.0,0.00567267247013086
48.0,0.004035991243367071
52.0,0.0022289547349301805
56.0,0.0006225842784930903
60.0,-0.00011252816231619265
64.0,-0.0019223103073592348
72.0,0.0028371216938830914
80.0,0.00022436742205172777
88.0,-0.0016601867740973831
96.0,-0.002712227401789278
104.0,-0.004424689773586578
112.0,-0.006258841459057294
120.0,-0.005879143598418602
128.0,-0.006423955950278627
144.0,0.0012015694558310012
160.0,5.4656613307694595e-05
176.0,-0.00241076522700799
192.0,-0.005332540204593291
208.0,-0.007842789481704434
224.0,-0.009145577515785893
240.0,-0.010892143573922415
256.0,-0.012168589059729128
288.0,-0.005028962710639462
320.0,-0.004601305088726804
352.0,-0.0033109861687989905
384.0,-0.003830985391687136
416.0,-0.004782178351888433
448.0,-0.006991953450778965
480.0,-0.008867872613336658
512.0,-0.011795548896770924
576.0,-0.014912943355739117
640.0,-0.024474632574310817
704.0,-0.027390416245907545
768.0,-0.023711644113063812
832.0,-0.01771692093461752
896.0,-0.01046038446656894
960.0,-0.011503995039674919
1024.0,-0.015784699625025194
end
