version,3.0
numOfCh,1
type,point
parent_name,labthresh-0dot04_avgcorrs
ch_type,1_1
kcount,1
numberNandB,1
brightnessNandB,1
carpet pos,0
pc,0
Time (ms),CH1 Auto-Correlation
1.0,0.17282480001449585
2.0,0.1697201430797577
3.0,0.16648751497268677
4.0,0.16330048441886902
5.0,0.16002073884010315
6.0,0.15652161836624146
7.0,0.1527894139289856
8.0,0.14905761182308197
9.0,0.14542393386363983
10.0,0.14211004972457886
11.0,0.13905717432498932
12.0,0.1357971578836441
13.0,0.1326747089624405
14.0,0.1297357678413391
15.0,0.12691503763198853
16.0,0.12425288558006287
18.0,0.11914505064487457
20.0,0.11531329154968262
22.0,0.1116044819355011
24.0,0.10754530131816864
26.0,0.10420262813568115
28.0,0.10103192925453186
30.0,0.09708821773529053
32.0,0.09327597916126251
36.0,0.10966990472885689
40.0,0.09834593342592209
44.0,0.08754742123502572
48.0,0.07733891947178304
52.0,0.06689010888554289
56.0,0.05781932668677265
60.0,0.051596787012251163
64.0,0.04378923373857375
72.0,0.04335347414788608
80.0,0.03027638635577877
88.0,0.016819993449051097
96.0,0.00587644889626814
104.0,-0.002781550164597676
112.0,-0.008341286342250027
120.0,-0.014352396014146507
128.0,-0.020075480141465298
144.0,-0.015469628700105074
160.0,-0.022617914269046326
176.0,-0.030309336925191537
192.0,-0.035178783017077615
208.0,-0.03860560076178184
224.0,-0.04314372206239828
240.0,-0.045189859761324315
256.0,-0.048704591529843
288.0,-0.054898707936941224
320.0,-0.048168697309764946
352.0,-0.046743326375938275
384.0,-0.041750987166200175
416.0,-0.032812163784084
448.0,-0.03181565783663907
480.0,-0.0449610190000385
512.0,-0.047648905450478195
576.0,-0.05714064774413904
640.0,-0.06835814503331979
704.0,-0.02962674309189121
768.0,-0.013129628185803691
832.0,-0.052287248972182475
896.0,-0.13328832605232796
960.0,-0.2501282300800085
1024.0,-0.5416783833255371
end
