version,3.0
numOfCh,1
type,point
parent_name,labthresh-0dot04_avgcorrs
ch_type,1_1
kcount,1
numberNandB,1
brightnessNandB,1
carpet pos,0
pc,0
Time (ms),CH1 Auto-Correlation
1.0,0.025158284232020378
2.0,0.02487589418888092
3.0,0.02458583191037178
4.0,0.024309253320097923
5.0,0.0240340419113636
6.0,0.023764822632074356
7.0,0.023512622341513634
8.0,0.023241886869072914
9.0,0.022990241646766663
10.0,0.022758007049560547
11.0,0.022538240998983383
12.0,0.02233249321579933
13.0,0.022130271419882774
14.0,0.02195478044450283
15.0,0.021776948124170303
16.0,0.021602585911750793
18.0,0.02123897522687912
20.0,0.02088162489235401
22.0,0.020526908338069916
24.0,0.02016194723546505
26.0,0.019815344363451004
28.0,0.019474731758236885
30.0,0.019163262099027634
32.0,0.018845990300178528
36.0,0.026648683702739578
40.0,0.026069656203617342
44.0,0.025496365883989947
48.0,0.024928318274918558
52.0,0.024438299840530028
56.0,0.023964631514900248
60.0,0.02354503247909673
64.0,0.023166069869403047
72.0,0.027158626070319627
80.0,0.025949759859558025
88.0,0.02470722617382355
96.0,0.023268024005167382
104.0,0.021731385924412233
112.0,0.020318865331079763
120.0,0.019081282689416855
128.0,0.018086561101402988
144.0,0.01703650206378798
160.0,0.01435849241234417
176.0,0.011575279940563418
192.0,0.009086358569808961
208.0,0.0066775986548129685
224.0,0.0044617826591574535
240.0,0.0023413652507930666
256.0,0.00034078038109274693
288.0,-0.0016131280636828807
320.0,-0.007883185430222915
352.0,-0.01403242608325349
384.0,-0.019106481224298477
416.0,-0.021341224763697635
448.0,-0.02509049819653026
480.0,-0.02816068404354155
512.0,-0.03138348196322719
576.0,-0.02414946638358136
640.0,-0.030520732592170436
704.0,-0.03514547483064234
768.0,-0.03645701198062549
832.0,-0.034274550465246044
896.0,-0.030784837203100324
960.0,-0.03228544783390438
1024.0,-0.0353334448300302
end
