version,3.0
numOfCh,1
type,point
parent_name,labthresh-0dot04_avgcorrs
ch_type,1_1
kcount,1
numberNandB,1
brightnessNandB,1
carpet pos,0
pc,0
Time (ms),CH1 Auto-Correlation
1.0,0.012880761176347733
2.0,0.012627512216567993
3.0,0.012384604662656784
4.0,0.012142229825258255
5.0,0.011885042302310467
6.0,0.011640435084700584
7.0,0.011403149925172329
8.0,0.011150206439197063
9.0,0.010870612226426601
10.0,0.010594640858471394
11.0,0.010319788940250874
12.0,0.010055419988930225
13.0,0.009789505042135715
14.0,0.009526235982775688
15.0,0.009263654239475727
16.0,0.009007276967167854
18.0,0.008520463481545448
20.0,0.008054951205849648
22.0,0.0075951567851006985
24.0,0.007188936695456505
26.0,0.006815339904278517
28.0,0.006416681222617626
30.0,0.006636908985875869
32.0,0.006315085929087125
36.0,0.008479185148278898
40.0,0.0075852525353963885
44.0,0.006657661021953183
48.0,0.005887903543875187
52.0,0.005316154301583863
56.0,0.00466533290143291
60.0,0.004664774500549986
64.0,0.004353701331778071
72.0,0.007891837838946635
80.0,0.006727624569369557
88.0,0.005438718985614186
96.0,0.004013517303772258
104.0,0.0025596815859090486
112.0,0.0010583658408399464
120.0,0.00017890738715376596
128.0,-0.0015205519183141673
144.0,0.0012630350538529456
160.0,-0.001232874252869246
176.0,-0.0039979891533641005
192.0,-0.006598533167002292
208.0,-0.008142927338037854
224.0,-0.007683985212889428
240.0,-0.006435549250454642
256.0,-0.004447829121393927
288.0,-0.0026883085568745932
320.0,-0.001878640239333941
352.0,-0.0017090467930150528
384.0,-0.0019511824874724778
416.0,-0.003143419472811123
448.0,-0.006262068840442225
480.0,-0.010503796808835533
512.0,-0.012184082610474434
576.0,-0.02071296081218558
640.0,-0.02484681309821705
704.0,-0.027424721939799685
768.0,-0.02613790853259464
832.0,-0.02063914420432411
896.0,-0.015426438340606788
960.0,-0.008031524484977126
1024.0,-0.0019034762711574633
end
