version,3.0
numOfCh,1
type,point
parent_name,labthresh-0dot04_avgcorrs
ch_type,1_1
kcount,1
numberNandB,1
brightnessNandB,1
carpet pos,0
pc,0
Time (ms),CH1 Auto-Correlation
1.0,0.028796622529625893
2.0,0.027292028069496155
3.0,0.02610698528587818
4.0,0.02503710426390171
5.0,0.024313073605298996
6.0,0.02371324971318245
7.0,0.022862600162625313
8.0,0.02229398302733898
9.0,0.021687667816877365
10.0,0.02092176117002964
11.0,0.020347274839878082
12.0,0.019682181999087334
13.0,0.018970495089888573
14.0,0.01840939372777939
15.0,0.017783833667635918
16.0,0.01728416047990322
18.0,0.01608004793524742
20.0,0.015052282251417637
22.0,0.01412653923034668
24.0,0.013328402303159237
26.0,0.012377340346574783
28.0,0.011959520168602467
30.0,0.010637440155430037
32.0,0.010584524217392755
36.0,0.016603731542144326
40.0,0.014846873785486155
44.0,0.01338021822314605
48.0,0.011903829200652099
52.0,0.010297143330664019
56.0,0.009617402709195363
60.0,0.009207210591712006
64.0,0.007987873222604818
72.0,0.011489985691393182
80.0,0.009696473272924777
88.0,0.008381242281757295
96.0,0.007360643990978133
104.0,0.00614799310642411
112.0,0.004744345730917606
120.0,0.00390447749265624
128.0,0.0028946690056371785
144.0,0.005432333891803864
160.0,0.0013131626048448197
176.0,-0.0019275700542493723
192.0,-0.005323132085322868
208.0,-0.008727054373594001
224.0,-0.01213016489009533
240.0,-0.013019305073872342
256.0,-0.01314159411621014
288.0,-0.010392928204964846
320.0,-0.018180111263063736
352.0,-0.026674513435864355
384.0,-0.033255427770200185
416.0,-0.038799749745521694
448.0,-0.03615681246446911
480.0,-0.030695296525664162
512.0,-0.025924295070581138
576.0,-0.010696578538045287
640.0,-0.017639781581237912
704.0,-0.020668065641075373
768.0,-0.010994692449457943
832.0,-0.010492718312889338
896.0,-0.01330861495807767
960.0,-0.02070850459858775
1024.0,-0.01964014396071434
end
