version,3.0
numOfCh,1
type,point
parent_name,labthresh-0dot04_avgcorrs
ch_type,1_1
kcount,1
numberNandB,1
brightnessNandB,1
carpet pos,0
pc,0
Time (ms),CH1 Auto-Correlation
1.0,0.043604526668787
2.0,0.04309729114174843
3.0,0.04258384183049202
4.0,0.04207541421055794
5.0,0.041589874774217606
6.0,0.04109213501214981
7.0,0.04061773046851158
8.0,0.04014132544398308
9.0,0.03968363255262375
10.0,0.03924286365509033
11.0,0.038768231868743896
12.0,0.03828056901693344
13.0,0.037780821323394775
14.0,0.03730139508843422
15.0,0.036841537803411484
16.0,0.036364756524562836
18.0,0.035408083349466324
20.0,0.03449247032403946
22.0,0.03360408917069435
24.0,0.032699305564165115
26.0,0.031857747584581375
28.0,0.031123440712690353
30.0,0.03040829487144947
32.0,0.029704270884394646
36.0,0.04137639872108897
40.0,0.039822369689742725
44.0,0.03832350847806083
48.0,0.03682303681513683
52.0,0.035343692550304694
56.0,0.0338179828493594
60.0,0.033634326192127605
64.0,0.03226080746891716
72.0,0.038610738616791256
80.0,0.03384822218041253
88.0,0.029124560274464206
96.0,0.02496729493776167
104.0,0.021779522551779253
112.0,0.018741756678950464
120.0,0.016973366667073043
128.0,0.014277875458078813
144.0,0.02270738486161766
160.0,0.017243738713538428
176.0,0.01209127640274043
192.0,0.007114989721837143
208.0,0.0029057888120102384
224.0,0.0004901380249066279
240.0,-0.001755443774163723
256.0,-0.004637040403516342
288.0,-0.00994748194643762
320.0,-0.02236536040873034
352.0,-0.034990263724466786
384.0,-0.04677008277503773
416.0,-0.055101236212067306
448.0,-0.06034649771172553
480.0,-0.06336202574893832
512.0,-0.06304435924685095
576.0,-0.013182069019724926
640.0,-0.020398584970583517
704.0,-0.020652422060569126
768.0,-0.021220294137795765
832.0,-0.025598748897512753
896.0,-0.004650400330622991
960.0,-0.03273066319525242
1024.0,-0.08593075629323721
end
