version,3.0
numOfCh,1
type,point
parent_name,labthresh-0dot04_avgcorrs
ch_type,1_1
kcount,1
numberNandB,1
brightnessNandB,1
carpet pos,0
pc,0
Time (ms),CH1 Auto-Correlation
1.0,0.17040792107582092
2.0,0.167003333568573
3.0,0.16362537443637848
4.0,0.16024468839168549
5.0,0.15698081254959106
6.0,0.15385669469833374
7.0,0.15051694214344025
8.0,0.1471080780029297
9.0,0.1440209001302719
10.0,0.1409127563238144
11.0,0.13802321255207062
12.0,0.1350526660680771
13.0,0.13209371268749237
14.0,0.12916268408298492
15.0,0.12631908059120178
16.0,0.12343623489141464
18.0,0.11802956461906433
20.0,0.11311278492212296
22.0,0.10864362865686417
24.0,0.1042226254940033
26.0,0.10036709159612656
28.0,0.09697335213422775
30.0,0.09342832863330841
32.0,0.09033384174108505
36.0,0.10896679037957385
40.0,0.10021442587894853
44.0,0.09347527253079793
48.0,0.08855244097441235
52.0,0.08373783827056676
56.0,0.07869650810524555
60.0,0.07336749977345919
64.0,0.06805804852296465
72.0,0.0861378719016032
80.0,0.07843100919741958
88.0,0.06881690071000215
96.0,0.05718408263503359
104.0,0.04826399888798523
112.0,0.038368674095881246
120.0,0.031018204914871603
128.0,0.02463116784754675
144.0,0.01931098112157391
160.0,0.0032419810188002883
176.0,-0.01927631553262472
192.0,-0.0361765943079566
208.0,-0.04826922722471257
224.0,-0.056156979318863404
240.0,-0.06056489376351237
256.0,-0.06320411293903211
288.0,-0.10006520254537463
320.0,-0.12042079297825695
352.0,-0.16369599089957773
384.0,-0.1942954702768475
416.0,-0.22312262477353215
448.0,-0.23615306792780758
480.0,-0.23933969344943762
512.0,-0.23792330995202066
576.0,-0.11739653535187244
640.0,-0.13254398480057716
704.0,-0.15101186061898866
768.0,-0.19114861885706583
832.0,-0.2376339609424273
896.0,-0.26108296277622384
960.0,0.040733300149440765
1024.0,0.11274117371067405
end
