version,3.0
numOfCh,1
type,point
parent_name,labthresh-0dot04_avgcorrs
ch_type,1_1
kcount,1
numberNandB,1
brightnessNandB,1
carpet pos,0
pc,0
Time (ms),CH1 Auto-Correlation
1.0,0.04096105694770813
2.0,0.04035316780209541
3.0,0.03976942226290703
4.0,0.03920677676796913
5.0,0.038617901504039764
6.0,0.03806622698903084
7.0,0.03757364675402641
8.0,0.03705208748579025
9.0,0.03648597374558449
10.0,0.03595757111907005
11.0,0.03546477481722832
12.0,0.034973520785570145
13.0,0.03445398434996605
14.0,0.03392605111002922
15.0,0.033419154584407806
16.0,0.03287516534328461
18.0,0.03184732049703598
20.0,0.03104395791888237
22.0,0.030257124453783035
24.0,0.029554465785622597
26.0,0.028874676674604416
28.0,0.028049759566783905
30.0,0.027946383900760135
32.0,0.027443685092940644
36.0,0.04511571945840842
40.0,0.043711410096355915
44.0,0.04247465519763084
48.0,0.04146672381726343
52.0,0.04054391903004476
56.0,0.03972224412219865
60.0,0.038758305693461025
64.0,0.03799438619846894
72.0,0.05482307749518536
80.0,0.05143579541962888
88.0,0.04816075813601186
96.0,0.04501997855933089
104.0,0.0424411294669354
112.0,0.03991682555045516
120.0,0.03727096255017003
128.0,0.034567848349213726
144.0,0.03858120570075698
160.0,0.03208513561597404
176.0,0.026494331343565138
192.0,0.019441370541850727
208.0,0.01030503583412307
224.0,0.0015566959618202722
240.0,-0.006961127890584369
256.0,-0.01573269480528931
288.0,-0.03073256063825366
320.0,-0.0468624143625427
352.0,-0.0613897404612296
384.0,-0.07315766388042406
416.0,-0.08851523585293432
448.0,-0.10179357143880968
480.0,-0.11367643967440183
512.0,-0.12436092901043594
576.0,-0.0020812338480027393
640.0,-0.007348816594458185
704.0,-0.013805868686176836
768.0,-0.02178243442904204
832.0,-0.02838395326398313
896.0,-0.016790101122751366
960.0,-0.013989023776957765
1024.0,-0.01198932426632382
end
