version,3.0
numOfCh,1
type,point
parent_name,labthresh-0dot04_avgcorrs
ch_type,1_1
kcount,1
numberNandB,1
brightnessNandB,1
carpet pos,0
pc,0
Time (ms),CH1 Auto-Correlation
1.0,0.025360707193613052
2.0,0.02385379560291767
3.0,0.022702671587467194
4.0,0.021553924307227135
5.0,0.02067045494914055
6.0,0.020012011751532555
7.0,0.01939297653734684
8.0,0.0188338253647089
9.0,0.018100271001458168
10.0,0.01731278747320175
11.0,0.016729822382330894
12.0,0.016119739040732384
13.0,0.015442381612956524
14.0,0.014779619872570038
15.0,0.014168228022754192
16.0,0.013604836538434029
18.0,0.012797783128917217
20.0,0.012060396373271942
22.0,0.01152877975255251
24.0,0.010564975440502167
26.0,0.009759991429746151
28.0,0.008898163214325905
30.0,0.009522436852701223
32.0,0.00897140757441752
36.0,0.014151505114568863
40.0,0.012711060655419715
44.0,0.010780125420881501
48.0,0.008315734495421825
52.0,0.006250859883688723
56.0,0.004389904443607
60.0,0.006675809861357825
64.0,0.007555860776427345
72.0,0.010610942913141722
80.0,0.008888727041064866
88.0,0.00758710308582522
96.0,0.006912647500737674
104.0,0.006108460448255452
112.0,0.003774451694981609
120.0,0.008494853562511066
128.0,0.0061145541343755805
144.0,0.007716299257971024
160.0,0.00544371113825876
176.0,0.0011639697298120994
192.0,-0.00022281504845103392
208.0,-0.0015759137369549046
224.0,-0.0045152212209918965
240.0,-0.004575784273280685
256.0,-0.0057766825969641404
288.0,-0.014212627138476819
320.0,-0.017438592647926673
352.0,-0.01915189720845471
384.0,-0.02044751804917016
416.0,-0.02173672751006153
448.0,-0.021795061727364857
480.0,-0.021544578433450725
512.0,-0.023163369035400037
576.0,-0.022084215345482033
640.0,-0.02248499138901631
704.0,-0.036746532345811524
768.0,-0.039130872736374535
832.0,-0.04137506646414598
896.0,-0.03255140377829472
960.0,-0.02275773311460701
1024.0,-0.030255589362544317
end
