version,3.0
numOfCh,1
type,point
parent_name,labthresh-0dot04_avgcorrs
ch_type,1_1
kcount,1
numberNandB,1
brightnessNandB,1
carpet pos,0
pc,0
Time (ms),CH1 Auto-Correlation
1.0,0.017060378566384315
2.0,0.016740337014198303
3.0,0.01643107458949089
4.0,0.01612137444317341
5.0,0.015808096155524254
6.0,0.015506098978221416
7.0,0.015210850164294243
8.0,0.014928641729056835
9.0,0.014646769501268864
10.0,0.014397090300917625
11.0,0.014178142882883549
12.0,0.013974147848784924
13.0,0.013779682107269764
14.0,0.013608710840344429
15.0,0.013412061147391796
16.0,0.013222342357039452
18.0,0.012775024399161339
20.0,0.012332377023994923
22.0,0.01181770022958517
24.0,0.011327184736728668
26.0,0.010865393094718456
28.0,0.01038708072155714
30.0,0.01046766732890521
32.0,0.01007784604274396
36.0,0.011640789252042951
40.0,0.010585453051741448
44.0,0.009639535459427861
48.0,0.008766354174440494
52.0,0.00792289784739195
56.0,0.007087160055865145
60.0,0.006470879559180633
64.0,0.005669390357797966
72.0,0.006234881162007306
80.0,0.004207431336128918
88.0,0.00236409019063493
96.0,0.000623081683248269
104.0,-0.0007736723039540396
112.0,-0.0021278921976772835
120.0,-0.0018821918690971667
128.0,-0.0032892151017828533
144.0,-0.00391707908911485
160.0,-0.005789261912286747
176.0,-0.007291492169315461
192.0,-0.008200285011844244
208.0,-0.009837132078246213
224.0,-0.011936477693961934
240.0,-0.012984894474931551
256.0,-0.014091357328365311
288.0,-0.003111494268523529
320.0,-0.002890819225285668
352.0,-0.0033572280954103917
384.0,-0.002170881266465585
416.0,-0.005392800478148274
448.0,-0.00967916549416259
480.0,-0.007524708177827831
512.0,-0.003910261592994045
576.0,-0.000872751271041731
640.0,-0.005282932582000892
704.0,-0.007908146983633438
768.0,-0.006549297211070855
832.0,-0.0017216536992539961
896.0,0.0008888034305224816
960.0,-0.001466037705540657
1024.0,-0.0057644962798804045
end
