version,3.0
numOfCh,1
type,point
parent_name,labthresh-0dot04_avgcorrs
ch_type,1_1
kcount,1
numberNandB,1
brightnessNandB,1
carpet pos,0
pc,0
Time (ms),CH1 Auto-Correlation
1.0,0.029044857248663902
2.0,0.028752395883202553
3.0,0.02846226468682289
4.0,0.02815302088856697
5.0,0.027867306023836136
6.0,0.02757032960653305
7.0,0.02727421000599861
8.0,0.02698344551026821
9.0,0.02668621949851513
10.0,0.026397934183478355
11.0,0.026127252727746964
12.0,0.025869661942124367
13.0,0.025631649419665337
14.0,0.025379087775945663
15.0,0.02515465021133423
16.0,0.024909378960728645
18.0,0.024421293288469315
20.0,0.023971006274223328
22.0,0.02351546846330166
24.0,0.023134715855121613
26.0,0.022845812141895294
28.0,0.022633008658885956
30.0,0.02494435590118804
32.0,0.024616335021362276
36.0,0.02918319732170379
40.0,0.028586597780399882
44.0,0.028025036485479705
48.0,0.027457785881109118
52.0,0.026859835248615127
56.0,0.02626269342956795
60.0,0.02571080384414496
64.0,0.02519391472206304
72.0,0.03646509828831768
80.0,0.03534927828653823
88.0,0.034289453856987305
96.0,0.032754415149191536
104.0,0.03098848788963201
112.0,0.029210115899331868
120.0,0.027471203464441575
128.0,0.02573010557625821
144.0,0.02478969228589752
160.0,0.020850296850161005
176.0,0.017411381168737233
192.0,0.014280066893358404
208.0,0.011368938033228915
224.0,0.008384624589477122
240.0,0.004588490987468201
256.0,0.0013412212817153584
288.0,-0.006574183081587155
320.0,-0.01266071327134139
352.0,-0.018740101584828354
384.0,-0.024973010825407174
416.0,-0.026795669303586084
448.0,-0.026163943047221336
480.0,-0.026343739313435637
512.0,-0.026898853171991907
576.0,-0.01506492557382444
640.0,-0.01633078536542598
704.0,-0.020978219516109675
768.0,-0.03297630394808948
832.0,-0.048375428887084126
896.0,-0.06499406113289297
960.0,-0.07870037111570127
1024.0,-0.08318671863526106
1152.0,-0.0042909683543257415
1280.0,-0.004316270467825234
1408.0,-0.0029512220062315464
1536.0,-0.0035493885225150734
1664.0,-0.00048228888772428036
1792.0,0.0038091310998424888
1920.0,0.00016380357556045055
2048.0,-0.010194935137405992
end
