version,3.0
numOfCh,1
type,point
parent_name,labthresh-0dot04_avgcorrs
ch_type,1_1
kcount,1
numberNandB,1
brightnessNandB,1
carpet pos,0
pc,0
Time (ms),CH1 Auto-Correlation
1.0,0.028315328061580658
2.0,0.026175882667303085
3.0,0.025203600525856018
4.0,0.02411605976521969
5.0,0.02268773689866066
6.0,0.02161458693444729
7.0,0.020642008632421494
8.0,0.019724378362298012
9.0,0.01902179978787899
10.0,0.018300415948033333
11.0,0.017693329602479935
12.0,0.017159149050712585
13.0,0.016665123403072357
14.0,0.016013313084840775
15.0,0.0152757428586483
16.0,0.014772739261388779
18.0,0.013617201708257198
20.0,0.01231391727924347
22.0,0.01140524446964264
24.0,0.01110167894512415
26.0,0.010698926635086536
28.0,0.011507348157465458
30.0,0.010701358140795491
32.0,0.01167569778917823
36.0,0.014086932155935625
40.0,0.01212920006738776
44.0,0.010193368889823822
48.0,0.007949880424088665
52.0,0.005696582645344149
56.0,0.004247697995327014
60.0,0.0068160586647886354
64.0,0.0070050274841308305
72.0,0.01023345466965111
80.0,0.008452936242974829
88.0,0.006392310927913059
96.0,0.004127220698865131
104.0,0.0027071252407040447
112.0,0.0011576680233702063
120.0,0.00014554271719565518
128.0,-0.000673063483861226
144.0,0.003939961727883201
160.0,0.0029071971075609326
176.0,0.002938851190265268
192.0,0.0038780261209467428
208.0,0.00543386543286033
224.0,0.0064197757048532365
240.0,0.005561464140191675
256.0,0.004353176057338715
288.0,0.0008413664634442992
320.0,-0.006927855054123534
352.0,-0.01613351299117009
384.0,-0.02154727746447962
416.0,-0.023988389267793134
448.0,-0.018965981305680342
480.0,-0.01670760352862999
512.0,-0.015242999084875919
576.0,-0.016917945933528244
640.0,-0.017207448574481532
704.0,-0.01909416295529809
768.0,-0.02548466581356479
832.0,-0.0253868488362059
896.0,-0.01996267691720277
960.0,-0.0202225357061252
1024.0,-0.014307758829090744
1152.0,-0.01791900210082531
1280.0,-0.010996019467711449
1408.0,-0.013888089917600155
1536.0,-0.00199899566359818
1664.0,0.0029483973048627377
1792.0,0.0016590193845331669
1920.0,0.0041502416133880615
2048.0,0.0016020144103094935
end
