version,3.0
numOfCh,1
type,point
parent_name,labthresh-0dot04_avgcorrs
ch_type,1_1
kcount,1
numberNandB,1
brightnessNandB,1
carpet pos,0
pc,0
Time (ms),CH1 Auto-Correlation
1.0,0.025194736197590828
2.0,0.023866767063736916
3.0,0.022698013111948967
4.0,0.021781522780656815
5.0,0.020882241427898407
6.0,0.020046589896082878
7.0,0.019306587055325508
8.0,0.01869458705186844
9.0,0.018141817301511765
10.0,0.017511971294879913
11.0,0.016996420919895172
12.0,0.016341133043169975
13.0,0.015676777809858322
14.0,0.015048018656671047
15.0,0.014553865417838097
16.0,0.014085394330322742
18.0,0.01303622592240572
20.0,0.012143024243414402
22.0,0.011152255348861217
24.0,0.010269167833030224
26.0,0.009489104151725769
28.0,0.00863571185618639
30.0,0.007829014211893082
32.0,0.0074099283665418625
36.0,0.009267472346047205
40.0,0.008213720739669432
44.0,0.006748561639272209
48.0,0.005345694985174175
52.0,0.004903170721289435
56.0,0.0056278980428552524
60.0,0.004202522562309241
64.0,0.003071185844419233
72.0,0.0038973627206696955
80.0,0.0026084277514773595
88.0,0.0013326629694482243
96.0,0.00021354723031874055
104.0,-0.001234066985219855
112.0,-0.0024858474875212844
120.0,-0.003014564782810899
128.0,-0.003791689437583465
144.0,-0.0062171061297357525
160.0,-0.006949610891751945
176.0,-0.007002855194774124
192.0,-0.006941513806980636
208.0,-0.006941752885246561
224.0,-0.0074466019113537014
240.0,-0.006725029709784957
256.0,-0.0038660468881495207
288.0,-0.00867327496089274
320.0,-0.011089532147161662
352.0,-0.011501434550154954
384.0,-0.010543406286160462
416.0,-0.012522680149413646
448.0,-0.013217918458394706
480.0,-0.007876324442804616
512.0,-0.006132257913122885
576.0,0.00837536680046469
640.0,-0.0021857284009456635
704.0,-0.013124758639605716
768.0,0.0026065148595080245
832.0,0.014248431951273233
896.0,-0.013582120183855295
960.0,-0.03096070885658264
1024.0,-0.025459121447056532
end
