version,3.0
numOfCh,1
type,point
parent_name,labthresh-0dot04_avgcorrs
ch_type,1_1
kcount,1
numberNandB,1
brightnessNandB,1
carpet pos,0
pc,0
Time (ms),CH1 Auto-Correlation
1.0,0.028608687222003937
2.0,0.026607980951666832
3.0,0.025280235335230827
4.0,0.024262787774205208
5.0,0.023264123126864433
6.0,0.022334923967719078
7.0,0.021769898012280464
8.0,0.02102855034172535
9.0,0.020262805745005608
10.0,0.019766220822930336
11.0,0.0194962527602911
12.0,0.019128305837512016
13.0,0.018582530319690704
14.0,0.018178915604948997
15.0,0.017649061977863312
16.0,0.01708230935037136
18.0,0.01585150696337223
20.0,0.014653189107775688
22.0,0.01398127619177103
24.0,0.0127085130661726
26.0,0.011219308711588383
28.0,0.010568731464445591
30.0,0.010217413156437139
32.0,0.008020243027310832
36.0,0.01289599967733011
40.0,0.011486058508744464
44.0,0.010223237987665924
48.0,0.009261669403058477
52.0,0.008076334569486789
56.0,0.0067442776204552505
60.0,0.005844043931265332
64.0,0.0050328095117583875
72.0,0.007261912599604234
80.0,0.005207634036962286
88.0,0.0033206965760511687
96.0,0.001931304164157298
104.0,0.0004616068372821533
112.0,-0.0006103851375978832
120.0,-0.0013611179278490858
128.0,-0.003022263638235422
144.0,-0.003182779438793659
160.0,-0.0035184234380722045
176.0,-0.00470948129077442
192.0,-0.005999450042145327
208.0,-0.00635683653720965
224.0,-0.008751926540086667
240.0,-0.012689460684279246
256.0,-0.007180883615676846
288.0,-0.015088169387308881
320.0,-0.014027190895285457
352.0,-0.011465281070559285
384.0,-0.010249267308972776
416.0,-0.010361352795735001
448.0,-0.010670215456048026
480.0,0.000337200122885406
512.0,0.002805537689710036
576.0,0.007925819978117943
640.0,-0.0026397080277092756
704.0,-0.017086120788007975
768.0,-0.020674949255771936
832.0,-0.019166044914163648
896.0,-0.018061668309383095
960.0,0.0055242466914933175
1024.0,-0.0012743075785692781
end
