version,3.0
numOfCh,1
type,point
parent_name,labthresh-0dot04_avgcorrs
ch_type,1_1
kcount,1
numberNandB,1
brightnessNandB,1
carpet pos,0
pc,0
Time (ms),CH1 Auto-Correlation
1.0,0.047916825860738754
2.0,0.047010570764541626
3.0,0.04608501121401787
4.0,0.0452069416642189
5.0,0.04436304047703743
6.0,0.0434732548892498
7.0,0.04263255000114441
8.0,0.041862547397613525
9.0,0.04109283909201622
10.0,0.0403478741645813
11.0,0.03967028483748436
12.0,0.038994740694761276
13.0,0.03830253332853317
14.0,0.037681449204683304
15.0,0.03704691678285599
16.0,0.036486972123384476
18.0,0.035280290991067886
20.0,0.034060221165418625
22.0,0.03270496800541878
24.0,0.0312916599214077
26.0,0.029709724709391594
28.0,0.02807353436946869
30.0,0.026614751666784286
32.0,0.025213710963726044
36.0,0.028345217422746052
40.0,0.025584559349765727
44.0,0.023095555814237473
48.0,0.0206813865866193
52.0,0.017709799072084326
56.0,0.01541220768208236
60.0,0.013626989371712424
64.0,0.011917260456593122
72.0,0.017177918147736865
80.0,0.0120840187454106
88.0,0.00765180596959238
96.0,0.00430698858230914
104.0,0.0019259134986369692
112.0,0.0007034693737391775
120.0,0.00824406957048375
128.0,0.007882159470361383
144.0,0.013547062016600235
160.0,0.01084659929620102
176.0,0.009151659270917828
192.0,0.005389459452337839
208.0,0.0009683225653134286
224.0,-0.0031075253659351306
240.0,-0.004336158014749261
256.0,-0.0036325972019271417
288.0,0.0026898466582809177
320.0,0.01199049289737429
352.0,0.021098920476755927
384.0,0.004935914584036384
416.0,-0.016830704632281725
448.0,-0.026406003195526346
480.0,-0.030893640858786448
512.0,-0.030077580296035324
576.0,-0.029565676494530634
640.0,-0.02875544996932149
704.0,-0.026377461664378644
768.0,-0.019049408123828472
832.0,-0.007943449111189693
896.0,-0.004954764991998673
960.0,-0.01127973385155201
1024.0,-0.020208832807838917
1152.0,-0.04987325891852379
1280.0,-0.0890052318572998
1408.0,-0.06534191220998764
1536.0,-0.05187031999230385
1664.0,-0.09271939098834991
1792.0,-0.09507924318313599
1920.0,-0.043445978313684464
2048.0,-0.06334009766578674
end
