version,3.0
numOfCh,1
type,point
parent_name,labthresh-0dot04_avgcorrs
ch_type,1_1
kcount,1
numberNandB,1
brightnessNandB,1
carpet pos,0
pc,0
Time (ms),CH1 Auto-Correlation
1.0,0.0390193909406662
2.0,0.03848932683467865
3.0,0.03795061632990837
4.0,0.03740204870700836
5.0,0.03686238080263138
6.0,0.036312080919742584
7.0,0.035761818289756775
8.0,0.035214848816394806
9.0,0.0346514955163002
10.0,0.034100089222192764
11.0,0.0335412435233593
12.0,0.03301610052585602
13.0,0.03249141573905945
14.0,0.03197271376848221
15.0,0.0314236618578434
16.0,0.030929233878850937
18.0,0.02980978973209858
20.0,0.028837310150265694
22.0,0.027808543294668198
24.0,0.02670815959572792
26.0,0.025725137442350388
28.0,0.0248864833265543
30.0,0.02411634474992752
32.0,0.023505164310336113
36.0,0.03040561659859772
40.0,0.02864597645176608
44.0,0.027031166435855476
48.0,0.025604530995354122
52.0,0.024133338411307444
56.0,0.022495561467491956
60.0,0.02154096742634903
64.0,0.019811516476760584
72.0,0.020037726445994136
80.0,0.01721959361685035
88.0,0.014611530545390333
96.0,0.01200719993389414
104.0,0.00920086479543344
112.0,0.007004355105733418
120.0,0.00944726748920485
128.0,0.008629230701692657
144.0,0.026577429902057963
160.0,0.02396988881186449
176.0,0.020442003600432405
192.0,0.016928787767288407
208.0,0.013786042034293391
224.0,0.010502851231909258
240.0,0.007359700605905216
256.0,0.004380594587668644
288.0,0.0003892240770669146
320.0,-0.006414107676722448
352.0,-0.014123481656001373
384.0,-0.017925086388872427
416.0,-0.020354797343977472
448.0,-0.023936241304247895
480.0,-0.03212412197899539
512.0,-0.03640667183353798
576.0,-0.020083688898012042
640.0,-0.028766093775629997
704.0,-0.03543513431213796
768.0,-0.045065324481887124
832.0,-0.053357255489875875
896.0,-0.054612554144114256
960.0,-0.05147328941772381
1024.0,-0.05138809259127205
end
