version,3.0
numOfCh,1
type,point
parent_name,labthresh-0dot04_avgcorrs
ch_type,1_1
kcount,1
numberNandB,1
brightnessNandB,1
carpet pos,0
pc,0
Time (ms),CH1 Auto-Correlation
1.0,0.02887875773012638
2.0,0.028546974062919617
3.0,0.028211692348122597
4.0,0.02784799411892891
5.0,0.027471575886011124
6.0,0.027086716145277023
7.0,0.026701029390096664
8.0,0.026318097487092018
9.0,0.025929922237992287
10.0,0.025558914989233017
11.0,0.025184661149978638
12.0,0.02481096051633358
13.0,0.024465564638376236
14.0,0.02412894181907177
15.0,0.023819047957658768
16.0,0.023510659113526344
18.0,0.0228719562292099
20.0,0.022343365475535393
22.0,0.021796438843011856
24.0,0.02124609425663948
26.0,0.020669836550951004
28.0,0.02007240802049637
30.0,0.019492339342832565
32.0,0.018952693790197372
36.0,0.02185188195160277
40.0,0.02072092924715958
44.0,0.019719106669733512
48.0,0.018715885437841556
52.0,0.017656698665549895
56.0,0.016744235062409036
60.0,0.017376604316884748
64.0,0.016886039151359
72.0,0.02403632569592446
80.0,0.0223335680924356
88.0,0.02069269254570827
96.0,0.019117816553916783
104.0,0.017586789107881487
112.0,0.01630599035299383
120.0,0.01754307130455424
128.0,0.01668783430954057
144.0,0.024956647132057697
160.0,0.01839385276460754
176.0,0.012046981636168701
192.0,0.006562902848859916
208.0,0.002024491994753979
224.0,-0.0013689591612221972
240.0,-0.003775362964786057
256.0,-0.005989731318550184
288.0,-0.0206630946070488
320.0,-0.029814722964407077
352.0,-0.036840519448235555
384.0,-0.03772406719092812
416.0,-0.03561092009268967
448.0,-0.03299030673224479
480.0,-0.04148423388445129
512.0,-0.03664709833295395
576.0,-0.025726739200763404
640.0,-0.005775811150670052
704.0,0.009092737222090364
768.0,0.016496405471116304
832.0,0.01600228575989604
896.0,0.006122266873717308
960.0,-0.045914772587517895
1024.0,-0.050743061738709606
1152.0,-0.03987250477075577
1280.0,-0.07562645524740219
1408.0,-0.09981181472539902
1536.0,-0.08700957149267197
1664.0,-0.08347151428461075
1792.0,-0.09406088292598724
1920.0,-0.07553611695766449
2048.0,-0.14186765253543854
end
