version,3.0
numOfCh,1
type,point
parent_name,labthresh-0dot04_avgcorrs
ch_type,1_1
kcount,1
numberNandB,1
brightnessNandB,1
carpet pos,0
pc,0
Time (ms),CH1 Auto-Correlation
1.0,0.070491723716259
2.0,0.06788957118988037
3.0,0.06549197435379028
4.0,0.06281832605600357
5.0,0.06005825847387314
6.0,0.05727076157927513
7.0,0.05440352112054825
8.0,0.05208722501993179
9.0,0.04983919486403465
10.0,0.04745741933584213
11.0,0.04527268186211586
12.0,0.042934659868478775
13.0,0.04046874865889549
14.0,0.03807879611849785
15.0,0.03575604036450386
16.0,0.033450983464717865
18.0,0.027990566566586494
20.0,0.023638280108571053
22.0,0.019532952457666397
24.0,0.015808483585715294
26.0,0.013170724734663963
28.0,0.010321413166821003
30.0,0.008628538038141818
32.0,0.0064397653903951226
36.0,0.034814010412446805
40.0,0.0310813832184067
44.0,0.028576229100248644
48.0,0.02559170032223587
52.0,0.022129377724403248
56.0,0.018324008373643404
60.0,0.01512178219478041
64.0,0.013144087830109388
72.0,0.02188515032053386
80.0,0.018238565945801765
88.0,0.016771388681311356
96.0,0.01259150446314475
104.0,0.008158904947585574
112.0,0.008090411355767987
120.0,0.0025525278975500874
128.0,-0.004990043051197733
144.0,0.00464810000412399
160.0,-0.0077347086791026715
176.0,-0.019270249206344185
192.0,-0.02474983162052619
208.0,-0.02949931500358313
224.0,-0.03455700150419337
240.0,-0.03958835224232947
256.0,-0.044432998415262166
288.0,-0.018243210601874373
320.0,-0.019187660379843277
352.0,-0.018685902765190058
384.0,-0.016191711051347243
416.0,-0.015889736760238356
448.0,-0.01396719897589223
480.0,-0.0142706967308186
512.0,-0.012581829230343415
576.0,-0.01701227156445384
640.0,-0.023972387425601482
704.0,-0.01763154286891222
768.0,-0.014386662747710943
832.0,-0.011223780689761043
896.0,-0.005817192140966654
960.0,-0.026126363314688206
1024.0,-0.011990031227469444
end
