version,3.0
numOfCh,1
type,point
parent_name,labthresh-0dot04_avgcorrs
ch_type,1_1
kcount,1
numberNandB,1
brightnessNandB,1
carpet pos,0
pc,0
Time (ms),CH1 Auto-Correlation
1.0,0.08510617911815643
2.0,0.08287397772073746
3.0,0.08077965676784515
4.0,0.07878845930099487
5.0,0.07690924406051636
6.0,0.07501965761184692
7.0,0.07305514067411423
8.0,0.07120110839605331
9.0,0.06935255229473114
10.0,0.06740246713161469
11.0,0.0655008852481842
12.0,0.06385727971792221
13.0,0.062123365700244904
14.0,0.0605769045650959
15.0,0.059185516089200974
16.0,0.05787627398967743
18.0,0.05482416972517967
20.0,0.051928695291280746
22.0,0.04941694438457489
24.0,0.04723102226853371
26.0,0.04536130279302597
28.0,0.04378601536154747
30.0,0.04397860884619593
32.0,0.04357785570524667
36.0,0.05124954825233934
40.0,0.048193308134796095
44.0,0.04503657577359783
48.0,0.04235267478507012
52.0,0.04060506829118822
56.0,0.039106934584145034
60.0,0.03871558916751597
64.0,0.036868676712722794
72.0,0.03910093226087546
80.0,0.030215352312162786
88.0,0.020034657608318542
96.0,0.011159370970355147
104.0,0.003462254245407946
112.0,-0.002573291438498667
120.0,-0.0026025714231999934
128.0,-0.007009819305191438
144.0,0.0013515289008085216
160.0,-0.006560352664174778
176.0,-0.012123885520157359
192.0,-0.020327883617331583
208.0,-0.029379611635314568
224.0,-0.03286260984272563
240.0,-0.02604904046625291
256.0,-0.029661480337381363
288.0,-0.027974656814227013
320.0,-0.03368015688777502
352.0,-0.04670237087910729
384.0,-0.051759988864172816
416.0,-0.059613410890701095
448.0,-0.07223270311286407
480.0,-0.09522968222154304
512.0,-0.11298268420311312
576.0,-0.04891485348343849
640.0,-0.028454938903450966
704.0,-0.02699851430952549
768.0,-9.724518895382062e-05
832.0,0.010451896116137505
896.0,-0.007809880189597607
960.0,0.005585154984146357
1024.0,0.029945502057671547
end
