version,3.0
numOfCh,1
type,point
parent_name,labthresh-0dot04_avgcorrs
ch_type,1_1
kcount,1
numberNandB,1
brightnessNandB,1
carpet pos,0
pc,0
Time (ms),CH1 Auto-Correlation
1.0,0.13643550872802734
2.0,0.13287828862667084
3.0,0.12921328842639923
4.0,0.1253095269203186
5.0,0.12192409485578537
6.0,0.11855696141719818
7.0,0.1151423379778862
8.0,0.11195355653762817
9.0,0.10902856290340424
10.0,0.10623099654912949
11.0,0.10333044081926346
12.0,0.10036274790763855
13.0,0.09739744663238525
14.0,0.0947335958480835
15.0,0.09227081388235092
16.0,0.089800164103508
18.0,0.08444800972938538
20.0,0.07950994372367859
22.0,0.0750710666179657
24.0,0.07123978435993195
26.0,0.06724115461111069
28.0,0.06327124685049057
30.0,0.05967551842331886
32.0,0.05567355453968048
36.0,0.055044149576375885
40.0,0.049535669339820745
44.0,0.04514081632320691
48.0,0.0406387827747191
52.0,0.035541729833736706
56.0,0.02962173878525694
60.0,0.02703190580058586
64.0,0.023074493077101892
72.0,0.01981917197466828
80.0,0.010874501619837247
88.0,0.0015806308671017177
96.0,-0.005612356746569276
104.0,-0.011495928019285203
112.0,-0.019082402074709535
120.0,-0.021938834400013246
128.0,-0.020064996468136087
144.0,-0.012477799104797467
160.0,-0.021947461406752054
176.0,-0.029673115932382643
192.0,-0.034980668763940535
208.0,-0.04219499386898759
224.0,-0.04716611495758924
240.0,-0.041459070039255655
256.0,-0.03736576774527373
288.0,-0.03997934099364405
320.0,-0.0296859946489955
352.0,-0.019109601659389835
384.0,-0.011943976579156393
416.0,0.006770591615349986
448.0,0.01920007350903082
480.0,0.014293925962798918
512.0,0.0021883370839835456
576.0,-0.09789147973060608
640.0,-0.11729769657055537
704.0,-0.04179855901747942
768.0,-0.008617310474316279
832.0,-0.015854755106071632
896.0,-0.05042184889316559
960.0,-0.12732873670756817
1024.0,-0.17254669840137163
end
