version,3.0
numOfCh,1
type,point
parent_name,labthresh-0dot04_avgcorrs
ch_type,1_1
kcount,1
numberNandB,1
brightnessNandB,1
carpet pos,0
pc,0
Time (ms),CH1 Auto-Correlation
1.0,0.02706826850771904
2.0,0.026121580973267555
3.0,0.025389578193426132
4.0,0.02468932420015335
5.0,0.0240529365837574
6.0,0.023356273770332336
7.0,0.02275250107049942
8.0,0.02212546020746231
9.0,0.021501509472727776
10.0,0.02089463174343109
11.0,0.020350929349660873
12.0,0.019793245941400528
13.0,0.01928452029824257
14.0,0.01875903643667698
15.0,0.01827922835946083
16.0,0.017816251143813133
18.0,0.016731679439544678
20.0,0.015709245577454567
22.0,0.014690296724438667
24.0,0.013800395652651787
26.0,0.013005023822188377
28.0,0.012243817560374737
30.0,0.012039230359992612
32.0,0.011268166442355973
36.0,0.01270069085706685
40.0,0.011233576363459482
44.0,0.0095930022415511
48.0,0.008199433806779174
52.0,0.006933859127457254
56.0,0.005589358760335017
60.0,0.0040988077935859716
64.0,0.0029633235516181838
72.0,0.005861033997710117
80.0,0.004212458440716463
88.0,0.002355944695988331
96.0,0.00018376933241432363
104.0,-0.0019464117745387325
112.0,-0.003099791557443413
120.0,-0.004907908336636389
128.0,-0.005026493428019984
144.0,0.0010119552395053688
160.0,-0.0009579327822090514
176.0,-0.002590412176990261
192.0,-0.004914915578865475
208.0,-0.006528050294339967
224.0,-0.007392762907935928
240.0,-0.0051291376003064215
256.0,-0.0038216999722256637
288.0,-0.004369338355900254
320.0,-0.00684393535630079
352.0,-0.009235627221642062
384.0,-0.010033890124759637
416.0,-0.008173274268813202
448.0,-0.007642812663107179
480.0,-0.01148652438132558
512.0,-0.016876969631994143
576.0,-0.009796131460461766
640.0,-0.0038848905824124813
704.0,-0.0026568004723230843
768.0,0.001486537337768823
832.0,2.8422524337656796e-05
896.0,0.0015075421833898872
960.0,0.00614108657464385
1024.0,0.007384404384841521
1152.0,0.009319229051470757
1280.0,0.009684676304459572
1408.0,0.0011306265369057655
1536.0,-0.005732057616114616
1664.0,-0.023621173575520515
1792.0,-0.0411180704832077
1920.0,-0.0563967190682888
2048.0,-0.058195892721414566
end
