version,3.0
numOfCh,1
type,point
parent_name,labthresh-0dot04_avgcorrs
ch_type,1_1
kcount,1
numberNandB,1
brightnessNandB,1
carpet pos,0
pc,0
Time (ms),CH1 Auto-Correlation
1.0,0.030184481292963028
2.0,0.027896229177713394
3.0,0.02634439431130886
4.0,0.025365518406033516
5.0,0.02445695921778679
6.0,0.024039914831519127
7.0,0.023779327049851418
8.0,0.02348628267645836
9.0,0.022454634308815002
10.0,0.021326709538698196
11.0,0.02065884694457054
12.0,0.019942767918109894
13.0,0.019347425550222397
14.0,0.01909051276743412
15.0,0.019048400223255157
16.0,0.019079115241765976
18.0,0.01807623729109764
20.0,0.016772756353020668
22.0,0.016213279217481613
24.0,0.015267394483089447
26.0,0.015016180463135242
28.0,0.015767835080623627
30.0,0.015195128736048636
32.0,0.01553977585975982
36.0,0.019246182889100568
40.0,0.017654907802352682
44.0,0.016478304310863758
48.0,0.014743666040569382
52.0,0.012618214166571346
56.0,0.011119863416989456
60.0,0.00990611806248679
64.0,0.009672298496298026
72.0,0.01175760966811247
80.0,0.008837948005427332
88.0,0.005965305362170672
96.0,0.003166988937129431
104.0,0.0005110663313483682
112.0,-0.0014393987195730647
120.0,-0.0032086481617571894
128.0,-0.004189073320423418
144.0,-0.005545941973105073
160.0,-0.006832529179519042
176.0,-0.00833931986077611
192.0,-0.009468579816166311
208.0,-0.009876425501230794
224.0,-0.009709160400476927
240.0,-0.01180932140310428
256.0,-0.00998600638870682
288.0,-0.006882767510515722
320.0,-0.007043064360252835
352.0,-0.007027623338878832
384.0,-0.007106137096839534
416.0,-0.0063438956316200674
448.0,-0.007455486264503138
480.0,-0.0056634291011670775
512.0,-0.006263781039292967
576.0,-0.006883373076561838
640.0,-0.008117315999697894
704.0,-0.009955118410289288
768.0,-0.014799976139329374
832.0,-0.019559450884116814
896.0,-0.024225551867857575
960.0,-0.02849197352770716
1024.0,-0.025654022465460002
1152.0,-0.00989571399986744
1280.0,-0.02023712545633316
1408.0,-0.007359747774899006
1536.0,-0.0044180359691381454
1664.0,-0.009861692786216736
1792.0,-0.0008108748588711023
1920.0,-0.0010519090574234724
2048.0,-0.006745944265276194
end
