version,3.0
numOfCh,1
type,point
parent_name,labthresh-0dot04_avgcorrs
ch_type,1_1
kcount,1
numberNandB,1
brightnessNandB,1
carpet pos,0
pc,0
Time (ms),CH1 Auto-Correlation
1.0,0.03191620111465454
2.0,0.03146698325872421
3.0,0.031025853008031845
4.0,0.03056536614894867
5.0,0.030098825693130493
6.0,0.02965427003800869
7.0,0.029224084690213203
8.0,0.028806151822209358
9.0,0.028359970077872276
10.0,0.027926398441195488
11.0,0.02751232497394085
12.0,0.02711143158376217
13.0,0.026688851416110992
14.0,0.026250656694173813
15.0,0.02584977075457573
16.0,0.025484172627329826
18.0,0.024709271267056465
20.0,0.024049296975135803
22.0,0.023416047915816307
24.0,0.02277139201760292
26.0,0.022076299414038658
28.0,0.021442260593175888
30.0,0.02137160466372734
32.0,0.020848574380292313
36.0,0.027597881421790024
40.0,0.026325365660435134
44.0,0.02520036441901225
48.0,0.024136806782515688
52.0,0.02310678341520292
56.0,0.022051170790228784
60.0,0.021656143642758252
64.0,0.02043934039310053
72.0,0.025947780776602616
80.0,0.02353491564558464
88.0,0.021138974640226002
96.0,0.01859156389461229
104.0,0.0161500044660421
112.0,0.013769443205092102
120.0,0.011832937103506646
128.0,0.009965454174172399
144.0,0.017299639603152173
160.0,0.014565917001924333
176.0,0.012889008085039677
192.0,0.01066055312185199
208.0,0.009056531028136305
224.0,0.007210515782617222
240.0,0.0039039068860802217
256.0,0.0012002102594124153
288.0,0.005345118909396909
320.0,0.0031606338955250317
352.0,0.0012030546243874017
384.0,-0.0022553848241593437
416.0,-0.010076183192061515
448.0,-0.022055980322131127
480.0,-0.029468190605661623
512.0,-0.036564542870716345
576.0,-0.02501858928008005
640.0,-0.03401116165332496
704.0,-0.03760825889185071
768.0,-0.05023519787937403
832.0,-0.0646685904939659
896.0,-0.0841197979170829
960.0,-0.10723626706749201
1024.0,-0.10898345801979303
1152.0,-0.21938377618789673
1280.0,-0.23041091859340668
1408.0,-0.16217225790023804
1536.0,-0.06420036405324936
1664.0,-0.05814724788069725
1792.0,0.018652088940143585
end
