version,3.0
numOfCh,1
type,point
parent_name,labthresh-0dot04_avgcorrs
ch_type,1_1
kcount,1
numberNandB,1
brightnessNandB,1
carpet pos,0
pc,0
Time (ms),CH1 Auto-Correlation
1.0,0.2515146732330322
2.0,0.24420247972011566
3.0,0.23596875369548798
4.0,0.2274646759033203
5.0,0.21915122866630554
6.0,0.21124614775180817
7.0,0.2034737765789032
8.0,0.1950303316116333
9.0,0.18714287877082825
10.0,0.1798405796289444
11.0,0.172503262758255
12.0,0.1666163206100464
13.0,0.1616888791322708
14.0,0.1571653187274933
15.0,0.1529894471168518
16.0,0.14826156198978424
18.0,0.14135301113128662
20.0,0.1329362690448761
22.0,0.12288810312747955
24.0,0.11094242334365845
26.0,0.09966312348842621
28.0,0.08727051317691803
30.0,0.07609587907791138
32.0,0.06508935987949371
36.0,0.14177728529830347
40.0,0.13309062131520477
44.0,0.1263232840647106
48.0,0.1200664862699341
52.0,0.11650598590495065
56.0,0.11260826601210283
60.0,0.10605756091172225
64.0,0.10097853452498384
72.0,0.11115284741390496
80.0,0.10929314220058066
88.0,0.10772435809485614
96.0,0.10020826712051141
104.0,0.08930740043121789
112.0,0.07842702474694566
120.0,0.06604681150721652
128.0,0.05541789925856782
144.0,0.056964852889491754
160.0,0.04476438568566333
176.0,0.028976639309390026
192.0,0.015071021477607164
208.0,0.00621542525054379
224.0,0.0006643161600963635
240.0,-0.013503681656650522
256.0,-0.03479355199008503
288.0,-0.037839716093407735
320.0,-0.04929911355591483
352.0,-0.05850187787372205
384.0,-0.058228937805526786
416.0,-0.06508437958028582
448.0,-0.0746813361260542
480.0,-0.07369240976145698
512.0,-0.05506990495551792
576.0,-0.07601965814828873
640.0,-0.08912783320993185
704.0,-0.11152627365663648
768.0,-0.13173134084790944
832.0,-0.1376978287473321
896.0,-0.13318364883307368
960.0,-0.15388628508662805
1024.0,-0.18888071388937533
1152.0,-0.027210025116801262
1280.0,-0.031897999346256256
1408.0,-0.030264651402831078
1536.0,-0.032717056572437286
1664.0,-0.02622542530298233
1792.0,-0.018623260781168938
1920.0,-0.015395516529679298
2048.0,-0.018430989235639572
2304.0,-0.006018251180648804
2560.0,-0.005491205956786871
2816.0,-0.011124826967716217
3072.0,-0.03938300535082817
3328.0,-0.025563471019268036
3584.0,-0.045312803238630295
3840.0,-0.054324135184288025
4096.0,-0.01671004295349121
end
