version,3.0
numOfCh,1
type,point
parent_name,labthresh-0dot04_avgcorrs
ch_type,1_1
kcount,1
numberNandB,1
brightnessNandB,1
carpet pos,0
pc,0
Time (ms),CH1 Auto-Correlation
1.0,0.09202751517295837
2.0,0.08960273116827011
3.0,0.08693946897983551
4.0,0.08434613794088364
5.0,0.08177372813224792
6.0,0.07889944314956665
7.0,0.07639695703983307
8.0,0.07378319650888443
9.0,0.07098621129989624
10.0,0.0684635266661644
11.0,0.06603635847568512
12.0,0.06401817500591278
13.0,0.06169423460960388
14.0,0.05966262146830559
15.0,0.05785064026713371
16.0,0.05630367994308472
18.0,0.05452219769358635
20.0,0.05256444215774536
22.0,0.050642888993024826
24.0,0.049035754054784775
26.0,0.04798385500907898
28.0,0.046945273876190186
30.0,0.047042728621711244
32.0,0.045920544953653865
36.0,0.06309737182543715
40.0,0.05986672204459825
44.0,0.05764010037526769
48.0,0.0564801397976344
52.0,0.05411360596063668
56.0,0.050174598349258304
60.0,0.04450015867832522
64.0,0.03703804325778037
72.0,0.03427298641059009
80.0,0.026597313938270275
88.0,0.017509366940143274
96.0,0.014175652661115715
104.0,0.011545588770930312
112.0,0.008847323682857677
120.0,0.003912434408180963
128.0,-0.0009047354140099796
144.0,-0.013596285576932132
160.0,-0.02416770215301464
176.0,-0.03183030090682829
192.0,-0.03839583851707478
208.0,-0.04051765812522111
224.0,-0.04372448041588844
240.0,-0.05048252321624507
256.0,-0.05313381728095313
288.0,-0.06938177379601661
320.0,-0.05057854864086645
352.0,-0.061393302257379725
384.0,-0.10208344175609657
416.0,-0.10274315461154199
448.0,-0.08212110030257867
480.0,0.03841753682354465
512.0,0.053448498918442056
576.0,0.05789922417607159
640.0,0.01872643386013806
704.0,-0.06180754816159606
768.0,-0.12176568023860454
832.0,-0.1273913813754916
896.0,-0.05418919429648668
960.0,0.04724600398330949
1024.0,0.0892567666072864
1152.0,-0.0026101747062057257
1280.0,-0.04981525242328644
1408.0,-0.0486203096807003
1536.0,-0.005075505468994379
1664.0,0.01703948713839054
1792.0,0.03679129108786583
1920.0,0.009544766508042812
2048.0,-0.011272615753114223
end
