version,3.0
numOfCh,1
type,point
parent_name,labthresh-0dot04_avgcorrs
ch_type,1_1
kcount,1
numberNandB,1
brightnessNandB,1
carpet pos,0
pc,0
Time (ms),CH1 Auto-Correlation
1.0,0.026193074882030487
2.0,0.025847993791103363
3.0,0.025507239624857903
4.0,0.02516561560332775
5.0,0.024817530065774918
6.0,0.02446073107421398
7.0,0.024121977388858795
8.0,0.02377765066921711
9.0,0.0234320517629385
10.0,0.02308039367198944
11.0,0.022736046463251114
12.0,0.022391805425286293
13.0,0.02205820381641388
14.0,0.021724482998251915
15.0,0.021381938830018044
16.0,0.021062174811959267
18.0,0.02037895657122135
20.0,0.019724559038877487
22.0,0.019046559929847717
24.0,0.018454959616065025
26.0,0.01792777329683304
28.0,0.017368756234645844
30.0,0.017404616304510886
32.0,0.01691141370094173
36.0,0.02150275886694241
40.0,0.02045366239908617
44.0,0.01935950354503196
48.0,0.01828189938920938
52.0,0.0173383043181578
56.0,0.016684140398986833
60.0,0.016269169269071425
64.0,0.01574140458299856
72.0,0.024190967704271316
80.0,0.021494962431269846
88.0,0.01882663253931433
96.0,0.016539301492900307
104.0,0.014499564575472553
112.0,0.012043524391054617
120.0,0.009580954733935772
128.0,0.007414374633777985
144.0,0.012381097282438228
160.0,0.010505242989165709
176.0,0.009081472396307315
192.0,0.009262077741247291
208.0,0.008721985820254
224.0,0.008341050854263206
240.0,0.007963906002502578
256.0,0.008907745369166756
288.0,0.026239901289550796
320.0,0.02504298660076327
352.0,0.021918932339758612
384.0,0.015208126627031662
416.0,0.00711131399212819
448.0,0.001596997750716077
480.0,-0.0021448238355029994
512.0,-0.005230196234252717
576.0,0.007463896297849715
640.0,0.0028075107256881893
704.0,-0.0004817463147143523
768.0,-0.0033478582433114448
832.0,-0.010166341671720147
896.0,-0.017223901736239593
960.0,-0.021803390661564965
1024.0,-0.028016860378556885
1152.0,-0.21439087390899658
1280.0,-0.2691712975502014
1408.0,-0.3363327383995056
1536.0,-0.4054872989654541
1664.0,-0.45738932490348816
1792.0,-0.479540079832077
1920.0,-0.3893181383609772
2048.0,-0.3488500714302063
end
