version,3.0
numOfCh,1
type,point
parent_name,labthresh-0dot04_avgcorrs
ch_type,1_1
kcount,1
numberNandB,1
brightnessNandB,1
carpet pos,0
pc,0
Time (ms),CH1 Auto-Correlation
1.0,0.08526315540075302
2.0,0.08469533920288086
3.0,0.0841330885887146
4.0,0.08354174345731735
5.0,0.08301863819360733
6.0,0.08247259259223938
7.0,0.08190926164388657
8.0,0.08137325197458267
9.0,0.08079684525728226
10.0,0.08022566884756088
11.0,0.07967659085988998
12.0,0.07911960035562515
13.0,0.07858559489250183
14.0,0.07806796580553055
15.0,0.07757090032100677
16.0,0.07709906995296478
18.0,0.07603200525045395
20.0,0.07507970929145813
22.0,0.07427007704973221
24.0,0.07340811938047409
26.0,0.07256639748811722
28.0,0.07183194905519485
30.0,0.07103453576564789
32.0,0.07013999670743942
36.0,0.07820341571433735
40.0,0.07566883277502798
44.0,0.07338610338324326
48.0,0.07098984924388267
52.0,0.06883084135673319
56.0,0.06736629407394157
60.0,0.07092854148359037
64.0,0.06993502680804795
72.0,0.08987930203147698
80.0,0.08738449550946825
88.0,0.08469785162014887
96.0,0.08238092686951859
104.0,0.07998058452358237
112.0,0.07756946251902264
120.0,0.0746550844075955
128.0,0.07123518596199574
144.0,0.07528466638177633
160.0,0.06964599363605625
176.0,0.06579978979009736
192.0,0.06199168462106692
208.0,0.059010008665999134
224.0,0.05594723215991897
240.0,0.056861691758967936
256.0,0.053516693093115464
288.0,0.07119742871469094
320.0,0.060169560582532235
352.0,0.04922262345078505
384.0,0.03520939341332349
416.0,0.02264010202553537
448.0,0.010198837637694346
480.0,-0.0016104358300152752
512.0,-0.012187809140111009
576.0,0.028873898088932037
640.0,-0.012016971129924059
704.0,-0.053081814548932016
768.0,-0.09843266871757805
832.0,-0.14002879802137613
896.0,-0.17057612762437202
960.0,-0.20506851468235254
1024.0,-0.2329705711454153
1152.0,-0.12848472595214844
1280.0,-0.20403073728084564
1408.0,-0.2780812382698059
1536.0,-0.32648494839668274
1664.0,-0.34099265933036804
1792.0,-0.34813201427459717
1920.0,-0.3590641915798187
2048.0,-0.3286711871623993
end
