version,3.0
numOfCh,1
type,point
parent_name,labthresh-0dot04_avgcorrs
ch_type,1_1
kcount,1
numberNandB,1
brightnessNandB,1
carpet pos,0
pc,0
Time (ms),CH1 Auto-Correlation
1.0,0.029073482379317284
2.0,0.028147434815764427
3.0,0.027187755331397057
4.0,0.026423174887895584
5.0,0.025536511093378067
6.0,0.024844691157341003
7.0,0.024092089384794235
8.0,0.02332143671810627
9.0,0.022565996274352074
10.0,0.021782269701361656
11.0,0.020986253395676613
12.0,0.020240426063537598
13.0,0.019507475197315216
14.0,0.018789203837513924
15.0,0.018047846853733063
16.0,0.01730310544371605
18.0,0.01589290425181389
20.0,0.014448899775743484
22.0,0.013256235979497433
24.0,0.012247498147189617
26.0,0.011244022287428379
28.0,0.010250518098473549
30.0,0.00994596055465376
32.0,0.009085870982301925
36.0,0.009937170164419277
40.0,0.007926856224883287
44.0,0.005816757360310388
48.0,0.00433575963817871
52.0,0.003086307356434484
56.0,0.0025007006723523862
60.0,0.006857341634410356
64.0,0.006142636046085196
72.0,0.006492966334078049
80.0,0.003770683547302794
88.0,0.0017291289841523394
96.0,0.0009795761042579005
104.0,-2.9396795211001656e-05
112.0,-0.001313407688240449
120.0,0.0008000159820464129
128.0,-0.0002081159376151239
144.0,-0.001398703056232383
160.0,-0.0037202284768378985
176.0,-0.005453859970051174
192.0,-0.005792592407669872
208.0,-0.007151413300501493
224.0,-0.008235993267347416
240.0,-0.008132000004739634
256.0,-0.0077672425748979935
288.0,-0.007161149539751932
320.0,-0.005182908044662327
352.0,-0.007742491061799228
384.0,-0.006738495710305869
416.0,-0.003708269918570295
448.0,-0.0004529503989033401
480.0,0.0020964299716676273
512.0,-0.002024878521398124
576.0,-0.026215288415551187
640.0,-0.028647258505225183
704.0,-0.023195564933121204
768.0,-0.020053128805011512
832.0,-0.013717686850577593
896.0,-0.009981988184154033
960.0,-0.009997061733156443
1024.0,-0.004493988305330277
end
