version,3.0
numOfCh,1
type,point
parent_name,labthresh-0dot04_avgcorrs
ch_type,1_1
kcount,1
numberNandB,1
brightnessNandB,1
carpet pos,0
pc,0
Time (ms),CH1 Auto-Correlation
1.0,0.10647799074649811
2.0,0.10441844165325165
3.0,0.10258135944604874
4.0,0.10071590542793274
5.0,0.09881265461444855
6.0,0.0970562994480133
7.0,0.09538108110427856
8.0,0.09371188282966614
9.0,0.09196782112121582
10.0,0.09009648114442825
11.0,0.08811754733324051
12.0,0.08624619245529175
13.0,0.08461595326662064
14.0,0.0826907604932785
15.0,0.08073657006025314
16.0,0.07892140746116638
18.0,0.07543663680553436
20.0,0.07226020097732544
22.0,0.06917252391576767
24.0,0.06648086756467819
26.0,0.06397193670272827
28.0,0.06007147207856178
30.0,0.06416805678782111
32.0,0.06145696206640423
36.0,0.06839443882133557
40.0,0.06270740901571557
44.0,0.057753547470025354
48.0,0.05364301503339613
52.0,0.049377297763853814
56.0,0.045765431927672275
60.0,0.044817028041507
64.0,0.04195232780693914
72.0,0.0539427861245349
80.0,0.050244650225504305
88.0,0.04838458884740248
96.0,0.047039165218593554
104.0,0.04252831498393789
112.0,0.03663031981093809
120.0,0.03227594824177989
128.0,0.028086603143795703
144.0,0.02933568469279635
160.0,0.022962445502344053
176.0,0.023588192994793644
192.0,0.022596270369831473
208.0,0.012106574311474105
224.0,-0.0007714982639299706
240.0,-0.012126329269570609
256.0,-0.02778764033379654
288.0,-0.039385283598676324
320.0,-0.07844440019107424
352.0,-0.11035851397900842
384.0,-0.1389828831597697
416.0,-0.16573459283881675
448.0,-0.17854703991179122
480.0,-0.18295761448825942
512.0,-0.17220020713284612
576.0,-0.09018487564753741
640.0,-0.0663811881095171
704.0,-0.0591937443241477
768.0,-0.043929448351264
832.0,-0.022983071859925985
896.0,-0.0020640981383621693
960.0,-0.0010227737948298454
1024.0,-0.01573839783668518
end
