version,3.0
numOfCh,1
type,point
parent_name,labthresh-0dot04_avgcorrs
ch_type,1_1
kcount,1
numberNandB,1
brightnessNandB,1
carpet pos,0
pc,0
Time (ms),CH1 Auto-Correlation
1.0,0.2203359454870224
2.0,0.21476274728775024
3.0,0.20940662920475006
4.0,0.20451651513576508
5.0,0.2000056505203247
6.0,0.1960342973470688
7.0,0.19201594591140747
8.0,0.1877068132162094
9.0,0.18267355859279633
10.0,0.17731429636478424
11.0,0.17192846536636353
12.0,0.16582641005516052
13.0,0.16000334918498993
14.0,0.15507356822490692
15.0,0.15012572705745697
16.0,0.14548690617084503
18.0,0.13511697947978973
20.0,0.12546886503696442
22.0,0.11716228723526001
24.0,0.1095716655254364
26.0,0.10218080878257751
28.0,0.0956452414393425
30.0,0.09007786214351654
32.0,0.08477897197008133
36.0,0.08969448593597917
40.0,0.07710644406430826
44.0,0.06623994268011302
48.0,0.05303403938523843
52.0,0.04379409614678783
56.0,0.03292033354227897
60.0,0.03499008150411891
64.0,0.03163301052383916
72.0,0.038285926744145785
80.0,0.03381049232005975
88.0,0.03253047023654768
96.0,0.034287485306298264
104.0,0.03419337836155472
112.0,0.029159452340345046
120.0,0.005721915342078051
128.0,-0.014711136308238459
144.0,-0.025759515599929728
160.0,-0.04259676850051619
176.0,-0.05198580172145739
192.0,-0.06179770643939264
208.0,-0.07378760467205818
224.0,-0.08432933056610636
240.0,-0.10904466635353553
256.0,-0.13031903517548926
288.0,-0.008703148509893153
320.0,-0.000717620106620921
352.0,-0.014986947204710709
384.0,-0.0236427465117433
416.0,-0.015169979616378745
448.0,-0.01239037205879059
480.0,-0.01615128775625231
512.0,-0.023628902598930936
576.0,-0.03983305937921008
640.0,-0.05933674660142666
704.0,-0.0727555778673074
768.0,-0.08329139022680465
832.0,-0.10158990424436827
896.0,-0.10741649548678349
960.0,-0.12056095909065334
1024.0,-0.11825210368260741
1152.0,-0.008455161936581135
1280.0,-0.00573049345985055
1408.0,-0.00123761931899935
1536.0,-0.00841099675744772
1664.0,-0.016480516642332077
1792.0,-0.013680865988135338
1920.0,-0.0036859093233942986
2048.0,0.0037943157367408276
end
