version,3.0
numOfCh,1
type,point
parent_name,labthresh-0dot04_avgcorrs
ch_type,1_1
kcount,1
numberNandB,1
brightnessNandB,1
carpet pos,0
pc,0
Time (ms),CH1 Auto-Correlation
1.0,0.10299218446016312
2.0,0.10098075866699219
3.0,0.09911451488733292
4.0,0.0973159596323967
5.0,0.0955243781208992
6.0,0.09378566592931747
7.0,0.09213034063577652
8.0,0.09081964194774628
9.0,0.0895111933350563
10.0,0.08827422559261322
11.0,0.0868765190243721
12.0,0.08545568585395813
13.0,0.08425329625606537
14.0,0.08289626240730286
15.0,0.08157757669687271
16.0,0.08018549531698227
18.0,0.07719224691390991
20.0,0.07447737455368042
22.0,0.07199142873287201
24.0,0.06965913623571396
26.0,0.06726373732089996
28.0,0.06503655761480331
30.0,0.06523047394987841
32.0,0.06285468366695568
36.0,0.0705748735374734
40.0,0.06560412289863135
44.0,0.06123858100115533
48.0,0.056697492097472685
52.0,0.052562835093836344
56.0,0.049763736033955036
60.0,0.04767769413195889
64.0,0.04507419547007885
72.0,0.04665179205078043
80.0,0.041171452404293964
88.0,0.03778763404912561
96.0,0.03633275185711682
104.0,0.03640041190450766
112.0,0.034470734003686006
120.0,0.03193131539553992
128.0,0.028465650644839594
144.0,0.029664471454452723
160.0,0.024605902792245615
176.0,0.013975376434245845
192.0,0.004858054016949609
208.0,-0.0019352784474904183
224.0,-0.007902106717665447
240.0,-0.00019219120925602814
256.0,0.001200078484059001
288.0,0.0060554197363671845
320.0,-0.00862922933883965
352.0,-0.021612232830375434
384.0,-0.03767536985105835
416.0,-0.04523114777439332
448.0,-0.04964380688288657
480.0,-0.0622873394248826
512.0,-0.07274201633926067
576.0,-0.054708159808069465
640.0,-0.058083289908245204
704.0,-0.07630739263258875
768.0,-0.10818980280309916
832.0,-0.0919887809548527
896.0,-0.05830675754696131
960.0,0.003965175827033818
1024.0,0.04283480509184301
1152.0,-0.20278026163578033
1280.0,-0.16360968351364136
1408.0,-0.10991818457841873
1536.0,-0.06237287074327469
1664.0,0.10755304992198944
1792.0,0.0438498891890049
end
