version,3.0
numOfCh,1
type,point
parent_name,labthresh-0dot04_avgcorrs
ch_type,1_1
kcount,1
numberNandB,1
brightnessNandB,1
carpet pos,0
pc,0
Time (ms),CH1 Auto-Correlation
1.0,0.1046530231833458
2.0,0.10178809612989426
3.0,0.09897077828645706
4.0,0.0960824117064476
5.0,0.0934465080499649
6.0,0.09108670055866241
7.0,0.0888877585530281
8.0,0.08664245903491974
9.0,0.08473710715770721
10.0,0.08273661136627197
11.0,0.08094476908445358
12.0,0.07927186787128448
13.0,0.07766401022672653
14.0,0.07624804973602295
15.0,0.0751737579703331
16.0,0.0739412009716034
18.0,0.0715906098484993
20.0,0.06889393925666809
22.0,0.06596507132053375
24.0,0.06325697153806686
26.0,0.06072022765874863
28.0,0.05832648277282715
30.0,0.05604865401983261
32.0,0.05422887206077576
36.0,0.061780054983994755
40.0,0.056334277509345804
44.0,0.05153954839596346
48.0,0.046202085069048084
52.0,0.039904772399625345
56.0,0.034198014585334544
60.0,0.033283138522165245
64.0,0.029103990391831758
72.0,0.027027689541379612
80.0,0.02128944097461903
88.0,0.012207958969897677
96.0,0.005803597151060347
104.0,0.0014084761825398783
112.0,-0.004054544195005966
120.0,-0.007512155984351501
128.0,-0.009952466584554013
144.0,-0.00958353462296405
160.0,-0.016849124446577792
176.0,-0.021753245313274897
192.0,-0.03265245624962041
208.0,-0.03710982189000961
224.0,-0.035529664828486386
240.0,-0.037483728413159646
256.0,-0.049976963596626386
288.0,-0.05224110626004404
320.0,-0.07012027068994939
352.0,-0.06902767641004175
384.0,-0.07480830977438017
416.0,-0.06460312112467363
448.0,-0.04375390750356019
480.0,-0.11515828095434699
512.0,-0.1226276510860771
576.0,0.07430678172386251
640.0,0.12246060092002153
704.0,0.07405116991139948
768.0,0.08345048315823078
832.0,-0.02511456422507763
896.0,-0.10747169511159882
960.0,-0.07877546921372414
1024.0,-0.17780335352290422
end
