version,3.0
numOfCh,1
type,point
parent_name,labthresh-0dot04_avgcorrs
ch_type,1_1
kcount,1
numberNandB,1
brightnessNandB,1
carpet pos,0
pc,0
Time (ms),CH1 Auto-Correlation
1.0,0.026457490399479866
2.0,0.025011854246258736
3.0,0.024112148210406303
4.0,0.02317277155816555
5.0,0.0224690530449152
6.0,0.021695595234632492
7.0,0.02083045244216919
8.0,0.020208721980452538
9.0,0.019377494230866432
10.0,0.018635235726833344
11.0,0.017965318635106087
12.0,0.017352260649204254
13.0,0.0166722871363163
14.0,0.015934405848383904
15.0,0.015339200384914875
16.0,0.014689881354570389
18.0,0.013643498532474041
20.0,0.012703724205493927
22.0,0.01194651611149311
24.0,0.011013642884790897
26.0,0.010729707777500153
28.0,0.010539786890149117
30.0,0.010508626699447632
32.0,0.011054834350943565
36.0,0.017952916471303666
40.0,0.0165246223914437
44.0,0.01481554102240901
48.0,0.013216404997992554
52.0,0.011915922398751217
56.0,0.010687209264343155
60.0,0.009650374054186174
64.0,0.008625883773643652
72.0,0.007664186623878777
80.0,0.004347008841577917
88.0,0.0016328872554004193
96.0,0.0006671626585011836
104.0,0.0008498540217988193
112.0,0.00242069061845541
120.0,0.0033975512627512218
128.0,0.003298885365948081
144.0,-0.0020754452065482516
160.0,-0.005408617462415029
176.0,-0.0077697287984740205
192.0,-0.011265469946866849
208.0,-0.014729742498328799
224.0,-0.018110452993663356
240.0,-0.02086706171907923
256.0,-0.022005386650562286
288.0,-0.012329892122319766
320.0,-0.011196211529230433
352.0,-0.008286823406316606
384.0,-0.005611323352370944
416.0,-0.006061404411281858
448.0,-0.009091101300652684
480.0,-0.01273922442591616
512.0,-0.015028495241754822
576.0,-0.030011416180059314
640.0,-0.03208569891285151
704.0,-0.03580562025308609
768.0,-0.03298834175802767
832.0,-0.028148637618869543
896.0,-0.022644458804279566
960.0,-0.0091206350189168
1024.0,0.016660429071635008
end
