version,3.0
numOfCh,1
type,point
parent_name,labthresh-0dot04_avgcorrs
ch_type,1_1
kcount,1
numberNandB,1
brightnessNandB,1
carpet pos,0
pc,0
Time (ms),CH1 Auto-Correlation
1.0,0.02706262841820717
2.0,0.025802643969655037
3.0,0.024825451895594597
4.0,0.023915186524391174
5.0,0.023307565599679947
6.0,0.022714095190167427
7.0,0.022119741886854172
8.0,0.02159368060529232
9.0,0.021093854680657387
10.0,0.02050374448299408
11.0,0.01996157132089138
12.0,0.019436711445450783
13.0,0.018962956964969635
14.0,0.01859605684876442
15.0,0.01822153851389885
16.0,0.017714843153953552
18.0,0.01682731881737709
20.0,0.016321219503879547
22.0,0.015851560980081558
24.0,0.01522615272551775
26.0,0.014278666116297245
28.0,0.013655947521328926
30.0,0.01342890877276659
32.0,0.013391705229878426
36.0,0.013274177778340902
40.0,0.011973387254270605
44.0,0.010812253437991111
48.0,0.00994741359458966
52.0,0.009466481389432785
56.0,0.008677975130980954
60.0,0.009463566222499746
64.0,0.009360131605838736
72.0,0.00867465217015706
80.0,0.006539588082584184
88.0,0.00450396155671721
96.0,0.0026022197319737947
104.0,0.001160674037237186
112.0,0.0003179084183860444
120.0,-0.0004231719889819784
128.0,-0.0023591107557244277
144.0,-3.1012771554136025e-05
160.0,-0.0028410396364051847
176.0,-0.004742733583164712
192.0,-0.005846037630302211
208.0,-0.006656793124663333
224.0,-0.006366155548797299
240.0,-0.00577315609746923
256.0,-0.005177434886960933
288.0,-0.0055127242902437085
320.0,-0.004834027176212448
352.0,-0.007228017220488534
384.0,-0.009768914236561753
416.0,-0.012371491253501378
448.0,-0.017049280644501917
480.0,-0.01887429371709004
512.0,-0.01562621654011309
576.0,0.022909548444052536
640.0,0.006981594502576627
704.0,-0.012737959468116363
768.0,-0.034319885075092316
832.0,-0.03845621645450592
896.0,-0.04236175244053205
960.0,-0.03912512585520744
1024.0,-0.030103834966818493
end
