version,3.0
numOfCh,1
type,point
parent_name,0cd20_0dot069-1dot0
ch_type,1_1
kcount,1
numberNandB,1
brightnessNandB,1
carpet pos,0
pc,0
Time (ms),CH1 Auto-Correlation
1.0,0.12690922617912292
2.0,0.12601864337921143
3.0,0.12524323165416718
4.0,0.12445169687271118
5.0,0.12383786588907242
6.0,0.123099185526371
7.0,0.122455894947052
8.0,0.12181920558214188
9.0,0.12110880017280579
10.0,0.1203889325261116
11.0,0.11980944871902466
12.0,0.11918260902166367
13.0,0.11856622993946075
14.0,0.11803623288869858
15.0,0.11756224185228348
16.0,0.11697421222925186
18.0,0.11577359586954117
20.0,0.11467471718788147
22.0,0.11370427906513214
24.0,0.11280679702758789
26.0,0.11177841573953629
28.0,0.11083690822124481
30.0,0.10998053848743439
32.0,0.10914167761802673
36.0,0.10756903141736984
40.0,0.10576090216636658
44.0,0.10401985794305801
48.0,0.10224410146474838
52.0,0.10042215883731842
56.0,0.09849456697702408
60.0,0.09671828895807266
64.0,0.0950160026550293
72.0,0.09213165938854218
80.0,0.08940348029136658
88.0,0.08671924471855164
96.0,0.0841638594865799
104.0,0.08182747662067413
112.0,0.07962935417890549
120.0,0.0779295265674591
128.0,0.07644642889499664
144.0,0.07361424714326859
160.0,0.07098370790481567
176.0,0.06868978589773178
192.0,0.06678561866283417
208.0,0.06501653045415878
224.0,0.06337299197912216
240.0,0.06167510524392128
256.0,0.06042957678437233
288.0,0.05921624228358269
320.0,0.05810144543647766
352.0,0.05610799416899681
384.0,0.05444387346506119
416.0,0.052684441208839417
448.0,0.05215001851320267
480.0,0.04982917383313179
512.0,0.046525415033102036
576.0,0.04346024617552757
640.0,0.03852216899394989
704.0,0.03316938132047653
768.0,0.030384482815861702
832.0,0.02586156316101551
896.0,0.019790174439549446
960.0,0.01322178915143013
1024.0,0.006770172622054815
1152.0,-0.004146162420511246
1280.0,-0.007821813225746155
1408.0,-0.002895016223192215
1536.0,-0.008181865327060223
1664.0,-0.012627989053726196
1792.0,-0.016091831028461456
1920.0,-0.01452626008540392
2048.0,-0.018629886209964752
2304.0,-0.026822999119758606
2560.0,-0.026010703295469284
2816.0,-0.02190997451543808
3072.0,-0.02878294512629509
3328.0,-0.017858454957604408
3584.0,-0.013351974077522755
3840.0,-0.008151210844516754
4096.0,0.0003230219299439341
4608.0,-0.005972844082862139
5120.0,-0.007460836321115494
5632.0,-0.0006656486657448113
6144.0,-0.0003693678299896419
6656.0,-0.014758240431547165
7168.0,-0.016228316351771355
7680.0,-0.007148366421461105
8192.0,-0.006328601855784655
end
