version,3.0
numOfCh,1
type,point
parent_name,0cd20_0dot069-1dot0
ch_type,1_1
kcount,1
numberNandB,1
brightnessNandB,1
carpet pos,0
pc,0
Time (ms),CH1 Auto-Correlation
1.0,0.16875988245010376
2.0,0.1610994040966034
3.0,0.15381662547588348
4.0,0.14829027652740479
5.0,0.14507122337818146
6.0,0.14315328001976013
7.0,0.1398003250360489
8.0,0.1372344195842743
9.0,0.13401025533676147
10.0,0.13127732276916504
11.0,0.12959089875221252
12.0,0.1273224949836731
13.0,0.12676119804382324
14.0,0.12774109840393066
15.0,0.12849822640419006
16.0,0.12653212249279022
18.0,0.11942344158887863
20.0,0.11372142285108566
22.0,0.11165697872638702
24.0,0.1092262715101242
26.0,0.10691428929567337
28.0,0.10556218773126602
30.0,0.10341542959213257
32.0,0.10249543190002441
36.0,0.09995999187231064
40.0,0.09679678082466125
44.0,0.09343530982732773
48.0,0.09189963340759277
52.0,0.08951825648546219
56.0,0.08985335379838943
60.0,0.08742118626832962
64.0,0.08621037751436234
72.0,0.08348296582698822
80.0,0.08481992036104202
88.0,0.0864902213215828
96.0,0.08680944889783859
104.0,0.08801726996898651
112.0,0.08334363996982574
120.0,0.0751175582408905
128.0,0.06872503459453583
144.0,0.0627097487449646
160.0,0.06104419007897377
176.0,0.06060350313782692
192.0,0.057739440351724625
208.0,0.053537216037511826
224.0,0.05083131790161133
240.0,0.04886633902788162
256.0,0.04637088626623154
288.0,0.03992759436368942
320.0,0.03193531930446625
352.0,0.026814620941877365
384.0,0.020795371383428574
416.0,0.015698939561843872
448.0,0.015065307728946209
480.0,0.012378104031085968
512.0,0.00885891541838646
576.0,0.004683556966483593
640.0,0.0020618014968931675
704.0,0.007332757115364075
768.0,0.012981047853827477
832.0,0.019841009750962257
896.0,0.021288011223077774
960.0,0.0199669748544693
1024.0,0.020851098001003265
1152.0,0.023790478706359863
1280.0,0.025251368060708046
1408.0,0.022983739152550697
1536.0,0.02294979803264141
1664.0,0.01640353724360466
1792.0,0.009602274745702744
1920.0,0.0004886869573965669
2048.0,-0.0014117719838395715
2304.0,0.013974945060908794
2560.0,0.027273956686258316
2816.0,0.018691206350922585
3072.0,0.006715203635394573
3328.0,0.009408979676663876
3584.0,0.011746139265596867
3840.0,0.00634005106985569
4096.0,0.001824831822887063
4608.0,0.0049742949195206165
5120.0,-0.00438687764108181
5632.0,-0.014538217335939407
6144.0,-0.01972256414592266
6656.0,-0.01342877559363842
7168.0,-0.00819227285683155
7680.0,-0.01872653141617775
8192.0,-0.0017453597392886877
end
