version,3.0
numOfCh,1
type,point
parent_name,0cd20_0dot069-1dot0
ch_type,1_1
kcount,1
numberNandB,1
brightnessNandB,1
carpet pos,0
pc,0
Time (ms),CH1 Auto-Correlation
1.0,0.10476300120353699
2.0,0.1034516841173172
3.0,0.1023479700088501
4.0,0.10156556963920593
5.0,0.1007423922419548
6.0,0.10019657015800476
7.0,0.09953507035970688
8.0,0.09887712448835373
9.0,0.09816259890794754
10.0,0.09743696451187134
11.0,0.09685967862606049
12.0,0.0962790995836258
13.0,0.09559353440999985
14.0,0.0950852483510971
15.0,0.09449968487024307
16.0,0.09398320317268372
18.0,0.09296346455812454
20.0,0.0920463278889656
22.0,0.0911431834101677
24.0,0.09034811705350876
26.0,0.08948704600334167
28.0,0.0884433463215828
30.0,0.08747684210538864
32.0,0.08668909966945648
36.0,0.08473271876573563
40.0,0.08308076113462448
44.0,0.08153855055570602
48.0,0.0800178200006485
52.0,0.07862415909767151
56.0,0.07736675441265106
60.0,0.07621031254529953
64.0,0.07499190419912338
72.0,0.07275042682886124
80.0,0.0709991306066513
88.0,0.0693645030260086
96.0,0.06730321794748306
104.0,0.06532873958349228
112.0,0.06380150467157364
120.0,0.06237204372882843
128.0,0.061392370611429214
144.0,0.059191878885030746
160.0,0.05643158406019211
176.0,0.053602851927280426
192.0,0.050736017525196075
208.0,0.048039987683296204
224.0,0.04577074199914932
240.0,0.043742526322603226
256.0,0.042308513075113297
288.0,0.03965136036276817
320.0,0.036649879068136215
352.0,0.034570325165987015
384.0,0.03259989619255066
416.0,0.031373560428619385
448.0,0.0303938128054142
480.0,0.029698925092816353
512.0,0.03045395389199257
576.0,0.031140878796577454
640.0,0.03019552119076252
704.0,0.03134741634130478
768.0,0.03038914129137993
832.0,0.02999805472791195
896.0,0.03260784223675728
960.0,0.03260870650410652
1024.0,0.033068250864744186
1152.0,0.03511896729469299
1280.0,0.028525246307253838
1408.0,0.02503553032875061
1536.0,0.019538428634405136
1664.0,0.01855742372572422
1792.0,0.01614638976752758
1920.0,0.01724235527217388
2048.0,0.01441875845193863
2304.0,-0.0012172841234132648
2560.0,0.002929297974333167
2816.0,0.014177008531987667
3072.0,0.015365553088486195
3328.0,0.0009549701353535056
3584.0,-0.0020678977016359568
3840.0,0.004712673369795084
4096.0,0.008994262665510178
4608.0,-0.0010691137285903096
5120.0,-0.003612699219956994
5632.0,-0.01222941279411316
6144.0,-0.011723075062036514
6656.0,-0.017566310241818428
7168.0,-0.041857462376356125
7680.0,-0.047699809074401855
8192.0,-0.04210440441966057
end
