version,3.0
numOfCh,1
type,point
parent_name,0cd20_0dot069-1dot0
ch_type,1_1
kcount,1
numberNandB,1
brightnessNandB,1
carpet pos,0
pc,0
Time (ms),CH1 Auto-Correlation
1.0,0.08043460547924042
2.0,0.0797617956995964
3.0,0.0791676864027977
4.0,0.0785711333155632
5.0,0.07799985259771347
6.0,0.07746665179729462
7.0,0.07694439589977264
8.0,0.07641729712486267
9.0,0.07588625699281693
10.0,0.07535611838102341
11.0,0.07482470571994781
12.0,0.07430552691221237
13.0,0.07381360232830048
14.0,0.07332799583673477
15.0,0.07281571626663208
16.0,0.07232094556093216
18.0,0.07137272506952286
20.0,0.07043483853340149
22.0,0.06954232603311539
24.0,0.0687035620212555
26.0,0.06782330572605133
28.0,0.06694109737873077
30.0,0.0660845935344696
32.0,0.06524381786584854
36.0,0.06369132548570633
40.0,0.062340639531612396
44.0,0.06113603338599205
48.0,0.05993505194783211
52.0,0.0588725246489048
56.0,0.05783127248287201
60.0,0.05690973252058029
64.0,0.056101057678461075
72.0,0.05436710640788078
80.0,0.05288393422961235
88.0,0.051832396537065506
96.0,0.05079986900091171
104.0,0.04984886199235916
112.0,0.04876743629574776
120.0,0.04758952558040619
128.0,0.04654467850923538
144.0,0.044503964483737946
160.0,0.04288296774029732
176.0,0.04150557890534401
192.0,0.040121160447597504
208.0,0.038870520889759064
224.0,0.03803635761141777
240.0,0.037395723164081573
256.0,0.03621561452746391
288.0,0.033039938658475876
320.0,0.030602620914578438
352.0,0.02639109082520008
384.0,0.021826714277267456
416.0,0.02003122866153717
448.0,0.01910730078816414
480.0,0.01848793588578701
512.0,0.018346725031733513
576.0,0.018526287749409676
640.0,0.01749892346560955
704.0,0.014676183462142944
768.0,0.013639762997627258
832.0,0.01421499066054821
896.0,0.011974061839282513
960.0,0.008650770410895348
1024.0,0.007186125963926315
1152.0,0.008967372588813305
1280.0,0.008681529201567173
1408.0,0.007422483526170254
1536.0,-0.001047619036398828
1664.0,-0.007355811540037394
1792.0,-0.013988923281431198
1920.0,-0.01728433556854725
2048.0,-0.016536718234419823
2304.0,-0.012354644946753979
2560.0,-0.021006153896450996
2816.0,-0.02269720658659935
3072.0,-0.02130093052983284
3328.0,-0.020928479731082916
3584.0,-0.012722018174827099
3840.0,-0.015442936681210995
4096.0,-0.020791957154870033
4608.0,-0.004295237362384796
5120.0,-0.00690204743295908
5632.0,-0.004609251394867897
6144.0,0.0022704722359776497
6656.0,0.007328924257308245
7168.0,0.014428588561713696
7680.0,0.02191145159304142
8192.0,0.04212528094649315
end
