version,3.0
numOfCh,1
type,point
parent_name,0cd20_0dot069-1dot0
ch_type,1_1
kcount,1
numberNandB,1
brightnessNandB,1
carpet pos,0
pc,0
Time (ms),CH1 Auto-Correlation
1.0,0.09986846894025803
2.0,0.09904855489730835
3.0,0.0982305184006691
4.0,0.09750460088253021
5.0,0.09681155532598495
6.0,0.09619300812482834
7.0,0.09559739381074905
8.0,0.09503449499607086
9.0,0.09449544548988342
10.0,0.09393265843391418
11.0,0.09341248869895935
12.0,0.09284962713718414
13.0,0.09230418503284454
14.0,0.09173054248094559
15.0,0.09120866656303406
16.0,0.0906456857919693
18.0,0.08967411518096924
20.0,0.08870641142129898
22.0,0.08775699883699417
24.0,0.08680280297994614
26.0,0.08594583719968796
28.0,0.08514738827943802
30.0,0.08439747244119644
32.0,0.08363358676433563
36.0,0.08203873038291931
40.0,0.08035944402217865
44.0,0.07870699465274811
48.0,0.07711686193943024
52.0,0.07552235573530197
56.0,0.07389666140079498
60.0,0.07239365577697754
64.0,0.07091160118579865
72.0,0.06820086389780045
80.0,0.06571906805038452
88.0,0.06328091770410538
96.0,0.06088148057460785
104.0,0.05866704136133194
112.0,0.056597545742988586
120.0,0.05495629087090492
128.0,0.05354393646121025
144.0,0.050978757441043854
160.0,0.04839077219367027
176.0,0.045750685036182404
192.0,0.04345764219760895
208.0,0.041550446301698685
224.0,0.040565457195043564
240.0,0.039372555911540985
256.0,0.03810226544737816
288.0,0.03683160990476608
320.0,0.03626813367009163
352.0,0.034993693232536316
384.0,0.03368544578552246
416.0,0.03249228745698929
448.0,0.03200465440750122
480.0,0.03246886283159256
512.0,0.03134586289525032
576.0,0.02800789847970009
640.0,0.026391366496682167
704.0,0.02673867531120777
768.0,0.027436360716819763
832.0,0.02745182067155838
896.0,0.024482516571879387
960.0,0.018835576251149178
1024.0,0.013663518242537975
1152.0,0.008820606395602226
1280.0,0.0046762945130467415
1408.0,0.008681897073984146
1536.0,0.0170674379914999
1664.0,0.02341485768556595
1792.0,0.02198849245905876
1920.0,0.01796688884496689
2048.0,0.011012451723217964
2304.0,0.007586105726659298
2560.0,0.003903755219653249
2816.0,-0.00646939966827631
3072.0,-0.01085998211055994
3328.0,-0.005502043757587671
3584.0,-0.01156623661518097
3840.0,-0.007923808880150318
4096.0,-0.0135654890909791
4608.0,-0.011650324799120426
5120.0,-0.02105557732284069
5632.0,-0.02849647030234337
6144.0,-0.03502427414059639
6656.0,-0.023876305669546127
7168.0,-0.015912238508462906
7680.0,-0.018950220197439194
8192.0,-0.032900676131248474
end
