version,3.0
numOfCh,1
type,point
parent_name,0cd20_0dot069-1dot0
ch_type,1_1
kcount,1
numberNandB,1
brightnessNandB,1
carpet pos,0
pc,0
Time (ms),CH1 Auto-Correlation
1.0,0.1210927814245224
2.0,0.12017695605754852
3.0,0.11929947137832642
4.0,0.11854582279920578
5.0,0.11781003326177597
6.0,0.11708240956068039
7.0,0.11640158295631409
8.0,0.11569763720035553
9.0,0.11495683342218399
10.0,0.11426729708909988
11.0,0.11359572410583496
12.0,0.11290872097015381
13.0,0.1122787818312645
14.0,0.11168086528778076
15.0,0.11115109920501709
16.0,0.1105923131108284
18.0,0.10949430614709854
20.0,0.10843836516141891
22.0,0.10736313462257385
24.0,0.10626696795225143
26.0,0.10529530048370361
28.0,0.10426894575357437
30.0,0.10326456278562546
32.0,0.10233721137046814
36.0,0.1005764976143837
40.0,0.09888513386249542
44.0,0.097206711769104
48.0,0.09562905132770538
52.0,0.09415525943040848
56.0,0.09276381134986877
60.0,0.0913778617978096
64.0,0.09002706408500671
72.0,0.0871504694223404
80.0,0.0845140889286995
88.0,0.08214328438043594
96.0,0.08004239946603775
104.0,0.07790528982877731
112.0,0.07557369768619537
120.0,0.07356590777635574
128.0,0.07171469181776047
144.0,0.06781090795993805
160.0,0.06430194526910782
176.0,0.0608971007168293
192.0,0.058566126972436905
208.0,0.05701090022921562
224.0,0.05507814884185791
240.0,0.052978504449129105
256.0,0.051162686198949814
288.0,0.04807531088590622
320.0,0.04601694270968437
352.0,0.04369714856147766
384.0,0.04127468168735504
416.0,0.040037646889686584
448.0,0.0382096953690052
480.0,0.03719605877995491
512.0,0.035872336477041245
576.0,0.03658554330468178
640.0,0.03531106933951378
704.0,0.03434937447309494
768.0,0.03120332770049572
832.0,0.02743629366159439
896.0,0.026072794571518898
960.0,0.025004159659147263
1024.0,0.02393648400902748
1152.0,0.025949619710445404
1280.0,0.02228713221848011
1408.0,0.019500253722071648
1536.0,0.016061609610915184
1664.0,0.010732632130384445
1792.0,0.009385686367750168
1920.0,-0.005776150617748499
2048.0,-0.01640988700091839
2304.0,-0.028827058151364326
2560.0,-0.038784679025411606
2816.0,-0.040685564279556274
3072.0,-0.04055679589509964
3328.0,-0.05345972627401352
3584.0,-0.05088299512863159
3840.0,-0.04306543245911598
4096.0,-0.03242757171392441
4608.0,-0.030485473573207855
5120.0,-0.01807263307273388
5632.0,0.008375702425837517
6144.0,0.020992152392864227
6656.0,0.030553534626960754
7168.0,0.045457009226083755
7680.0,0.03396393358707428
8192.0,0.02072065696120262
end
