version,3.0
numOfCh,1
type,point
parent_name,0cd20_0dot069-1dot0
ch_type,1_1
kcount,1
numberNandB,1
brightnessNandB,1
carpet pos,0
pc,0
Time (ms),CH1 Auto-Correlation
1.0,0.11285322904586792
2.0,0.11187440156936646
3.0,0.11098075658082962
4.0,0.11030672490596771
5.0,0.1095980703830719
6.0,0.10904540121555328
7.0,0.10850706696510315
8.0,0.10797592252492905
9.0,0.10740891844034195
10.0,0.10689672827720642
11.0,0.10643751174211502
12.0,0.10595319420099258
13.0,0.10550171881914139
14.0,0.10506962239742279
15.0,0.10464215278625488
16.0,0.1041981503367424
18.0,0.10325860977172852
20.0,0.10238221287727356
22.0,0.10149838775396347
24.0,0.10046520084142685
26.0,0.09951574355363846
28.0,0.09855816513299942
30.0,0.09759272634983063
32.0,0.0966963842511177
36.0,0.09494180232286453
40.0,0.09336875379085541
44.0,0.0920010581612587
48.0,0.09052293002605438
52.0,0.08899318426847458
56.0,0.08744823187589645
60.0,0.08619654178619385
64.0,0.08523007482290268
72.0,0.08319509774446487
80.0,0.08164931833744049
88.0,0.08038247376680374
96.0,0.07922586053609848
104.0,0.07816281169652939
112.0,0.07727266103029251
120.0,0.07617005705833435
128.0,0.07507550716400146
144.0,0.07289265096187592
160.0,0.07056427747011185
176.0,0.06854143738746643
192.0,0.06636160612106323
208.0,0.06396687030792236
224.0,0.061950597912073135
240.0,0.06034087762236595
256.0,0.05892103165388107
288.0,0.05605846643447876
320.0,0.05329174920916557
352.0,0.05118701979517937
384.0,0.04744100198149681
416.0,0.04437316581606865
448.0,0.04243896156549454
480.0,0.04017005115747452
512.0,0.037332069128751755
576.0,0.031215043738484383
640.0,0.026923926547169685
704.0,0.02342849411070347
768.0,0.019784865900874138
832.0,0.021559029817581177
896.0,0.02146170288324356
960.0,0.01762472651898861
1024.0,0.012167497538030148
1152.0,0.0011963126016780734
1280.0,-0.0005146057810634375
1408.0,0.0016714935190975666
1536.0,7.825278589734808e-05
1664.0,0.0032915680203586817
1792.0,0.0075869690626859665
1920.0,0.009925576858222485
2048.0,0.003293834626674652
2304.0,0.003490854986011982
2560.0,-0.0028677235823124647
2816.0,-0.009253381751477718
3072.0,-0.01884474977850914
3328.0,-0.020219434052705765
3584.0,-0.01748628355562687
3840.0,-0.016730720177292824
4096.0,-0.00934692658483982
4608.0,-0.018179256469011307
5120.0,-0.030286958441138268
5632.0,-0.03028097376227379
6144.0,-0.015319889411330223
6656.0,-0.0036221055779606104
7168.0,-0.0012250548461452127
7680.0,0.010062767192721367
8192.0,0.008633521385490894
end
