version,3.0
numOfCh,1
type,point
parent_name,0cd20_0dot069-1dot0
ch_type,1_1
kcount,1
numberNandB,1
brightnessNandB,1
carpet pos,0
pc,0
Time (ms),CH1 Auto-Correlation
1.0,0.1125018298625946
2.0,0.11164821684360504
3.0,0.11089612543582916
4.0,0.11022387444972992
5.0,0.10954922437667847
6.0,0.10886561125516891
7.0,0.10818333923816681
8.0,0.10757748782634735
9.0,0.10693537443876266
10.0,0.10631188005208969
11.0,0.10568854957818985
12.0,0.10505521297454834
13.0,0.10445863753557205
14.0,0.10381093621253967
15.0,0.1031952053308487
16.0,0.10256348550319672
18.0,0.10135497152805328
20.0,0.10013317316770554
22.0,0.0989026352763176
24.0,0.09772608429193497
26.0,0.09654612094163895
28.0,0.09541609138250351
30.0,0.09431498497724533
32.0,0.09332646429538727
36.0,0.09127091616392136
40.0,0.08934679627418518
44.0,0.08760703355073929
48.0,0.08603332936763763
52.0,0.0844736248254776
56.0,0.08302836865186691
60.0,0.08174538612365723
64.0,0.08058664202690125
72.0,0.07813055068254471
80.0,0.07545185089111328
88.0,0.0726977214217186
96.0,0.07012816518545151
104.0,0.0677066445350647
112.0,0.06523758172988892
120.0,0.06288495659828186
128.0,0.06091438606381416
144.0,0.05899251624941826
160.0,0.05791070684790611
176.0,0.05674133077263832
192.0,0.054897893220186234
208.0,0.05270373448729515
224.0,0.05085922032594681
240.0,0.049022216349840164
256.0,0.047510430216789246
288.0,0.04391608387231827
320.0,0.038920819759368896
352.0,0.03349718078970909
384.0,0.0296904519200325
416.0,0.02600187435746193
448.0,0.023677483201026917
480.0,0.019974475726485252
512.0,0.013102710247039795
576.0,0.004826530814170837
640.0,0.0001489579153712839
704.0,-0.003879576688632369
768.0,-0.006062677595764399
832.0,-0.006592846475541592
896.0,-0.007662728428840637
960.0,-0.01029225904494524
1024.0,-0.014160001650452614
1152.0,-0.0125312814489007
1280.0,-0.006949826143682003
1408.0,-0.005664841737598181
1536.0,-0.003489346709102392
1664.0,-0.0045356471091508865
1792.0,-0.006747284904122353
1920.0,-0.008054602891206741
2048.0,-0.007867042906582355
2304.0,-0.006839700508862734
2560.0,-0.013215579092502594
2816.0,-0.025260554626584053
3072.0,-0.028213506564497948
3328.0,-0.011834693141281605
3584.0,0.0029134401120245457
3840.0,0.00961381010711193
4096.0,0.0032920243684202433
4608.0,-0.022778719663619995
5120.0,-0.024807531386613846
5632.0,0.0064121438190341
6144.0,0.03025841899216175
6656.0,0.0128438426181674
7168.0,0.01961536332964897
7680.0,0.033336758613586426
8192.0,0.011167735792696476
end
