version,3.0
numOfCh,1
type,point
parent_name,0cd20_0dot2-0dot1
ch_type,1_1
kcount,1
numberNandB,1
brightnessNandB,1
carpet pos,0
pc,0
Time (ms),CH1 Auto-Correlation
1.0,0.08242954313755035
2.0,0.08081913739442825
3.0,0.079321950674057
4.0,0.07796207815408707
5.0,0.07649501413106918
6.0,0.0752086192369461
7.0,0.07393746078014374
8.0,0.07266894727945328
9.0,0.07148861885070801
10.0,0.07040884345769882
11.0,0.06928302347660065
12.0,0.06823273003101349
13.0,0.06713203340768814
14.0,0.06613074243068695
15.0,0.06509853154420853
16.0,0.06410874426364899
18.0,0.06214619055390358
20.0,0.06034808233380318
22.0,0.05861698091030121
24.0,0.05690907686948776
26.0,0.05525944009423256
28.0,0.05372167006134987
30.0,0.05237031728029251
32.0,0.05109669640660286
36.0,0.04878572002053261
40.0,0.04644389450550079
44.0,0.0444239117205143
48.0,0.04259771853685379
52.0,0.04067651927471161
56.0,0.03883622959256172
60.0,0.03700629621744156
64.0,0.03565356880426407
72.0,0.033129237592220306
80.0,0.030401205644011497
88.0,0.026936285197734833
96.0,0.02390522137284279
104.0,0.02170160971581936
112.0,0.020114421844482422
120.0,0.01871376484632492
128.0,0.01713394746184349
144.0,0.014140169136226177
160.0,0.012238853611052036
176.0,0.011142080649733543
192.0,0.009159557521343231
208.0,0.007955193519592285
224.0,0.007001139223575592
240.0,0.006159632466733456
256.0,0.006300163455307484
288.0,0.00632226187735796
320.0,0.005819867365062237
352.0,0.008063916116952896
384.0,0.008448116481304169
416.0,0.007073636166751385
448.0,0.006175751332193613
480.0,0.007409254088997841
512.0,0.009046889841556549
576.0,0.011230229400098324
640.0,0.009557542391121387
704.0,0.005985843017697334
768.0,0.0015484339091926813
832.0,0.005759967491030693
896.0,0.011638111434876919
960.0,0.011786614544689655
1024.0,0.013635263778269291
1152.0,0.010051011107861996
1280.0,0.005992320831865072
1408.0,0.00496920570731163
1536.0,0.003234961535781622
1664.0,0.005901281721889973
1792.0,0.01042092777788639
1920.0,0.013234976679086685
2048.0,0.012599007226526737
2304.0,0.006494966801255941
2560.0,0.0019327281042933464
2816.0,0.0013647808227688074
3072.0,0.000757139059714973
3328.0,-0.005350647494196892
3584.0,0.004257218912243843
3840.0,-0.006910466589033604
4096.0,0.0017316266894340515
4608.0,-0.002169510582461953
5120.0,-0.009485943242907524
5632.0,-0.0051985569298267365
6144.0,-0.008923654444515705
6656.0,-0.003907341044396162
7168.0,-0.014550194144248962
7680.0,-0.002801333088427782
8192.0,-0.008597547188401222
end
