version,3.0
numOfCh,1
type,point
parent_name,0cd20_0dot2-0dot1
ch_type,1_1
kcount,1
numberNandB,1
brightnessNandB,1
carpet pos,0
pc,0
Time (ms),CH1 Auto-Correlation
1.0,0.07732810825109482
2.0,0.07608623057603836
3.0,0.07493717968463898
4.0,0.07383646816015244
5.0,0.07277179509401321
6.0,0.0717240571975708
7.0,0.07073594629764557
8.0,0.06981012225151062
9.0,0.06890351325273514
10.0,0.06800936907529831
11.0,0.06715814769268036
12.0,0.06630661338567734
13.0,0.06549260020256042
14.0,0.06467478722333908
15.0,0.06388634443283081
16.0,0.06314785778522491
18.0,0.06169823557138443
20.0,0.06039300188422203
22.0,0.05918705463409424
24.0,0.058114729821681976
26.0,0.057181622833013535
28.0,0.05630618706345558
30.0,0.05545241758227348
32.0,0.0546141192317009
36.0,0.05284758284687996
40.0,0.05108483135700226
44.0,0.049486733973026276
48.0,0.047940559685230255
52.0,0.04635443538427353
56.0,0.04491039738059044
60.0,0.04349974915385246
64.0,0.04210885241627693
72.0,0.03938010334968567
80.0,0.03737906366586685
88.0,0.03603075444698334
96.0,0.03479340672492981
104.0,0.033613428473472595
112.0,0.03228023275732994
120.0,0.03078344650566578
128.0,0.029580170288681984
144.0,0.027860039845108986
160.0,0.026599207893013954
176.0,0.025125278159976006
192.0,0.02407083846628666
208.0,0.023027101531624794
224.0,0.021763978525996208
240.0,0.020822256803512573
256.0,0.020977351814508438
288.0,0.020669976249337196
320.0,0.018714657053351402
352.0,0.015972409397363663
384.0,0.015623090788722038
416.0,0.017667604610323906
448.0,0.0214341152459383
480.0,0.02274142950773239
512.0,0.021582940593361855
576.0,0.01644926145672798
640.0,0.01514948345720768
704.0,0.016035618260502815
768.0,0.01539364643394947
832.0,0.010472738184034824
896.0,0.008032993413507938
960.0,0.007751608733087778
1024.0,0.007596183568239212
1152.0,0.010924132540822029
1280.0,0.01219071913510561
1408.0,0.011109397746622562
1536.0,0.010614685714244843
1664.0,0.009142459370195866
1792.0,0.010769481770694256
1920.0,0.013494884595274925
2048.0,0.012331100180745125
2304.0,0.0034165976103395224
2560.0,0.004943906329572201
2816.0,-0.0015047068009153008
3072.0,-0.0010179802775382996
3328.0,-0.0028583682142198086
3584.0,-0.006269069388508797
3840.0,-0.012037504464387894
4096.0,-0.016089491546154022
4608.0,-0.012709339149296284
5120.0,-0.012128002941608429
5632.0,-0.012647304683923721
6144.0,-0.013859622180461884
6656.0,-0.010939565487205982
7168.0,-0.011361815966665745
7680.0,-0.00188114820048213
8192.0,-0.0012513429392129183
end
