version,3.0
numOfCh,1
type,point
parent_name,714af_0dot08-0dot01
ch_type,1_1
kcount,1
numberNandB,1
brightnessNandB,1
carpet pos,0
pc,0
Time (ms),CH1 Auto-Correlation
1.0,0.054206348955631256
2.0,0.05339156836271286
3.0,0.05254627391695976
4.0,0.05170341581106186
5.0,0.05085177347064018
6.0,0.05006096512079239
7.0,0.04922829568386078
8.0,0.04840248450636864
9.0,0.04758641496300697
10.0,0.04674162715673447
11.0,0.045810434967279434
12.0,0.04491955041885376
13.0,0.04403112456202507
14.0,0.04317740723490715
15.0,0.042377207428216934
16.0,0.04159870743751526
18.0,0.039254724979400635
20.0,0.03759903460741043
22.0,0.035963837057352066
24.0,0.034399908035993576
26.0,0.032775118947029114
28.0,0.031178215518593788
30.0,0.030463919043540955
32.0,0.029846353456377983
36.0,0.028675196692347527
40.0,0.02765613980591297
44.0,0.0267353393137455
48.0,0.025939851999282837
52.0,0.025460369884967804
56.0,0.025095971301198006
60.0,0.024669621139764786
64.0,0.02428571693599224
72.0,0.02409319020807743
80.0,0.024444935843348503
88.0,0.024747753515839577
96.0,0.024803820997476578
104.0,0.024355582892894745
112.0,0.023350300267338753
120.0,0.022004975005984306
128.0,0.02045598439872265
144.0,0.018616871908307076
160.0,0.01770322397351265
176.0,0.016978222876787186
192.0,0.016491739079356194
208.0,0.01585649512708187
224.0,0.012816863134503365
240.0,0.009835711680352688
256.0,0.008548500947654247
288.0,0.009495516307651997
320.0,0.006532582920044661
352.0,0.006219935603439808
384.0,0.006928520742803812
416.0,0.006316241342574358
448.0,0.004798813723027706
480.0,0.004545124713331461
512.0,0.003889551153406501
576.0,0.00246666232123971
640.0,0.002743108430877328
704.0,0.0025520101189613342
768.0,0.0016852529952302575
832.0,-0.0003155292943120003
896.0,-0.0010861491318792105
960.0,-0.002311622491106391
1024.0,-0.0008119088597595692
1152.0,0.0007529784925282001
1280.0,-0.0015119594754651189
1408.0,0.0007515379111282527
1536.0,0.0053030624985694885
1664.0,0.002196860732510686
1792.0,-0.0012780799297615886
1920.0,-0.0014674585545435548
2048.0,-0.0016705025918781757
2304.0,-0.006501682102680206
2560.0,-0.004615613259375095
2816.0,-0.0020951509941369295
3072.0,-0.003532855538651347
3328.0,-0.00901013147085905
3584.0,-0.005614148452877998
3840.0,-0.006913994438946247
4096.0,0.0005320115596987307
end
