version,3.0
numOfCh,1
type,point
parent_name,robust_thresh-2
ch_type,1_1
kcount,1
numberNandB,1
brightnessNandB,1
carpet pos,0
pc,0
Time (ms),CH1 Auto-Correlation
1.0,0.17333772778511047
2.0,0.17099037766456604
3.0,0.16926388442516327
4.0,0.16793930530548096
5.0,0.16683942079544067
6.0,0.16586185991764069
7.0,0.16496223211288452
8.0,0.16405048966407776
9.0,0.1631750613451004
10.0,0.16244065761566162
11.0,0.16180381178855896
12.0,0.1613224595785141
13.0,0.1608664095401764
14.0,0.16038092970848083
15.0,0.1598401814699173
16.0,0.1593724936246872
18.0,0.1584620177745819
20.0,0.15764805674552917
22.0,0.15690545737743378
24.0,0.15604658424854279
26.0,0.15523019433021545
28.0,0.15460099279880524
30.0,0.15384875237941742
32.0,0.15319325029850006
36.0,0.15203604102134705
40.0,0.1509997695684433
44.0,0.1499263048171997
48.0,0.14858216047286987
52.0,0.14734715223312378
56.0,0.14624156057834625
60.0,0.145001620054245
64.0,0.1440955400466919
72.0,0.14225657284259796
80.0,0.13967667520046234
88.0,0.1373203694820404
96.0,0.13513830304145813
104.0,0.13301052153110504
112.0,0.13082310557365417
120.0,0.12859369814395905
128.0,0.12645223736763
144.0,0.12256619334220886
160.0,0.11893857270479202
176.0,0.11552459001541138
192.0,0.11188255995512009
208.0,0.10900849103927612
224.0,0.10592826455831528
240.0,0.10221607983112335
256.0,0.09876414388418198
288.0,0.0934043899178505
320.0,0.08931431919336319
352.0,0.08610726147890091
384.0,0.08235762268304825
416.0,0.07808569073677063
448.0,0.07542357593774796
480.0,0.07287424802780151
512.0,0.07044007629156113
576.0,0.0635143369436264
640.0,0.05651640519499779
704.0,0.050326574593782425
768.0,0.04321497678756714
832.0,0.033850423991680145
896.0,0.02551545575261116
960.0,0.016277240589261055
1024.0,0.010125048458576202
1152.0,0.008456592448055744
1280.0,0.008146790787577629
1408.0,0.00873918179422617
1536.0,0.002673802664503455
1664.0,-0.005292708054184914
1792.0,-0.004094596020877361
1920.0,0.004779266193509102
2048.0,0.010297968052327633
2304.0,0.008215178735554218
2560.0,0.017974890768527985
2816.0,0.030084364116191864
3072.0,0.010389917530119419
3328.0,-0.005644906312227249
3584.0,-0.012051291763782501
3840.0,-0.02023659460246563
4096.0,-0.02494710497558117
4608.0,-0.060463566333055496
5120.0,-0.05142819881439209
5632.0,-0.018335506319999695
6144.0,-0.04986843094229698
6656.0,-0.04889747127890587
7168.0,-0.035930562764406204
7680.0,-0.04176061227917671
8192.0,-0.029429422691464424
end
