version,3.0
numOfCh,1
type,point
parent_name,robust_thresh-2
ch_type,1_1
kcount,1
numberNandB,1
brightnessNandB,1
carpet pos,0
pc,0
Time (ms),CH1 Auto-Correlation
1.0,0.19280320405960083
2.0,0.1897381842136383
3.0,0.18740242719650269
4.0,0.18553060293197632
5.0,0.1839418113231659
6.0,0.1825094223022461
7.0,0.18123352527618408
8.0,0.1801331788301468
9.0,0.17921565473079681
10.0,0.1783263236284256
11.0,0.1775028109550476
12.0,0.1767224669456482
13.0,0.1759752333164215
14.0,0.17534586787223816
15.0,0.17469443380832672
16.0,0.17384591698646545
18.0,0.1724250465631485
20.0,0.1711423099040985
22.0,0.169816792011261
24.0,0.16859324276447296
26.0,0.1675271987915039
28.0,0.166362464427948
30.0,0.1652735322713852
32.0,0.16427652537822723
36.0,0.16248348355293274
40.0,0.1607561856508255
44.0,0.1591983437538147
48.0,0.157847061753273
52.0,0.15667833387851715
56.0,0.15556222200393677
60.0,0.15427331626415253
64.0,0.15311786532402039
72.0,0.15157531201839447
80.0,0.1502314954996109
88.0,0.14884072542190552
96.0,0.14821825921535492
104.0,0.14733807742595673
112.0,0.14651131629943848
120.0,0.14579536020755768
128.0,0.14533866941928864
144.0,0.14545714855194092
160.0,0.1442556381225586
176.0,0.1426277756690979
192.0,0.14082644879817963
208.0,0.13863186538219452
224.0,0.13603219389915466
240.0,0.13350287079811096
256.0,0.13160806894302368
288.0,0.1295609325170517
320.0,0.1236998438835144
352.0,0.12218955159187317
384.0,0.12247151881456375
416.0,0.12131891399621964
448.0,0.12056809663772583
480.0,0.11595276743173599
512.0,0.11264877766370773
576.0,0.11075429618358612
640.0,0.11132769286632538
704.0,0.10674174875020981
768.0,0.1065896525979042
832.0,0.1076306402683258
896.0,0.10730506479740143
960.0,0.10658970475196838
1024.0,0.1095600500702858
1152.0,0.1126168742775917
1280.0,0.11351329833269119
1408.0,0.10909214615821838
1536.0,0.10193904489278793
1664.0,0.09965355694293976
1792.0,0.09702730923891068
1920.0,0.09244299679994583
2048.0,0.08851587027311325
2304.0,0.07289008051156998
2560.0,0.05740306153893471
2816.0,0.054998401552438736
3072.0,0.05264260992407799
3328.0,0.04012022539973259
3584.0,0.02609957754611969
3840.0,0.010680478066205978
4096.0,0.011372185312211514
4608.0,-0.013656350784003735
5120.0,-0.03631304204463959
5632.0,-0.0417487695813179
6144.0,-0.0450325608253479
6656.0,-0.04955006390810013
7168.0,-0.05739961937069893
7680.0,-0.06844276189804077
8192.0,-0.07570761442184448
end
