version,3.0
numOfCh,1
type,point
parent_name,robust_thresh-2
ch_type,1_1
kcount,1
numberNandB,1
brightnessNandB,1
carpet pos,0
pc,0
Time (ms),CH1 Auto-Correlation
1.0,0.41448459029197693
2.0,0.4131734073162079
3.0,0.4120102822780609
4.0,0.4110125005245209
5.0,0.4100932478904724
6.0,0.4092066287994385
7.0,0.40834566950798035
8.0,0.4074709117412567
9.0,0.40665239095687866
10.0,0.4058780074119568
11.0,0.40513497591018677
12.0,0.40436995029449463
13.0,0.40363726019859314
14.0,0.40289029479026794
15.0,0.40217989683151245
16.0,0.4014822244644165
18.0,0.40013614296913147
20.0,0.3987450897693634
22.0,0.3973108232021332
24.0,0.3958806097507477
26.0,0.3944396376609802
28.0,0.39307889342308044
30.0,0.39181163907051086
32.0,0.39057284593582153
36.0,0.3880956470966339
40.0,0.38554486632347107
44.0,0.3829461336135864
48.0,0.3803770840167999
52.0,0.3777313828468323
56.0,0.37512239813804626
60.0,0.37253516912460327
64.0,0.37011954188346863
72.0,0.36546453833580017
80.0,0.3606119155883789
88.0,0.35555219650268555
96.0,0.35024210810661316
104.0,0.3449862003326416
112.0,0.3398544192314148
120.0,0.33427199721336365
128.0,0.32846885919570923
144.0,0.3163628578186035
160.0,0.30517101287841797
176.0,0.2938637435436249
192.0,0.28238728642463684
208.0,0.2713606059551239
224.0,0.2607631981372833
240.0,0.2510072588920593
256.0,0.2406911998987198
288.0,0.21764767169952393
320.0,0.1943463832139969
352.0,0.17339180409908295
384.0,0.1543199121952057
416.0,0.13417115807533264
448.0,0.11526079475879669
480.0,0.09701427072286606
512.0,0.07995019853115082
576.0,0.046786077320575714
640.0,0.016833173111081123
704.0,-0.00934156309813261
768.0,-0.0240890234708786
832.0,-0.028374405577778816
896.0,-0.021828169003129005
960.0,-0.014119849540293217
1024.0,-0.013492056168615818
1152.0,-0.023802950978279114
1280.0,-0.04025717452168465
1408.0,-0.057675477117300034
1536.0,-0.08214885741472244
1664.0,-0.11130355298519135
1792.0,-0.11915528774261475
1920.0,-0.11023924499750137
2048.0,-0.10516051948070526
2304.0,-0.09642234444618225
2560.0,-0.0843958929181099
2816.0,-0.04488566890358925
3072.0,0.03687971830368042
3328.0,0.10644165426492691
3584.0,0.10312124341726303
3840.0,0.07581555843353271
4096.0,0.027850084006786346
4608.0,-0.014898424036800861
5120.0,-0.005370784550905228
5632.0,-0.08902930468320847
6144.0,-0.07620781660079956
6656.0,0.03629367798566818
7168.0,0.034850042313337326
7680.0,-0.038859304040670395
8192.0,-0.028095921501517296
end
