version,3.0
numOfCh,1
type,point
parent_name,robust_thresh-2
ch_type,1_1
kcount,1
numberNandB,1
brightnessNandB,1
carpet pos,0
pc,0
Time (ms),CH1 Auto-Correlation
1.0,0.09448094666004181
2.0,0.0909799113869667
3.0,0.08852877467870712
4.0,0.08661936968564987
5.0,0.08493547886610031
6.0,0.08349452912807465
7.0,0.08220843970775604
8.0,0.08124782145023346
9.0,0.08045666664838791
10.0,0.07971230149269104
11.0,0.07896316796541214
12.0,0.07835152745246887
13.0,0.077889584004879
14.0,0.07755592465400696
15.0,0.07710256427526474
16.0,0.0767034962773323
18.0,0.07586033642292023
20.0,0.07504644989967346
22.0,0.07439674437046051
24.0,0.07384154945611954
26.0,0.07295379042625427
28.0,0.07221481204032898
30.0,0.07182849198579788
32.0,0.07128816843032837
36.0,0.07010737806558609
40.0,0.06867218017578125
44.0,0.06785169243812561
48.0,0.06712305545806885
52.0,0.06605943292379379
56.0,0.06505752354860306
60.0,0.06412804126739502
64.0,0.06299669295549393
72.0,0.061689626425504684
80.0,0.05986488610506058
88.0,0.0584532730281353
96.0,0.05689247325062752
104.0,0.055475346744060516
112.0,0.0543990284204483
120.0,0.052970658987760544
128.0,0.05129355192184448
144.0,0.04849730432033539
160.0,0.0467558391392231
176.0,0.045320626348257065
192.0,0.043965648859739304
208.0,0.04157900810241699
224.0,0.03813328966498375
240.0,0.03506191819906235
256.0,0.03150787949562073
288.0,0.026608332991600037
320.0,0.023882757872343063
352.0,0.021472817286849022
384.0,0.019487963989377022
416.0,0.018089989200234413
448.0,0.016652587801218033
480.0,0.014904250390827656
512.0,0.014906573109328747
576.0,0.013265025801956654
640.0,0.014541782438755035
704.0,0.013907506130635738
768.0,0.01394785474985838
832.0,0.015032300725579262
896.0,0.014802531339228153
960.0,0.01377970539033413
1024.0,0.014713753014802933
1152.0,0.016846319660544395
1280.0,0.017930496484041214
1408.0,0.01466046180576086
1536.0,0.008325108326971531
1664.0,0.0018363918643444777
1792.0,-0.002166645834222436
1920.0,-0.0028411659877747297
2048.0,-0.0014680204913020134
2304.0,-0.003287169151008129
2560.0,0.006082726176828146
2816.0,0.011018428020179272
3072.0,-0.005934109911322594
3328.0,-0.005305146798491478
3584.0,0.006835844833403826
3840.0,0.009883442893624306
4096.0,-0.0022037355229258537
4608.0,-0.009613614529371262
5120.0,-0.022690990939736366
5632.0,-0.034002065658569336
6144.0,-0.030232366174459457
6656.0,-0.020017344504594803
7168.0,-0.019303075969219208
7680.0,-0.005195572506636381
8192.0,-0.002507438650354743
end
