version,3.0
numOfCh,1
type,point
parent_name,robust_thresh-2
ch_type,1_1
kcount,1
numberNandB,1
brightnessNandB,1
carpet pos,0
pc,0
Time (ms),CH1 Auto-Correlation
1.0,0.11146417260169983
2.0,0.1076076552271843
3.0,0.104849673807621
4.0,0.10278931260108948
5.0,0.10110073536634445
6.0,0.09980075061321259
7.0,0.09858663380146027
8.0,0.09746696054935455
9.0,0.0964914858341217
10.0,0.09571553021669388
11.0,0.09499899297952652
12.0,0.09434950351715088
13.0,0.09371252357959747
14.0,0.09282894432544708
15.0,0.09214846044778824
16.0,0.09160475432872772
18.0,0.09067518264055252
20.0,0.08980989456176758
22.0,0.08865975588560104
24.0,0.08799721300601959
26.0,0.08717969059944153
28.0,0.0865226611495018
30.0,0.08593996614217758
32.0,0.08525005728006363
36.0,0.0838247686624527
40.0,0.08265819400548935
44.0,0.08149363100528717
48.0,0.08041545748710632
52.0,0.07926074415445328
56.0,0.07841836661100388
60.0,0.07757687568664551
64.0,0.07683327794075012
72.0,0.07503775507211685
80.0,0.07418576627969742
88.0,0.07349445670843124
96.0,0.07272130250930786
104.0,0.07110285013914108
112.0,0.06945917010307312
120.0,0.06778376549482346
128.0,0.06603261828422546
144.0,0.06297194212675095
160.0,0.059626854956150055
176.0,0.05672026053071022
192.0,0.05274846404790878
208.0,0.04896838963031769
224.0,0.045439213514328
240.0,0.04160039871931076
256.0,0.0374334454536438
288.0,0.031754020601511
320.0,0.02485589124262333
352.0,0.0207440797239542
384.0,0.0188762079924345
416.0,0.016566360369324684
448.0,0.013054192066192627
480.0,0.01206932496279478
512.0,0.014226127415895462
576.0,0.012927362695336342
640.0,0.010859389789402485
704.0,0.01040148176252842
768.0,0.010155287571251392
832.0,0.00803287886083126
896.0,0.00547949830070138
960.0,0.0026213238015770912
1024.0,0.0006154659204185009
1152.0,-0.0010458010947331786
1280.0,-0.0009368263417854905
1408.0,-0.002696392359212041
1536.0,-0.005898806732147932
1664.0,-0.009168513119220734
1792.0,-0.010208861902356148
1920.0,-0.00952773354947567
2048.0,-0.007432579528540373
2304.0,-0.007979124784469604
2560.0,-0.010419460944831371
2816.0,-0.005728634539991617
3072.0,0.004572883248329163
3328.0,0.005149910692125559
3584.0,0.0005743518122471869
3840.0,-0.0023644641041755676
4096.0,-0.007452468853443861
4608.0,-0.012595079839229584
5120.0,-0.008021506480872631
5632.0,-0.016690246760845184
6144.0,-0.014051249250769615
6656.0,-0.00663120998069644
7168.0,0.0011116102105006576
7680.0,-0.02347932755947113
8192.0,-0.021787406876683235
end
