version,3.0
numOfCh,1
type,point
parent_name,robust_thresh-2
ch_type,1_1
kcount,1
numberNandB,1
brightnessNandB,1
carpet pos,0
pc,0
Time (ms),CH1 Auto-Correlation
1.0,0.223252534866333
2.0,0.2203466296195984
3.0,0.21812674403190613
4.0,0.21632488071918488
5.0,0.21476459503173828
6.0,0.21347959339618683
7.0,0.2123386412858963
8.0,0.2111852616071701
9.0,0.21020986139774323
10.0,0.20931585133075714
11.0,0.20847243070602417
12.0,0.20773902535438538
13.0,0.20696280896663666
14.0,0.2062317281961441
15.0,0.20562578737735748
16.0,0.20491862297058105
18.0,0.20364324748516083
20.0,0.20244351029396057
22.0,0.20126937329769135
24.0,0.20018340647220612
26.0,0.19927839934825897
28.0,0.19841857254505157
30.0,0.19754157960414886
32.0,0.1966008096933365
36.0,0.19493314623832703
40.0,0.19287189841270447
44.0,0.1904817670583725
48.0,0.18814611434936523
52.0,0.1861869990825653
56.0,0.1844169795513153
60.0,0.18258102238178253
64.0,0.180530846118927
72.0,0.1777213215827942
80.0,0.1745387464761734
88.0,0.17129118740558624
96.0,0.1683453917503357
104.0,0.16523893177509308
112.0,0.16150611639022827
120.0,0.15775565803050995
128.0,0.1543802171945572
144.0,0.14808887243270874
160.0,0.14096355438232422
176.0,0.13465195894241333
192.0,0.12738850712776184
208.0,0.12166032195091248
224.0,0.1152382642030716
240.0,0.10983189195394516
256.0,0.10432350635528564
288.0,0.09159377962350845
320.0,0.07902293652296066
352.0,0.06723173707723618
384.0,0.05744347348809242
416.0,0.04758433997631073
448.0,0.04028506577014923
480.0,0.03720451891422272
512.0,0.03644596040248871
576.0,0.04146597906947136
640.0,0.05019357427954674
704.0,0.06138124689459801
768.0,0.07527220249176025
832.0,0.085233673453331
896.0,0.09169265627861023
960.0,0.09466283023357391
1024.0,0.0969027653336525
1152.0,0.09288248419761658
1280.0,0.08337326347827911
1408.0,0.06739553809165955
1536.0,0.06282457709312439
1664.0,0.07046187669038773
1792.0,0.08951254934072495
1920.0,0.10873344540596008
2048.0,0.11407318711280823
2304.0,0.06945472210645676
2560.0,0.014286105521023273
2816.0,0.02431667409837246
3072.0,0.0526442788541317
3328.0,0.03439629450440407
3584.0,0.0222494974732399
3840.0,0.019537201151251793
4096.0,0.01433422788977623
4608.0,-0.02340146340429783
5120.0,-0.015677863731980324
5632.0,-0.04051278159022331
6144.0,-0.047697585076093674
6656.0,-0.06371467560529709
7168.0,-0.07981722801923752
7680.0,-0.08166807144880295
8192.0,-0.09458280354738235
end
