version,3.0
numOfCh,1
type,point
parent_name,labthresh-0dot04_delete_0dot6-0dot01
ch_type,1_1
kcount,1
numberNandB,1
brightnessNandB,1
carpet pos,0
pc,0
Time (ms),CH1 Auto-Correlation
1.0,35.12361145019531
2.0,34.0390739440918
3.0,32.952091217041016
4.0,32.56778335571289
5.0,32.29169464111328
6.0,31.79071807861328
7.0,31.492704391479492
8.0,30.906553268432617
9.0,30.12413787841797
10.0,29.574953079223633
11.0,29.56902313232422
12.0,29.380916595458984
13.0,29.358015060424805
14.0,29.116046905517578
15.0,28.9219970703125
16.0,28.669300079345703
18.0,27.880725860595703
20.0,27.147565841674805
22.0,26.525222778320312
24.0,25.861780166625977
26.0,25.254230499267578
28.0,24.80490493774414
30.0,24.48230743408203
32.0,24.241512298583984
36.0,24.033994674682617
40.0,23.787466049194336
44.0,23.33050537109375
48.0,23.055130004882812
52.0,22.759990692138672
56.0,22.37227439880371
60.0,21.73777198791504
64.0,20.9930362701416
72.0,19.533916473388672
80.0,18.111663818359375
88.0,16.600126266479492
96.0,15.210715293884277
104.0,14.031805038452148
112.0,13.303104400634766
120.0,12.806918144226074
128.0,12.058309555053711
144.0,10.6694917678833
160.0,8.817208290100098
176.0,6.792814254760742
192.0,6.09325647354126
208.0,4.165590763092041
224.0,2.3150382041931152
240.0,1.7960779666900635
256.0,0.8631494045257568
288.0,-0.03740321099758148
320.0,0.3320105969905853
352.0,0.24344798922538757
384.0,0.004545838572084904
416.0,0.9025198817253113
448.0,0.9197779893875122
480.0,0.374138206243515
512.0,-0.6645532846450806
576.0,-1.0728745460510254
640.0,-1.0813006162643433
704.0,-1.089795708656311
768.0,-1.098360300064087
832.0,-1.1069955825805664
896.0,-1.1157021522521973
960.0,-1.1244810819625854
1024.0,-1.1333329677581787
1152.0,-1.1512601375579834
1280.0,-1.169491171836853
1408.0,-1.188033938407898
1536.0,-1.206896185874939
1664.0,-1.2260867357254028
1792.0,-1.2456138134002686
1920.0,-1.2654863595962524
2048.0,-1.285714030265808
2304.0,-1.2318944931030273
2560.0,-0.8928827047348022
2816.0,-1.3199950456619263
3072.0,-1.0651075839996338
3328.0,-1.0255820751190186
3584.0,-1.080757975578308
3840.0,-1.0877081155776978
4096.0,-1.1470998525619507
4608.0,-1.3472739458084106
5120.0,-1.377164363861084
5632.0,-0.2695148289203644
6144.0,4.950003147125244
6656.0,4.1754021644592285
7168.0,-0.8133640289306641
7680.0,-0.882352888584137
8192.0,-1.0
9216.0,-1.2399605512619019
10240.0,-1.5577312707901
11264.0,-0.1702384501695633
12288.0,1.0
13312.0,1.0
14336.0,1.0
end
