version,3.0
numOfCh,1
type,point
parent_name,0cd20_1dot0-0dot01
ch_type,1_1
kcount,1
numberNandB,1
brightnessNandB,1
carpet pos,0
pc,0
Time (ms),CH1 Auto-Correlation
1.0,0.11185082793235779
2.0,0.10954101383686066
3.0,0.10754847526550293
4.0,0.10576926916837692
5.0,0.10418251156806946
6.0,0.10279963910579681
7.0,0.10150628536939621
8.0,0.10033828020095825
9.0,0.09926952421665192
10.0,0.09829211980104446
11.0,0.09741849452257156
12.0,0.09659861028194427
13.0,0.0957011803984642
14.0,0.09486845135688782
15.0,0.09416138380765915
16.0,0.09343625605106354
18.0,0.09209088981151581
20.0,0.09084714949131012
22.0,0.08945433050394058
24.0,0.08799470961093903
26.0,0.08671083301305771
28.0,0.08560065925121307
30.0,0.08456644415855408
32.0,0.08344355970621109
36.0,0.08111617714166641
40.0,0.07939499616622925
44.0,0.0778241828083992
48.0,0.07684635370969772
52.0,0.07612767070531845
56.0,0.07524940371513367
60.0,0.07421544194221497
64.0,0.07326640188694
72.0,0.07153225690126419
80.0,0.06948526948690414
88.0,0.06734836846590042
96.0,0.06489697843790054
104.0,0.06315896660089493
112.0,0.061833739280700684
120.0,0.06055399030447006
128.0,0.05877802148461342
144.0,0.05578634515404701
160.0,0.05316031351685524
176.0,0.05091261863708496
192.0,0.048623498529195786
208.0,0.046071335673332214
224.0,0.04389607161283493
240.0,0.041916828602552414
256.0,0.041044313460588455
288.0,0.03722276911139488
320.0,0.03257039934396744
352.0,0.025304246693849564
384.0,0.018770722672343254
416.0,0.014767982997000217
448.0,0.008337484672665596
480.0,0.005864006467163563
512.0,0.006208435632288456
576.0,0.0006984203937463462
640.0,-0.005553040187805891
704.0,-0.005676350090652704
768.0,-0.004304053261876106
832.0,-0.000857553503010422
896.0,-0.0029050996527075768
960.0,-0.009651443921029568
1024.0,-0.00975655484944582
1152.0,-0.013180939480662346
1280.0,-0.02032674290239811
1408.0,-0.021228499710559845
1536.0,-0.01807584799826145
1664.0,-0.011454099789261818
1792.0,-0.008209511637687683
1920.0,-0.01145949400961399
2048.0,-0.015094967558979988
2304.0,-0.01139755453914404
2560.0,-0.002577767241746187
2816.0,-0.0046633146703243256
3072.0,-0.012150472961366177
3328.0,-0.006521680857986212
3584.0,0.01563374698162079
3840.0,0.024532100185751915
4096.0,0.01814732886850834
end
