version,3.0
numOfCh,1
type,point
parent_name,0cd20_1dot0-0dot01
ch_type,1_1
kcount,1
numberNandB,1
brightnessNandB,1
carpet pos,0
pc,0
Time (ms),CH1 Auto-Correlation
1.0,0.29223212599754333
2.0,0.28895333409309387
3.0,0.2859717607498169
4.0,0.2833741307258606
5.0,0.2811836898326874
6.0,0.2791502773761749
7.0,0.2773650884628296
8.0,0.275727778673172
9.0,0.27413979172706604
10.0,0.27250003814697266
11.0,0.2709032893180847
12.0,0.2693934738636017
13.0,0.26801082491874695
14.0,0.2666873335838318
15.0,0.2654854655265808
16.0,0.2643749415874481
18.0,0.26192203164100647
20.0,0.26032692193984985
22.0,0.25858497619628906
24.0,0.2565945088863373
26.0,0.25429660081863403
28.0,0.2522825300693512
30.0,0.25067511200904846
32.0,0.24923589825630188
36.0,0.24487778544425964
40.0,0.24182209372520447
44.0,0.23891712725162506
48.0,0.23537267744541168
52.0,0.23152804374694824
56.0,0.2282198667526245
60.0,0.22519254684448242
64.0,0.22290413081645966
72.0,0.21622687578201294
80.0,0.210784912109375
88.0,0.20532259345054626
96.0,0.20102587342262268
104.0,0.1969592273235321
112.0,0.19202393293380737
120.0,0.18686088919639587
128.0,0.1807933896780014
144.0,0.17010673880577087
160.0,0.1622684895992279
176.0,0.1582813262939453
192.0,0.15294921398162842
208.0,0.14737041294574738
224.0,0.14004601538181305
240.0,0.13311274349689484
256.0,0.12943126261234283
288.0,0.11845366656780243
320.0,0.10251252353191376
352.0,0.08528562635183334
384.0,0.07052013278007507
416.0,0.05300075560808182
448.0,0.037546973675489426
480.0,0.025168808177113533
512.0,0.008921978063881397
576.0,-0.011027566157281399
640.0,-0.009915564209222794
704.0,-0.009910550899803638
768.0,-0.005873989779502153
832.0,-0.0001386982185067609
896.0,0.0018952158279716969
960.0,0.0035413275472819805
1024.0,0.0041280994191765785
1152.0,0.010983149521052837
1280.0,0.011928554624319077
1408.0,0.009008166380226612
1536.0,-0.00014366723189596087
1664.0,-0.0003410746285226196
1792.0,-0.003151040757074952
1920.0,0.00015963979240041226
2048.0,-0.0021826850716024637
2304.0,-0.014138995669782162
2560.0,-0.015461462549865246
2816.0,-0.010877380147576332
3072.0,-0.0005727659445255995
3328.0,0.009987139143049717
3584.0,-0.0048308344557881355
3840.0,-0.004734561312943697
4096.0,0.016007808968424797
4608.0,-0.0075092981569468975
5120.0,-0.005933969747275114
5632.0,-0.02091781236231327
6144.0,-0.006548698525875807
6656.0,-0.0206280704587698
7168.0,-0.020032256841659546
7680.0,-0.04052264615893364
8192.0,-0.009509234689176083
end
