version,3.0
numOfCh,1
type,point
parent_name,0cd20_1dot0-0dot01
ch_type,1_1
kcount,1
numberNandB,1
brightnessNandB,1
carpet pos,0
pc,0
Time (ms),CH1 Auto-Correlation
1.0,0.09089302271604538
2.0,0.08822542428970337
3.0,0.08573783934116364
4.0,0.08359421044588089
5.0,0.0816410556435585
6.0,0.07987473160028458
7.0,0.07831046730279922
8.0,0.0768246203660965
9.0,0.07547733932733536
10.0,0.07412438094615936
11.0,0.07286524772644043
12.0,0.07165389508008957
13.0,0.07045102119445801
14.0,0.0692148506641388
15.0,0.06804125010967255
16.0,0.06703109294176102
18.0,0.06525842845439911
20.0,0.0634569600224495
22.0,0.06180742755532265
24.0,0.06015477702021599
26.0,0.05838906764984131
28.0,0.05664483457803726
30.0,0.055142443627119064
32.0,0.05407575145363808
36.0,0.05215834081172943
40.0,0.05009600147604942
44.0,0.0473996102809906
48.0,0.044258493930101395
52.0,0.04147505760192871
56.0,0.039516694843769073
60.0,0.037626154720783234
64.0,0.03608518838882446
72.0,0.03330337628722191
80.0,0.029746340587735176
88.0,0.025932330638170242
96.0,0.02349121682345867
104.0,0.022771017625927925
112.0,0.02202266827225685
120.0,0.021213972941040993
128.0,0.02041679248213768
144.0,0.01834016852080822
160.0,0.017492974177002907
176.0,0.01630065217614174
192.0,0.015281115658581257
208.0,0.015651758760213852
224.0,0.01865840144455433
240.0,0.02170477993786335
256.0,0.02297188714146614
288.0,0.023358521983027458
320.0,0.023514343425631523
352.0,0.020608223974704742
384.0,0.014655614271759987
416.0,0.012798723764717579
448.0,0.012330394238233566
480.0,0.012740169651806355
512.0,0.014964468777179718
576.0,0.019416512921452522
640.0,0.01406792551279068
704.0,0.00261768139898777
768.0,-0.001493370276875794
832.0,0.0016461603809148073
896.0,0.002260196255519986
960.0,0.002313010860234499
1024.0,0.001803916646167636
1152.0,-0.0018410470802336931
1280.0,-0.005597345065325499
1408.0,-0.010874418541789055
1536.0,-0.0018301323289051652
1664.0,-0.006080488208681345
1792.0,-0.012273978441953659
1920.0,-0.004907320253551006
2048.0,-0.003664756892248988
2304.0,-0.00266669481061399
2560.0,-0.005718177650123835
2816.0,-0.006868498865514994
3072.0,0.002231040969491005
3328.0,0.0058004725724458694
3584.0,0.004265922121703625
3840.0,-0.0028906799852848053
4096.0,-0.008485262282192707
4608.0,-0.011276967823505402
5120.0,-0.00938746053725481
5632.0,-0.005818474572151899
6144.0,-0.01497370470315218
6656.0,-0.005010660737752914
7168.0,0.0022482636850327253
end
