version,3.0
numOfCh,1
type,point
parent_name,robust_thresh-2
ch_type,1_1
kcount,1
numberNandB,1
brightnessNandB,1
carpet pos,0
pc,0
Time (ms),CH1 Auto-Correlation
1.0,0.14912332594394684
2.0,0.1457839459180832
3.0,0.14294040203094482
4.0,0.1401354819536209
5.0,0.13739994168281555
6.0,0.13480283319950104
7.0,0.13224445283412933
8.0,0.12986470758914948
9.0,0.12760722637176514
10.0,0.12537182867527008
11.0,0.12321632355451584
12.0,0.12100155651569366
13.0,0.11899635940790176
14.0,0.11698894947767258
15.0,0.11505318433046341
16.0,0.11336042732000351
18.0,0.11031413823366165
20.0,0.10768907517194748
22.0,0.10532151162624359
24.0,0.10318461805582047
26.0,0.10139664262533188
28.0,0.09963572025299072
30.0,0.09807352721691132
32.0,0.09646793454885483
36.0,0.09376324713230133
40.0,0.09070447087287903
44.0,0.08783358335494995
48.0,0.08504819124937057
52.0,0.08217442780733109
56.0,0.07933365553617477
60.0,0.07710856944322586
64.0,0.075220488011837
72.0,0.07158634066581726
80.0,0.06885083019733429
88.0,0.06535374373197556
96.0,0.06249992176890373
104.0,0.061248864978551865
112.0,0.06096046417951584
120.0,0.06094690412282944
128.0,0.06025737151503563
144.0,0.05736792832612991
160.0,0.05418114736676216
176.0,0.05040446296334267
192.0,0.04417196661233902
208.0,0.0406438410282135
224.0,0.037055522203445435
240.0,0.03265538066625595
256.0,0.029779614880681038
288.0,0.025447553023695946
320.0,0.020802205428481102
352.0,0.017899882048368454
384.0,0.014822457917034626
416.0,0.009807531721889973
448.0,0.005593518726527691
480.0,0.0060618966817855835
512.0,0.005271414294838905
576.0,0.0026057553477585316
640.0,0.0020939959213137627
704.0,0.004870146047323942
768.0,0.007411413360387087
832.0,0.008474450558423996
896.0,0.011556509882211685
960.0,0.0116792107000947
1024.0,0.010697538033127785
1152.0,0.004085332155227661
1280.0,-0.01094143372029066
1408.0,-0.01554693840444088
1536.0,-0.02611421048641205
1664.0,-0.03184746950864792
1792.0,-0.029276065528392792
1920.0,-0.023260032758116722
2048.0,-0.028424249961972237
2304.0,-0.0023855071049183607
2560.0,-0.02088283561170101
2816.0,-0.00492482865229249
3072.0,0.010046950541436672
3328.0,0.008542079478502274
3584.0,0.018207456916570663
3840.0,0.016416063532233238
4096.0,0.0001876865280792117
4608.0,0.00781909842044115
5120.0,-0.015293534845113754
5632.0,-0.013730421662330627
6144.0,-0.009394037537276745
6656.0,0.0056665875017642975
7168.0,0.022525735199451447
7680.0,0.01956740953028202
8192.0,0.0217317882925272
end
