version,3.0
numOfCh,1
type,point
parent_name,robust_thresh-2
ch_type,1_1
kcount,1
numberNandB,1
brightnessNandB,1
carpet pos,0
pc,0
Time (ms),CH1 Auto-Correlation
1.0,0.07838743180036545
2.0,0.07803094387054443
3.0,0.0776776671409607
4.0,0.07733273506164551
5.0,0.07698529958724976
6.0,0.07665785402059555
7.0,0.07632915675640106
8.0,0.0760108083486557
9.0,0.07569712400436401
10.0,0.07537921518087387
11.0,0.07506037503480911
12.0,0.07473498582839966
13.0,0.07441876083612442
14.0,0.07410010695457458
15.0,0.07381145656108856
16.0,0.07352321594953537
18.0,0.0729794129729271
20.0,0.07246154546737671
22.0,0.07198023051023483
24.0,0.07152701169252396
26.0,0.07104718685150146
28.0,0.07058102637529373
30.0,0.07007771730422974
32.0,0.06954323500394821
36.0,0.06850983202457428
40.0,0.06744983792304993
44.0,0.06644614040851593
48.0,0.06543366611003876
52.0,0.0644746720790863
56.0,0.06353156268596649
60.0,0.06259936839342117
64.0,0.06167110055685043
72.0,0.05981624126434326
80.0,0.05809305980801582
88.0,0.05650859698653221
96.0,0.055169738829135895
104.0,0.053827352821826935
112.0,0.05244091898202896
120.0,0.051219046115875244
128.0,0.05012296885251999
144.0,0.048609089106321335
160.0,0.04768170043826103
176.0,0.04706743359565735
192.0,0.046351153403520584
208.0,0.0454830676317215
224.0,0.04451601579785347
240.0,0.04342344030737877
256.0,0.04209976643323898
288.0,0.037648480385541916
320.0,0.03366784006357193
352.0,0.03052307292819023
384.0,0.02750326320528984
416.0,0.024250026792287827
448.0,0.02128777652978897
480.0,0.019286658614873886
512.0,0.017985455691814423
576.0,0.014905743300914764
640.0,0.011113641783595085
704.0,0.008055100217461586
768.0,0.008450881578028202
832.0,0.01038560550659895
896.0,0.012484617531299591
960.0,0.015725016593933105
1024.0,0.019672630354762077
1152.0,0.02526024356484413
1280.0,0.028029507026076317
1408.0,0.030702825635671616
1536.0,0.03240642324090004
1664.0,0.027209872379899025
1792.0,0.018169881775975227
1920.0,0.009148534387350082
2048.0,0.0029633482918143272
2304.0,0.005919997580349445
2560.0,0.02005862444639206
2816.0,0.02340993657708168
3072.0,0.01706608571112156
3328.0,0.007923649623990059
3584.0,-0.00027098317514173687
3840.0,-0.0003669078287202865
4096.0,0.006794786546379328
4608.0,-0.005985378287732601
5120.0,-0.001002709730528295
5632.0,-0.0033733758609741926
6144.0,-0.011997459456324577
6656.0,-0.02026301994919777
7168.0,-0.03436049446463585
7680.0,-0.02525477483868599
8192.0,-0.02579985000193119
end
