version,3.0
numOfCh,1
type,point
parent_name,robust_thresh-2
ch_type,1_1
kcount,1
numberNandB,1
brightnessNandB,1
carpet pos,0
pc,0
Time (ms),CH1 Auto-Correlation
1.0,0.41514837741851807
2.0,0.41438260674476624
3.0,0.4136035144329071
4.0,0.41285717487335205
5.0,0.41212984919548035
6.0,0.411396324634552
7.0,0.41069266200065613
8.0,0.4099982976913452
9.0,0.40928220748901367
10.0,0.4085986614227295
11.0,0.4079264998435974
12.0,0.40729278326034546
13.0,0.40669283270835876
14.0,0.4060918986797333
15.0,0.40550369024276733
16.0,0.40490996837615967
18.0,0.4037206470966339
20.0,0.40256214141845703
22.0,0.40137699246406555
24.0,0.4002266228199005
26.0,0.399120569229126
28.0,0.3980576694011688
30.0,0.39701175689697266
32.0,0.3960320055484772
36.0,0.39413443207740784
40.0,0.39229127764701843
44.0,0.3905259370803833
48.0,0.38856807351112366
52.0,0.38652288913726807
56.0,0.3844473361968994
60.0,0.38238081336021423
64.0,0.3804028034210205
72.0,0.3762884736061096
80.0,0.37211576104164124
88.0,0.3680696487426758
96.0,0.3639742434024811
104.0,0.3600243031978607
112.0,0.35633131861686707
120.0,0.35273808240890503
128.0,0.34907156229019165
144.0,0.3416011333465576
160.0,0.33334171772003174
176.0,0.3243285119533539
192.0,0.3149108588695526
208.0,0.30473533272743225
224.0,0.29480651021003723
240.0,0.28491318225860596
256.0,0.2751320004463196
288.0,0.25638723373413086
320.0,0.2367732971906662
352.0,0.2159833163022995
384.0,0.19820836186408997
416.0,0.18332961201667786
448.0,0.16845211386680603
480.0,0.1561247706413269
512.0,0.14368663728237152
576.0,0.11485283821821213
640.0,0.08598976582288742
704.0,0.06709472835063934
768.0,0.05422535911202431
832.0,0.04320438578724861
896.0,0.04066604748368263
960.0,0.04511140659451485
1024.0,0.05498359724879265
1152.0,0.08472765237092972
1280.0,0.11033136397600174
1408.0,0.13471578061580658
1536.0,0.1515236794948578
1664.0,0.15435530245304108
1792.0,0.1357509344816208
1920.0,0.0942128375172615
2048.0,0.043812282383441925
2304.0,-0.010602442547678947
2560.0,-0.028275948017835617
2816.0,-0.022934991866350174
3072.0,-0.02943899668753147
3328.0,-0.029155369848012924
3584.0,-0.05013914033770561
3840.0,-0.08504858613014221
4096.0,-0.09071420878171921
4608.0,-0.09985125809907913
5120.0,-0.10350751131772995
5632.0,-0.10273487865924835
6144.0,-0.12172918766736984
6656.0,-0.14126378297805786
7168.0,-0.14391927421092987
7680.0,-0.1303657591342926
8192.0,-0.08769844472408295
end
