version,3.0
numOfCh,1
type,point
parent_name,robust_thresh-2
ch_type,1_1
kcount,1
numberNandB,1
brightnessNandB,1
carpet pos,0
pc,0
Time (ms),CH1 Auto-Correlation
1.0,0.097399041056633
2.0,0.09543479233980179
3.0,0.09418191015720367
4.0,0.09276685118675232
5.0,0.09164948016405106
6.0,0.09078275412321091
7.0,0.08999133110046387
8.0,0.08921416848897934
9.0,0.08859192579984665
10.0,0.08796557784080505
11.0,0.08746630698442459
12.0,0.08685282617807388
13.0,0.08635257184505463
14.0,0.0858074501156807
15.0,0.08518315106630325
16.0,0.08472590148448944
18.0,0.0836050808429718
20.0,0.08252018690109253
22.0,0.08144517987966537
24.0,0.08049987256526947
26.0,0.07938714325428009
28.0,0.07854394614696503
30.0,0.0778258815407753
32.0,0.07701411098241806
36.0,0.07529416680335999
40.0,0.07356714457273483
44.0,0.07202615588903427
48.0,0.07032433152198792
52.0,0.06873928010463715
56.0,0.06748373061418533
60.0,0.06620941311120987
64.0,0.06488136202096939
72.0,0.062376461923122406
80.0,0.06008969992399216
88.0,0.057885412126779556
96.0,0.05575590953230858
104.0,0.05397860333323479
112.0,0.05167681723833084
120.0,0.04989909008145332
128.0,0.048794157803058624
144.0,0.045712944120168686
160.0,0.04385124146938324
176.0,0.041555117815732956
192.0,0.03925340995192528
208.0,0.03670404106378555
224.0,0.03503040969371796
240.0,0.03475625067949295
256.0,0.03436535969376564
288.0,0.03326410800218582
320.0,0.032262638211250305
352.0,0.03165203705430031
384.0,0.02936743013560772
416.0,0.0270036943256855
448.0,0.02600119635462761
480.0,0.026846501976251602
512.0,0.026859277859330177
576.0,0.02589811198413372
640.0,0.024699218571186066
704.0,0.02401977777481079
768.0,0.02454657480120659
832.0,0.021764209493994713
896.0,0.020154209807515144
960.0,0.016012994572520256
1024.0,0.01137979794293642
1152.0,0.005917481612414122
1280.0,0.0015167295932769775
1408.0,0.003931945655494928
1536.0,0.014236807823181152
1664.0,0.019939787685871124
1792.0,0.018888283520936966
1920.0,0.015813762322068214
2048.0,0.009771347045898438
2304.0,0.006970320828258991
2560.0,0.004633435048162937
2816.0,-0.0036972712259739637
3072.0,-0.011720303446054459
3328.0,-0.0037822648882865906
3584.0,-0.011391807347536087
3840.0,-0.006989235989749432
4096.0,-0.010591039434075356
4608.0,-0.009841391816735268
5120.0,-0.012766818515956402
5632.0,-0.024833211675286293
6144.0,-0.03121810033917427
6656.0,-0.02766459435224533
7168.0,-0.012600877322256565
7680.0,-0.0091022290289402
8192.0,-0.026427308097481728
end
