version,3.0
numOfCh,1
type,point
parent_name,robust_thresh-2
ch_type,1_1
kcount,1
numberNandB,1
brightnessNandB,1
carpet pos,0
pc,0
Time (ms),CH1 Auto-Correlation
1.0,0.0832614079117775
2.0,0.08182824403047562
3.0,0.08072768896818161
4.0,0.07971716672182083
5.0,0.07887037843465805
6.0,0.07812817394733429
7.0,0.07730096578598022
8.0,0.07671304047107697
9.0,0.07603520900011063
10.0,0.07538910955190659
11.0,0.07468830049037933
12.0,0.07413157820701599
13.0,0.07356470078229904
14.0,0.07296199351549149
15.0,0.07240559905767441
16.0,0.07186095416545868
18.0,0.07069633156061172
20.0,0.06963374465703964
22.0,0.0687350481748581
24.0,0.06788241118192673
26.0,0.06713306158781052
28.0,0.06634578853845596
30.0,0.0656738132238388
32.0,0.06505560874938965
36.0,0.06391505897045135
40.0,0.06271917372941971
44.0,0.06151893362402916
48.0,0.06023826077580452
52.0,0.05906953290104866
56.0,0.058224692940711975
60.0,0.057469844818115234
64.0,0.05684617534279823
72.0,0.05549120157957077
80.0,0.05418649688363075
88.0,0.05268671736121178
96.0,0.05109875276684761
104.0,0.04980809614062309
112.0,0.048433829098939896
120.0,0.04757142439484596
128.0,0.046764861792325974
144.0,0.045043326914310455
160.0,0.04390294477343559
176.0,0.04339805245399475
192.0,0.042657025158405304
208.0,0.04104897007346153
224.0,0.039562202990055084
240.0,0.03853408619761467
256.0,0.037693824619054794
288.0,0.03635090962052345
320.0,0.035254593938589096
352.0,0.03462603688240051
384.0,0.03413138911128044
416.0,0.03253999352455139
448.0,0.031388718634843826
480.0,0.03217492625117302
512.0,0.03290678188204765
576.0,0.031492460519075394
640.0,0.027369186282157898
704.0,0.023130634799599648
768.0,0.020808730274438858
832.0,0.020712316036224365
896.0,0.02162378467619419
960.0,0.019836239516735077
1024.0,0.020735057070851326
1152.0,0.019839024171233177
1280.0,0.013566948473453522
1408.0,0.01082092709839344
1536.0,0.00994823407381773
1664.0,0.006503027398139238
1792.0,0.0015377028612419963
1920.0,0.0024984756018966436
2048.0,0.004338009282946587
2304.0,0.002846441464498639
2560.0,0.0024588152300566435
2816.0,-0.0015379306860268116
3072.0,-0.004111596383154392
3328.0,-0.002561732893809676
3584.0,-0.002407573629170656
3840.0,-0.00478563504293561
4096.0,-0.009594240225851536
4608.0,-0.011044849641621113
5120.0,-0.020687641575932503
5632.0,-0.020662810653448105
6144.0,-0.005467469338327646
6656.0,-0.004380140919238329
7168.0,0.005023798905313015
7680.0,-0.009861500933766365
8192.0,-0.010202583856880665
end
