version,3.0
numOfCh,1
type,point
parent_name,robust_thresh-2
ch_type,1_1
kcount,1
numberNandB,1
brightnessNandB,1
carpet pos,0
pc,0
Time (ms),CH1 Auto-Correlation
1.0,0.2820240259170532
2.0,0.27453020215034485
3.0,0.2672668397426605
4.0,0.2608766555786133
5.0,0.2549271285533905
6.0,0.24926072359085083
7.0,0.2438565194606781
8.0,0.23922321200370789
9.0,0.2346794456243515
10.0,0.23048605024814606
11.0,0.2265692502260208
12.0,0.22313269972801208
13.0,0.21979087591171265
14.0,0.21623772382736206
15.0,0.21264630556106567
16.0,0.20851610600948334
18.0,0.20163540542125702
20.0,0.19573450088500977
22.0,0.19018711149692535
24.0,0.18547163903713226
26.0,0.1808348298072815
28.0,0.17600181698799133
30.0,0.16956853866577148
32.0,0.16291619837284088
36.0,0.15179196000099182
40.0,0.14196935296058655
44.0,0.13283689320087433
48.0,0.12406203150749207
52.0,0.11710748076438904
56.0,0.11058402061462402
60.0,0.10465604811906815
64.0,0.10056205838918686
72.0,0.09378011524677277
80.0,0.09006720036268234
88.0,0.08971377462148666
96.0,0.08975774049758911
104.0,0.08814502507448196
112.0,0.08525678515434265
120.0,0.08364610373973846
128.0,0.08133275806903839
144.0,0.07804198563098907
160.0,0.06806620210409164
176.0,0.06479686498641968
192.0,0.06437861919403076
208.0,0.06348993629217148
224.0,0.06953345984220505
240.0,0.07434895634651184
256.0,0.07112199813127518
288.0,0.05612168088555336
320.0,0.04948187619447708
352.0,0.04954171180725098
384.0,0.05128757283091545
416.0,0.05794176459312439
448.0,0.06000502035021782
480.0,0.051335856318473816
512.0,0.04879191517829895
576.0,0.050831012427806854
640.0,0.04065193980932236
704.0,0.041860055178403854
768.0,0.05042283609509468
832.0,0.04012555256485939
896.0,0.04606929421424866
960.0,0.07541215419769287
1024.0,0.09013929218053818
1152.0,0.06883315742015839
1280.0,0.04610457643866539
1408.0,0.03702861815690994
1536.0,0.04194134473800659
1664.0,0.033293936401605606
1792.0,0.028492160141468048
1920.0,0.02912933938205242
2048.0,0.03317561373114586
2304.0,0.030458852648735046
2560.0,0.015964869409799576
2816.0,0.011487928219139576
3072.0,0.0008078035898506641
3328.0,-0.016881363466382027
3584.0,-0.01133810542523861
3840.0,-0.012221137061715126
4096.0,-0.0366961732506752
4608.0,-0.008563973940908909
5120.0,-0.038665175437927246
5632.0,0.001382409711368382
6144.0,-0.05150436609983444
6656.0,-0.02491791918873787
7168.0,-0.051031701266765594
7680.0,-0.0346590057015419
8192.0,-0.05824108421802521
end
