version,3.0
numOfCh,1
type,point
parent_name,robust_thresh-2
ch_type,1_1
kcount,1
numberNandB,1
brightnessNandB,1
carpet pos,0
pc,0
Time (ms),CH1 Auto-Correlation
1.0,0.11633005738258362
2.0,0.11473498493432999
3.0,0.11334467679262161
4.0,0.11200336366891861
5.0,0.11069110035896301
6.0,0.10945071280002594
7.0,0.10820695757865906
8.0,0.10696752369403839
9.0,0.10584207624197006
10.0,0.10477245599031448
11.0,0.10362427681684494
12.0,0.10272090137004852
13.0,0.10194006562232971
14.0,0.10117347538471222
15.0,0.1004883274435997
16.0,0.09994137287139893
18.0,0.098843514919281
20.0,0.09776907414197922
22.0,0.09683668613433838
24.0,0.09588345885276794
26.0,0.0947655439376831
28.0,0.09366881102323532
30.0,0.09266670048236847
32.0,0.09167715162038803
36.0,0.08996311575174332
40.0,0.08846493810415268
44.0,0.0870143473148346
48.0,0.08591373264789581
52.0,0.0848616436123848
56.0,0.08385035395622253
60.0,0.0827077254652977
64.0,0.08120248466730118
72.0,0.07854186743497849
80.0,0.07684896141290665
88.0,0.0749557614326477
96.0,0.07331568002700806
104.0,0.07143422961235046
112.0,0.06933955103158951
120.0,0.06707047671079636
128.0,0.06474325805902481
144.0,0.05965963751077652
160.0,0.05486636608839035
176.0,0.051736894994974136
192.0,0.049300964921712875
208.0,0.047602325677871704
224.0,0.046472493559122086
240.0,0.044452402740716934
256.0,0.0407988540828228
288.0,0.03814864158630371
320.0,0.036836229264736176
352.0,0.035524338483810425
384.0,0.03397698327898979
416.0,0.03474818915128708
448.0,0.03369532898068428
480.0,0.03239624947309494
512.0,0.03360796347260475
576.0,0.0371427945792675
640.0,0.03702830150723457
704.0,0.03607158735394478
768.0,0.03581563010811806
832.0,0.034737568348646164
896.0,0.03118668869137764
960.0,0.026075728237628937
1024.0,0.023305853828787804
1152.0,0.021349528804421425
1280.0,0.02253555692732334
1408.0,0.020001273602247238
1536.0,0.011519989930093288
1664.0,0.007410853635519743
1792.0,0.002747131744399667
1920.0,-0.0041611152701079845
2048.0,-0.008551688864827156
2304.0,-0.014373552054166794
2560.0,-0.026934964582324028
2816.0,-0.028233498334884644
3072.0,-0.026751382276415825
3328.0,-0.03156515210866928
3584.0,-0.023427629843354225
3840.0,-0.02209421806037426
4096.0,-0.023040330037474632
4608.0,-0.018890440464019775
5120.0,-0.0022584698162972927
5632.0,0.006251809652894735
6144.0,-0.0041112275794148445
6656.0,-0.008818097412586212
7168.0,-0.00950763188302517
7680.0,-0.017336517572402954
8192.0,-0.024949144572019577
end
