version,3.0
numOfCh,1
type,point
parent_name,robust_thresh-2
ch_type,1_1
kcount,1
numberNandB,1
brightnessNandB,1
carpet pos,0
pc,0
Time (ms),CH1 Auto-Correlation
1.0,0.14771512150764465
2.0,0.1445029079914093
3.0,0.14146217703819275
4.0,0.13872575759887695
5.0,0.13623404502868652
6.0,0.13398674130439758
7.0,0.13188843429088593
8.0,0.13006457686424255
9.0,0.12840482592582703
10.0,0.12688963115215302
11.0,0.1253836303949356
12.0,0.12378150969743729
13.0,0.12221402674913406
14.0,0.12057914584875107
15.0,0.11903495341539383
16.0,0.117583267390728
18.0,0.11474369466304779
20.0,0.11234955489635468
22.0,0.11017166823148727
24.0,0.10793637484312057
26.0,0.10582421720027924
28.0,0.10384909063577652
30.0,0.10161712765693665
32.0,0.09939059615135193
36.0,0.09611955285072327
40.0,0.09349159896373749
44.0,0.09087798744440079
48.0,0.0884435772895813
52.0,0.08685868978500366
56.0,0.08553821593523026
60.0,0.08460307866334915
64.0,0.08307468891143799
72.0,0.07980910688638687
80.0,0.07673686742782593
88.0,0.07319949567317963
96.0,0.06913188099861145
104.0,0.06594173610210419
112.0,0.06215592846274376
120.0,0.0601181834936142
128.0,0.05707971006631851
144.0,0.05067523568868637
160.0,0.045092739164829254
176.0,0.0414188876748085
192.0,0.03924405947327614
208.0,0.03695204108953476
224.0,0.034126706421375275
240.0,0.03045029751956463
256.0,0.026575149968266487
288.0,0.021906977519392967
320.0,0.017626171931624413
352.0,0.015877237543463707
384.0,0.015849018469452858
416.0,0.016164999455213547
448.0,0.01907886192202568
480.0,0.01953156851232052
512.0,0.018031835556030273
576.0,0.01607896015048027
640.0,0.016574682667851448
704.0,0.011719059199094772
768.0,0.00765467993915081
832.0,0.007063934113830328
896.0,0.011009409092366695
960.0,0.011508369818329811
1024.0,0.009032178670167923
1152.0,-0.0011929204920306802
1280.0,-0.011078956536948681
1408.0,-0.01567147485911846
1536.0,-0.009637457318603992
1664.0,0.0074072107672691345
1792.0,0.010814335197210312
1920.0,0.014572890475392342
2048.0,0.014356459490954876
2304.0,-0.009841769933700562
2560.0,0.0009209266281686723
2816.0,-0.0012152472045272589
3072.0,-0.013250970281660557
3328.0,-0.02063962258398533
3584.0,-0.01400495320558548
3840.0,-0.008038279600441456
4096.0,-0.0037289480678737164
4608.0,0.002322321990504861
5120.0,0.0002899932151194662
5632.0,-0.0027094315737485886
6144.0,0.015165816992521286
6656.0,0.02945174276828766
7168.0,0.016322968527674675
7680.0,-0.0267769955098629
8192.0,-0.03295483440160751
end
