version,3.0
numOfCh,1
type,point
parent_name,robust_thresh-2
ch_type,1_1
kcount,1
numberNandB,1
brightnessNandB,1
carpet pos,0
pc,0
Time (ms),CH1 Auto-Correlation
1.0,0.062421370297670364
2.0,0.06198030710220337
3.0,0.061546940356492996
4.0,0.061133190989494324
5.0,0.06070321053266525
6.0,0.060300808399915695
7.0,0.05992269143462181
8.0,0.05955187976360321
9.0,0.059200286865234375
10.0,0.05886714532971382
11.0,0.058536626398563385
12.0,0.05822709947824478
13.0,0.0579187273979187
14.0,0.05761236697435379
15.0,0.05732065811753273
16.0,0.0570266991853714
18.0,0.056408677250146866
20.0,0.05577288940548897
22.0,0.055118411779403687
24.0,0.05447028577327728
26.0,0.05382516607642174
28.0,0.05316806584596634
30.0,0.05252769961953163
32.0,0.05192536488175392
36.0,0.05075027048587799
40.0,0.04969439283013344
44.0,0.048755619674921036
48.0,0.0478823147714138
52.0,0.0470387227833271
56.0,0.04623427987098694
60.0,0.045446500182151794
64.0,0.04468856751918793
72.0,0.0435527004301548
80.0,0.042488276958465576
88.0,0.04112636297941208
96.0,0.039669543504714966
104.0,0.038279011845588684
112.0,0.03702941909432411
120.0,0.03594284877181053
128.0,0.03506244346499443
144.0,0.033426590263843536
160.0,0.0318048894405365
176.0,0.030394311994314194
192.0,0.029448259621858597
208.0,0.02909916080534458
224.0,0.02891921065747738
240.0,0.028380097821354866
256.0,0.027442989870905876
288.0,0.02452314831316471
320.0,0.02117542363703251
352.0,0.018510397523641586
384.0,0.01716581918299198
416.0,0.016651811078190804
448.0,0.017995944246649742
480.0,0.01942433975636959
512.0,0.019157415255904198
576.0,0.016023550182580948
640.0,0.010043654590845108
704.0,0.006716799922287464
768.0,0.007256640121340752
832.0,0.0064262524247169495
896.0,0.005075877998024225
960.0,0.008001653477549553
1024.0,0.011845538392663002
1152.0,0.010386543348431587
1280.0,0.0095333531498909
1408.0,0.008418530225753784
1536.0,0.008953258395195007
1664.0,0.005778457969427109
1792.0,0.006994830444455147
1920.0,0.007717328146100044
2048.0,0.0060510761104524136
2304.0,0.0033109569922089577
2560.0,0.007004129700362682
2816.0,0.008804919198155403
3072.0,0.0016619352390989661
3328.0,-0.0073673417791724205
3584.0,-0.012313243001699448
3840.0,-0.006761443801224232
4096.0,-0.0033276511821895838
4608.0,0.004833526443690062
5120.0,-0.007083176169544458
5632.0,-0.007935297675430775
6144.0,-0.013083322905004025
6656.0,-0.01104508712887764
7168.0,-0.005854001268744469
7680.0,-0.011868404224514961
8192.0,-0.008617925457656384
end
