version,3.0
numOfCh,1
type,point
parent_name,robust_thresh-2
ch_type,1_1
kcount,1
numberNandB,1
brightnessNandB,1
carpet pos,0
pc,0
Time (ms),CH1 Auto-Correlation
1.0,0.08955491334199905
2.0,0.08833888173103333
3.0,0.08731827884912491
4.0,0.0862475335597992
5.0,0.08534999936819077
6.0,0.08455861359834671
7.0,0.08364641666412354
8.0,0.08287304639816284
9.0,0.08223249018192291
10.0,0.08145387470722198
11.0,0.08068415522575378
12.0,0.08000331372022629
13.0,0.07937577366828918
14.0,0.07876353710889816
15.0,0.07828827202320099
16.0,0.07775562256574631
18.0,0.07655083388090134
20.0,0.07554636150598526
22.0,0.07453727722167969
24.0,0.07353419810533524
26.0,0.07241524010896683
28.0,0.07140234857797623
30.0,0.0705159530043602
32.0,0.06966715306043625
36.0,0.06800603866577148
40.0,0.06633860617876053
44.0,0.06449317932128906
48.0,0.06285566836595535
52.0,0.061343658715486526
56.0,0.060025669634342194
60.0,0.05882430449128151
64.0,0.05759685859084129
72.0,0.055271703749895096
80.0,0.05301498994231224
88.0,0.050934914499521255
96.0,0.049484383314847946
104.0,0.04822344705462456
112.0,0.04682549461722374
120.0,0.04571698606014252
128.0,0.04449330270290375
144.0,0.04327654838562012
160.0,0.042217954993247986
176.0,0.04092460870742798
192.0,0.03973480314016342
208.0,0.03913671895861626
224.0,0.03854269161820412
240.0,0.03740590438246727
256.0,0.03664835914969444
288.0,0.0324622206389904
320.0,0.026514902710914612
352.0,0.021809197962284088
384.0,0.018171101808547974
416.0,0.016211533918976784
448.0,0.015014666132628918
480.0,0.013586812652647495
512.0,0.010860954411327839
576.0,0.005494192708283663
640.0,0.002130254404619336
704.0,0.0036240643821656704
768.0,0.004626157693564892
832.0,0.006956283934414387
896.0,0.005558077245950699
960.0,0.00691466499119997
1024.0,0.008305512368679047
1152.0,0.008504269644618034
1280.0,0.008860655128955841
1408.0,0.01044473983347416
1536.0,0.009590912610292435
1664.0,0.007756778504699469
1792.0,0.004558856133371592
1920.0,0.005317169241607189
2048.0,0.00797716248780489
2304.0,0.01885213516652584
2560.0,0.02150840498507023
2816.0,0.008499503135681152
3072.0,0.0012302753748372197
3328.0,0.0021301372908055782
3584.0,0.001838264986872673
3840.0,0.001930425176396966
4096.0,0.0007222701096907258
4608.0,0.009381788782775402
5120.0,0.0030312901362776756
5632.0,-0.012323056347668171
6144.0,-0.009529290720820427
6656.0,-0.012427238747477531
7168.0,-0.006684455554932356
7680.0,-0.015212992206215858
8192.0,-0.01153677050024271
end
