version,3.0
numOfCh,1
type,point
parent_name,robust_thresh-2
ch_type,1_1
kcount,1
numberNandB,1
brightnessNandB,1
carpet pos,0
pc,0
Time (ms),CH1 Auto-Correlation
1.0,0.24277593195438385
2.0,0.24218271672725677
3.0,0.24158908426761627
4.0,0.2410106360912323
5.0,0.24047425389289856
6.0,0.23995058238506317
7.0,0.2394372969865799
8.0,0.23894163966178894
9.0,0.23843002319335938
10.0,0.23790478706359863
11.0,0.23739813268184662
12.0,0.23689542710781097
13.0,0.2364053726196289
14.0,0.2359398752450943
15.0,0.2354397177696228
16.0,0.2349204570055008
18.0,0.23388193547725677
20.0,0.23281309008598328
22.0,0.23183268308639526
24.0,0.2309069186449051
26.0,0.23000387847423553
28.0,0.229064479470253
30.0,0.22813725471496582
32.0,0.2271789312362671
36.0,0.22529730200767517
40.0,0.22347937524318695
44.0,0.22176015377044678
48.0,0.22010597586631775
52.0,0.21848344802856445
56.0,0.21698081493377686
60.0,0.21554771065711975
64.0,0.2143186628818512
72.0,0.21183174848556519
80.0,0.20890186727046967
88.0,0.20589284598827362
96.0,0.20263773202896118
104.0,0.19960661232471466
112.0,0.19698543846607208
120.0,0.19478259980678558
128.0,0.19269511103630066
144.0,0.18908676505088806
160.0,0.18482163548469543
176.0,0.18044441938400269
192.0,0.17731016874313354
208.0,0.17427082359790802
224.0,0.1706215739250183
240.0,0.16561713814735413
256.0,0.16009275615215302
288.0,0.15070591866970062
320.0,0.14366503059864044
352.0,0.1374025195837021
384.0,0.1304289847612381
416.0,0.12479031085968018
448.0,0.12123318761587143
480.0,0.11624614149332047
512.0,0.1104891449213028
576.0,0.1008194163441658
640.0,0.08864309638738632
704.0,0.07713804394006729
768.0,0.07152068614959717
832.0,0.06476181745529175
896.0,0.06021561101078987
960.0,0.05333597958087921
1024.0,0.044531796127557755
1152.0,0.030078433454036713
1280.0,0.02835831604897976
1408.0,0.033522121608257294
1536.0,0.03462914004921913
1664.0,0.029126906767487526
1792.0,0.020754028111696243
1920.0,0.008701933547854424
2048.0,-0.00021540695161093026
2304.0,-0.007762777619063854
2560.0,-0.0018437772523611784
2816.0,-0.004567139782011509
3072.0,-0.014773132279515266
3328.0,-0.01774902082979679
3584.0,-0.009316490031778812
3840.0,-0.009138127788901329
4096.0,0.009625546634197235
4608.0,0.03694799914956093
5120.0,-0.01704665832221508
5632.0,-0.027513734996318817
6144.0,-0.0389629602432251
6656.0,-0.08672401309013367
7168.0,-0.10447347164154053
7680.0,-0.09927194565534592
8192.0,-0.06269758194684982
end
