version,3.0
numOfCh,1
type,point
parent_name,robust_thresh-2
ch_type,1_1
kcount,1
numberNandB,1
brightnessNandB,1
carpet pos,0
pc,0
Time (ms),CH1 Auto-Correlation
1.0,0.1739506870508194
2.0,0.17135199904441833
3.0,0.16925548017024994
4.0,0.16742055118083954
5.0,0.1657714545726776
6.0,0.1643555462360382
7.0,0.16300788521766663
8.0,0.16168361902236938
9.0,0.1604791283607483
10.0,0.15939323604106903
11.0,0.15827424824237823
12.0,0.15703263878822327
13.0,0.15591266751289368
14.0,0.15472377836704254
15.0,0.15357883274555206
16.0,0.15249177813529968
18.0,0.1500450223684311
20.0,0.14780089259147644
22.0,0.14558416604995728
24.0,0.14368578791618347
26.0,0.14200252294540405
28.0,0.14073574542999268
30.0,0.13955146074295044
32.0,0.1385963410139084
36.0,0.1368083357810974
40.0,0.13518661260604858
44.0,0.13397900760173798
48.0,0.1324775218963623
52.0,0.1313989758491516
56.0,0.1300649493932724
60.0,0.12857268750667572
64.0,0.12664131820201874
72.0,0.1231805682182312
80.0,0.11952587217092514
88.0,0.11732589453458786
96.0,0.1155332550406456
104.0,0.11269565671682358
112.0,0.110014908015728
120.0,0.10811633616685867
128.0,0.10724663734436035
144.0,0.1040855348110199
160.0,0.09849543869495392
176.0,0.09415068477392197
192.0,0.08967684954404831
208.0,0.08292602747678757
224.0,0.07795586436986923
240.0,0.07472037523984909
256.0,0.07200852781534195
288.0,0.06455376744270325
320.0,0.057560138404369354
352.0,0.05090852454304695
384.0,0.044777762144804
416.0,0.03730744495987892
448.0,0.03242587298154831
480.0,0.027111079543828964
512.0,0.02408197522163391
576.0,0.01653367094695568
640.0,0.014683065935969353
704.0,0.015145184472203255
768.0,0.017176227644085884
832.0,0.01924140378832817
896.0,0.021754013374447823
960.0,0.03635960444808006
1024.0,0.052247554063797
1152.0,0.07047382742166519
1280.0,0.07095187157392502
1408.0,0.059681810438632965
1536.0,0.047370847314596176
1664.0,0.030350375920534134
1792.0,0.020861895754933357
1920.0,0.012361163273453712
2048.0,0.011374124325811863
2304.0,0.03336086869239807
2560.0,0.04740669205784798
2816.0,0.028933372348546982
3072.0,0.0037895753048360348
3328.0,-0.0016355036059394479
3584.0,0.013033882714807987
3840.0,0.013964255340397358
4096.0,-0.00406293198466301
4608.0,-0.007454526610672474
5120.0,-0.015498324297368526
5632.0,-0.02367006242275238
6144.0,-0.04346420243382454
6656.0,-0.06739591807126999
7168.0,-0.03010772541165352
7680.0,-0.06803048402070999
8192.0,-0.024807769805192947
end
