version,3.0
numOfCh,1
type,point
parent_name,robust_thresh-2
ch_type,1_1
kcount,1
numberNandB,1
brightnessNandB,1
carpet pos,0
pc,0
Time (ms),CH1 Auto-Correlation
1.0,0.10397261381149292
2.0,0.1020134761929512
3.0,0.1005060076713562
4.0,0.09905692934989929
5.0,0.09784028679132462
6.0,0.09696799516677856
7.0,0.09630674123764038
8.0,0.09564670920372009
9.0,0.09527245163917542
10.0,0.09470214694738388
11.0,0.09391206502914429
12.0,0.09313516318798065
13.0,0.09238195419311523
14.0,0.09163576364517212
15.0,0.09094978123903275
16.0,0.09047596901655197
18.0,0.08971956372261047
20.0,0.08886171877384186
22.0,0.08839991688728333
24.0,0.08782508969306946
26.0,0.08711877465248108
28.0,0.0863991528749466
30.0,0.08555480092763901
32.0,0.084946408867836
36.0,0.0835181251168251
40.0,0.08215539157390594
44.0,0.08066683262586594
48.0,0.07916475832462311
52.0,0.07784394174814224
56.0,0.07637657970190048
60.0,0.07508925348520279
64.0,0.07395888864994049
72.0,0.0720474049448967
80.0,0.07049643248319626
88.0,0.06873645633459091
96.0,0.06709640473127365
104.0,0.06622324138879776
112.0,0.0649077296257019
120.0,0.06304340064525604
128.0,0.06186772137880325
144.0,0.059269875288009644
160.0,0.05637434497475624
176.0,0.05342937633395195
192.0,0.050443049520254135
208.0,0.048688266426324844
224.0,0.04688405618071556
240.0,0.044953763484954834
256.0,0.043625641614198685
288.0,0.04180845618247986
320.0,0.03960070759057999
352.0,0.03736002370715141
384.0,0.03621900454163551
416.0,0.03674611821770668
448.0,0.03653303161263466
480.0,0.03659992292523384
512.0,0.03605262190103531
576.0,0.03564998507499695
640.0,0.03250483050942421
704.0,0.025470217689871788
768.0,0.019626595079898834
832.0,0.013866622932255268
896.0,0.009541535750031471
960.0,0.005784530192613602
1024.0,0.005217991303652525
1152.0,0.003534344956278801
1280.0,0.0025140137877315283
1408.0,0.0022145446855574846
1536.0,0.0009210399002768099
1664.0,0.002458981703966856
1792.0,0.003660957794636488
1920.0,0.003993981052190065
2048.0,0.007143313065171242
2304.0,0.008398688398301601
2560.0,0.010970407165586948
2816.0,0.0017018759390339255
3072.0,0.00021693154121749103
3328.0,-0.012239515781402588
3584.0,-0.01844128407537937
3840.0,-0.017088379710912704
4096.0,-0.011881898157298565
4608.0,-0.0005781030631624162
5120.0,0.0021491844672709703
5632.0,-0.003088921308517456
6144.0,-0.01239809487015009
6656.0,-0.026259377598762512
7168.0,-0.03091595135629177
7680.0,-0.02963319607079029
8192.0,-0.015707388520240784
end
