version,3.0
numOfCh,1
type,point
parent_name,robust_thresh-2
ch_type,1_1
kcount,1
numberNandB,1
brightnessNandB,1
carpet pos,0
pc,0
Time (ms),CH1 Auto-Correlation
1.0,0.07012592256069183
2.0,0.06973385810852051
3.0,0.06935343146324158
4.0,0.06899213790893555
5.0,0.06863435357809067
6.0,0.06828529387712479
7.0,0.06793408840894699
8.0,0.06757243722677231
9.0,0.0672190859913826
10.0,0.06687966734170914
11.0,0.06655136495828629
12.0,0.06622523069381714
13.0,0.06589671224355698
14.0,0.06556057929992676
15.0,0.06521176546812057
16.0,0.06487023830413818
18.0,0.06421568244695663
20.0,0.0635804831981659
22.0,0.06298811733722687
24.0,0.0624455101788044
26.0,0.06192222237586975
28.0,0.06141588091850281
30.0,0.06094156205654144
32.0,0.060464952141046524
36.0,0.059502407908439636
40.0,0.058635126799345016
44.0,0.05784538760781288
48.0,0.05703509598970413
52.0,0.05613517016172409
56.0,0.05521557852625847
60.0,0.05435797944664955
64.0,0.053558673709630966
72.0,0.05205900967121124
80.0,0.05061285197734833
88.0,0.04916134476661682
96.0,0.04780897498130798
104.0,0.04639298468828201
112.0,0.044784750789403915
120.0,0.043043352663517
128.0,0.04133618250489235
144.0,0.03839108347892761
160.0,0.035982608795166016
176.0,0.0342535674571991
192.0,0.033107366412878036
208.0,0.0315994992852211
224.0,0.029857557266950607
240.0,0.028219962492585182
256.0,0.026573387905955315
288.0,0.02363431639969349
320.0,0.02069423347711563
352.0,0.018500128760933876
384.0,0.017064299434423447
416.0,0.016491277143359184
448.0,0.01611945405602455
480.0,0.014769312925636768
512.0,0.013095096684992313
576.0,0.01224090252071619
640.0,0.013224830850958824
704.0,0.015819113701581955
768.0,0.01525901723653078
832.0,0.013676585629582405
896.0,0.012920710258185863
960.0,0.01173557061702013
1024.0,0.008222462609410286
1152.0,0.007131529971957207
1280.0,0.006938844453543425
1408.0,0.006276479456573725
1536.0,0.0069596003741025925
1664.0,0.006117395590990782
1792.0,0.0009642047225497663
1920.0,-0.004718084819614887
2048.0,-0.010593249462544918
2304.0,-0.003836189629510045
2560.0,-0.006628627888858318
2816.0,-0.013146758079528809
3072.0,-0.006587404757738113
3328.0,-0.003472527489066124
3584.0,-0.008154232054948807
3840.0,-0.002100589917972684
4096.0,-0.003337279660627246
4608.0,0.005689661484211683
5120.0,-0.0010740120196714997
5632.0,0.00511056836694479
6144.0,0.0011883075349032879
6656.0,-0.01833813451230526
7168.0,-0.004781313706189394
7680.0,-0.021047182381153107
8192.0,-0.024175912141799927
end
