version,3.0
numOfCh,1
type,point
parent_name,robust_thresh-2
ch_type,1_1
kcount,1
numberNandB,1
brightnessNandB,1
carpet pos,0
pc,0
Time (ms),CH1 Auto-Correlation
1.0,0.06789921224117279
2.0,0.06627857685089111
3.0,0.06492505222558975
4.0,0.06367745995521545
5.0,0.06258318573236465
6.0,0.061761096119880676
7.0,0.06107771024107933
8.0,0.06062201410531998
9.0,0.06024041026830673
10.0,0.05961855128407478
11.0,0.05897519737482071
12.0,0.05831236019730568
13.0,0.0578317865729332
14.0,0.05715975910425186
15.0,0.056514084339141846
16.0,0.05584894120693207
18.0,0.054831258952617645
20.0,0.053937263786792755
22.0,0.05317624285817146
24.0,0.052447278052568436
26.0,0.05163173750042915
28.0,0.050929032266139984
30.0,0.05003565922379494
32.0,0.04931451380252838
36.0,0.04805373400449753
40.0,0.046662837266922
44.0,0.04548218846321106
48.0,0.044287972152233124
52.0,0.042903315275907516
56.0,0.04189027473330498
60.0,0.04078854247927666
64.0,0.03979682922363281
72.0,0.038215842097997665
80.0,0.03639654815196991
88.0,0.03471779823303223
96.0,0.03310270234942436
104.0,0.03197915479540825
112.0,0.030946506187319756
120.0,0.029749950394034386
128.0,0.028683912009000778
144.0,0.026484308764338493
160.0,0.024197442457079887
176.0,0.021565621718764305
192.0,0.02005144953727722
208.0,0.01941807009279728
224.0,0.01973561756312847
240.0,0.02026880905032158
256.0,0.020909301936626434
288.0,0.02121390961110592
320.0,0.01997436210513115
352.0,0.01824028603732586
384.0,0.016943082213401794
416.0,0.014802436344325542
448.0,0.012564307078719139
480.0,0.010843945667147636
512.0,0.00969949085265398
576.0,0.006345562171190977
640.0,0.004672589246183634
704.0,0.005778559949249029
768.0,0.00485098734498024
832.0,0.004361679311841726
896.0,0.003168735420331359
960.0,0.006083428394049406
1024.0,0.006561604328453541
1152.0,0.0016821756726130843
1280.0,0.0016948030097410083
1408.0,0.0002846977731678635
1536.0,-0.0003949309466406703
1664.0,0.000831484270747751
1792.0,0.001588246668688953
1920.0,0.0017344787484034896
2048.0,0.0024948192294687033
2304.0,0.0021147974766790867
2560.0,-0.001063760370016098
2816.0,-0.00844725500792265
3072.0,-0.01327514834702015
3328.0,-0.010952148586511612
3584.0,-0.009419117122888565
3840.0,-0.010565431788563728
4096.0,-0.008918528445065022
4608.0,0.011986229568719864
5120.0,0.0068710264749825
5632.0,0.0031000070739537477
6144.0,0.006072002928704023
6656.0,0.0035955889616161585
7168.0,0.0035514847841113806
7680.0,-0.008843839168548584
8192.0,-0.011312254704535007
end
