version,3.0
numOfCh,1
type,point
parent_name,robust_thresh-2
ch_type,1_1
kcount,1
numberNandB,1
brightnessNandB,1
carpet pos,0
pc,0
Time (ms),CH1 Auto-Correlation
1.0,0.07683659344911575
2.0,0.07616444677114487
3.0,0.07552361488342285
4.0,0.07491504400968552
5.0,0.07430271804332733
6.0,0.07371722906827927
7.0,0.07310674339532852
8.0,0.07251471281051636
9.0,0.07193126529455185
10.0,0.07137908041477203
11.0,0.07083889842033386
12.0,0.07028370350599289
13.0,0.06977453827857971
14.0,0.06927750259637833
15.0,0.06880295276641846
16.0,0.06835374981164932
18.0,0.06748373806476593
20.0,0.06661315262317657
22.0,0.06575769931077957
24.0,0.06492249667644501
26.0,0.06408929824829102
28.0,0.063261479139328
30.0,0.062469180673360825
32.0,0.06171107292175293
36.0,0.060294076800346375
40.0,0.05896884202957153
44.0,0.05777664855122566
48.0,0.05665092170238495
52.0,0.055511727929115295
56.0,0.05441740155220032
60.0,0.05338207259774208
64.0,0.052491359412670135
72.0,0.050967179238796234
80.0,0.04928116127848625
88.0,0.04720967262983322
96.0,0.045468784868717194
104.0,0.04400385543704033
112.0,0.0427502878010273
120.0,0.04176102578639984
128.0,0.040951941162347794
144.0,0.03952491655945778
160.0,0.03797130286693573
176.0,0.03652079775929451
192.0,0.03560102730989456
208.0,0.03492595627903938
224.0,0.03465163707733154
240.0,0.03474021330475807
256.0,0.03521477058529854
288.0,0.035087596625089645
320.0,0.03427382931113243
352.0,0.03324941545724869
384.0,0.032136354595422745
416.0,0.029867222532629967
448.0,0.026761069893836975
480.0,0.024169504642486572
512.0,0.021941304206848145
576.0,0.02082848735153675
640.0,0.01994539052248001
704.0,0.016307540237903595
768.0,0.0126257399097085
832.0,0.009701576083898544
896.0,0.008793426677584648
960.0,0.007767957169562578
1024.0,0.007286804262548685
1152.0,0.001787340035662055
1280.0,0.0023928906302899122
1408.0,0.003425576025620103
1536.0,0.0064598447643220425
1664.0,0.005829144269227982
1792.0,0.005482594016939402
1920.0,0.006901592947542667
2048.0,0.005210353527218103
2304.0,0.00573693448677659
2560.0,0.0026479188818484545
2816.0,-0.003748510265722871
3072.0,-0.011672863736748695
3328.0,-0.021549982950091362
3584.0,-0.029685985296964645
3840.0,-0.031078632920980453
4096.0,-0.0330522358417511
4608.0,-0.023469341918826103
5120.0,-0.014933866448700428
5632.0,-0.01332425232976675
6144.0,-0.00876439455896616
6656.0,0.0012513682013377547
7168.0,0.011832727119326591
7680.0,0.018526526167988777
8192.0,0.021525561809539795
end
