version,3.0
numOfCh,1
type,point
parent_name,19e3e_0dot1-0dot1
ch_type,1_1
kcount,1
numberNandB,1
brightnessNandB,1
carpet pos,0
pc,0
Time (ms),CH1 Auto-Correlation
1.0,0.07171697914600372
2.0,0.07108380645513535
3.0,0.07048849761486053
4.0,0.06988519430160522
5.0,0.06928488612174988
6.0,0.06868297606706619
7.0,0.068083256483078
8.0,0.06748923659324646
9.0,0.06691299378871918
10.0,0.0663527399301529
11.0,0.06580491364002228
12.0,0.06529206037521362
13.0,0.06480473279953003
14.0,0.06430929899215698
15.0,0.06382188200950623
16.0,0.06333907693624496
18.0,0.06245213374495506
20.0,0.06160308048129082
22.0,0.060791172087192535
24.0,0.06001335754990578
26.0,0.0592501275241375
28.0,0.05850793421268463
30.0,0.05780070275068283
32.0,0.057103369385004044
36.0,0.055730320513248444
40.0,0.05432892590761185
44.0,0.052994292229413986
48.0,0.05175983905792236
52.0,0.05063057690858841
56.0,0.04961902275681496
60.0,0.04869510978460312
64.0,0.0478326752781868
72.0,0.046090301126241684
80.0,0.044316042214632034
88.0,0.04262709990143776
96.0,0.04095553234219551
104.0,0.039311010390520096
112.0,0.03756290674209595
120.0,0.035765983164310455
128.0,0.03389532119035721
144.0,0.030834956094622612
160.0,0.028905391693115234
176.0,0.028502000495791435
192.0,0.028806529939174652
208.0,0.028496216982603073
224.0,0.028019435703754425
240.0,0.02710135281085968
256.0,0.02605765499174595
288.0,0.02497437410056591
320.0,0.024348249658942223
352.0,0.02283204160630703
384.0,0.02077534794807434
416.0,0.019686130806803703
448.0,0.01722995564341545
480.0,0.014981592074036598
512.0,0.013467040844261646
576.0,0.013904786668717861
640.0,0.014763113111257553
704.0,0.01102767325937748
768.0,0.008863203227519989
832.0,0.008870437741279602
896.0,0.008775624446570873
960.0,0.009352878667414188
1024.0,0.010592972859740257
1152.0,0.010257897898554802
1280.0,0.010048970580101013
1408.0,0.00963839702308178
1536.0,0.01200705673545599
1664.0,0.011020967736840248
1792.0,0.006186706479638815
1920.0,0.0021310746669769287
2048.0,0.0009002573788166046
2304.0,0.009916809387505054
2560.0,0.019574236124753952
2816.0,0.015918461605906487
3072.0,0.0074295769445598125
3328.0,0.0014070675242692232
3584.0,0.0033218367025256157
3840.0,0.006934319157153368
4096.0,0.012124801054596901
4608.0,0.0010318582644686103
5120.0,-0.010677614249289036
5632.0,-0.008309719152748585
6144.0,-0.010800175368785858
6656.0,-0.009748229756951332
7168.0,-0.010700696147978306
7680.0,-0.02677679806947708
8192.0,-0.02496049366891384
end
