version,3.0
numOfCh,1
type,point
parent_name,19e3e_0dot1-0dot1
ch_type,1_1
kcount,1
numberNandB,1
brightnessNandB,1
carpet pos,0
pc,0
Time (ms),CH1 Auto-Correlation
1.0,0.09451547265052795
2.0,0.09231378883123398
3.0,0.09014403820037842
4.0,0.0877724140882492
5.0,0.08631395548582077
6.0,0.08453556895256042
7.0,0.0827433243393898
8.0,0.08115188032388687
9.0,0.07970264554023743
10.0,0.07835564017295837
11.0,0.07732702046632767
12.0,0.07610762119293213
13.0,0.07530881464481354
14.0,0.07441922277212143
15.0,0.07346399128437042
16.0,0.07251319289207458
18.0,0.07090230286121368
20.0,0.06980421394109726
22.0,0.06877372413873672
24.0,0.06812656670808792
26.0,0.06743967533111572
28.0,0.06654184311628342
30.0,0.06539784371852875
32.0,0.06389230489730835
36.0,0.060561127960681915
40.0,0.058064479380846024
44.0,0.05619773641228676
48.0,0.05495535209774971
52.0,0.0540265254676342
56.0,0.05332053452730179
60.0,0.05170736461877823
64.0,0.04968647658824921
72.0,0.04561801999807358
80.0,0.040384840220212936
88.0,0.03476482629776001
96.0,0.03136983886361122
104.0,0.029922660440206528
112.0,0.02902335114777088
120.0,0.02885010465979576
128.0,0.02814694121479988
144.0,0.025634469464421272
160.0,0.0236829686909914
176.0,0.02345542423427105
192.0,0.022990873083472252
208.0,0.021973542869091034
224.0,0.02102416753768921
240.0,0.02080814354121685
256.0,0.020256003364920616
288.0,0.018696067854762077
320.0,0.017876036465168
352.0,0.01957686059176922
384.0,0.020062869414687157
416.0,0.01749775931239128
448.0,0.014540444128215313
480.0,0.011043954640626907
512.0,0.010271524079144001
576.0,0.00933767668902874
640.0,0.004734742920845747
704.0,0.004217455163598061
768.0,0.004637684673070908
832.0,0.0017609643982723355
896.0,0.003173758275806904
960.0,0.00441522803157568
1024.0,0.005040859803557396
1152.0,0.010906144976615906
1280.0,0.009379538707435131
1408.0,0.00811128318309784
1536.0,0.00011498211824800819
1664.0,-0.010297473520040512
1792.0,-0.011723843403160572
1920.0,-0.016959378495812416
2048.0,-0.02121506631374359
2304.0,-0.0045743403024971485
2560.0,-0.0009662835509516299
2816.0,-0.007523006293922663
3072.0,-0.02071138471364975
3328.0,-0.029675131663680077
3584.0,-0.012445359490811825
3840.0,-0.006711337249726057
4096.0,-0.010865021497011185
4608.0,-0.0010275524109601974
5120.0,0.02180534042418003
5632.0,0.012814424000680447
6144.0,0.006749280262738466
6656.0,-0.0026609068736433983
7168.0,-0.0032238932326436043
7680.0,-0.005720520857721567
8192.0,-0.022181492298841476
end
