version,3.0
numOfCh,1
type,point
parent_name,484af_0dot1-0dot1
ch_type,1_1
kcount,1
numberNandB,1
brightnessNandB,1
carpet pos,0
pc,0
Time (ms),CH1 Auto-Correlation
1.0,0.11480627954006195
2.0,0.11226674169301987
3.0,0.10966956615447998
4.0,0.10784504562616348
5.0,0.10519646853208542
6.0,0.1025196760892868
7.0,0.09928871691226959
8.0,0.09625983238220215
9.0,0.09364435076713562
10.0,0.09123027324676514
11.0,0.08832234144210815
12.0,0.08516412228345871
13.0,0.0819242000579834
14.0,0.07889824360609055
15.0,0.07612144201993942
16.0,0.07338187098503113
18.0,0.06584841012954712
20.0,0.06267517805099487
22.0,0.05924498662352562
24.0,0.05836062878370285
26.0,0.05757732689380646
28.0,0.05679166316986084
30.0,0.056087616831064224
32.0,0.05553003400564194
36.0,0.05427665263414383
40.0,0.052957456558942795
44.0,0.05162341520190239
48.0,0.05039915814995766
52.0,0.04916280508041382
56.0,0.048162199556827545
60.0,0.04731353744864464
64.0,0.04644746333360672
72.0,0.044668205082416534
80.0,0.0428004190325737
88.0,0.0419851616024971
96.0,0.04130775108933449
104.0,0.03893638402223587
112.0,0.03636835515499115
120.0,0.034607235342264175
128.0,0.03320600092411041
144.0,0.031091075390577316
160.0,0.02945117838680744
176.0,0.028926970437169075
192.0,0.028520286083221436
208.0,0.02751578949391842
224.0,0.02665567770600319
240.0,0.025329474359750748
256.0,0.024821659550070763
288.0,0.023261234164237976
320.0,0.023544147610664368
352.0,0.022552553564310074
384.0,0.019804468378424644
416.0,0.01782830059528351
448.0,0.015848316252231598
480.0,0.013880829326808453
512.0,0.012103988789021969
576.0,0.012334661558270454
640.0,0.012896467931568623
704.0,0.010140123777091503
768.0,0.00700374087318778
832.0,0.007071141619235277
896.0,0.007078768219798803
960.0,0.007293575443327427
1024.0,0.00912764947861433
1152.0,0.010139229707419872
1280.0,0.00901062786579132
1408.0,0.0082714157178998
1536.0,0.011830608360469341
1664.0,0.011158598586916924
1792.0,0.005988641642034054
1920.0,0.0017956637311726809
2048.0,0.001740153064019978
2304.0,0.009749206714332104
2560.0,0.018883833661675453
2816.0,0.01648593693971634
3072.0,0.006789900362491608
3328.0,0.002398422686383128
3584.0,0.003143232548609376
3840.0,0.007891635410487652
4096.0,0.010989164933562279
4608.0,0.0014723911881446838
5120.0,-0.009936685673892498
5632.0,-0.007687398698180914
6144.0,-0.010880952700972557
6656.0,-0.009094559587538242
7168.0,-0.011591749265789986
7680.0,-0.02622254565358162
8192.0,-0.023629195988178253
end
