version,3.0
numOfCh,1
type,point
parent_name,34766_0dot08-0dot1
ch_type,1_1
kcount,1
numberNandB,1
brightnessNandB,1
carpet pos,0
pc,0
Time (ms),CH1 Auto-Correlation
1.0,0.0724344253540039
2.0,0.07174693793058395
3.0,0.07110320776700974
4.0,0.07047199457883835
5.0,0.06987966597080231
6.0,0.06929579377174377
7.0,0.06873153150081635
8.0,0.06821178644895554
9.0,0.0676724836230278
10.0,0.06713466346263885
11.0,0.06659449636936188
12.0,0.06604795902967453
13.0,0.06552155315876007
14.0,0.06499393284320831
15.0,0.06450454145669937
16.0,0.064042828977108
18.0,0.06307895481586456
20.0,0.062118515372276306
22.0,0.06120475009083748
24.0,0.06033627688884735
26.0,0.05953279882669449
28.0,0.058750469237565994
30.0,0.057986170053482056
32.0,0.057256653904914856
36.0,0.05598035827279091
40.0,0.05481371656060219
44.0,0.05364464595913887
48.0,0.052502479404211044
52.0,0.05128755047917366
56.0,0.05009569972753525
60.0,0.049008458852767944
64.0,0.0479537695646286
72.0,0.04569267854094505
80.0,0.04360741376876831
88.0,0.04159589111804962
96.0,0.03959356248378754
104.0,0.03786921501159668
112.0,0.03641028702259064
120.0,0.03464723750948906
128.0,0.032896459102630615
144.0,0.03030095063149929
160.0,0.02839871682226658
176.0,0.027150802314281464
192.0,0.026879847049713135
208.0,0.026610106229782104
224.0,0.026004232466220856
240.0,0.025815892964601517
256.0,0.0261482335627079
288.0,0.026806995272636414
320.0,0.026958346366882324
352.0,0.026540309190750122
384.0,0.02469523809850216
416.0,0.02281241863965988
448.0,0.019920287653803825
480.0,0.01635415479540825
512.0,0.013398155570030212
576.0,0.00961940735578537
640.0,0.010654272511601448
704.0,0.012851892970502377
768.0,0.013406563550233841
832.0,0.00826550554484129
896.0,0.0034782413858920336
960.0,0.002148933243006468
1024.0,0.00384927517734468
1152.0,-0.0011325498344376683
1280.0,-0.000507767079398036
1408.0,-0.0049607460387051105
1536.0,-0.0007812504773028195
1664.0,-0.003888123668730259
1792.0,-0.006263359449803829
1920.0,-0.012125053443014622
2048.0,-0.01727602630853653
2304.0,-0.019009554758667946
2560.0,-0.015334809198975563
2816.0,-0.016559535637497902
3072.0,-0.013066123239696026
3328.0,-0.0088833998888731
3584.0,-0.006917163729667664
3840.0,-0.002922510262578726
4096.0,0.0030118094291538
4608.0,0.010969707742333412
5120.0,0.008404889144003391
5632.0,0.004794219508767128
6144.0,0.002532653044909239
6656.0,-0.007692237384617329
7168.0,-0.0073754265904426575
7680.0,-0.01152893342077732
8192.0,-0.012868034653365612
end
