version,3.0
numOfCh,1
type,point
parent_name,34766_0dot08-0dot1
ch_type,1_1
kcount,1
numberNandB,1
brightnessNandB,1
carpet pos,0
pc,0
Time (ms),CH1 Auto-Correlation
1.0,0.10957694798707962
2.0,0.10749026387929916
3.0,0.10539781302213669
4.0,0.10329071432352066
5.0,0.10096823424100876
6.0,0.09894239902496338
7.0,0.09706690162420273
8.0,0.09516304731369019
9.0,0.09400536864995956
10.0,0.09281427413225174
11.0,0.09179456532001495
12.0,0.09079425036907196
13.0,0.09001842886209488
14.0,0.08928554505109787
15.0,0.08867647498846054
16.0,0.08808091282844543
18.0,0.08682486414909363
20.0,0.08537118881940842
22.0,0.08412228524684906
24.0,0.08302261680364609
26.0,0.08215147256851196
28.0,0.08141952753067017
30.0,0.08060181140899658
32.0,0.07997891306877136
36.0,0.07900620996952057
40.0,0.07777918875217438
44.0,0.07630132138729095
48.0,0.0746791884303093
52.0,0.07288528978824615
56.0,0.07185029983520508
60.0,0.07126133143901825
64.0,0.0705341175198555
72.0,0.06850815564393997
80.0,0.06677917391061783
88.0,0.06490767747163773
96.0,0.06247735023498535
104.0,0.060927290469408035
112.0,0.05995982512831688
120.0,0.0593968965113163
128.0,0.05784563347697258
144.0,0.0535808727145195
160.0,0.05124553665518761
176.0,0.04931109771132469
192.0,0.04540402442216873
208.0,0.04315593093633652
224.0,0.04294455796480179
240.0,0.04122265800833702
256.0,0.041152119636535645
288.0,0.03841368854045868
320.0,0.037835221737623215
352.0,0.03742241486907005
384.0,0.04012547805905342
416.0,0.040918901562690735
448.0,0.041553884744644165
480.0,0.040202345699071884
512.0,0.03887512907385826
576.0,0.03569981828331947
640.0,0.03538733720779419
704.0,0.028723347932100296
768.0,0.024158423766493797
832.0,0.018781466409564018
896.0,0.021922599524259567
960.0,0.02464449591934681
1024.0,0.02336207404732704
1152.0,0.01609349623322487
1280.0,0.008289085701107979
1408.0,0.0053072962909936905
1536.0,0.006297297775745392
1664.0,0.002854014979675412
1792.0,-0.0018180916085839272
1920.0,-0.001930339029058814
2048.0,0.005472164135426283
2304.0,0.0064316666685044765
2560.0,0.007623178418725729
2816.0,0.004937468562275171
3072.0,0.008592396974563599
3328.0,0.010366705246269703
3584.0,0.010394559241831303
3840.0,0.0007586566498503089
4096.0,-0.005547244567424059
4608.0,-0.021175598725676537
5120.0,-0.020284632220864296
5632.0,-0.01317667681723833
6144.0,-0.022776348516345024
6656.0,-0.034570224583148956
7168.0,-0.035511963069438934
7680.0,-0.031473323702812195
8192.0,-0.004445991013199091
end
