version,3.0
numOfCh,1
type,point
parent_name,34766_0dot08-0dot1
ch_type,1_1
kcount,1
numberNandB,1
brightnessNandB,1
carpet pos,0
pc,0
Time (ms),CH1 Auto-Correlation
1.0,0.07489944249391556
2.0,0.07434257119894028
3.0,0.07379660755395889
4.0,0.0732857882976532
5.0,0.07279039919376373
6.0,0.07231220602989197
7.0,0.07182953506708145
8.0,0.07134578377008438
9.0,0.07087939977645874
10.0,0.07044042646884918
11.0,0.06999976933002472
12.0,0.06957141309976578
13.0,0.06913910806179047
14.0,0.06872352957725525
15.0,0.06830508261919022
16.0,0.06790706515312195
18.0,0.0671372339129448
20.0,0.06638558954000473
22.0,0.06562911719083786
24.0,0.06490153819322586
26.0,0.06418168544769287
28.0,0.06345601379871368
30.0,0.06273462623357773
32.0,0.06201351806521416
36.0,0.060606449842453
40.0,0.05916478857398033
44.0,0.057721201330423355
48.0,0.0563524104654789
52.0,0.05507675185799599
56.0,0.053950417786836624
60.0,0.05291504040360451
64.0,0.05193578824400902
72.0,0.05000447854399681
80.0,0.04827132448554039
88.0,0.046856191009283066
96.0,0.045733992010354996
104.0,0.04459875077009201
112.0,0.04339737445116043
120.0,0.04216042160987854
128.0,0.04076159745454788
144.0,0.03807131201028824
160.0,0.03564583510160446
176.0,0.03316158801317215
192.0,0.03056371584534645
208.0,0.028121257200837135
224.0,0.02602795697748661
240.0,0.024062756448984146
256.0,0.02232086844742298
288.0,0.019174087792634964
320.0,0.01552242785692215
352.0,0.01161822210997343
384.0,0.009217103011906147
416.0,0.008457294665277004
448.0,0.008481326512992382
480.0,0.007827065885066986
512.0,0.006419171113520861
576.0,0.0060451519675552845
640.0,0.005421087145805359
704.0,0.004210662562400103
768.0,0.00159760273527354
832.0,-0.00338886515237391
896.0,-0.007061540149152279
960.0,-0.008757829666137695
1024.0,-0.007567334454506636
1152.0,-0.004469290375709534
1280.0,0.001765675493516028
1408.0,0.0023986133746802807
1536.0,-7.438556167471688e-06
1664.0,-0.0007000060868449509
1792.0,0.0038668247871100903
1920.0,0.0049171349965035915
2048.0,0.004934312310069799
2304.0,-0.00329031515866518
2560.0,-0.001656785374507308
2816.0,0.0026681842282414436
3072.0,0.001481044921092689
3328.0,0.004168556537479162
3584.0,0.007426840718835592
3840.0,0.012881538830697536
4096.0,0.007996843196451664
4608.0,-0.014358693733811378
5120.0,-0.022591929882764816
5632.0,-0.010593668557703495
6144.0,-0.0011692610569298267
6656.0,-0.006435010582208633
7168.0,-0.010171080939471722
7680.0,5.3359057346824557e-05
8192.0,-0.00525651453062892
end
