version,3.0
numOfCh,1
type,point
parent_name,34766_0dot08-0dot1
ch_type,1_1
kcount,1
numberNandB,1
brightnessNandB,1
carpet pos,0
pc,0
Time (ms),CH1 Auto-Correlation
1.0,0.09175477921962738
2.0,0.09101124107837677
3.0,0.09029676020145416
4.0,0.08961968868970871
5.0,0.08896173536777496
6.0,0.08832188695669174
7.0,0.08770224452018738
8.0,0.0871095135807991
9.0,0.08653921633958817
10.0,0.08598008751869202
11.0,0.08543366938829422
12.0,0.08491895347833633
13.0,0.08443772792816162
14.0,0.08396077901124954
15.0,0.08345936983823776
16.0,0.08294080197811127
18.0,0.08191804587841034
20.0,0.08091025054454803
22.0,0.07994969189167023
24.0,0.07900021970272064
26.0,0.07807223498821259
28.0,0.07727254182100296
30.0,0.07654058933258057
32.0,0.07576093077659607
36.0,0.07419180870056152
40.0,0.07270540297031403
44.0,0.07147473096847534
48.0,0.07030680775642395
52.0,0.06914665549993515
56.0,0.06808003038167953
60.0,0.06708139181137085
64.0,0.06620936840772629
72.0,0.06466075032949448
80.0,0.06319102644920349
88.0,0.061813194304704666
96.0,0.06027159467339516
104.0,0.05858801677823067
112.0,0.05682654306292534
120.0,0.05505800247192383
128.0,0.05351833626627922
144.0,0.05201636999845505
160.0,0.05110476166009903
176.0,0.05008668079972267
192.0,0.048788882791996
208.0,0.04780104011297226
224.0,0.04707333818078041
240.0,0.0466400682926178
256.0,0.04644695296883583
288.0,0.045443154871463776
320.0,0.04440684989094734
352.0,0.042442187666893005
384.0,0.040807802230119705
416.0,0.03984633833169937
448.0,0.038594089448451996
480.0,0.036886412650346756
512.0,0.03427359089255333
576.0,0.03261152282357216
640.0,0.032547879964113235
704.0,0.030916020274162292
768.0,0.028854383155703545
832.0,0.029655445367097855
896.0,0.03225236386060715
960.0,0.03156689181923866
1024.0,0.02825157716870308
1152.0,0.02373850904405117
1280.0,0.024982448667287827
1408.0,0.02416437864303589
1536.0,0.019942011684179306
1664.0,0.01699681580066681
1792.0,0.013084749691188335
1920.0,0.020257091149687767
2048.0,0.020974334329366684
2304.0,0.016415636986494064
2560.0,0.00464274687692523
2816.0,-0.004619911313056946
3072.0,-0.00627544429153204
3328.0,-0.004105947911739349
3584.0,-0.010563010349869728
3840.0,-0.015254955738782883
4096.0,-0.014428224414587021
4608.0,-0.021641628816723824
5120.0,-0.03048260696232319
5632.0,-0.030320055782794952
6144.0,-0.024899115785956383
6656.0,-0.015150229446589947
7168.0,-0.027499061077833176
7680.0,-0.014335032552480698
8192.0,-0.013112709857523441
end
