version,3.0
numOfCh,1
type,point
parent_name,34766_0dot08-0dot1
ch_type,1_1
kcount,1
numberNandB,1
brightnessNandB,1
carpet pos,0
pc,0
Time (ms),CH1 Auto-Correlation
1.0,0.18971040844917297
2.0,0.18602025508880615
3.0,0.1808803379535675
4.0,0.17571891844272614
5.0,0.17066092789173126
6.0,0.16527633368968964
7.0,0.16011357307434082
8.0,0.15502585470676422
9.0,0.14996835589408875
10.0,0.14457781612873077
11.0,0.13868947327136993
12.0,0.13291826844215393
13.0,0.12702839076519012
14.0,0.12134590744972229
15.0,0.11553635448217392
16.0,0.10974281281232834
18.0,0.09819146990776062
20.0,0.08691145479679108
22.0,0.07734675705432892
24.0,0.07138421386480331
26.0,0.06795334070920944
28.0,0.06446893513202667
30.0,0.061203520745038986
32.0,0.05861706659197807
36.0,0.05547131225466728
40.0,0.05301438644528389
44.0,0.05068211257457733
48.0,0.04911120980978012
52.0,0.04803505167365074
56.0,0.046799082309007645
60.0,0.045478541404008865
64.0,0.044470276683568954
72.0,0.04248569905757904
80.0,0.0407029390335083
88.0,0.039584480226039886
96.0,0.038776107132434845
104.0,0.03722849488258362
112.0,0.03543510660529137
120.0,0.03407774120569229
128.0,0.03364233672618866
144.0,0.03322702273726463
160.0,0.032636214047670364
176.0,0.031559526920318604
192.0,0.030955485999584198
208.0,0.03173412010073662
224.0,0.029719632118940353
240.0,0.027376314625144005
256.0,0.028798960149288177
288.0,0.02536674775183201
320.0,0.023314639925956726
352.0,0.020813241600990295
384.0,0.018399780616164207
416.0,0.015940915793180466
448.0,0.012516145594418049
480.0,0.012422867119312286
512.0,0.0102904187515378
576.0,0.014149482361972332
640.0,0.014658447355031967
704.0,0.00870107114315033
768.0,0.00986364297568798
832.0,0.010934540070593357
896.0,0.009557267650961876
960.0,0.009078314527869225
1024.0,0.009517136961221695
1152.0,0.009499095380306244
1280.0,0.01790427230298519
1408.0,0.023123500868678093
1536.0,0.016760030761361122
1664.0,0.020960625261068344
1792.0,0.021192975342273712
1920.0,0.015874577686190605
2048.0,0.017334217205643654
2304.0,0.010343234054744244
2560.0,0.009937313385307789
2816.0,-0.002642623381689191
3072.0,0.0019377837888896465
3328.0,0.0033188529778271914
3584.0,-0.008228120394051075
3840.0,-0.01005138736218214
4096.0,-0.015842821449041367
4608.0,-0.00875832512974739
5120.0,-0.01708938740193844
5632.0,-0.018748898059129715
6144.0,-0.010232734493911266
6656.0,-0.02220965549349785
7168.0,-0.022307369858026505
7680.0,0.004385668318718672
8192.0,-0.0015235219616442919
end
