version,3.0
numOfCh,1
type,point
parent_name,484af_0dot069-1dot0
ch_type,1_1
kcount,1
numberNandB,1
brightnessNandB,1
carpet pos,0
pc,0
Time (ms),CH1 Auto-Correlation
1.0,0.10907953977584839
2.0,0.10831882059574127
3.0,0.1076158732175827
4.0,0.10698230564594269
5.0,0.10637778043746948
6.0,0.10583338886499405
7.0,0.10531345009803772
8.0,0.1047828197479248
9.0,0.10428766161203384
10.0,0.10381925106048584
11.0,0.10330171138048172
12.0,0.10280593484640121
13.0,0.10234033316373825
14.0,0.10187502205371857
15.0,0.10141105949878693
16.0,0.1009577065706253
18.0,0.1000545397400856
20.0,0.09918330609798431
22.0,0.09831003844738007
24.0,0.09743110835552216
26.0,0.09659606218338013
28.0,0.09577838331460953
30.0,0.0949694812297821
32.0,0.09417024999856949
36.0,0.09267493337392807
40.0,0.09124103933572769
44.0,0.08984509855508804
48.0,0.08858984708786011
52.0,0.08736226707696915
56.0,0.08618802577257156
60.0,0.08508709073066711
64.0,0.08400256186723709
72.0,0.08213511854410172
80.0,0.08051206171512604
88.0,0.07883849740028381
96.0,0.07705957442522049
104.0,0.07526997476816177
112.0,0.07352978736162186
120.0,0.07183531671762466
128.0,0.07001127302646637
144.0,0.06638681143522263
160.0,0.06313150376081467
176.0,0.05962788313627243
192.0,0.05652342364192009
208.0,0.05425679683685303
224.0,0.05250634253025055
240.0,0.05138913914561272
256.0,0.050317469984292984
288.0,0.04873596131801605
320.0,0.04695519059896469
352.0,0.045759301632642746
384.0,0.04522888734936714
416.0,0.044856391847133636
448.0,0.04494207352399826
480.0,0.044915180653333664
512.0,0.04390954226255417
576.0,0.04253631457686424
640.0,0.038155876100063324
704.0,0.02950761280953884
768.0,0.02302621863782406
832.0,0.017308270558714867
896.0,0.015356061048805714
960.0,0.012696309015154839
1024.0,0.00980995874851942
1152.0,0.00775538757443428
1280.0,0.005183984525501728
1408.0,0.0019132915185764432
1536.0,0.004245971795171499
1664.0,0.005175607744604349
1792.0,0.004870012868195772
1920.0,0.004445879720151424
2048.0,0.007070907857269049
2304.0,0.008936167694628239
2560.0,0.004679915029555559
2816.0,0.002013188088312745
3072.0,-0.0057033514603972435
3328.0,-0.016774455085396767
3584.0,-0.021296273916959763
3840.0,-0.02131572738289833
4096.0,-0.01374330185353756
4608.0,-0.002739138435572386
5120.0,0.00016287794278468937
5632.0,-0.006791550666093826
6144.0,-0.022571111097931862
6656.0,-0.03953127562999725
7168.0,-0.043144773691892624
7680.0,-0.0351702943444252
8192.0,-0.01767607219517231
end
