version,3.0
numOfCh,1
type,point
parent_name,484af_0dot069-1dot0
ch_type,1_1
kcount,1
numberNandB,1
brightnessNandB,1
carpet pos,0
pc,0
Time (ms),CH1 Auto-Correlation
1.0,0.09526585787534714
2.0,0.0947066992521286
3.0,0.09415304660797119
4.0,0.09360868483781815
5.0,0.09307356178760529
6.0,0.09253693372011185
7.0,0.09202483296394348
8.0,0.09153808653354645
9.0,0.09105723351240158
10.0,0.09056679159402847
11.0,0.09009144455194473
12.0,0.08963163942098618
13.0,0.0891917273402214
14.0,0.08873305469751358
15.0,0.0882846862077713
16.0,0.08785579353570938
18.0,0.08701521158218384
20.0,0.08620807528495789
22.0,0.08542382717132568
24.0,0.0846705362200737
26.0,0.08389528840780258
28.0,0.08311105519533157
30.0,0.08232314139604568
32.0,0.08158523589372635
36.0,0.08020620048046112
40.0,0.07885105907917023
44.0,0.07751285284757614
48.0,0.07630588114261627
52.0,0.07509913295507431
56.0,0.0739068016409874
60.0,0.07270710170269012
64.0,0.07155252993106842
72.0,0.06960473954677582
80.0,0.06781980395317078
88.0,0.06612826883792877
96.0,0.0646788477897644
104.0,0.06326137483119965
112.0,0.06170635297894478
120.0,0.06014897674322128
128.0,0.05863311141729355
144.0,0.0551166757941246
160.0,0.051550138741731644
176.0,0.047985486686229706
192.0,0.04446493834257126
208.0,0.04136903956532478
224.0,0.038658276200294495
240.0,0.036010030657052994
256.0,0.033150363713502884
288.0,0.028030602261424065
320.0,0.02452022023499012
352.0,0.021424464881420135
384.0,0.018773984163999557
416.0,0.01651855930685997
448.0,0.015041268430650234
480.0,0.013079212978482246
512.0,0.010021274909377098
576.0,0.005513036623597145
640.0,0.0008686805376783013
704.0,-0.0030028866603970528
768.0,-0.003218859201297164
832.0,-0.002943933242931962
896.0,-0.0016289855120703578
960.0,0.000532397476490587
1024.0,-0.0007543919491581619
1152.0,0.00553401093930006
1280.0,0.010229886509478092
1408.0,0.00815325602889061
1536.0,0.008194489404559135
1664.0,0.0058799744583666325
1792.0,0.0073738484643399715
1920.0,0.01362439151853323
2048.0,0.015812180936336517
2304.0,0.012973167933523655
2560.0,-0.0011908337473869324
2816.0,-0.013012186624109745
3072.0,-0.02306615561246872
3328.0,-0.020966187119483948
3584.0,-0.010370618663728237
3840.0,-0.011282267980277538
4096.0,-0.006445882376283407
4608.0,-0.00033566480851732194
5120.0,-0.009648464620113373
5632.0,0.008866744115948677
6144.0,0.009967719204723835
6656.0,0.0008131977519951761
7168.0,0.004938957747071981
7680.0,0.011929887346923351
8192.0,0.0018996709259226918
end
