version,3.0
numOfCh,1
type,point
parent_name,484af_0dot069-1dot0
ch_type,1_1
kcount,1
numberNandB,1
brightnessNandB,1
carpet pos,0
pc,0
Time (ms),CH1 Auto-Correlation
1.0,0.11761517822742462
2.0,0.11660073697566986
3.0,0.11557222902774811
4.0,0.1148775964975357
5.0,0.11413939297199249
6.0,0.11346714198589325
7.0,0.11282569915056229
8.0,0.11224261671304703
9.0,0.11164022237062454
10.0,0.11105725169181824
11.0,0.11044168472290039
12.0,0.1097937598824501
13.0,0.10917936265468597
14.0,0.10858532786369324
15.0,0.10797915607690811
16.0,0.1073450818657875
18.0,0.10616742074489594
20.0,0.10496856272220612
22.0,0.10378886759281158
24.0,0.10269150882959366
26.0,0.10165215283632278
28.0,0.10066891461610794
30.0,0.09964727610349655
32.0,0.09863340109586716
36.0,0.09650583565235138
40.0,0.09450945258140564
44.0,0.0926298052072525
48.0,0.09078240394592285
52.0,0.08901305496692657
56.0,0.0873510017991066
60.0,0.08590766787528992
64.0,0.08453266322612762
72.0,0.08131536096334457
80.0,0.07808861881494522
88.0,0.07503585517406464
96.0,0.07197750359773636
104.0,0.06907252222299576
112.0,0.06650488823652267
120.0,0.0640387013554573
128.0,0.06177132576704025
144.0,0.057347413152456284
160.0,0.05364326387643814
176.0,0.050119977444410324
192.0,0.0471184104681015
208.0,0.04464563727378845
224.0,0.04231604188680649
240.0,0.03969818353652954
256.0,0.03697393834590912
288.0,0.03309560567140579
320.0,0.02978661097586155
352.0,0.025557463988661766
384.0,0.02054072730243206
416.0,0.016386181116104126
448.0,0.01386758778244257
480.0,0.012836934067308903
512.0,0.011273317970335484
576.0,0.006511746905744076
640.0,0.0021702032536268234
704.0,-0.0032720090821385384
768.0,-0.00968872755765915
832.0,-0.015036663971841335
896.0,-0.01887066476047039
960.0,-0.017565172165632248
1024.0,-0.016689319163560867
1152.0,-0.013233819045126438
1280.0,-0.0035510605666786432
1408.0,-0.002157884417101741
1536.0,7.184140849858522e-05
1664.0,0.00710632186383009
1792.0,0.012432289309799671
1920.0,0.020548323169350624
2048.0,0.0243538711220026
2304.0,0.018448181450366974
2560.0,0.0031550992280244827
2816.0,-0.017232507467269897
3072.0,-0.02245328389108181
3328.0,-0.010902123525738716
3584.0,-0.00833958201110363
3840.0,-0.0037075551226735115
4096.0,0.0046999286860227585
4608.0,-0.001746219815686345
5120.0,-0.01018385961651802
5632.0,0.009383676573634148
6144.0,0.005776931066066027
6656.0,-0.005103812552988529
7168.0,-0.016337303444743156
7680.0,0.016385551542043686
8192.0,0.017424266785383224
end
