version,3.0
numOfCh,1
type,point
parent_name,484af_0dot069-1dot0
ch_type,1_1
kcount,1
numberNandB,1
brightnessNandB,1
carpet pos,0
pc,0
Time (ms),CH1 Auto-Correlation
1.0,0.11400297284126282
2.0,0.11269686371088028
3.0,0.11160358041524887
4.0,0.11069807410240173
5.0,0.1099000945687294
6.0,0.1092059388756752
7.0,0.1085948646068573
8.0,0.10792194306850433
9.0,0.10731737315654755
10.0,0.10681761056184769
11.0,0.1062590554356575
12.0,0.10573094338178635
13.0,0.10522433370351791
14.0,0.10463199764490128
15.0,0.10410363227128983
16.0,0.10363180190324783
18.0,0.1027219295501709
20.0,0.10181543976068497
22.0,0.1007796972990036
24.0,0.09992155432701111
26.0,0.09911464899778366
28.0,0.09833206981420517
30.0,0.09746971726417542
32.0,0.09671704471111298
36.0,0.0953492522239685
40.0,0.09406792372465134
44.0,0.09290321916341782
48.0,0.09169383347034454
52.0,0.09046933799982071
56.0,0.08961115032434464
60.0,0.08882307261228561
64.0,0.08811414986848831
72.0,0.086356021463871
80.0,0.08487062156200409
88.0,0.08329466730356216
96.0,0.08180451393127441
104.0,0.0799933671951294
112.0,0.07834517955780029
120.0,0.07653619349002838
128.0,0.07486514747142792
144.0,0.07230212539434433
160.0,0.06952410936355591
176.0,0.06561979651451111
192.0,0.061931878328323364
208.0,0.05858757719397545
224.0,0.05555964633822441
240.0,0.053327299654483795
256.0,0.051025088876485825
288.0,0.04740386828780174
320.0,0.0447702519595623
352.0,0.04232977703213692
384.0,0.039455756545066833
416.0,0.03737669065594673
448.0,0.0356319360435009
480.0,0.03464609012007713
512.0,0.03357436880469322
576.0,0.029832493513822556
640.0,0.02836156263947487
704.0,0.028579216450452805
768.0,0.029963305220007896
832.0,0.030990703031420708
896.0,0.031168891116976738
960.0,0.030654264613986015
1024.0,0.031772688031196594
1152.0,0.028688376769423485
1280.0,0.02208295464515686
1408.0,0.017694631591439247
1536.0,0.011951042339205742
1664.0,0.006443514954298735
1792.0,0.0046208687126636505
1920.0,0.006568379234522581
2048.0,0.0075874836184084415
2304.0,0.0046007065102458
2560.0,0.004079801961779594
2816.0,0.0060493177734315395
3072.0,0.007370392791926861
3328.0,0.0024166679941117764
3584.0,0.007237097714096308
3840.0,-0.001101581146940589
4096.0,-0.008577144704759121
4608.0,-0.025213615968823433
5120.0,-0.028211114928126335
5632.0,-0.030317671597003937
6144.0,-0.0366385281085968
6656.0,-0.03506987541913986
7168.0,-0.024240054190158844
7680.0,-0.031990356743335724
8192.0,-0.024254946038126945
end
