version,3.0
numOfCh,1
type,point
parent_name,484af_0dot069-1dot0
ch_type,1_1
kcount,1
numberNandB,1
brightnessNandB,1
carpet pos,0
pc,0
Time (ms),CH1 Auto-Correlation
1.0,0.08737757056951523
2.0,0.08659033477306366
3.0,0.08585163950920105
4.0,0.08517635613679886
5.0,0.08455871790647507
6.0,0.08396738022565842
7.0,0.08341554552316666
8.0,0.08286683261394501
9.0,0.0822799876332283
10.0,0.08170777559280396
11.0,0.08113458007574081
12.0,0.08056443929672241
13.0,0.08001021295785904
14.0,0.07946860045194626
15.0,0.07894173264503479
16.0,0.07841373980045319
18.0,0.07739005982875824
20.0,0.07635165750980377
22.0,0.07537112385034561
24.0,0.07443404197692871
26.0,0.0734873116016388
28.0,0.07256757467985153
30.0,0.07166039943695068
32.0,0.07076919823884964
36.0,0.06912121921777725
40.0,0.0674498900771141
44.0,0.06576600670814514
48.0,0.06419580429792404
52.0,0.0626148208975792
56.0,0.0611603669822216
60.0,0.05979137122631073
64.0,0.05857621878385544
72.0,0.05638140067458153
80.0,0.05458569899201393
88.0,0.052846480160951614
96.0,0.05139194801449776
104.0,0.050122473388910294
112.0,0.04901561886072159
120.0,0.047688744962215424
128.0,0.04633645340800285
144.0,0.04410633072257042
160.0,0.04189850762486458
176.0,0.04011298716068268
192.0,0.03885267302393913
208.0,0.037809066474437714
224.0,0.03701145946979523
240.0,0.036762941628694534
256.0,0.03650032356381416
288.0,0.03577059879899025
320.0,0.03408350050449371
352.0,0.031503599137067795
384.0,0.02894711308181286
416.0,0.02755841054022312
448.0,0.02603723853826523
480.0,0.024118216708302498
512.0,0.02258065529167652
576.0,0.021253155544400215
640.0,0.015567813999950886
704.0,0.01077218633145094
768.0,0.009830811992287636
832.0,0.007917404174804688
896.0,0.0074806660413742065
960.0,0.005114336963742971
1024.0,0.0018225823296234012
1152.0,-0.00840586144477129
1280.0,-0.007380197755992413
1408.0,-0.002668216824531555
1536.0,-0.0015438598347827792
1664.0,-0.003773654578253627
1792.0,-0.005177061539143324
1920.0,-0.0015473305247724056
2048.0,-0.0005265682702884078
2304.0,0.0046341619454324245
2560.0,0.0014703284250572324
2816.0,0.00020891611347906291
3072.0,0.002063262742012739
3328.0,2.4844652216415852e-05
3584.0,-0.0019560703076422215
3840.0,0.00824555940926075
4096.0,0.007328931707888842
4608.0,0.0014541181735694408
5120.0,-0.018343601375818253
5632.0,-0.023939549922943115
6144.0,-0.021260006353259087
6656.0,-0.009105589240789413
7168.0,0.000655665120575577
7680.0,-0.006960868835449219
8192.0,-0.010503043420612812
end
