version,3.0
numOfCh,1
type,point
parent_name,484af_0dot069-1dot0
ch_type,1_1
kcount,1
numberNandB,1
brightnessNandB,1
carpet pos,0
pc,0
Time (ms),CH1 Auto-Correlation
1.0,0.10916592925786972
2.0,0.1074349656701088
3.0,0.10591327399015427
4.0,0.10441958904266357
5.0,0.10323324799537659
6.0,0.10208284109830856
7.0,0.10113740712404251
8.0,0.1003585085272789
9.0,0.09936210513114929
10.0,0.09863832592964172
11.0,0.09793064743280411
12.0,0.09741690754890442
13.0,0.09671203047037125
14.0,0.09613659977912903
15.0,0.09555868059396744
16.0,0.09499729424715042
18.0,0.09373659640550613
20.0,0.09264539927244186
22.0,0.09160707890987396
24.0,0.09072767943143845
26.0,0.0898338183760643
28.0,0.08896356076002121
30.0,0.08803598582744598
32.0,0.0872773677110672
36.0,0.08586246520280838
40.0,0.08456025272607803
44.0,0.08311057835817337
48.0,0.08174749463796616
52.0,0.08052313327789307
56.0,0.07909614592790604
60.0,0.07780099660158157
64.0,0.07654429227113724
72.0,0.07485213875770569
80.0,0.07356153428554535
88.0,0.07200127840042114
96.0,0.07068273425102234
104.0,0.06890314072370529
112.0,0.06755873560905457
120.0,0.06691320240497589
128.0,0.06592816114425659
144.0,0.06436728686094284
160.0,0.06220468878746033
176.0,0.059759385883808136
192.0,0.057897306978702545
208.0,0.05585949122905731
224.0,0.05431012436747551
240.0,0.052894361317157745
256.0,0.05242570862174034
288.0,0.05266215652227402
320.0,0.052056994289159775
352.0,0.049872227013111115
384.0,0.04704631119966507
416.0,0.043963611125946045
448.0,0.039875756949186325
480.0,0.036623917520046234
512.0,0.03519660606980324
576.0,0.03352811560034752
640.0,0.035549309104681015
704.0,0.03723423555493355
768.0,0.03665957972407341
832.0,0.03202812373638153
896.0,0.02952330932021141
960.0,0.02826162986457348
1024.0,0.02918866276741028
1152.0,0.024696649983525276
1280.0,0.01653292402625084
1408.0,0.011834567412734032
1536.0,0.0055508785881102085
1664.0,-0.00043393700616434216
1792.0,2.5790095605771057e-05
1920.0,-0.00018482893938198686
2048.0,-0.005214513745158911
2304.0,-0.009656688198447227
2560.0,-0.017249759286642075
2816.0,-0.027524376288056374
3072.0,-0.03402286022901535
3328.0,-0.04308154433965683
3584.0,-0.05135030299425125
3840.0,-0.04935291036963463
4096.0,-0.0439935140311718
4608.0,-0.030475005507469177
5120.0,-0.013413678854703903
5632.0,-0.0053719813004136086
6144.0,0.0031910196412354708
6656.0,0.023785917088389397
7168.0,0.029299641028046608
7680.0,0.026750586926937103
8192.0,0.022205334156751633
end
