version,3.0
numOfCh,1
type,point
parent_name,484af_0dot069-1dot0
ch_type,1_1
kcount,1
numberNandB,1
brightnessNandB,1
carpet pos,0
pc,0
Time (ms),CH1 Auto-Correlation
1.0,0.09703206270933151
2.0,0.09623033553361893
3.0,0.09550713002681732
4.0,0.09483971446752548
5.0,0.09419006109237671
6.0,0.09357860684394836
7.0,0.09293372184038162
8.0,0.09233007580041885
9.0,0.09172983467578888
10.0,0.0911630392074585
11.0,0.09060639142990112
12.0,0.09005939215421677
13.0,0.08951538056135178
14.0,0.08893978595733643
15.0,0.0883648470044136
16.0,0.08780896663665771
18.0,0.08680257201194763
20.0,0.08573781698942184
22.0,0.08474647998809814
24.0,0.08384554088115692
26.0,0.0830097645521164
28.0,0.08216200768947601
30.0,0.0813349038362503
32.0,0.08048746734857559
36.0,0.07872768491506577
40.0,0.07702115178108215
44.0,0.07545371353626251
48.0,0.07400457561016083
52.0,0.07264813780784607
56.0,0.07137740403413773
60.0,0.07000286132097244
64.0,0.06860138475894928
72.0,0.0661916434764862
80.0,0.06389874219894409
88.0,0.06174493953585625
96.0,0.05969880521297455
104.0,0.05779412016272545
112.0,0.055873118340969086
120.0,0.05374420806765556
128.0,0.05166788771748543
144.0,0.048089757561683655
160.0,0.04482371732592583
176.0,0.041953690350055695
192.0,0.039596643298864365
208.0,0.037561576813459396
224.0,0.035051073879003525
240.0,0.033454202115535736
256.0,0.032505154609680176
288.0,0.03157404065132141
320.0,0.0299407746642828
352.0,0.027645431458950043
384.0,0.025193043053150177
416.0,0.021592706441879272
448.0,0.016985733062028885
480.0,0.014174683019518852
512.0,0.012616321444511414
576.0,0.01200056541711092
640.0,0.008220242336392403
704.0,0.001994828227907419
768.0,-0.0025354528333991766
832.0,-0.004338179714977741
896.0,-0.003729166928678751
960.0,-0.002797416178509593
1024.0,-0.002598871011286974
1152.0,0.004758976865559816
1280.0,0.009234648197889328
1408.0,0.011302866972982883
1536.0,0.014001664705574512
1664.0,0.009785301052033901
1792.0,0.008569330908358097
1920.0,0.0026677146088331938
2048.0,-0.004146090243011713
2304.0,-0.009289084933698177
2560.0,-0.010948531329631805
2816.0,-0.007623957935720682
3072.0,-0.009164849296212196
3328.0,-0.022075887769460678
3584.0,-0.030481699854135513
3840.0,-0.037265293300151825
4096.0,-0.0243239626288414
4608.0,-0.0068364269100129604
5120.0,-0.0041470774449408054
5632.0,-0.020683452486991882
6144.0,-0.005776211619377136
6656.0,0.01258723996579647
7168.0,0.014997350051999092
7680.0,0.02017735131084919
8192.0,0.0233163982629776
end
