version,3.0
numOfCh,1
type,point
parent_name,34766_50dot0-0dot01
ch_type,1_1
kcount,1
numberNandB,1
brightnessNandB,1
carpet pos,0
pc,0
Time (ms),CH1 Auto-Correlation
1.0,0.2019793540239334
2.0,0.20003154873847961
3.0,0.19858910143375397
4.0,0.1980607658624649
5.0,0.19750887155532837
6.0,0.19687120616436005
7.0,0.19640128314495087
8.0,0.19582775235176086
9.0,0.1958925426006317
10.0,0.19521698355674744
11.0,0.19456124305725098
12.0,0.19445818662643433
13.0,0.19449451565742493
14.0,0.19387571513652802
15.0,0.19333837926387787
16.0,0.1927560418844223
18.0,0.19195549190044403
20.0,0.1911001205444336
22.0,0.1905515491962433
24.0,0.1895422786474228
26.0,0.18875092267990112
28.0,0.18764613568782806
30.0,0.1871231198310852
32.0,0.18628059327602386
36.0,0.18431340157985687
40.0,0.18246705830097198
44.0,0.180964857339859
48.0,0.17932161688804626
52.0,0.17780551314353943
56.0,0.17631390690803528
60.0,0.17538699507713318
64.0,0.173898845911026
72.0,0.1715926080942154
80.0,0.1692417412996292
88.0,0.1668044924736023
96.0,0.16482959687709808
104.0,0.1629086136817932
112.0,0.15999218821525574
120.0,0.1576945185661316
128.0,0.15494641661643982
144.0,0.1489832103252411
160.0,0.14295873045921326
176.0,0.13903941214084625
192.0,0.13737906515598297
208.0,0.13614310324192047
224.0,0.1347178965806961
240.0,0.13278962671756744
256.0,0.13114416599273682
288.0,0.12797501683235168
320.0,0.12472356855869293
352.0,0.11999289691448212
384.0,0.11093343049287796
416.0,0.09998787194490433
448.0,0.088454470038414
480.0,0.07601548731327057
512.0,0.06315400451421738
576.0,0.043221477419137955
640.0,0.03085910715162754
704.0,0.02135777473449707
768.0,0.008552094921469688
832.0,0.0035131985787302256
896.0,-0.0003182049549650401
960.0,-0.0010856485459953547
1024.0,-0.0031536247115582228
1152.0,-0.003366260090842843
1280.0,-0.003668875666335225
1408.0,-0.0037337150424718857
1536.0,-0.003887884085997939
1664.0,-0.004130237735807896
1792.0,-0.004760430194437504
1920.0,-0.005626271013170481
2048.0,-0.005181218963116407
2304.0,-0.004629773087799549
2560.0,-0.0017693517729640007
2816.0,0.0006779966061003506
3072.0,0.0014750079717487097
3328.0,-0.001620276365429163
3584.0,-0.007305535022169352
3840.0,-0.01274690218269825
4096.0,-0.01675472967326641
4608.0,-0.020966380834579468
5120.0,-0.025171322748064995
5632.0,-0.030383821576833725
6144.0,-0.037951868027448654
6656.0,-0.04872147738933563
7168.0,-0.06978487223386765
7680.0,-0.08673011511564255
8192.0,-0.11669613420963287
end
